item_id,prompt_hash,story_id,source,task,category,ability,answer,pred,raw,correct,n_options,condition,seed,exemplar_seed
6cf0a925be0026c9,f0641f39b0508ec7,9e0d52e419e5bdb5,SocialIQa,social_cs,Mixed,Mixed,B,B,[[B]],1,,answer_only_3shot,,2
ba9b75d7559ade5a,027f2fb16b2b248f,384421170d6fd7c0,SocialIQa,social_cs,Mixed,Mixed,C,A,[[A]],0,,answer_only_3shot,,2
9a94f3bdc5a82254,058db6725230e56e,49d45640a4228733,SocialIQa,social_cs,Mixed,Mixed,A,B,[[B]],0,,answer_only_3shot,,2
ea675245f29e3589,e0de358ebc83a035,b2905faca62d97df,SocialIQa,social_cs,Mixed,Mixed,A,A,[[A]],1,,answer_only_3shot,,2
8318c7d816e1f113,fb81a6e062c0b571,db4ef11b51a16d31,SocialIQa,social_cs,Mixed,Mixed,C,C,[[C]],1,,answer_only_3shot,,2
f025fe0f6f8dbe9e,032962b4cb85677e,47fca3b210d197c6,SocialIQa,social_cs,Mixed,Mixed,B,B,[[B]],1,,answer_only_3shot,,2
c864da5cbe9a82fc,eaa284c1a58015f1,13d69209deace050,SocialIQa,social_cs,Mixed,Mixed,A,B,[[B]],0,,answer_only_3shot,,2
9d7409d95a2e3f7c,1a1c8dc8204e4a7b,18f303eec8e379de,SocialIQa,social_cs,Mixed,Mixed,B,A,[[A]],0,,answer_only_3shot,,2
770e56acbaa509c7,41029c932786eb1d,280c87b56565faef,SocialIQa,social_cs,Mixed,Mixed,B,B,[[B]],1,,answer_only_3shot,,2
32720eb68f367027,1e207d8cc14cb1c4,3783f88f4f1854fa,SocialIQa,social_cs,Mixed,Mixed,A,A,[[A]],1,,answer_only_3shot,,2
0f39c59ca78fe877,f6af3d40e774d285,b357406d0e1dba61,SocialIQa,social_cs,Mixed,Mixed,A,B,[[B]],0,,answer_only_3shot,,2
c67b67b09ff5ff85,ee1e35c207dfa516,f650d108aa638f6c,SocialIQa,social_cs,Mixed,Mixed,B,A,[[A]],0,,answer_only_3shot,,2
9b6bc699f6eb3773,215b4d30cdd5af4f,eca9eced17a0bc0a,SocialIQa,social_cs,Mixed,Mixed,C,B,[[B]],0,,answer_only_3shot,,2
d212f37ba93d0d2c,24e067b746bfd49e,25a983a55f488a60,SocialIQa,social_cs,Mixed,Mixed,B,B,[[B]],1,,answer_only_3shot,,2
d12c40ec18af68f7,d40b005b5b75f5d3,5f107d5b2e091de9,SocialIQa,social_cs,Mixed,Mixed,B,A,[[A]],0,,answer_only_3shot,,2
52c109285a321796,d23223de3c978238,e3dff6668b668097,SocialIQa,social_cs,Mixed,Mixed,C,C,[[C]],1,,answer_only_3shot,,2
f734576c3e0b9922,979faee131b98a9e,b9c8e3e4456fc05a,SocialIQa,social_cs,Mixed,Mixed,A,A,[[A]],1,,answer_only_3shot,,2
237c5cdf4d6466e9,33fe59cc9a4cad80,4dd0948ee575ba96,SocialIQa,social_cs,Mixed,Mixed,A,A,[[A]],1,,answer_only_3shot,,2
c760a23305b02576,4f056a1b04b5c34a,b5054293b9903dbd,SocialIQa,social_cs,Mixed,Mixed,C,C,[[C]],1,,answer_only_3shot,,2
37ff8e15a30083a7,d98f55f561df8f52,affe63ae07a978d2,SocialIQa,social_cs,Mixed,Mixed,C,C,[[C]],1,,answer_only_3shot,,2
db0a6d82230df8e6,50145a8e96b596f1,5d1e82b65596f0cc,SocialIQa,social_cs,Mixed,Mixed,C,B,[[B]],0,,answer_only_3shot,,2
f225e4ff702d796b,4d06f5300ea46217,8625b0eb4e790dec,SocialIQa,social_cs,Mixed,Mixed,A,A,[[A]],1,,answer_only_3shot,,2
f61d16d3446eb778,946889d04662db04,5289c7d0931d9848,SocialIQa,social_cs,Mixed,Mixed,A,A,[[A]],1,,answer_only_3shot,,2
a0815dc3bc846613,f481db48109cfae3,2a1f9c343401c50a,SocialIQa,social_cs,Mixed,Mixed,B,B,[[B]],1,,answer_only_3shot,,2
bc78a6ed3354f8de,b9ac3b670b992c46,c7e49ab9b935f1e6,SocialIQa,social_cs,Mixed,Mixed,C,B,[[B]],0,,answer_only_3shot,,2
2e1b9b1d39e12c5b,b4355be0c842edd8,56317825f575d8b9,SocialIQa,social_cs,Mixed,Mixed,C,C,[[C]],1,,answer_only_3shot,,2
260b93960f508748,7c4b0d78c4f1553e,509b2c03fb445f8b,SocialIQa,social_cs,Mixed,Mixed,C,C,[[C]],1,,answer_only_3shot,,2
f60a09adeffb680d,c06fb0ed7923a5c4,2d9547aca49e4d70,SocialIQa,social_cs,Mixed,Mixed,A,A,[[A]],1,,answer_only_3shot,,2
2fc81d778de1d8fd,6837e76848b055b1,684a2cbba6e43cac,SocialIQa,social_cs,Mixed,Mixed,A,A,[[A]],1,,answer_only_3shot,,2
7c4d7554deac954d,bee47fa28db96ec9,0f75772d91c32f1e,SocialIQa,social_cs,Mixed,Mixed,C,C,[[C]],1,,answer_only_3shot,,2
42ced65d4f65d1e0,fca5d6da5fe460f4,0af09bdb61befe78,SocialIQa,social_cs,Mixed,Mixed,B,B,[[B]],1,,answer_only_3shot,,2
ad7200a9536d4dba,cbc1336f1e4e2c74,d5b28a17b5150753,SocialIQa,social_cs,Mixed,Mixed,C,C,[[C]],1,,answer_only_3shot,,2
d5decb9312425eea,44b00c7d50bd9159,aadf4391f0639845,SocialIQa,social_cs,Mixed,Mixed,C,C,[[C]],1,,answer_only_3shot,,2
24729934de2a5bfb,b027cbc6153aaa4b,e5bbdb60acabc3a0,SocialIQa,social_cs,Mixed,Mixed,B,B,[[B]],1,,answer_only_3shot,,2
e637b1967832f514,d23666e903936319,6b436df82be211ca,SocialIQa,social_cs,Mixed,Mixed,C,C,[[C]],1,,answer_only_3shot,,2
a5fa5bdc1b0513a4,16b4d0dd75383527,4e2d8179da750faa,SocialIQa,social_cs,Mixed,Mixed,A,A,[[A]],1,,answer_only_3shot,,2
1929867dc395e671,e5e9908bc4ac3c90,5c27a01cfaa575e1,SocialIQa,social_cs,Mixed,Mixed,C,C,[[C]],1,,answer_only_3shot,,2
92a1e46d358803cc,f84c5997b3b333f2,55a35566fe1a4123,SocialIQa,social_cs,Mixed,Mixed,B,B,[[B]],1,,answer_only_3shot,,2
5bd919502ea198b3,e483bc9caa937fad,6bdabd0491e289c8,SocialIQa,social_cs,Mixed,Mixed,A,C,[[C]],0,,answer_only_3shot,,2
33429426838f936e,d1c80a19561e5458,3dc6d14ec0fa35d4,SocialIQa,social_cs,Mixed,Mixed,A,B,[[B]],0,,answer_only_3shot,,2
0f1237cb55954431,35c4835beef80e7a,fb65dc7b26fdde2d,SocialIQa,social_cs,Mixed,Mixed,B,B,[[B]],1,,answer_only_3shot,,2
cab57dcfac13e776,1e1e0d7c99131a2e,8f44066c293b8bfb,SocialIQa,social_cs,Mixed,Mixed,A,A,[[A]],1,,answer_only_3shot,,2
ddc50c19995e32eb,17debc2d22efb450,e6e4f3be1192e533,SocialIQa,social_cs,Mixed,Mixed,A,A,[[A]],1,,answer_only_3shot,,2
cbdfd81a579f3d6f-1,bb25d87870570420,756f97a49b8724c9,SocialIQa,social_cs,Mixed,Mixed,B,B,[[B]],1,,answer_only_3shot,,2
02eb2fab773b2d31,0cdd9b813a2a04e9,b488518380b54c82,SocialIQa,social_cs,Mixed,Mixed,A,C,[[C]],0,,answer_only_3shot,,2
0363dcc40ea4d3e4,ba29ef3a48e52cfd,e1fad78f4929cc17,SocialIQa,social_cs,Mixed,Mixed,C,C,[[C]],1,,answer_only_3shot,,2
dbd75f34f6871a88,cca6a0b460d31953,ff88281116690852,SocialIQa,social_cs,Mixed,Mixed,A,C,[[C]],0,,answer_only_3shot,,2
e32aeea72aa313b0,fd91b045c85af4d0,537512b9d51265f5,SocialIQa,social_cs,Mixed,Mixed,A,C,[[C]],0,,answer_only_3shot,,2
75a665a2da5a50fd,c35636206cf032b3,b8b4ce8160802092,SocialIQa,social_cs,Mixed,Mixed,B,A,[[A]],0,,answer_only_3shot,,2
6b5b26f2958a5415,16a7fcb1ebe9e6ee,0e4f9c0cc970f397,SocialIQa,social_cs,Mixed,Mixed,A,A,[[A]],1,,answer_only_3shot,,2
bc7ca0c4f59bbce6,5cb1fc48f7e38827,d23fcc5abdac6e0d,SocialIQa,social_cs,Mixed,Mixed,A,A,[[A]],1,,answer_only_3shot,,2
20ba1ec6b6baabf1,e61b145253ac5c5e,e26b522a0d8a98bc,SocialIQa,social_cs,Mixed,Mixed,A,A,[[A]],1,,answer_only_3shot,,2
8ced7b47b228d86d,695b794602e798e4,68fca9f980401d6d,SocialIQa,social_cs,Mixed,Mixed,C,B,[[B]],0,,answer_only_3shot,,2
ac3d54624b495ca5,5d55fe5ed22df509,31ef9f5243c97de4,SocialIQa,social_cs,Mixed,Mixed,A,A,[[A]],1,,answer_only_3shot,,2
e2fe7b2bc445d1ad,965a8f68315071e8,cdeb934405a64683,SocialIQa,social_cs,Mixed,Mixed,A,A,[[A]],1,,answer_only_3shot,,2
a22892d123ef571c,9818b4e14b2a35da,50b5d8eb2978aba1,SocialIQa,social_cs,Mixed,Mixed,B,B,[[B]],1,,answer_only_3shot,,2
9d8311adbf4baf32,736d5408bdb2b4a0,73570b50ebcdeea0,SocialIQa,social_cs,Mixed,Mixed,A,A,[[A]],1,,answer_only_3shot,,2
34bcd8c9bce8c2d8,ee863d87a397caa0,4df8079ed723bf54,SocialIQa,social_cs,Mixed,Mixed,B,B,[[B]],1,,answer_only_3shot,,2
9f1557486ca231e4,69f4dc297a4513d8,6ddf136cbe2a62f3,SocialIQa,social_cs,Mixed,Mixed,B,A,[[A]],0,,answer_only_3shot,,2
00bf1b5904d3bbf1,4da22481d29a9183,991992203374540f,SocialIQa,social_cs,Mixed,Mixed,C,C,[[C]],1,,answer_only_3shot,,2
7d441d7f89aae722,9d2101c44ff5f479,bed771cf3eb6e948,SocialIQa,social_cs,Mixed,Mixed,C,A,[[A]],0,,answer_only_3shot,,2
1d6f081492590b6c,28cbd84481742b23,fd6d7050819ed166,SocialIQa,social_cs,Mixed,Mixed,C,C,[[C]],1,,answer_only_3shot,,2
79735a2db89261f7,fb5e3766e5679cb0,aa0e6031636b9960,SocialIQa,social_cs,Mixed,Mixed,A,A,[[A]],1,,answer_only_3shot,,2
4f3292c70d18d859,979dc17fe4cd7890,e83a343b72530a48,SocialIQa,social_cs,Mixed,Mixed,C,B,[[B]],0,,answer_only_3shot,,2
258aada1a776d97f,6185094dae72212e,b550b4d5fe1f2753,SocialIQa,social_cs,Mixed,Mixed,B,A,[[A]],0,,answer_only_3shot,,2
91ee838359282185,5ab77e7d1f58a8a3,74ecb365191c5107,SocialIQa,social_cs,Mixed,Mixed,B,B,[[B]],1,,answer_only_3shot,,2
576e0000d43087f6-1,ff902fd030851fed,1a804efd216416e2,SocialIQa,social_cs,Mixed,Mixed,C,C,[[C]],1,,answer_only_3shot,,2
5e4f84f56963b827,a042980fb0677b09,61ab2c29be290636,SocialIQa,social_cs,Mixed,Mixed,B,B,[[B]],1,,answer_only_3shot,,2
a9e751ad162b7bbf,640d4af54641e074,beb2fff9b9dfc8b0,SocialIQa,social_cs,Mixed,Mixed,A,A,[[A]],1,,answer_only_3shot,,2
5be4c5cc81a2b9dd,31b1390c9d4ffbc0,ea8d3b7077b88cd1,SocialIQa,social_cs,Mixed,Mixed,C,C,[[C]],1,,answer_only_3shot,,2
083d8be4ccfecca3,47b2007e7e523285,b53e3adff7097333,SocialIQa,social_cs,Mixed,Mixed,B,B,[[B]],1,,answer_only_3shot,,2
ffe11158a2cec611,1b2e339035aaf058,13ed21250971eb03,SocialIQa,social_cs,Mixed,Mixed,A,A,[[A]],1,,answer_only_3shot,,2
eb0a8655c68a4e94,c8fa7e446bb3cdb0,7d654e3610fce889,SocialIQa,social_cs,Mixed,Mixed,A,A,[[A]],1,,answer_only_3shot,,2
1d75d6c119326614,f2b336e26bf231e2,718d80ad980347c1,SocialIQa,social_cs,Mixed,Mixed,A,A,[[A]],1,,answer_only_3shot,,2
b10f3f7744eff0ae,12abbd58c7ce8980,4d81f24ee87522c5,SocialIQa,social_cs,Mixed,Mixed,B,B,[[B]],1,,answer_only_3shot,,2
f8b3f85f0d5909f9,63838476f523144b,70bbcf7517eaf2b7,SocialIQa,social_cs,Mixed,Mixed,B,B,[[B]],1,,answer_only_3shot,,2
ba7ad13198ff428f,47863f9b4a012a41,4436e9621b52f4bc,SocialIQa,social_cs,Mixed,Mixed,B,B,[[B]],1,,answer_only_3shot,,2
3a9d478097bff3e2,10929b717a101c5f,6fb836c5513f43b6,SocialIQa,social_cs,Mixed,Mixed,C,C,[[C]],1,,answer_only_3shot,,2
37db566c689c9440,66ff68325ec18333,676336e3866e81ec,SocialIQa,social_cs,Mixed,Mixed,B,B,[[B]],1,,answer_only_3shot,,2
945e060c65d6572f,90c28b0e5ce50afb,9ce3f4f921c0af4f,SocialIQa,social_cs,Mixed,Mixed,C,C,[[C]],1,,answer_only_3shot,,2
b5c95431e0806361,a8d2e523d43e7b68,2be1a621b7ecd78b,SocialIQa,social_cs,Mixed,Mixed,B,B,[[B]],1,,answer_only_3shot,,2
996e313080eb8cd3,b211da7eb5cd4aa3,e962d010e4528288,SocialIQa,social_cs,Mixed,Mixed,A,A,[[A]],1,,answer_only_3shot,,2
b0cc57726bd4714a,e23ebc04c2a6c7e4,e29521cb4ab0f24f,SocialIQa,social_cs,Mixed,Mixed,C,C,[[C]],1,,answer_only_3shot,,2
9c53bdebac9955b4,d238de68b8c05197,1009d99f1fd36706,SocialIQa,social_cs,Mixed,Mixed,C,C,[[C]],1,,answer_only_3shot,,2
7df6a338fc6e6e96,bda3327143b94ec7,74cff3fca2a7afad,SocialIQa,social_cs,Mixed,Mixed,C,C,[[C]],1,,answer_only_3shot,,2
4ff66ec21263cc5d,0a95d278e8ec3e19,9db790390f0438c1,SocialIQa,social_cs,Mixed,Mixed,C,C,[[C]],1,,answer_only_3shot,,2
3cc1c20c9d38e142,784f90f12d1883c2,ba594260dae0af4a,SocialIQa,social_cs,Mixed,Mixed,C,B,[[B]],0,,answer_only_3shot,,2
d69c80b0fcc204ef,b249c2ec95a42928,929ee66ee5a010cb,SocialIQa,social_cs,Mixed,Mixed,C,B,[[B]],0,,answer_only_3shot,,2
75ceb1128d608392,a9966a5c55f072cf,65a60688a1309b2e,SocialIQa,social_cs,Mixed,Mixed,B,B,[[B]],1,,answer_only_3shot,,2
a5b9091cd3e648c0,fd0d48953c6fe39d,5fc6596d3e6a880a,SocialIQa,social_cs,Mixed,Mixed,C,C,[[C]],1,,answer_only_3shot,,2
d7a63295f8c2be96,be7746fb01324cfd,ff6d1a36fe42d7a2,SocialIQa,social_cs,Mixed,Mixed,A,A,[[A]],1,,answer_only_3shot,,2
aabaa333f98b0383,d826617f5d3ee96e,960e731b8e87736e,SocialIQa,social_cs,Mixed,Mixed,B,B,[[B]],1,,answer_only_3shot,,2
c361ab897232eff1,9dfa7e72799d6365,3d61da8138751752,SocialIQa,social_cs,Mixed,Mixed,B,B,[[B]],1,,answer_only_3shot,,2
5d8e83ca72afb3ef,592215009973e6cf,ed74bbab2db4994b,SocialIQa,social_cs,Mixed,Mixed,C,C,[[C]],1,,answer_only_3shot,,2
b27db6091bddf25e,f24ce0d8822c9d0a,24df22e35c86e2c3,SocialIQa,social_cs,Mixed,Mixed,B,B,[[B]],1,,answer_only_3shot,,2
79c1718a13181fcc,92dab234cfdad472,63fc2ff2f42b2600,SocialIQa,social_cs,Mixed,Mixed,A,A,[[A]],1,,answer_only_3shot,,2
0b1bc8e45de68c56,498916703e2ef460,48e3490ff379f86d,SocialIQa,social_cs,Mixed,Mixed,B,C,[[C]],0,,answer_only_3shot,,2
b19d6bdc812a2322,76fa5b56065b30a5,76297f8972b95ce9,SocialIQa,social_cs,Mixed,Mixed,C,C,[[C]],1,,answer_only_3shot,,2
55617087765b437f,a2ff9bb161df7f6a,9cf29a3761f27b59,SocialIQa,social_cs,Mixed,Mixed,A,A,[[A]],1,,answer_only_3shot,,2
bae15a6ecbd12d92,ae5514fe760d5441,beece8b6dc5507c1,SocialIQa,social_cs,Mixed,Mixed,B,B,[[B]],1,,answer_only_3shot,,2
d592638273982ad2,c177628c9a5eebc7,823ec80d7e96cc06,SocialIQa,social_cs,Mixed,Mixed,C,C,[[C]],1,,answer_only_3shot,,2
0e39e7bccc4f45e5,32d786cf17f0f042,fb2601c8369ae072,SocialIQa,social_cs,Mixed,Mixed,C,A,[[A]],0,,answer_only_3shot,,2
eb942da3c188a05b,bc6b8273da082a55,22930d5e0314de8b,SocialIQa,social_cs,Mixed,Mixed,A,A,[[A]],1,,answer_only_3shot,,2
fd2f3c216b21cc0d,3f4fdf11e813cea5,26f855f15b9767a3,SocialIQa,social_cs,Mixed,Mixed,A,C,[[C]],0,,answer_only_3shot,,2
828424570117f47f,7ea950da006ec4a3,cbdb09dd54c5762c,SocialIQa,social_cs,Mixed,Mixed,C,C,[[C]],1,,answer_only_3shot,,2
76d9b9acfcae642e,1e4cd16c05209dc9,a954bfed4368b02b,SocialIQa,social_cs,Mixed,Mixed,C,A,[[A]],0,,answer_only_3shot,,2
de2192eac3725bac,9e8efedfeb28dacd,c47e41f93d4dca98,SocialIQa,social_cs,Mixed,Mixed,B,B,[[B]],1,,answer_only_3shot,,2
845ee71bd8c51d38,6679b5e90489d70f,a37f884c870d9348,SocialIQa,social_cs,Mixed,Mixed,C,C,[[C]],1,,answer_only_3shot,,2
6b3ece65936c5e3d,406f8b019d976b72,24a3d0eeba1662c0,SocialIQa,social_cs,Mixed,Mixed,B,B,[[B]],1,,answer_only_3shot,,2
03419b92445c7a79,0acbe34f57d6add4,5ccee90e838535d2,SocialIQa,social_cs,Mixed,Mixed,A,A,[[A]],1,,answer_only_3shot,,2
b9f54bc327804451,8db76fb0e57bac7c,740654076967ec50,SocialIQa,social_cs,Mixed,Mixed,A,B,[[B]],0,,answer_only_3shot,,2
c9a125e5de797ebf,a5bd66a4752bf0d6,ee7ca2bc3d012be2,SocialIQa,social_cs,Mixed,Mixed,C,B,[[B]],0,,answer_only_3shot,,2
1812e8bab0b81484,389f8d6ce7622132,4e439fb13d4e5eb9,SocialIQa,social_cs,Mixed,Mixed,C,C,[[C]],1,,answer_only_3shot,,2
1f7aa127c740a0ab,1fc6cd58cdb368fd,2e1e79118b546f89,SocialIQa,social_cs,Mixed,Mixed,A,A,[[A]],1,,answer_only_3shot,,2
5d2a1cd351d24369,590a8bcbe208f6ef,1c7dcdda93ca4786,SocialIQa,social_cs,Mixed,Mixed,B,A,[[A]],0,,answer_only_3shot,,2
0574b488c308fabd,b1f84241c00fb9b3,40013da82fdc63b9,SocialIQa,social_cs,Mixed,Mixed,B,B,[[B]],1,,answer_only_3shot,,2
a4a3f57bd52b8d28,6310b2f45585c8a1,70944831011d6144,SocialIQa,social_cs,Mixed,Mixed,C,C,[[C]],1,,answer_only_3shot,,2
ce48c5b088ab41d5,374a181c5c7b2e0b,953c61a3b9e00803,SocialIQa,social_cs,Mixed,Mixed,A,B,[[B]],0,,answer_only_3shot,,2
7ca65df92fd4e4e6,0870f8f8ebade74b,c9a3ed7b8126d374,SocialIQa,social_cs,Mixed,Mixed,A,A,[[A]],1,,answer_only_3shot,,2
3536aa412b9fc18a,80cacc9d0835fded,e889132bfe50d822,SocialIQa,social_cs,Mixed,Mixed,B,C,[[C]],0,,answer_only_3shot,,2
77a9b47a714ca335,75c54046383c1c62,41d8db2d987c8162,SocialIQa,social_cs,Mixed,Mixed,C,B,[[B]],0,,answer_only_3shot,,2
23a5bcf0080d46d2,b01915ac1c04e84a,355efbac505e52f7,SocialIQa,social_cs,Mixed,Mixed,B,B,[[B]],1,,answer_only_3shot,,2
521285188c42489b,aa62d64f4d7d4a5b,fe207c608850b03a,SocialIQa,social_cs,Mixed,Mixed,C,A,[[A]],0,,answer_only_3shot,,2
1a46b686c3c829ad,6d7e39b69b1efc92,84bc2c94d3fffc82,SocialIQa,social_cs,Mixed,Mixed,B,B,[[B]],1,,answer_only_3shot,,2
8c60df28b59ef3c4,7703840220ffb6d7,052cac3e9e5a270e,SocialIQa,social_cs,Mixed,Mixed,B,B,[[B]],1,,answer_only_3shot,,2
0c47a7b2897fe634,bc3c1423e711f0c5,b0d3b778a1c786c0,SocialIQa,social_cs,Mixed,Mixed,B,B,[[B]],1,,answer_only_3shot,,2
359b0c734b76b624,0e44c3a581e20f72,bff13b5dfe388292,SocialIQa,social_cs,Mixed,Mixed,C,C,[[C]],1,,answer_only_3shot,,2
2d67d811de407b9b,3d23c0d026cc8784,2799d97ef03d1616,SocialIQa,social_cs,Mixed,Mixed,B,B,[[B]],1,,answer_only_3shot,,2
75dc6d372cedf3fa,e28ad7fbe2703576,907184338d4fafbb,SocialIQa,social_cs,Mixed,Mixed,B,B,[[B]],1,,answer_only_3shot,,2
2f64061d9e4c6d2d,c0bdf88ae85461af,2062ffc37f38a274,SocialIQa,social_cs,Mixed,Mixed,C,B,[[B]],0,,answer_only_3shot,,2
ce19d0f3bf61170f,6d420041ddad71f4,de33cddba3a1b17d,SocialIQa,social_cs,Mixed,Mixed,B,B,[[B]],1,,answer_only_3shot,,2
d10f08b608690cb1,b6913bf720b396ad,50b23fc830eccf99,SocialIQa,social_cs,Mixed,Mixed,B,C,[[C]],0,,answer_only_3shot,,2
22e396c43aaf227a-1,2be0c48924cde3ec,e9b9aebf74fea4be,SocialIQa,social_cs,Mixed,Mixed,B,B,[[B]],1,,answer_only_3shot,,2
06c775d581238e13,df39503964eec339,e321ded051bc568b,SocialIQa,social_cs,Mixed,Mixed,C,C,[[C]],1,,answer_only_3shot,,2
98b97596bac21f44,c84820595699b2e9,bbec6863a0211993,SocialIQa,social_cs,Mixed,Mixed,B,B,[[B]],1,,answer_only_3shot,,2
ca5fae57e1446876,30ffae5f8d83fc6b,5f60c73ec577b8b5,SocialIQa,social_cs,Mixed,Mixed,B,B,[[B]],1,,answer_only_3shot,,2
8ae8a890e88d7320,f7bbd8cc4f76213e,c4a0e2941885dd09,SocialIQa,social_cs,Mixed,Mixed,B,B,[[B]],1,,answer_only_3shot,,2
263e619832781f81,a581cc6cde8acd22,e6db4b9a7d498b56,SocialIQa,social_cs,Mixed,Mixed,C,A,[[A]],0,,answer_only_3shot,,2
6fe103d608f6c389,129ccc03f21160c1,5d2e1193caa5bfd0,SocialIQa,social_cs,Mixed,Mixed,B,A,[[A]],0,,answer_only_3shot,,2
f34dcd271f88e5f3,2ac3bb2f73c001a6,c04ded9072aeb8e0,SocialIQa,social_cs,Mixed,Mixed,B,C,[[C]],0,,answer_only_3shot,,2
1514047fca9d846e,8dec56e27ffbf7e1,677ab05c68bb8bae,SocialIQa,social_cs,Mixed,Mixed,C,C,[[C]],1,,answer_only_3shot,,2
ca800ce076b2d472,f8034545104ac9e2,888e22c1cd8c5bf9,SocialIQa,social_cs,Mixed,Mixed,A,A,[[A]],1,,answer_only_3shot,,2
c7c5f851b161d0f5,758650e053f38e5a,5d436acb02cd4bd5,SocialIQa,social_cs,Mixed,Mixed,C,C,[[C]],1,,answer_only_3shot,,2
8f3608f67ca6bb86,d9fac84ef5504446,0291172567d77b5b,SocialIQa,social_cs,Mixed,Mixed,B,A,[[A]],0,,answer_only_3shot,,2
0a43d839a4a6a87a,5fb0093b39cbdef3,2e685d9cd2f06330,SocialIQa,social_cs,Mixed,Mixed,C,C,[[C]],1,,answer_only_3shot,,2
a12403a8d7ae3847,d3c81f82c9d55a09,4fd00aa194599011,SocialIQa,social_cs,Mixed,Mixed,B,A,[[A]],0,,answer_only_3shot,,2
68445d4b170ae8d5,ada40b75726432f4,62ffc5193e39b965,SocialIQa,social_cs,Mixed,Mixed,B,B,[[B]],1,,answer_only_3shot,,2
e15c6816971a20c3,203cc2507c281866,e18f80627374879a,SocialIQa,social_cs,Mixed,Mixed,B,C,[[C]],0,,answer_only_3shot,,2
58e2b5e104d0f431,31f2b294d8221016,9990310b00f0f217,SocialIQa,social_cs,Mixed,Mixed,B,B,[[B]],1,,answer_only_3shot,,2
2048b5eb131b3d66,65c0f495a5d453f1,3fe156ae0a5de6e7,SocialIQa,social_cs,Mixed,Mixed,B,B,[[B]],1,,answer_only_3shot,,2
d95e5685f6e47588,27a9d4dd44d81b3c,91e830b6d4cb8f3c,SocialIQa,social_cs,Mixed,Mixed,A,A,[[A]],1,,answer_only_3shot,,2
58bf590dc2e0f751,7b5994f867cc591e,456a7aa26b5b20d8,SocialIQa,social_cs,Mixed,Mixed,C,C,[[C]],1,,answer_only_3shot,,2
a2772fe3e30a0e6e,43d5872c5905437b,8876b4dbc7504817,SocialIQa,social_cs,Mixed,Mixed,C,A,[[A]],0,,answer_only_3shot,,2
5e963d9ca88f4964,93c8d611f04755e7,277f623894ffd6c4,SocialIQa,social_cs,Mixed,Mixed,A,C,[[C]],0,,answer_only_3shot,,2
06a00e5606a7d812,d8342d98b7c3831d,5620e1b860605d82,SocialIQa,social_cs,Mixed,Mixed,C,C,[[C]],1,,answer_only_3shot,,2
17b3d1aaac4c59ad,f51bacf884c3d085,a7a3856821b43850,SocialIQa,social_cs,Mixed,Mixed,C,A,[[A]],0,,answer_only_3shot,,2
15f92f52294ee281,db77c20175bdd5ae,ce3708abbe8076aa,SocialIQa,social_cs,Mixed,Mixed,C,C,[[C]],1,,answer_only_3shot,,2
7632058a6a1aed2e,7262e0bf25294e7b,584a94aa49981a6a,SocialIQa,social_cs,Mixed,Mixed,B,A,[[A]],0,,answer_only_3shot,,2
1f9e3f1e6873ce05,5cd58768d90127ac,f9830fc92a3b19fd,SocialIQa,social_cs,Mixed,Mixed,C,C,[[C]],1,,answer_only_3shot,,2
cb9809145ba36897,7f89c2de79407367,579101f6e7be9cee,SocialIQa,social_cs,Mixed,Mixed,C,C,[[C]],1,,answer_only_3shot,,2
b942659200161f88,90d285fcbd85b0de,4f5bd766cba6196f,SocialIQa,social_cs,Mixed,Mixed,B,B,[[B]],1,,answer_only_3shot,,2
bccbb74869b303df,69450329c4c32deb,f30818613f4cb07c,SocialIQa,social_cs,Mixed,Mixed,C,C,[[C]],1,,answer_only_3shot,,2
7d9529a242d022d5,3ba6e0d001d1a92a,114c13c4c00b9c3b,SocialIQa,social_cs,Mixed,Mixed,B,B,[[B]],1,,answer_only_3shot,,2
944b4a99b66f666c,0f9b168c67cd19a2,ecdce16ee004330d,SocialIQa,social_cs,Mixed,Mixed,A,A,[[A]],1,,answer_only_3shot,,2
90668a86e5f7deb4,55006d36e78da481,036e132e468e90bc,SocialIQa,social_cs,Mixed,Mixed,B,B,[[B]],1,,answer_only_3shot,,2
279cb3d2fe632341,1a9cb76316efdf74,d9f4e96d2c7a90fe,SocialIQa,social_cs,Mixed,Mixed,C,A,[[A]],0,,answer_only_3shot,,2
a7124ecbbdd214d1,e0bd8fcad5411a15,6540b799ffd30a35,SocialIQa,social_cs,Mixed,Mixed,B,C,[[C]],0,,answer_only_3shot,,2
355fb6a29645b9cc,8e8fc773f1b3dda8,cfbc217281dbfbbb,SocialIQa,social_cs,Mixed,Mixed,C,C,[[C]],1,,answer_only_3shot,,2
8dbe33651f375c81,ef317878aaa3d71e,023eae83a5e85b5f,SocialIQa,social_cs,Mixed,Mixed,C,C,[[C]],1,,answer_only_3shot,,2
4116882d45f6eb57,226e304cdbe598bd,70c6fdf6020e107a,SocialIQa,social_cs,Mixed,Mixed,C,B,[[B]],0,,answer_only_3shot,,2
22e396c43aaf227a,2be0c48924cde3ec,e9b9aebf74fea4be,SocialIQa,social_cs,Mixed,Mixed,B,B,[[B]],1,,answer_only_3shot,,2
a1523324c0f426ac,81f3418ac0261efa,034cd0b6392c690e,SocialIQa,social_cs,Mixed,Mixed,B,B,[[B]],1,,answer_only_3shot,,2
92e63bd96851572b,eb264cf2f20146dc,f6fe21e1736a1207,SocialIQa,social_cs,Mixed,Mixed,A,A,[[A]],1,,answer_only_3shot,,2
5df206ce3af80fdb,2e52f2e8fd6c07e8,a6972a89d9a62c3c,SocialIQa,social_cs,Mixed,Mixed,C,A,[[A]],0,,answer_only_3shot,,2
db5654b15e09e5de,9147ffa1b98f3f08,8197c6e81a9ea891,SocialIQa,social_cs,Mixed,Mixed,C,A,[[A]],0,,answer_only_3shot,,2
22222be701c467e9,dcfbc47bdef93939,a3019d53314c4795,SocialIQa,social_cs,Mixed,Mixed,C,C,[[C]],1,,answer_only_3shot,,2
bd5664bb77f3c32d,90ad78d482e74c0d,5d79c439d1e81195,SocialIQa,social_cs,Mixed,Mixed,A,A,[[A]],1,,answer_only_3shot,,2
9bddd356269ab46c,a829f759dff062a8,305849fbfe0a179c,SocialIQa,social_cs,Mixed,Mixed,A,A,[[A]],1,,answer_only_3shot,,2
4ce0d6c30531d9a6,fb560950c7c9bb90,6b77601362e31a69,SocialIQa,social_cs,Mixed,Mixed,A,A,[[A]],1,,answer_only_3shot,,2
50d94675a16bd1b6,6ece1e950dc4e8ee,bd803a2293831a4a,SocialIQa,social_cs,Mixed,Mixed,A,A,[[A]],1,,answer_only_3shot,,2
4ec6aaac33e6ea2a,49f518c9989fecf1,dee37c4b4ad76974,SocialIQa,social_cs,Mixed,Mixed,C,C,[[C]],1,,answer_only_3shot,,2
3d7718c07c31e2de,6409575035d64ea2,3870b2f82538e908,SocialIQa,social_cs,Mixed,Mixed,C,B,[[B]],0,,answer_only_3shot,,2
b1fcc183c4248181,f50b821a070e356d,e3736ef8a7e7aec4,SocialIQa,social_cs,Mixed,Mixed,B,B,[[B]],1,,answer_only_3shot,,2
ba3229842c657d5f,a0d07720dbda7cf7,982b63488d6cbbb7,SocialIQa,social_cs,Mixed,Mixed,B,B,[[B]],1,,answer_only_3shot,,2
560dd9235325d173,8775e48553057cab,c8569774121d98a7,SocialIQa,social_cs,Mixed,Mixed,B,A,[[A]],0,,answer_only_3shot,,2
44fb05017212ccb5,5d74eeb59cc278d0,aeef831ddfa2738c,SocialIQa,social_cs,Mixed,Mixed,A,B,[[B]],0,,answer_only_3shot,,2
8882d77d9b8be114,930e0a7113bcaea6,38120e74cd10939b,SocialIQa,social_cs,Mixed,Mixed,A,B,[[B]],0,,answer_only_3shot,,2
d9e9442265da537a,e06831a1fdd2abdc,681f9f8534ae0abf,SocialIQa,social_cs,Mixed,Mixed,A,A,[[A]],1,,answer_only_3shot,,2
5cf546c18d001cf5,a30e0ccba20ef877,7a154fa2255e25e7,SocialIQa,social_cs,Mixed,Mixed,B,B,[[B]],1,,answer_only_3shot,,2
06934ac87f0db64f,f2cb47c00cbffee7,b3dcd724e3bdfd0a,SocialIQa,social_cs,Mixed,Mixed,A,A,[[A]],1,,answer_only_3shot,,2
4d0cce4ca7c133f9,86165dc827229690,0dd5f3ca5d03a1e9,SocialIQa,social_cs,Mixed,Mixed,B,B,[[B]],1,,answer_only_3shot,,2
594e9b78190e9abb,8e4af3373892024c,8e6b87c08b6ef7f4,SocialIQa,social_cs,Mixed,Mixed,C,A,[[A]],0,,answer_only_3shot,,2
59b68240e515722a,72967bd4ee769ca3,b0f9762e62e4ecc6,SocialIQa,social_cs,Mixed,Mixed,B,B,[[B]],1,,answer_only_3shot,,2
0f279fdf2e138b4c,6c66cccb4ba56217,1c9fe7c501615ced,SocialIQa,social_cs,Mixed,Mixed,A,A,[[A]],1,,answer_only_3shot,,2
abdf041c94d76d5a,7bb293185cd8ea0a,d6e9a52281bb36dc,SocialIQa,social_cs,Mixed,Mixed,B,B,[[B]],1,,answer_only_3shot,,2
c4538aa2b8958f5b,a6b29a7ea9227cd4,f03406bc56ba14f2,SocialIQa,social_cs,Mixed,Mixed,B,B,[[B]],1,,answer_only_3shot,,2
e6ef77f9f57bfe80,3f6946a1abce1073,b9dfedfeb8055d26,SocialIQa,social_cs,Mixed,Mixed,A,B,[[B]],0,,answer_only_3shot,,2
7c566644878cd68a,3e1814b3ada85e0a,0f0d07ebde816eb9,SocialIQa,social_cs,Mixed,Mixed,B,B,[[B]],1,,answer_only_3shot,,2
584fc9579eec860f,06cc42733c13b6ff,f677b3f67da737f2,SocialIQa,social_cs,Mixed,Mixed,B,C,[[C]],0,,answer_only_3shot,,2
6a5d092338167a7d-1,d64b2808ab2dabb1,3dc36f3adc5d8c66,SocialIQa,social_cs,Mixed,Mixed,A,A,[[A]],1,,answer_only_3shot,,2
e0b22fbe7a38529a,7a43ba3bd7c06f61,a57c1738eb37c473,SocialIQa,social_cs,Mixed,Mixed,B,A,[[A]],0,,answer_only_3shot,,2
d6ddd7cd25ba9363,778bb0203f976861,901406bc5bcb37d7,SocialIQa,social_cs,Mixed,Mixed,A,A,[[A]],1,,answer_only_3shot,,2
cc23154ea186c15f,92f5f41f077f72dd,196b9b0195397dec,SocialIQa,social_cs,Mixed,Mixed,A,B,[[B]],0,,answer_only_3shot,,2
400bc7ea6234f69a,5ee7789d8811b809,b7b057c0f8472b49,SocialIQa,social_cs,Mixed,Mixed,B,A,[[A]],0,,answer_only_3shot,,2
a29efafa7e13bbf7,783f5b9722f00ce4,c51c576f5f2b11d3,SocialIQa,social_cs,Mixed,Mixed,A,A,[[A]],1,,answer_only_3shot,,2
4e0142bf0372631b,e5b113d2d1baf8f1,08466e8b6f183c27,SocialIQa,social_cs,Mixed,Mixed,B,B,[[B]],1,,answer_only_3shot,,2
2cee9cd376960faa,e728c0c3ed853068,9b8e22135db2d029,SocialIQa,social_cs,Mixed,Mixed,B,B,[[B]],1,,answer_only_3shot,,2
82290c6da33a78af,834d46d6ec0e0e46,69e03ee8ce159b49,SocialIQa,social_cs,Mixed,Mixed,B,B,[[B]],1,,answer_only_3shot,,2
c8fa589cfba4c242,754c575d26809807,a5e55c3fff65ad6d,SocialIQa,social_cs,Mixed,Mixed,C,C,[[C]],1,,answer_only_3shot,,2
c07f71a6fd68ec94,1e1cbd99e88936e4,e2fc583cc2ffefbd,SocialIQa,social_cs,Mixed,Mixed,A,A,[[A]],1,,answer_only_3shot,,2
b464751d9cfcf91a,52d2898e93ec8538,3c6089bca78fcc1f,SocialIQa,social_cs,Mixed,Mixed,B,B,[[B]],1,,answer_only_3shot,,2
6b36fa2b125a6267,9f0477d9e7e8fc10,1a6b1f82762c97ff,SocialIQa,social_cs,Mixed,Mixed,A,A,[[A]],1,,answer_only_3shot,,2
36d54e33c1960973,7eef4278f52c8c3f,fa1b8483a76c38eb,SocialIQa,social_cs,Mixed,Mixed,A,A,[[A]],1,,answer_only_3shot,,2
044cf7cde86daabf,c8754ee2e7525f55,8c392aca500d1506,SocialIQa,social_cs,Mixed,Mixed,B,B,[[B]],1,,answer_only_3shot,,2
7d215b6088b748a7,d9269095dda309fb,1f244e4c7f44f47a,SocialIQa,social_cs,Mixed,Mixed,B,C,[[C]],0,,answer_only_3shot,,2
e6d40b79ecb4b198,ffdf0fa80ce086fb,85ccb436bb580d4d,SocialIQa,social_cs,Mixed,Mixed,C,C,[[C]],1,,answer_only_3shot,,2
a1d7c4b111d6f545,8f74240f31145a51,458305f76e9a0f80,SocialIQa,social_cs,Mixed,Mixed,C,C,[[C]],1,,answer_only_3shot,,2
b3a455c248f96e90,2ea26d604d44c5a5,62005db9db9bdb82,SocialIQa,social_cs,Mixed,Mixed,A,B,[[B]],0,,answer_only_3shot,,2
cbdf39cd36356176,2ef1f44b5738b72a,3aa97f2d23117fe5,SocialIQa,social_cs,Mixed,Mixed,B,A,[[A]],0,,answer_only_3shot,,2
d0b5518069b38e7c,1ad51a45694499af,0e8fa7f0d28bcbf4,SocialIQa,social_cs,Mixed,Mixed,C,C,[[C]],1,,answer_only_3shot,,2
8f937e0b72925f63,8dff235acb8f2c3d,7e333764dc0ab222,SocialIQa,social_cs,Mixed,Mixed,A,C,[[C]],0,,answer_only_3shot,,2
e19551343ee8f1f9,69dfad08e74bf79d,c38b2296535d7b25,SocialIQa,social_cs,Mixed,Mixed,B,B,[[B]],1,,answer_only_3shot,,2
e98545017e44501c,82b9dc8750f67582,b08a8a3da1e12079,SocialIQa,social_cs,Mixed,Mixed,A,A,[[A]],1,,answer_only_3shot,,2
ee6b55c1a32eb64c,6ec6134fdd0da450,ba80c4104f6e6d11,SocialIQa,social_cs,Mixed,Mixed,A,B,[[B]],0,,answer_only_3shot,,2
8ac9a23380682db6,0456f1049251c638,ea5cc1d69da18c74,SocialIQa,social_cs,Mixed,Mixed,C,C,[[C]],1,,answer_only_3shot,,2
7c636551fa01a038,41fa97fb876213ee,aec6936824e6f836,SocialIQa,social_cs,Mixed,Mixed,A,A,[[A]],1,,answer_only_3shot,,2
c7f7bc10a73cdc78,eff005787df41863,c08a9c8e16f1f8bb,SocialIQa,social_cs,Mixed,Mixed,B,B,[[B]],1,,answer_only_3shot,,2
89c5b7671b269403,5e8ed4210d14544a,228c3904fee9cefe,SocialIQa,social_cs,Mixed,Mixed,C,A,[[A]],0,,answer_only_3shot,,2
cb688efadaf3ab4c,b8de4d18fca5ff38,ed9abe6c1664e6bf,SocialIQa,social_cs,Mixed,Mixed,B,A,[[A]],0,,answer_only_3shot,,2
21d3754f9d544147,e34a81fd99944e2e,19729eda7d68e241,SocialIQa,social_cs,Mixed,Mixed,C,C,[[C]],1,,answer_only_3shot,,2
59731a77b5340a75,61a3869bfe8229ca,1c8f430faa911dc7,SocialIQa,social_cs,Mixed,Mixed,B,C,[[C]],0,,answer_only_3shot,,2
2263e0f77fc57f79,ea2f0d7f902029f8,6ef26b442d539f4a,SocialIQa,social_cs,Mixed,Mixed,C,B,[[B]],0,,answer_only_3shot,,2
4be74f9396263ad8,21a0115bb625c0d8,9e5b83206456863c,SocialIQa,social_cs,Mixed,Mixed,A,B,[[B]],0,,answer_only_3shot,,2
db179628e875e67f,90e7465915579348,1f29a1ce66968be5,SocialIQa,social_cs,Mixed,Mixed,A,A,[[A]],1,,answer_only_3shot,,2
850d60e9955ad2c1,bda53f7b4b4ea1a3,febb70b53b142f03,SocialIQa,social_cs,Mixed,Mixed,C,A,[[A]],0,,answer_only_3shot,,2
055c302dbca05627,aadb59fd188cc808,9bd833362b26da09,SocialIQa,social_cs,Mixed,Mixed,A,A,[[A]],1,,answer_only_3shot,,2
9843f5c40a3941b1,556700e3578c12e7,608c98b3328ec0f4,SocialIQa,social_cs,Mixed,Mixed,C,A,[[A]],0,,answer_only_3shot,,2
fb66cce255babbf7,6a8924b9c2d2b534,4e36bb5045b7c91b,SocialIQa,social_cs,Mixed,Mixed,A,A,[[A]],1,,answer_only_3shot,,2
d0d24855f877047e,3b84225a013b9603,54f4f0031e8c98b8,SocialIQa,social_cs,Mixed,Mixed,A,A,[[A]],1,,answer_only_3shot,,2
39649ef43b38f1cd,9fab35ca79bacb53,30419fbc65488c80,SocialIQa,social_cs,Mixed,Mixed,B,B,[[B]],1,,answer_only_3shot,,2
0d4409fe66d26243,458a251629c97ac4,8b025a736b1565f3,SocialIQa,social_cs,Mixed,Mixed,C,C,[[C]],1,,answer_only_3shot,,2
0548909fc92b464e,f0778f6a178ae700,ffa32a56fffde303,SocialIQa,social_cs,Mixed,Mixed,B,B,[[B]],1,,answer_only_3shot,,2
1b487741c3357600,a56daac0f65751a5,2a3a6ac70ebe1bf7,SocialIQa,social_cs,Mixed,Mixed,C,A,[[A]],0,,answer_only_3shot,,2
c9b98e468bd556ea,15b09ec272accc2b,a1a623d32e45a8b0,SocialIQa,social_cs,Mixed,Mixed,A,A,[[A]],1,,answer_only_3shot,,2
24c84b148eb6ed21,88d5eef6aa250b8a,d5baf24804213de8,SocialIQa,social_cs,Mixed,Mixed,B,B,[[B]],1,,answer_only_3shot,,2
860d4f941df02e01,ac668df5a44f8694,a4b35f3e20d710b4,SocialIQa,social_cs,Mixed,Mixed,A,A,[[A]],1,,answer_only_3shot,,2
4dacda551be111f0,f64310b55baa7345,0b259db22cf522ce,SocialIQa,social_cs,Mixed,Mixed,A,A,[[A]],1,,answer_only_3shot,,2
b83c66be59ba0f3c,f36197ee1a4b75e9,8aeb109b4cbf7b8e,SocialIQa,social_cs,Mixed,Mixed,C,A,[[A]],0,,answer_only_3shot,,2
72328ce0b07a33d2,012862564a7b9e1c,8b81cbe192e9ed97,SocialIQa,social_cs,Mixed,Mixed,C,A,[[A]],0,,answer_only_3shot,,2
9b08c4bc6308ee6c,e4d30c6f069d3df5,348cbf18448d61ec,SocialIQa,social_cs,Mixed,Mixed,C,B,[[B]],0,,answer_only_3shot,,2
830662cb3e897de9,32dbb3057d926e4e,0425a27830f45551,SocialIQa,social_cs,Mixed,Mixed,C,C,[[C]],1,,answer_only_3shot,,2
8014b9678e455a89,f1cf8851266bb33d,747f953b175253d0,SocialIQa,social_cs,Mixed,Mixed,A,A,[[A]],1,,answer_only_3shot,,2
1a72767b4ae87810,9534ac54dda65a0f,ba907d428ba3ec5f,SocialIQa,social_cs,Mixed,Mixed,A,A,[[A]],1,,answer_only_3shot,,2
820f8618faba98f1,594d4954b017d827,ec0fa10042d22d78,SocialIQa,social_cs,Mixed,Mixed,B,B,[[B]],1,,answer_only_3shot,,2
b32500a4a8192239,b605d82971b49058,bc3788fd11644b7e,SocialIQa,social_cs,Mixed,Mixed,B,B,[[B]],1,,answer_only_3shot,,2
725b377e3eb759aa,ea6d35fe2538bbe6,08a1b59d9c13bcaa,SocialIQa,social_cs,Mixed,Mixed,A,A,[[A]],1,,answer_only_3shot,,2
ef31e4bb2987b77f,20873d6f94247e31,d9528bb8d2de90d7,SocialIQa,social_cs,Mixed,Mixed,C,A,[[A]],0,,answer_only_3shot,,2
d1c63e07c8ac5e66,218dea524e0fffd0,9831918b76d2d779,SocialIQa,social_cs,Mixed,Mixed,B,B,[[B]],1,,answer_only_3shot,,2
09dcd9a5ae7d99b2,b491f68c62536cc9,f8aec707e0b491c8,SocialIQa,social_cs,Mixed,Mixed,C,C,[[C]],1,,answer_only_3shot,,2
8160a1862c9723ca,43cd2d6d53d5a020,266beddfc5698f1b,SocialIQa,social_cs,Mixed,Mixed,C,C,[[C]],1,,answer_only_3shot,,2
d74a84a1454c53e1,b3882de1cb30b39a,43634defe1f7b968,SocialIQa,social_cs,Mixed,Mixed,A,A,[[A]],1,,answer_only_3shot,,2
ff2b08efe8ab0745,d74c660098e4753f,dc2f8ed22f8f02a6,SocialIQa,social_cs,Mixed,Mixed,A,C,[[C]],0,,answer_only_3shot,,2
540507d9770f792d,6640631701437fdb,3253f74fb671aa11,SocialIQa,social_cs,Mixed,Mixed,B,C,[[C]],0,,answer_only_3shot,,2
39894c79f3d021dc,851456b9a96d35d3,c11a0256f55359ff,SocialIQa,social_cs,Mixed,Mixed,B,B,[[B]],1,,answer_only_3shot,,2
da09b237181f7874,e9b547a4a465c74c,4152c945a7c70ecb,SocialIQa,social_cs,Mixed,Mixed,A,C,[[C]],0,,answer_only_3shot,,2
191ac3d093461f07,382ec1948b839e80,5f3d19f5e8ba5e36,SocialIQa,social_cs,Mixed,Mixed,B,C,[[C]],0,,answer_only_3shot,,2
79815fb8158d5652,17da8004ee6e2ae0,17a5bf7a64588ec3,SocialIQa,social_cs,Mixed,Mixed,C,C,[[C]],1,,answer_only_3shot,,2
444ad3a6022f1a7f,515e996427b722a4,f0490a1e99c41cef,SocialIQa,social_cs,Mixed,Mixed,A,B,[[B]],0,,answer_only_3shot,,2
febab71cdf45f01c,c96e547c71183f5c,69e97acf57726588,SocialIQa,social_cs,Mixed,Mixed,C,C,[[C]],1,,answer_only_3shot,,2
9a99b500a3845345,5d0fc40a4fbabb0f,de0c792376d43c67,SocialIQa,social_cs,Mixed,Mixed,A,A,[[A]],1,,answer_only_3shot,,2
280c4fb115ff41de,4735d426c50574ac,b3f32fb174814e9e,SocialIQa,social_cs,Mixed,Mixed,C,A,[[A]],0,,answer_only_3shot,,2
be32f916c2b8daa9,ca66b8ad15b53bd2,925ac22584f01186,SocialIQa,social_cs,Mixed,Mixed,B,C,[[C]],0,,answer_only_3shot,,2
af3af0c9a416e972,b92b70b1d61ba7c9,e7f891e8f3207566,SocialIQa,social_cs,Mixed,Mixed,C,C,[[C]],1,,answer_only_3shot,,2
2caa6304fcf220b8,694158dc95029335,5937b834ec3da4ed,SocialIQa,social_cs,Mixed,Mixed,A,A,[[A]],1,,answer_only_3shot,,2
d6ebc057ffb93ac3,caad45588d72c23f,d51d49ea711ef5ed,SocialIQa,social_cs,Mixed,Mixed,B,B,[[B]],1,,answer_only_3shot,,2
5c13fd0d8be7f490,da5e733a339d8909,fc57438223ab3b8e,SocialIQa,social_cs,Mixed,Mixed,C,C,[[C]],1,,answer_only_3shot,,2
f81da3bc94a377bb,5279ed60e66cf210,d58063e62d38d0f4,SocialIQa,social_cs,Mixed,Mixed,B,B,[[B]],1,,answer_only_3shot,,2
006d6cb9366f8b85,ac79a485eac810ae,6cbf8c5059f9e31b,SocialIQa,social_cs,Mixed,Mixed,B,B,[[B]],1,,answer_only_3shot,,2
a487b417558cacf8,6c9e9bb0b4f3a0b4,f94307d8a4d703b1,SocialIQa,social_cs,Mixed,Mixed,B,B,[[B]],1,,answer_only_3shot,,2
0a531039351e5966,d10b0f73589692cd,7200031987875101,SocialIQa,social_cs,Mixed,Mixed,B,A,[[A]],0,,answer_only_3shot,,2
3f081e4653867793,66ca7132b37846fe,473f417f907c598d,SocialIQa,social_cs,Mixed,Mixed,B,C,[[C]],0,,answer_only_3shot,,2
f74189b7f16b46cf,4d788e58f4b8a279,b2dc744a8440a8b0,SocialIQa,social_cs,Mixed,Mixed,A,C,[[C]],0,,answer_only_3shot,,2
373f77265e8f985f,9cc9b601b3e796e7,db186dbc5f73d452,SocialIQa,social_cs,Mixed,Mixed,C,C,[[C]],1,,answer_only_3shot,,2
ac305f84981a400a,ded4f99af7686df3,ed8a73cde2d97cd5,SocialIQa,social_cs,Mixed,Mixed,A,A,[[A]],1,,answer_only_3shot,,2
b0f8b20160298f1f,fa6750fe4c15600b,526d0ba4f0313949,SocialIQa,social_cs,Mixed,Mixed,B,B,[[B]],1,,answer_only_3shot,,2
05df2ff1173f82e0,11a50ffcead8cf8f,7b6208814fd1a33d,SocialIQa,social_cs,Mixed,Mixed,A,A,[[A]],1,,answer_only_3shot,,2
04ca2a75b654b47d,26f42bd15a25d3e3,b06ee98e8efa0694,SocialIQa,social_cs,Mixed,Mixed,C,C,[[C]],1,,answer_only_3shot,,2
4ed5c99e71f3d9c3,28f01ce9375d6f21,e1713865df3e22cd,SocialIQa,social_cs,Mixed,Mixed,C,B,[[B]],0,,answer_only_3shot,,2
046cc3a6a6b43ba4,f2ecf958a655d151,d9dce71c9556627f,SocialIQa,social_cs,Mixed,Mixed,A,A,[[A]],1,,answer_only_3shot,,2
ed9933d5b00825cd,3bd5aa2b2f0c86e4,ebb72b8b28ea88b9,SocialIQa,social_cs,Mixed,Mixed,C,C,[[C]],1,,answer_only_3shot,,2
bf62731f87374309,a45904e9b4513d05,34280e8b57e51587,SocialIQa,social_cs,Mixed,Mixed,A,A,[[A]],1,,answer_only_3shot,,2
30f032fb72fb599e,2bd4dbf49d4d1477,0bd5533d93d4d24f,SocialIQa,social_cs,Mixed,Mixed,B,B,[[B]],1,,answer_only_3shot,,2
5d9a040b6bce76df,0ae9f201d556321f,52ab97793d605a37,SocialIQa,social_cs,Mixed,Mixed,A,A,[[A]],1,,answer_only_3shot,,2
3f00f448a134c4d3,73f61a4dc20bd6b4,cd22a7ac95bd0045,SocialIQa,social_cs,Mixed,Mixed,C,B,[[B]],0,,answer_only_3shot,,2
ce6d1a877bd51afe,ff235db41b3d5f7b,56a1e1bfcd469b9c,SocialIQa,social_cs,Mixed,Mixed,B,B,[[B]],1,,answer_only_3shot,,2
1a3a40a1d1652249,0d216deecd7481d8,b458a8fb246cb1d5,SocialIQa,social_cs,Mixed,Mixed,B,A,[[A]],0,,answer_only_3shot,,2
c9c533f2651f442c,ce4ba8110bc430b1,f24e42bdb79f6c0a,SocialIQa,social_cs,Mixed,Mixed,B,B,[[B]],1,,answer_only_3shot,,2
1eba80665700599d,1a9628326892aa9f,e1ded3f92760e160,SocialIQa,social_cs,Mixed,Mixed,C,C,[[C]],1,,answer_only_3shot,,2
c75d86f2bb291223,ecdd00b5268b8bf6,7f37a6d4d369584c,SocialIQa,social_cs,Mixed,Mixed,A,A,[[A]],1,,answer_only_3shot,,2
6ab9f01056070223,13d4144df356ca58,a647c059b2b27078,SocialIQa,social_cs,Mixed,Mixed,C,C,[[C]],1,,answer_only_3shot,,2
9e303870f7b4d6b4,774b6e0fab5b6d6a,ff4eb2c7c9e71d4f,SocialIQa,social_cs,Mixed,Mixed,B,C,[[C]],0,,answer_only_3shot,,2
6514cf99cd1a2f65,9973c4eb496e7ebc,518d71e2c3801f41,SocialIQa,social_cs,Mixed,Mixed,C,C,[[C]],1,,answer_only_3shot,,2
7c3c8c1d3826e912,ef63d723d30efad5,b3fc7014ba3fd9c6,SocialIQa,social_cs,Mixed,Mixed,A,C,[[C]],0,,answer_only_3shot,,2
e49be949469391c7,c72f5885b05b5033,45626c41709067b3,SocialIQa,social_cs,Mixed,Mixed,C,C,[[C]],1,,answer_only_3shot,,2
111f20fbdd3eac4d,76282b205beb595d,ff3ba71d78649f8b,SocialIQa,social_cs,Mixed,Mixed,B,C,[[C]],0,,answer_only_3shot,,2
3ba89986b95f1d4b,1074259738cda10b,cece92e1d7f41cd3,SocialIQa,social_cs,Mixed,Mixed,A,A,[[A]],1,,answer_only_3shot,,2
86999f20ce65c22b,1545e0e8b582f032,44a49419116f112b,SocialIQa,social_cs,Mixed,Mixed,C,B,[[B]],0,,answer_only_3shot,,2
cb4cd5a9f93b5d47,f41e5a3a6472f9d3,d08ffedc69cef0c5,SocialIQa,social_cs,Mixed,Mixed,B,B,[[B]],1,,answer_only_3shot,,2
e6ef6811b466dbc7,66bd6add0a583c75,ef39483fbff3c3ba,SocialIQa,social_cs,Mixed,Mixed,A,A,[[A]],1,,answer_only_3shot,,2
cd43923eea2b8f21,2e71ed4814b5d631,de9f7af3ac82037f,SocialIQa,social_cs,Mixed,Mixed,C,C,[[C]],1,,answer_only_3shot,,2
105266f2d07ba117,451fdda32cd45d65,73a362ff74b31410,SocialIQa,social_cs,Mixed,Mixed,B,B,[[B]],1,,answer_only_3shot,,2
29d02a0bf3f7edbc,3b13a6b7a988505e,ddbd45fde7a286b1,SocialIQa,social_cs,Mixed,Mixed,C,C,[[C]],1,,answer_only_3shot,,2
5f38ccec3a2c9641,581fb73df06e5414,d6d6a625a75d6fef,SocialIQa,social_cs,Mixed,Mixed,A,A,[[A]],1,,answer_only_3shot,,2
d3c40ac124d2b499,6acddd8f1b61bb01,fe8854bbdf2fbab1,SocialIQa,social_cs,Mixed,Mixed,C,C,[[C]],1,,answer_only_3shot,,2
8d96a300ed88551f,75c6d536802fb37f,7965798362644b30,SocialIQa,social_cs,Mixed,Mixed,C,C,[[C]],1,,answer_only_3shot,,2
8c8c5517d4024e38,4f5c8f3b0619019d,819e422bc23569cd,SocialIQa,social_cs,Mixed,Mixed,A,B,[[B]],0,,answer_only_3shot,,2
e4de9b0a297d0bac,7b182a2d0726a740,300fba9d3952cbb2,SocialIQa,social_cs,Mixed,Mixed,A,A,[[A]],1,,answer_only_3shot,,2
302fc2f0cd0af86c,b7c55c4c0945b79d,6dc2236c65d390ae,SocialIQa,social_cs,Mixed,Mixed,B,B,[[B]],1,,answer_only_3shot,,2
458373b03bb8b88a,0c5612d66cd2719b,298308b061f0a626,SocialIQa,social_cs,Mixed,Mixed,A,A,[[A]],1,,answer_only_3shot,,2
e6977352029e9ad9,1f00835d9d4c3b32,80bb7349491f928f,SocialIQa,social_cs,Mixed,Mixed,C,C,[[C]],1,,answer_only_3shot,,2
5929be8bf3aacbdc,231742e7f889fc4b,0ce3641c184e3a60,SocialIQa,social_cs,Mixed,Mixed,C,B,[[B]],0,,answer_only_3shot,,2
eb161c7ddbf4db86,4f48089d861df1e8,5f559db38b557c10,SocialIQa,social_cs,Mixed,Mixed,C,A,[[A]],0,,answer_only_3shot,,2
ba78fb3cefcfd16c,ffacbbd443eaf3dc,dd2468df9b15405d,SocialIQa,social_cs,Mixed,Mixed,B,B,[[B]],1,,answer_only_3shot,,2
a20f394130f84d61,d1ac64d4064c66fa,0cd3af32d3535bff,SocialIQa,social_cs,Mixed,Mixed,A,B,[[B]],0,,answer_only_3shot,,2
fdf619f7b6ecabc8,1fb724b692ff4ab8,0aee2b3b8dc85647,SocialIQa,social_cs,Mixed,Mixed,B,B,[[B]],1,,answer_only_3shot,,2
ecf0b0ea9093c160,be1dbda8e9798444,ad463a22966f32d6,SocialIQa,social_cs,Mixed,Mixed,A,A,[[A]],1,,answer_only_3shot,,2
6de2b0be1e8f6865,60e1eca5970c196d,08471c007476f2ac,SocialIQa,social_cs,Mixed,Mixed,C,C,[[C]],1,,answer_only_3shot,,2
ab01675c3c95b3fc,4343f7d847685a4e,ba0b1f0f8fd53bcb,SocialIQa,social_cs,Mixed,Mixed,C,A,[[A]],0,,answer_only_3shot,,2
00620e619efdeea9,b5d6dd78f0b09d8e,d3ff1832696c2d1b,SocialIQa,social_cs,Mixed,Mixed,C,A,[[A]],0,,answer_only_3shot,,2
7e8a8d811311d588,fcb759e756e28e53,531a5330df4e8986,SocialIQa,social_cs,Mixed,Mixed,C,B,[[B]],0,,answer_only_3shot,,2
9c786e9f427024e5,d08f9b7e802fae26,efb009a1de6f1eaf,SocialIQa,social_cs,Mixed,Mixed,B,B,[[B]],1,,answer_only_3shot,,2
003a880a0d137c5f,4d59df0c44254321,fcddee9efc1c0b1d,SocialIQa,social_cs,Mixed,Mixed,A,A,[[A]],1,,answer_only_3shot,,2
032e365ff9c8122d,611b0b54b38305a7,512766303e752fcf,SocialIQa,social_cs,Mixed,Mixed,A,C,[[C]],0,,answer_only_3shot,,2
d5beb4c736d91251,9b83df76900ca887,b35288095140d143,SocialIQa,social_cs,Mixed,Mixed,A,A,[[A]],1,,answer_only_3shot,,2
9130ba5ad69784f5,83517500d5237467,b122afc137292c9d,SocialIQa,social_cs,Mixed,Mixed,A,A,[[A]],1,,answer_only_3shot,,2
9dc6629133f32acb,70151b267a953b4d,0d1295ca401d5651,SocialIQa,social_cs,Mixed,Mixed,C,C,[[C]],1,,answer_only_3shot,,2
d69ee16ccf750496,909b2a1828618907,f68c91e03171b19f,SocialIQa,social_cs,Mixed,Mixed,B,C,[[C]],0,,answer_only_3shot,,2
9a08f09e0361b31d,c77fae8ed8db6490,844c04df3beda115,SocialIQa,social_cs,Mixed,Mixed,A,A,[[A]],1,,answer_only_3shot,,2
6c5563eef12b3986,d34c367f5773fdf5,d9d4259030cd62a0,SocialIQa,social_cs,Mixed,Mixed,C,C,[[C]],1,,answer_only_3shot,,2
85b7b529d7b25ba0,bb86e3a4cac85335,0c89ef1d19c82dc9,SocialIQa,social_cs,Mixed,Mixed,C,C,[[C]],1,,answer_only_3shot,,2
b9bb44cf21747c29,d8d36f8c2f31d7f5,0b155d46f6dd0b22,SocialIQa,social_cs,Mixed,Mixed,C,A,[[A]],0,,answer_only_3shot,,2
19b3d0b7ced73b46,b7dc53b137aebd61,fec9da5033b8f8a2,SocialIQa,social_cs,Mixed,Mixed,B,B,[[B]],1,,answer_only_3shot,,2
7cb293623e97fba4,45e6b8114425f3bc,6f07c1ededd0f872,SocialIQa,social_cs,Mixed,Mixed,B,B,[[B]],1,,answer_only_3shot,,2
5886cf96bc053619,6752d497253ef909,713971c20173832f,SocialIQa,social_cs,Mixed,Mixed,A,A,[[A]],1,,answer_only_3shot,,2
0ff2ae2a9e4638fe,821e4a58e2764b1f,976b491545d74d6f,SocialIQa,social_cs,Mixed,Mixed,A,A,[[A]],1,,answer_only_3shot,,2
afa7499ee88bfefa,cdf16528d60f9083,7ae759eed5798f3a,SocialIQa,social_cs,Mixed,Mixed,A,C,[[C]],0,,answer_only_3shot,,2
b9fda88fd26e592a,f173d9409cd9afaf,1bc1e0b0299278e4,SocialIQa,social_cs,Mixed,Mixed,A,A,[[A]],1,,answer_only_3shot,,2
3a37fa440b2a322c,8bb1f8f200d0fb3a,6f0f02d571ca7565,SocialIQa,social_cs,Mixed,Mixed,A,A,[[A]],1,,answer_only_3shot,,2
d77a9783b4bd624c,8e50a3e8987b9cdb,0b314c62d2c4432f,SocialIQa,social_cs,Mixed,Mixed,C,C,[[C]],1,,answer_only_3shot,,2
bc645b5e1037043f,972471f1676d5569,ea848fcc6a809eec,SocialIQa,social_cs,Mixed,Mixed,A,A,[[A]],1,,answer_only_3shot,,2
7ce5ed9a82ae62f0,b4bba1b4ef57ea2a,572a495b33737322,SocialIQa,social_cs,Mixed,Mixed,B,B,[[B]],1,,answer_only_3shot,,2
fba381eafb6d11d0,1b1176abe1deec87,f99a0dac31a2310a,SocialIQa,social_cs,Mixed,Mixed,B,C,[[C]],0,,answer_only_3shot,,2
0ab67bc1986e7ccd,2d974b6f91e3fe2f,db641dc4da24ef5e,SocialIQa,social_cs,Mixed,Mixed,B,B,[[B]],1,,answer_only_3shot,,2
1d49bf8c583b4426,ce37b34f92bccb8a,dd4bc63ccd3c6701,SocialIQa,social_cs,Mixed,Mixed,A,A,[[A]],1,,answer_only_3shot,,2
0e68a5a80c518feb,903b6054a28921f5,518dde74a917e253,SocialIQa,social_cs,Mixed,Mixed,B,C,[[C]],0,,answer_only_3shot,,2
6ad83a0234516d00,964c6618503a2a2f,a6bf30aa8bba5697,SocialIQa,social_cs,Mixed,Mixed,C,C,[[C]],1,,answer_only_3shot,,2
fc0000a59e9cd5f5,231131155327c9e1,d3a89a005ff41580,SocialIQa,social_cs,Mixed,Mixed,A,A,[[A]],1,,answer_only_3shot,,2
7241653cd76f0fdb,df251c20e7e40183,95ae8b931b5b8e68,SocialIQa,social_cs,Mixed,Mixed,C,C,[[C]],1,,answer_only_3shot,,2
9765ee553d71471a,74f95ea9b2f302de,0bd8e0b9372d16c4,SocialIQa,social_cs,Mixed,Mixed,A,A,[[A]],1,,answer_only_3shot,,2
f075c84996570b55,587b44e3f7f8e109,23e4330966434379,SocialIQa,social_cs,Mixed,Mixed,C,C,[[C]],1,,answer_only_3shot,,2
3c822fd75e85e896,cd1f556bf423e283,439f47c6b1dbeffb,SocialIQa,social_cs,Mixed,Mixed,C,C,[[C]],1,,answer_only_3shot,,2
72e9b791f2860ef9,e106f5da442d28cf,643c2c732c2fe0db,SocialIQa,social_cs,Mixed,Mixed,C,B,[[B]],0,,answer_only_3shot,,2
3e351d55b76aa3c6,26fd44a8e9697a8c,0aa5e58a224986b9,SocialIQa,social_cs,Mixed,Mixed,A,A,[[A]],1,,answer_only_3shot,,2
6f9274bed9656f32,9d88688de383245d,0e7078fb8c4539e4,SocialIQa,social_cs,Mixed,Mixed,B,B,[[B]],1,,answer_only_3shot,,2
8950a8a595591fd1,432775c8cc5a43fb,34e6b67540795f7c,SocialIQa,social_cs,Mixed,Mixed,B,B,[[B]],1,,answer_only_3shot,,2
5ade84485ed695da,e7e7d4ac5b11ae0e,42a9989fa74de616,SocialIQa,social_cs,Mixed,Mixed,B,A,[[A]],0,,answer_only_3shot,,2
8ac868fd32c84004,206d326e19d0319c,0767ca54a11fae7d,SocialIQa,social_cs,Mixed,Mixed,C,C,[[C]],1,,answer_only_3shot,,2
1c2a0d1fabe394bf,c08bf955228cf9f0,2e10e9e706ce18a7,SocialIQa,social_cs,Mixed,Mixed,C,C,[[C]],1,,answer_only_3shot,,2
9f83966a5c8a7e26,3b3aee55cf0cf253,8fa24278ffff52da,SocialIQa,social_cs,Mixed,Mixed,C,C,[[C]],1,,answer_only_3shot,,2
4e9d8745271c01cb,794efced5966e00b,2fe16a09b0ed5aac,SocialIQa,social_cs,Mixed,Mixed,B,B,[[B]],1,,answer_only_3shot,,2
290aeda89605b3f5,d6c93656ecaeac68,d34b283011f9557d,SocialIQa,social_cs,Mixed,Mixed,C,C,[[C]],1,,answer_only_3shot,,2
63207094ed801075,46a9325530adca9e,d6e48c4c664e19bf,SocialIQa,social_cs,Mixed,Mixed,A,B,[[B]],0,,answer_only_3shot,,2
ddaa5a9f680420d2,ad667c667f2305ca,2c2272054ea7cb23,SocialIQa,social_cs,Mixed,Mixed,C,C,[[C]],1,,answer_only_3shot,,2
c11938e1c8180fa7,7a5adbeb9a637139,a8d65ebcc1e0ef20,SocialIQa,social_cs,Mixed,Mixed,B,B,[[B]],1,,answer_only_3shot,,2
ae017883b60a6ddc,86944f542d9e2699,59f7109bc4a1d1b9,SocialIQa,social_cs,Mixed,Mixed,C,C,[[C]],1,,answer_only_3shot,,2
3f7ed7e8b4a12bde,e345a90b7565d07a,8652f28593279af3,SocialIQa,social_cs,Mixed,Mixed,B,C,[[C]],0,,answer_only_3shot,,2
f9e1525e8a1dd22a,b089c16d66088db1,7f5558f9f424a447,SocialIQa,social_cs,Mixed,Mixed,C,C,[[C]],1,,answer_only_3shot,,2
d82926781bfd6782,d93dfe33cb737fbb,bcf4663e5ff329e3,SocialIQa,social_cs,Mixed,Mixed,B,B,[[B]],1,,answer_only_3shot,,2
b600ee0bc6046af9,56f949527c63dad6,11637cff9e7290c9,SocialIQa,social_cs,Mixed,Mixed,B,B,[[B]],1,,answer_only_3shot,,2
ece495ab1c82300c-1,dedb0db0f116a452,6edea45c2bc950ca,SocialIQa,social_cs,Mixed,Mixed,C,C,[[C]],1,,answer_only_3shot,,2
25bf934d6f4acd59,17843b32af20af01,70a8e1777f986a90,SocialIQa,social_cs,Mixed,Mixed,C,C,[[C]],1,,answer_only_3shot,,2
86cb909d94616991,2dad708dcb6fe621,43c38f18eed38fe4,SocialIQa,social_cs,Mixed,Mixed,B,B,[[B]],1,,answer_only_3shot,,2
f808b5f39434bf51,318454fc988221d2,f43af1ebe4be759f,SocialIQa,social_cs,Mixed,Mixed,C,C,[[C]],1,,answer_only_3shot,,2
d0493f2ce962457a,f2d86bf69565e73c,163e9041f43fe660,SocialIQa,social_cs,Mixed,Mixed,B,B,[[B]],1,,answer_only_3shot,,2
3d90d12b32c23e41,5b6aa485d1ee8c54,e341e73ff9446b31,SocialIQa,social_cs,Mixed,Mixed,C,C,[[C]],1,,answer_only_3shot,,2
8287675a0df34cc4,5c2d0b4d88f3c885,045d60c8f74d2f58,SocialIQa,social_cs,Mixed,Mixed,A,C,[[C]],0,,answer_only_3shot,,2
abfaaad2d8ef25b4,5484ac36d154ba13,804a6be81afbf23a,SocialIQa,social_cs,Mixed,Mixed,B,C,[[C]],0,,answer_only_3shot,,2
85155c112d399824,b939be0ec0194f7b,2ac0f87847dd19c5,SocialIQa,social_cs,Mixed,Mixed,C,A,[[A]],0,,answer_only_3shot,,2
9d7a62188dc9f3e9,9e02c0b4944a4cec,5b77ac16be56ac0c,SocialIQa,social_cs,Mixed,Mixed,C,C,[[C]],1,,answer_only_3shot,,2
71bf2c21678677ca,d705baad69a18a11,7a8d0f0ecd15c2c5,SocialIQa,social_cs,Mixed,Mixed,C,B,[[B]],0,,answer_only_3shot,,2
be6ffce05757bb23,d15a7d367113401b,48f6677f60e814e9,SocialIQa,social_cs,Mixed,Mixed,B,B,[[B]],1,,answer_only_3shot,,2
2b4e53791d5e5b8d,e6c96e219bd8c86a,ae4464676fd4e9a6,SocialIQa,social_cs,Mixed,Mixed,C,C,[[C]],1,,answer_only_3shot,,2
a9967309037f32b3,c97317952fe94554,d6b55b4c26c9cbec,SocialIQa,social_cs,Mixed,Mixed,A,C,[[C]],0,,answer_only_3shot,,2
c862dca6e299aad7,1c068de31d0b8be9,635d761bf934cfab,SocialIQa,social_cs,Mixed,Mixed,B,B,[[B]],1,,answer_only_3shot,,2
165a8b15d87bccec,d1d4e6eb99318499,796e60b6e2b3170a,SocialIQa,social_cs,Mixed,Mixed,A,C,[[C]],0,,answer_only_3shot,,2
48fd57414d234cbe,7745ea2bb738b62e,8350d4d4185e0522,SocialIQa,social_cs,Mixed,Mixed,B,B,[[B]],1,,answer_only_3shot,,2
fab8ab451f83e625,b3f166eaab9c6401,ff5176d44c49616b,SocialIQa,social_cs,Mixed,Mixed,A,A,[[A]],1,,answer_only_3shot,,2
11a098af07f1c478,bc067df36ff623f0,b7cebae0bc01cf18,SocialIQa,social_cs,Mixed,Mixed,A,A,[[A]],1,,answer_only_3shot,,2
b052aebcc269f886,2cf6dccfce2701d8,19b4adb7f476e434,SocialIQa,social_cs,Mixed,Mixed,A,A,[[A]],1,,answer_only_3shot,,2
6064b75da868de38,32d207000b2b55d0,a68d7d0bd8bf9138,SocialIQa,social_cs,Mixed,Mixed,A,A,[[A]],1,,answer_only_3shot,,2
fb95f9f853cb4e18,c6427241629813f1,90214d809678a773,SocialIQa,social_cs,Mixed,Mixed,B,A,[[A]],0,,answer_only_3shot,,2
b860f9be0a8ac10d,eec7436c0993fa65,d2310a73f9392fb0,SocialIQa,social_cs,Mixed,Mixed,B,B,[[B]],1,,answer_only_3shot,,2
109a4337040066fd,16f0bc9c7abefbb2,463f97c24e6ddb0f,SocialIQa,social_cs,Mixed,Mixed,C,C,[[C]],1,,answer_only_3shot,,2
5b9a32d2a7263535,4780b3fa947c0a9e,7003b5da34dbb74e,SocialIQa,social_cs,Mixed,Mixed,B,A,[[A]],0,,answer_only_3shot,,2
0cd3eff92a638475,dfb1a091bdca7468,0df5f31d7e74f0a7,SocialIQa,social_cs,Mixed,Mixed,A,A,[[A]],1,,answer_only_3shot,,2
9374e2381dc53a81,92f728869e1a546f,8cded0f5f4dae7a1,SocialIQa,social_cs,Mixed,Mixed,B,B,[[B]],1,,answer_only_3shot,,2
602e23eb8f238bcd,db97e6973c9440a9,e4b6bd054c021b82,SocialIQa,social_cs,Mixed,Mixed,B,B,[[B]],1,,answer_only_3shot,,2
9493be022b8e51e9,0862e15695bb48af,d2a7d9bf6f165ec9,SocialIQa,social_cs,Mixed,Mixed,C,C,[[C]],1,,answer_only_3shot,,2
7c1ecdf0355d1056,78dd7a29ed1b8a71,fe35cc66f2151543,SocialIQa,social_cs,Mixed,Mixed,C,C,[[C]],1,,answer_only_3shot,,2
9c882ebf1f65b10f,111506af7a30efe7,f5ede7ecfbf542a9,SocialIQa,social_cs,Mixed,Mixed,C,C,[[C]],1,,answer_only_3shot,,2
994c31b57ead8af4,d388678649620f54,7d0a8b9ae20009c7,SocialIQa,social_cs,Mixed,Mixed,B,A,[[A]],0,,answer_only_3shot,,2
5a0c66ae32b72da8,a2f39b780d0495e8,0cb235bbe1b5c287,SocialIQa,social_cs,Mixed,Mixed,C,C,[[C]],1,,answer_only_3shot,,2
ea2d685adb76e259,70a0ad4197a4e3bd,e82472de75143225,SocialIQa,social_cs,Mixed,Mixed,A,A,[[A]],1,,answer_only_3shot,,2
2cc9f5b8bc3c413a,b9584bff1de1c880,45fe2a8bf3d174f4,SocialIQa,social_cs,Mixed,Mixed,A,A,[[A]],1,,answer_only_3shot,,2
0f38213754ed1900,da50d880ce566948,1afd0f388ab305b3,SocialIQa,social_cs,Mixed,Mixed,B,B,[[B]],1,,answer_only_3shot,,2
c0f6b3455f719d17,85b204f3867a6f2d,f32c68207ba40c1f,SocialIQa,social_cs,Mixed,Mixed,C,C,[[C]],1,,answer_only_3shot,,2
2af4d9c7977c10ae,e4bd1e76af09bf7e,ba637eba5bd12398,SocialIQa,social_cs,Mixed,Mixed,A,A,[[A]],1,,answer_only_3shot,,2
b7a460825b12e0a3,0a52bd31f5c4e955,a110ec88c14d7945,SocialIQa,social_cs,Mixed,Mixed,C,C,[[C]],1,,answer_only_3shot,,2
b4d299c0fe42a5b2,a1014ad640239a3a,888090fbda77e3b4,SocialIQa,social_cs,Mixed,Mixed,C,C,[[C]],1,,answer_only_3shot,,2
2d20f01c292f6c84,d2493b147ba57786,e4b6b6071575d4bd,SocialIQa,social_cs,Mixed,Mixed,C,C,[[C]],1,,answer_only_3shot,,2
e8d60ffaa0569309,dbafc01f0c37be15,94cd1994f1bc036c,SocialIQa,social_cs,Mixed,Mixed,C,C,[[C]],1,,answer_only_3shot,,2
812b27e6388bc67f,4de9291997fa0dc1,623ec3596d5eca8c,SocialIQa,social_cs,Mixed,Mixed,C,B,[[B]],0,,answer_only_3shot,,2
58eac633ea71af9d,0d6a378f4a8a9bf0,a94f3a1b134024c3,SocialIQa,social_cs,Mixed,Mixed,C,B,[[B]],0,,answer_only_3shot,,2
b26dd7b075aee76d,b9ca5b807c74ed2c,dd6ccaf3105246c3,SocialIQa,social_cs,Mixed,Mixed,A,B,[[B]],0,,answer_only_3shot,,2
f6d228d5ba4afb95,f11eb5802c74143f,a72773721b00b915,SocialIQa,social_cs,Mixed,Mixed,C,B,[[B]],0,,answer_only_3shot,,2
6c14a9fbba0cc98a,6968583b636de773,e0fa83681468cbba,SocialIQa,social_cs,Mixed,Mixed,C,C,[[C]],1,,answer_only_3shot,,2
a7fd34bf377ad3fb,bf4439e44d201a2a,b0bee9030ecd3df4,SocialIQa,social_cs,Mixed,Mixed,C,B,[[B]],0,,answer_only_3shot,,2
95e0f48adf30925b,a0912d63976e1f3a,4dc2b86f49cde482,SocialIQa,social_cs,Mixed,Mixed,A,A,[[A]],1,,answer_only_3shot,,2
3f670fc0a3eed898,a02ce08320c5e97e,eb6a97b4ec368224,SocialIQa,social_cs,Mixed,Mixed,A,A,[[A]],1,,answer_only_3shot,,2
ad6869ade192af8a,30061d334624e11a,3d05569d62e6bdf1,SocialIQa,social_cs,Mixed,Mixed,B,A,[[A]],0,,answer_only_3shot,,2
41acaa21bd5dde57,eff3b48a2744fc0f,bdd0a80539996fd5,SocialIQa,social_cs,Mixed,Mixed,A,A,[[A]],1,,answer_only_3shot,,2
a29d68b1b179d893,ea717aaa94e8455d,769281be211ea1ec,SocialIQa,social_cs,Mixed,Mixed,C,C,[[C]],1,,answer_only_3shot,,2
79bfdacc4e14f33d,f5fbccb59e6da681,656c75f878d83df1,SocialIQa,social_cs,Mixed,Mixed,A,A,[[A]],1,,answer_only_3shot,,2
04fbf419a39cf1ae,e16ea57d10b3a953,319e5252fd7d351b,SocialIQa,social_cs,Mixed,Mixed,A,A,[[A]],1,,answer_only_3shot,,2
836525b30facc90b,149136273b03ad21,8aa92168dfb08e99,SocialIQa,social_cs,Mixed,Mixed,A,C,[[C]],0,,answer_only_3shot,,2
e99df8043cb59efb,2b71460c598f7eca,13f8dd016ae5e593,SocialIQa,social_cs,Mixed,Mixed,B,C,[[C]],0,,answer_only_3shot,,2
11010ef437f95064,5890d4f080780de8,e2cc08c0e9d1cbb3,SocialIQa,social_cs,Mixed,Mixed,A,A,[[A]],1,,answer_only_3shot,,2
39ddf4553cb2f46d,225c180098c21702,2ea1126458657052,SocialIQa,social_cs,Mixed,Mixed,B,B,[[B]],1,,answer_only_3shot,,2
cf26078acf8052a6,a246759be20474d9,3ae1791432de20da,SocialIQa,social_cs,Mixed,Mixed,B,B,[[B]],1,,answer_only_3shot,,2
5b65469555db6383,096c4de9146a46ea,1bb3854a6aad2bd8,SocialIQa,social_cs,Mixed,Mixed,B,A,[[A]],0,,answer_only_3shot,,2
eb6fc008ef1a6621,a7c45a9138a889b7,61b38aa08ada0455,SocialIQa,social_cs,Mixed,Mixed,A,B,[[B]],0,,answer_only_3shot,,2
679b73e07a55a4c0,e0b2575cc958fde6,a662df3a45155d49,SocialIQa,social_cs,Mixed,Mixed,C,C,[[C]],1,,answer_only_3shot,,2
d8fe06a6534acfce,2a4a0cf732d9a323,9829b3234449287d,SocialIQa,social_cs,Mixed,Mixed,B,B,[[B]],1,,answer_only_3shot,,2
78a97cbb3c4cf0bc,d8cbfad88e5aea11,118456b472c44f5b,SocialIQa,social_cs,Mixed,Mixed,B,B,[[B]],1,,answer_only_3shot,,2
bbb355ab22edee92,ab38642f5c09c424,87c38fa092c4719e,SocialIQa,social_cs,Mixed,Mixed,B,A,[[A]],0,,answer_only_3shot,,2
00d2757c7ff785ab,6b6ddd4f39cf219f,52a23f5558369f12,SocialIQa,social_cs,Mixed,Mixed,A,A,[[A]],1,,answer_only_3shot,,2
6d95974aa9d0ac11,070a84e916349767,8eb7c013a0615bb5,SocialIQa,social_cs,Mixed,Mixed,C,C,[[C]],1,,answer_only_3shot,,2
dde131065793507a,16db24765ee5c230,e528dd315fe90300,SocialIQa,social_cs,Mixed,Mixed,C,C,[[C]],1,,answer_only_3shot,,2
9c1a015ff82ffc7c,5e6215a3f26c39c1,7c988b3829ed4e3f,SocialIQa,social_cs,Mixed,Mixed,B,C,[[C]],0,,answer_only_3shot,,2
754323adae0c2773,ab709df3d2f4e3c8,77e824fc36515330,SocialIQa,social_cs,Mixed,Mixed,A,C,[[C]],0,,answer_only_3shot,,2
966c2fc980a0485c,61a74466305432c1,28daf0f1dc7298cb,SocialIQa,social_cs,Mixed,Mixed,C,A,[[A]],0,,answer_only_3shot,,2
cb0e55c20b7d6ad9,31a1b3848c473f8c,1e9cfa80e8291c69,SocialIQa,social_cs,Mixed,Mixed,B,B,[[B]],1,,answer_only_3shot,,2
6fe62ff4f836e954,e65a57fecd2200e7,a09fe60cc0ee8635,SocialIQa,social_cs,Mixed,Mixed,B,A,[[A]],0,,answer_only_3shot,,2
9b8e8b02d47e2fc0,04421ad048f01a7d,3ec5da1d1fe5b399,SocialIQa,social_cs,Mixed,Mixed,B,B,[[B]],1,,answer_only_3shot,,2
6cd36b4f53da5769,c25382a4a19831d8,e24609fbb092946b,SocialIQa,social_cs,Mixed,Mixed,C,C,[[C]],1,,answer_only_3shot,,2
2685caaebd84aaec,7fb5acaec6b664d3,1a621a0f07be3094,SocialIQa,social_cs,Mixed,Mixed,C,A,[[A]],0,,answer_only_3shot,,2
46f0767f5751f68a,29167549d277e09b,317328d05d6958b6,SocialIQa,social_cs,Mixed,Mixed,C,B,[[B]],0,,answer_only_3shot,,2
5cf646dd1554663c,2e226f2bbc3917e4,c4c134160cb46fb2,SocialIQa,social_cs,Mixed,Mixed,C,C,[[C]],1,,answer_only_3shot,,2
7a6fabff377dfb6f,343075fddd065bc7,69af06a322d9d196,SocialIQa,social_cs,Mixed,Mixed,B,B,[[B]],1,,answer_only_3shot,,2
54f9b8c0b1dde4b3,afd551481a010d33,39c05c50e99643d3,SocialIQa,social_cs,Mixed,Mixed,C,C,[[C]],1,,answer_only_3shot,,2
527ec7b6f1a8c8c2,4a35d532430037ae,d2e25552afc13924,SocialIQa,social_cs,Mixed,Mixed,A,A,[[A]],1,,answer_only_3shot,,2
63c09a9631ddb832,9c41eecd978c8b30,b228d5301687e3d1,SocialIQa,social_cs,Mixed,Mixed,C,A,[[A]],0,,answer_only_3shot,,2
488f0bea614b503b,e162590654f23440,b0a481ef3bee5680,SocialIQa,social_cs,Mixed,Mixed,C,C,[[C]],1,,answer_only_3shot,,2
1f4bef2fb5ded8a8,6dee4bcf36aef79b,b382d70ac4df2be8,SocialIQa,social_cs,Mixed,Mixed,B,B,[[B]],1,,answer_only_3shot,,2
e25d4e4ec67472c9,3fd8d65ade04fb76,a05b504e60c37416,SocialIQa,social_cs,Mixed,Mixed,A,A,[[A]],1,,answer_only_3shot,,2
be84b0d105867407,563a99663e35f9c3,3e9be6550f62bb81,SocialIQa,social_cs,Mixed,Mixed,A,A,[[A]],1,,answer_only_3shot,,2
afe3ed9a6084436b,41e2f185771bafae,016deba00f0ff020,SocialIQa,social_cs,Mixed,Mixed,B,B,[[B]],1,,answer_only_3shot,,2
cde4881c0072078c,03b88284c6a4bfc2,c7ddfd9a79c982fa,SocialIQa,social_cs,Mixed,Mixed,B,A,[[A]],0,,answer_only_3shot,,2
8174977d8556bd32,29de74c2c2be5a09,9410382524583729,SocialIQa,social_cs,Mixed,Mixed,C,C,[[C]],1,,answer_only_3shot,,2
09bb835603160dc5,9094d42416ef495c,1dc5a0417350a90d,SocialIQa,social_cs,Mixed,Mixed,B,B,[[B]],1,,answer_only_3shot,,2
638cfd57acb10b43,b3b8b9905dfef975,7407d6c57a4a3b84,SocialIQa,social_cs,Mixed,Mixed,C,C,[[C]],1,,answer_only_3shot,,2
a6238c7c0e5dceb1,5920cd06be53069c,95984c9e2950d9fe,SocialIQa,social_cs,Mixed,Mixed,B,B,[[B]],1,,answer_only_3shot,,2
b66764ddc80ba57e,cfb27d9690b2e5c5,5cd90f272be2f66b,SocialIQa,social_cs,Mixed,Mixed,C,A,[[A]],0,,answer_only_3shot,,2
218d0dc329875184,9fc6a47623dbece2,3e79b419e10c8b33,SocialIQa,social_cs,Mixed,Mixed,A,A,[[A]],1,,answer_only_3shot,,2
dd525704b0c2ce21,6891b4923beac084,be2f610601a99148,SocialIQa,social_cs,Mixed,Mixed,A,A,[[A]],1,,answer_only_3shot,,2
63166458172430c2,ccf8e7473830f303,a84edb0c29dd21ce,SocialIQa,social_cs,Mixed,Mixed,A,A,[[A]],1,,answer_only_3shot,,2
4c882437d2319622,46932838dad49733,d2fe14c96170c8e3,SocialIQa,social_cs,Mixed,Mixed,A,A,[[A]],1,,answer_only_3shot,,2
7559e08714c395c1,c73aaaeb1b42e706,82269729d4b6c9d3,SocialIQa,social_cs,Mixed,Mixed,C,A,[[A]],0,,answer_only_3shot,,2
d7ccf82a4722cfcc,6442d6a7af911c38,ac97dba6a552a7d1,SocialIQa,social_cs,Mixed,Mixed,C,C,[[C]],1,,answer_only_3shot,,2
e8d81e200bff72a4,9b644f7cca4290a7,7c9b027f7ac5d652,SocialIQa,social_cs,Mixed,Mixed,A,A,[[A]],1,,answer_only_3shot,,2
06c3e9cba0dc9dd8,442967a00fe01b03,a61db34148e6b793,SocialIQa,social_cs,Mixed,Mixed,B,B,[[B]],1,,answer_only_3shot,,2
6e3f772a52098656,b336fbb5fb009a96,8062dfae73d1f86b,SocialIQa,social_cs,Mixed,Mixed,B,B,[[B]],1,,answer_only_3shot,,2
b56b5070b64b6cc4,5c7abf2186a38808,31eb11a1613b7314,SocialIQa,social_cs,Mixed,Mixed,B,B,[[B]],1,,answer_only_3shot,,2
4c822c017f547d09,ca33ae260937d9f3,3f87a8389532e03a,SocialIQa,social_cs,Mixed,Mixed,B,B,[[B]],1,,answer_only_3shot,,2
d2a3b085cdd45206,85e2f43fea51bb07,1b0bdf5d79e1437c,SocialIQa,social_cs,Mixed,Mixed,C,A,[[A]],0,,answer_only_3shot,,2
5bb32b8580b31bb5,d6b8da0808ec9b78,2280de7256a14a01,SocialIQa,social_cs,Mixed,Mixed,C,C,[[C]],1,,answer_only_3shot,,2
8b745ec80dc855d6,516d423fc41175f7,cb9ab38bc0442563,SocialIQa,social_cs,Mixed,Mixed,A,B,[[B]],0,,answer_only_3shot,,2
69f25c71c58cf552,a4ed2a6e0560dabb,d459d20167f5f375,SocialIQa,social_cs,Mixed,Mixed,C,C,[[C]],1,,answer_only_3shot,,2
60c08fd29b5753ff,72b52842cc708c2c,b37c002d5697d388,SocialIQa,social_cs,Mixed,Mixed,C,A,[[A]],0,,answer_only_3shot,,2
6091a2920c30fe0f,b4d326394291d8e4,95a61f647558626f,SocialIQa,social_cs,Mixed,Mixed,C,C,[[C]],1,,answer_only_3shot,,2
41880da259a1d894,6322855fe102599f,3c214a15df4f1ab7,SocialIQa,social_cs,Mixed,Mixed,B,B,[[B]],1,,answer_only_3shot,,2
2cf66417c95c465d,68016f5a93d93fc0,b8f577103afe1b83,SocialIQa,social_cs,Mixed,Mixed,B,B,[[B]],1,,answer_only_3shot,,2
9b56329c5aa9e039,05fad967e2294e4c,ff47141b17c0fc10,SocialIQa,social_cs,Mixed,Mixed,A,A,[[A]],1,,answer_only_3shot,,2
9796aa31a6e9649a,c2c73a40b33f87dd,d24ed318193a207c,SocialIQa,social_cs,Mixed,Mixed,C,A,[[A]],0,,answer_only_3shot,,2
c7994688a195c643,a4b7a6ea3b155ef6,920a080a9e33764a,SocialIQa,social_cs,Mixed,Mixed,C,C,[[C]],1,,answer_only_3shot,,2
cb12d9e024e0157e,6736f85e7439d470,bf0125e5be7aae62,SocialIQa,social_cs,Mixed,Mixed,C,C,[[C]],1,,answer_only_3shot,,2
8d12509e417ee082,493441c18300c128,f993695131da08bc,SocialIQa,social_cs,Mixed,Mixed,B,A,[[A]],0,,answer_only_3shot,,2
c585a66a8457ed29,8a7d5db32ff02d8e,8cbc0475159da35a,SocialIQa,social_cs,Mixed,Mixed,B,B,[[B]],1,,answer_only_3shot,,2
7e6ac3a62cb2bb72,ae0244e5750863c7,226ad762760dde29,SocialIQa,social_cs,Mixed,Mixed,A,C,[[C]],0,,answer_only_3shot,,2
0bb03b0393b72a3c,c5801870fdddd29c,8d226d546c9aa98c,SocialIQa,social_cs,Mixed,Mixed,A,B,[[B]],0,,answer_only_3shot,,2
66221f918083f1bd,b1428f3d0cbaa9de,262e1926264515da,SocialIQa,social_cs,Mixed,Mixed,A,C,[[C]],0,,answer_only_3shot,,2
4f1db69f22adc768,95078e0d977150db,a022feaddf2e231e,SocialIQa,social_cs,Mixed,Mixed,A,A,[[A]],1,,answer_only_3shot,,2
c748da852dd2141d,3e20b084276495ad,647182d1fce799bc,SocialIQa,social_cs,Mixed,Mixed,C,C,[[C]],1,,answer_only_3shot,,2
e5dbb5a0a91fb21d,827caa2324b459bf,58f95c9aa9c4d7c6,SocialIQa,social_cs,Mixed,Mixed,C,A,[[A]],0,,answer_only_3shot,,2
27e9414670b1cb6b,89e53b945e76e0f5,59fcea9557d2f345,SocialIQa,social_cs,Mixed,Mixed,B,B,[[B]],1,,answer_only_3shot,,2
29785314a5d141bb,c32831f1f2d7db41,b2fc3af75804d178,SocialIQa,social_cs,Mixed,Mixed,C,C,[[C]],1,,answer_only_3shot,,2
86f9cf74f1393b18,6ef559bc895bd6b9,83fb9003285318bb,SocialIQa,social_cs,Mixed,Mixed,C,C,[[C]],1,,answer_only_3shot,,2
907b9171d5b5e213,6000f1f0cdf80bfb,1e30706872a23dcc,SocialIQa,social_cs,Mixed,Mixed,A,B,[[B]],0,,answer_only_3shot,,2
3638067de804cadd,9bf54c1c57a3dcbc,ce59cf0c87d02788,SocialIQa,social_cs,Mixed,Mixed,C,C,[[C]],1,,answer_only_3shot,,2
218f557e48c9348b,fbedfe2a70eb9e4f,64bf3d075e2d4962,SocialIQa,social_cs,Mixed,Mixed,C,C,[[C]],1,,answer_only_3shot,,2
762260b930920eed,3520e62ff2d3ac28,ba1a5bf0c9bb7085,SocialIQa,social_cs,Mixed,Mixed,B,B,[[B]],1,,answer_only_3shot,,2
fe8d1620115aadaa,aec49e8dd0ccaa71,3907049f3eabe0f3,SocialIQa,social_cs,Mixed,Mixed,C,C,[[C]],1,,answer_only_3shot,,2
b3f90b2a65dd6bdf,4b223616b2bf735c,461de1191f84581c,SocialIQa,social_cs,Mixed,Mixed,A,C,[[C]],0,,answer_only_3shot,,2
6b45dfe077c7f535,eb7b3b72f6ea8468,b4b377689905ee27,SocialIQa,social_cs,Mixed,Mixed,B,A,[[A]],0,,answer_only_3shot,,2
f207606f5a7cf768,15a1259ca38941f6,e7b8c2536c9d1db1,SocialIQa,social_cs,Mixed,Mixed,C,B,[[B]],0,,answer_only_3shot,,2
1806eb009d931b2c,6ed9724178def683,d8521481ce496f81,SocialIQa,social_cs,Mixed,Mixed,B,C,[[C]],0,,answer_only_3shot,,2
602e46bc953936c7,ccd9b29769fb49f1,6d99270a88155862,SocialIQa,social_cs,Mixed,Mixed,C,C,[[C]],1,,answer_only_3shot,,2
bdb0bcbdf78c2549,f69caf30a85396fb,e61c95c5c50da89c,SocialIQa,social_cs,Mixed,Mixed,C,C,[[C]],1,,answer_only_3shot,,2
d94585ac8df0bef2-1,bf0c2e33342b041d,c7f03b2608a87395,SocialIQa,social_cs,Mixed,Mixed,A,B,[[B]],0,,answer_only_3shot,,2
a0693155acad2f90,af8ddb764c2895dd,89db5b7e2f0b5455,SocialIQa,social_cs,Mixed,Mixed,A,A,[[A]],1,,answer_only_3shot,,2
7f67b5323bb81da0,fdd3a2ab0fd8f496,8a01415d5505cd6d,SocialIQa,social_cs,Mixed,Mixed,C,A,[[A]],0,,answer_only_3shot,,2
539695d189431fbc,95c3df66a618cd6d,d606f717bff368b2,SocialIQa,social_cs,Mixed,Mixed,C,B,[[B]],0,,answer_only_3shot,,2
a20ef0cf4f9e8d25,38dbb6ac1ca7f0d6,a950aa747a965f4b,SocialIQa,social_cs,Mixed,Mixed,A,A,[[A]],1,,answer_only_3shot,,2
b31e4cfb9c27952e,5b458abcf176ff35,978d7971b8eb1c13,SocialIQa,social_cs,Mixed,Mixed,B,B,[[B]],1,,answer_only_3shot,,2
ad797c1c7aae59e7,f6115836ea26d0c1,0ac5c25f718658a0,SocialIQa,social_cs,Mixed,Mixed,B,A,[[A]],0,,answer_only_3shot,,2
cac1c26e884bcae3,2bbd8b8b76cd7061,6c056d18d5d3d9e7,SocialIQa,social_cs,Mixed,Mixed,C,B,[[B]],0,,answer_only_3shot,,2
fd18d77e8718b279,10d3cc17e97e9fc7,62656cdb0b9ac6cb,SocialIQa,social_cs,Mixed,Mixed,B,A,[[A]],0,,answer_only_3shot,,2
94c34cffcdb825fc,2af08214ba62fbf4,e04bd3b728a99fc7,SocialIQa,social_cs,Mixed,Mixed,B,A,[[A]],0,,answer_only_3shot,,2
dec90f2b62e60c7a,d74571bfe1449d10,0d50bad8476ab365,SocialIQa,social_cs,Mixed,Mixed,C,C,[[C]],1,,answer_only_3shot,,2
e83e86ca82b49dd6,d79cb89550b8c823,79123714f97602db,SocialIQa,social_cs,Mixed,Mixed,B,B,[[B]],1,,answer_only_3shot,,2
fd1b950e2bdc1abf,567301569aa60804,9c4aa9b41ca29e0b,SocialIQa,social_cs,Mixed,Mixed,B,A,[[A]],0,,answer_only_3shot,,2
18254ace2b5f4907,14bb471ae9944e10,7386e09bb7fde356,SocialIQa,social_cs,Mixed,Mixed,C,B,[[B]],0,,answer_only_3shot,,2
9e2d7ca8aedfd5f3,78360bdef481c1b9,2cf7f70d170ddec2,SocialIQa,social_cs,Mixed,Mixed,C,C,[[C]],1,,answer_only_3shot,,2
794cea50cbbce1f9,7292c12f1f2cda43,a66386f97bc06b53,SocialIQa,social_cs,Mixed,Mixed,A,A,[[A]],1,,answer_only_3shot,,2
490baf666eb14263,c8957fa7d32edee2,74fb34cfbac93c69,SocialIQa,social_cs,Mixed,Mixed,A,A,[[A]],1,,answer_only_3shot,,2
0e930d42179ac515,2984958df6a1fb89,078101b008dc2551,SocialIQa,social_cs,Mixed,Mixed,C,C,[[C]],1,,answer_only_3shot,,2
ef5d0a7207616514,ac6d5db9e9640936,0b3a82e75e3c7fb3,SocialIQa,social_cs,Mixed,Mixed,C,B,[[B]],0,,answer_only_3shot,,2
da0c3937053f839a,ba0fd5e19350f314,f2ee8add9f3d8dba,SocialIQa,social_cs,Mixed,Mixed,C,B,[[B]],0,,answer_only_3shot,,2
e4581f9f749dac81,0ba345b80656beb3,d1a7c639fe4ee341,SocialIQa,social_cs,Mixed,Mixed,B,B,[[B]],1,,answer_only_3shot,,2
4c616d92b7c26d01,b3e958d31a4ce796,7ac7ff213f00a11d,SocialIQa,social_cs,Mixed,Mixed,A,A,[[A]],1,,answer_only_3shot,,2
3cd6319007ac75a5,6dade4a53ccfce1c,2c1503373f70aa32,SocialIQa,social_cs,Mixed,Mixed,C,A,[[A]],0,,answer_only_3shot,,2
07929d24f079f593,28b6c710711ad6cb,4d84ee505a66f88b,SocialIQa,social_cs,Mixed,Mixed,C,C,[[C]],1,,answer_only_3shot,,2
69ba94f05b2182ee,50c32dadf9bd1619,dbc823077772639d,SocialIQa,social_cs,Mixed,Mixed,C,C,[[C]],1,,answer_only_3shot,,2
e0a07d7315b76fcb,14fe618d13a95320,8c2b6b57e9206b81,SocialIQa,social_cs,Mixed,Mixed,C,C,[[C]],1,,answer_only_3shot,,2
8241c65769134712,029dd68a2b666285,0da097bd2f87b159,SocialIQa,social_cs,Mixed,Mixed,A,A,[[A]],1,,answer_only_3shot,,2
20cb8af09a6904a2,6807c91fc6a530c8,0c6dd60cacbd2a3b,SocialIQa,social_cs,Mixed,Mixed,C,C,[[C]],1,,answer_only_3shot,,2
56f0568bd54940cf,2286d9cda1ca2739,be26cc52453dc112,SocialIQa,social_cs,Mixed,Mixed,C,A,[[A]],0,,answer_only_3shot,,2
e20f88a8f03cb2cf,310874d2dd20c9f4,02408b0aaf4d5384,SocialIQa,social_cs,Mixed,Mixed,C,B,[[B]],0,,answer_only_3shot,,2
933a8b190adbc4c5,5235ab158493589e,dab1fc645a225d17,SocialIQa,social_cs,Mixed,Mixed,C,C,[[C]],1,,answer_only_3shot,,2
41bc638eb424722d,9f4ea401c928020c,4eab5d491f327802,SocialIQa,social_cs,Mixed,Mixed,B,B,[[B]],1,,answer_only_3shot,,2
4029b2f7cc8faa18,aa281d8b9e3f7744,0c5cfb707556bd1b,SocialIQa,social_cs,Mixed,Mixed,A,C,[[C]],0,,answer_only_3shot,,2
b80807fba0ad3f6e,bb7c55469a2e0290,51fc51e6b78c929c,SocialIQa,social_cs,Mixed,Mixed,A,B,[[B]],0,,answer_only_3shot,,2
0078124fff0de11d,c0fe4f882f11b54b,81653d796942f843,SocialIQa,social_cs,Mixed,Mixed,A,A,[[A]],1,,answer_only_3shot,,2
628203005bdf9e4a,85f441d1506899cb,08a456eb37435640,SocialIQa,social_cs,Mixed,Mixed,B,B,[[B]],1,,answer_only_3shot,,2
1ffb2c03af6c09a1,f9e67d4c3ff768fd,b6dfd018ffaad348,SocialIQa,social_cs,Mixed,Mixed,B,C,[[C]],0,,answer_only_3shot,,2
a562e20743629bed,85ec257cd4e7b2a7,273a439aad63acfa,SocialIQa,social_cs,Mixed,Mixed,B,C,[[C]],0,,answer_only_3shot,,2
23117f702bc745f0,fa7314f4cb34b4bb,5c09d7b223aa69d2,SocialIQa,social_cs,Mixed,Mixed,C,C,[[C]],1,,answer_only_3shot,,2
106b31e70efd1388,d52773c31156abf3,616c90d889787c67,SocialIQa,social_cs,Mixed,Mixed,B,B,[[B]],1,,answer_only_3shot,,2
5b761835bc941e1a,bd0e10c92f683a61,1d5413f2e6e3c553,SocialIQa,social_cs,Mixed,Mixed,B,A,[[A]],0,,answer_only_3shot,,2
1563f1ebdf754ff9,d49274fdb5eb747f,ed481eef5a4bcde6,SocialIQa,social_cs,Mixed,Mixed,B,B,[[B]],1,,answer_only_3shot,,2
262b18cd36867c45,443ed11f8b312845,68b78e80ac1cb503,SocialIQa,social_cs,Mixed,Mixed,A,A,[[A]],1,,answer_only_3shot,,2
86f1decab86a24a7,a7be43975ab4a798,b55848f95727b867,SocialIQa,social_cs,Mixed,Mixed,A,C,[[C]],0,,answer_only_3shot,,2
415a6aa9065d439d,59ff09737fbac7c6,6fd7fc7186fd4fc2,SocialIQa,social_cs,Mixed,Mixed,C,C,[[C]],1,,answer_only_3shot,,2
2771c83ae2ca448e,34f95f752d5c84ea,27649800ed284354,SocialIQa,social_cs,Mixed,Mixed,A,A,[[A]],1,,answer_only_3shot,,2
f50825ea3705194a,6f2543baf51dcb63,33c21e5b60bec561,SocialIQa,social_cs,Mixed,Mixed,B,A,[[A]],0,,answer_only_3shot,,2
94c2d27ce47de3a2,3c021d694ebc2f21,49b8ce77f2fb45cb,SocialIQa,social_cs,Mixed,Mixed,B,B,[[B]],1,,answer_only_3shot,,2
a4bcb2354d62cf67,fc132ac140ea9a5e,61f095123b324b02,SocialIQa,social_cs,Mixed,Mixed,C,C,[[C]],1,,answer_only_3shot,,2
3105b6d5f6dbdbb9,d0b930f467b5dad4,bec1d8f59330d52e,SocialIQa,social_cs,Mixed,Mixed,A,B,[[B]],0,,answer_only_3shot,,2
cf4c6ec01e65a325,d55a87278b07a693,8305b4a38945658c,SocialIQa,social_cs,Mixed,Mixed,A,A,[[A]],1,,answer_only_3shot,,2
2c1e568395175329,2a3fdd956c193dd6,9852f1d7a9cfc652,SocialIQa,social_cs,Mixed,Mixed,A,B,[[B]],0,,answer_only_3shot,,2
57f4c00e69391b73,949d2728061c1a03,678f5e91ce11c9a4,SocialIQa,social_cs,Mixed,Mixed,A,A,[[A]],1,,answer_only_3shot,,2
36eb9bd4d21b56e2,4adf53d61d3f4b01,a2dd222cd57766b6,SocialIQa,social_cs,Mixed,Mixed,A,A,[[A]],1,,answer_only_3shot,,2
52b2ad3e7e1d40e9,8ed2d9103c7da619,411f125511974942,SocialIQa,social_cs,Mixed,Mixed,A,A,[[A]],1,,answer_only_3shot,,2
da584e963d40e085,c8cf8ac803b78ab5,fa3369749437ccc7,SocialIQa,social_cs,Mixed,Mixed,C,C,[[C]],1,,answer_only_3shot,,2
c5d0c7c09cd1c85b,9897c172beeeb1e4,f2d2674b90f3287b,SocialIQa,social_cs,Mixed,Mixed,B,B,[[B]],1,,answer_only_3shot,,2
bcbf9fbcde1e4e44,68c432fa51d6d835,f8844e8b2c5d2ed2,SocialIQa,social_cs,Mixed,Mixed,C,C,[[C]],1,,answer_only_3shot,,2
d51886b58191ab1e,cb7a5ae85680eaf4,de056f77ddb594b1,SocialIQa,social_cs,Mixed,Mixed,A,A,[[A]],1,,answer_only_3shot,,2
75a06fe0cefe026b,932cee52c3b29588,b59467c122b316c4,SocialIQa,social_cs,Mixed,Mixed,B,B,[[B]],1,,answer_only_3shot,,2
35b24c7870d87c9e,42794fa30137d087,f092e9c5949c1bc2,SocialIQa,social_cs,Mixed,Mixed,A,B,[[B]],0,,answer_only_3shot,,2
c34d6120ec65ba62,d044612bff1c3afa,7b4f6bbfd59f0490,SocialIQa,social_cs,Mixed,Mixed,A,A,[[A]],1,,answer_only_3shot,,2
98a7f6587515dfb9,31d2a45702d0a6ea,3645e59be1103c25,SocialIQa,social_cs,Mixed,Mixed,B,B,[[B]],1,,answer_only_3shot,,2
026747cb2221e5be,7cf2982820980ee5,dd444efa9a9a3384,SocialIQa,social_cs,Mixed,Mixed,A,A,[[A]],1,,answer_only_3shot,,2
366d3c0701ef55c2,a0d4f97fa5331d87,069ca37c88706ade,SocialIQa,social_cs,Mixed,Mixed,A,A,[[A]],1,,answer_only_3shot,,2
eb06d9f78b794170,6cbbfba8ab49c8b9,baf27c8ad3051240,SocialIQa,social_cs,Mixed,Mixed,C,C,[[C]],1,,answer_only_3shot,,2
11cb3ec94d4508cb,5dda47580010a3d0,78ce5542c84d90a7,SocialIQa,social_cs,Mixed,Mixed,B,B,[[B]],1,,answer_only_3shot,,2
109694475641631e,1f7743118e31bf8a,96aa74dc8e57903c,SocialIQa,social_cs,Mixed,Mixed,B,B,[[B]],1,,answer_only_3shot,,2
e136e5e14a18fce7,f8417a11e97e9141,f8bc2b841b9c0378,SocialIQa,social_cs,Mixed,Mixed,C,B,[[B]],0,,answer_only_3shot,,2
8049b4b5217da584,f1caf80fe411a197,43dc1659542068f2,SocialIQa,social_cs,Mixed,Mixed,A,A,[[A]],1,,answer_only_3shot,,2
a45f8dca52aac16d,a8ab065783544134,a3e30b5997f184ed,SocialIQa,social_cs,Mixed,Mixed,B,B,[[B]],1,,answer_only_3shot,,2
4ea6a816c9eb8dc2,4b53b8fbd409816d,975c373e81962f82,SocialIQa,social_cs,Mixed,Mixed,A,B,[[B]],0,,answer_only_3shot,,2
5fd7749882688539,b240ba17ec014d2f,189d525fd24547ca,SocialIQa,social_cs,Mixed,Mixed,A,A,[[A]],1,,answer_only_3shot,,2
65af5aa9aa5c76d9,56509479b2ccd540,e4cb2742e908e217,SocialIQa,social_cs,Mixed,Mixed,C,C,[[C]],1,,answer_only_3shot,,2
72322d475e4217c8,1b4ac84256d20c34,b9ca398a6e7ba244,SocialIQa,social_cs,Mixed,Mixed,C,C,[[C]],1,,answer_only_3shot,,2
6b19c04dbaa3be7c,635f4a7362160714,cb229a0f12c7b1aa,SocialIQa,social_cs,Mixed,Mixed,C,B,[[B]],0,,answer_only_3shot,,2
8cb1e0e9b461335a,311ed2869bf89dc2,3fa66e72f1a4c7c8,SocialIQa,social_cs,Mixed,Mixed,B,B,[[B]],1,,answer_only_3shot,,2
19b40cf1aa943b56,d16f80bb98d2cf84,817825e919140af7,SocialIQa,social_cs,Mixed,Mixed,B,B,[[B]],1,,answer_only_3shot,,2
e9483b6a9e2cc36f,7473315842cd6c24,5e74411b20879994,SocialIQa,social_cs,Mixed,Mixed,C,A,[[A]],0,,answer_only_3shot,,2
5d644c640cf8a978,67e72114f2e750d9,90c3b1a1656e56ab,SocialIQa,social_cs,Mixed,Mixed,C,C,[[C]],1,,answer_only_3shot,,2
0e03acea030bde81,b4c0506553a5ad18,b97fe555bd91d815,SocialIQa,social_cs,Mixed,Mixed,B,C,[[C]],0,,answer_only_3shot,,2
1a617d45d977cfab,668689a1450e5363,70cbdf11e7543b77,SocialIQa,social_cs,Mixed,Mixed,C,B,[[B]],0,,answer_only_3shot,,2
17e6a40f67e071b5,5ed277703eac4965,6d7e8425b57f8566,SocialIQa,social_cs,Mixed,Mixed,C,C,[[C]],1,,answer_only_3shot,,2
1aa0e7ea9bc728d7,96cdeaaca04aae23,3f0f9dcb7164b2d1,SocialIQa,social_cs,Mixed,Mixed,A,A,[[A]],1,,answer_only_3shot,,2
4d70805f21b4b5a2,a8e445142ee43085,c98b70caf9c9906f,SocialIQa,social_cs,Mixed,Mixed,A,C,[[C]],0,,answer_only_3shot,,2
a65166dae54011fd,9c7ef254c2a5da28,ef593634db22e2a4,SocialIQa,social_cs,Mixed,Mixed,C,C,[[C]],1,,answer_only_3shot,,2
009c2b7ad1bb35db,d13a4daddb7c6dde,d2e5568120e102b3,SocialIQa,social_cs,Mixed,Mixed,A,A,[[A]],1,,answer_only_3shot,,2
4a76f4da182ed82e,29fbc240c546556c,8811375d77909721,SocialIQa,social_cs,Mixed,Mixed,A,A,[[A]],1,,answer_only_3shot,,2
5f1eb72f803e20e6,7674f6fcca72c64a,0dc76e7b2ff6dfb5,SocialIQa,social_cs,Mixed,Mixed,B,C,[[C]],0,,answer_only_3shot,,2
0729f37e757c5a87,bbc2965778f7d1e4,7acf807bd3547cfe,SocialIQa,social_cs,Mixed,Mixed,A,A,[[A]],1,,answer_only_3shot,,2
c2f6e9fed4521c2e,74f4ebaac54a2e56,b6ece131afd93654,SocialIQa,social_cs,Mixed,Mixed,B,B,[[B]],1,,answer_only_3shot,,2
5101a63b378adfd5,e0202d9a3015633f,663cfb93748390f8,SocialIQa,social_cs,Mixed,Mixed,C,A,[[A]],0,,answer_only_3shot,,2
d0a653bc0331bc61,db2a712150bc14c7,0a17405ea0333182,SocialIQa,social_cs,Mixed,Mixed,C,B,[[B]],0,,answer_only_3shot,,2
b271a2e50d31e183,0c8aa300df2dcd35,0e63ea2e79b42ac5,SocialIQa,social_cs,Mixed,Mixed,A,A,[[A]],1,,answer_only_3shot,,2
5182507bc852577b,20c73dba5401f931,5b9198079f30a647,SocialIQa,social_cs,Mixed,Mixed,A,A,[[A]],1,,answer_only_3shot,,2
fcdf1fa7a159d8f4,3020f818b057964e,6e7fc4a0a6c04ebb,SocialIQa,social_cs,Mixed,Mixed,C,B,[[B]],0,,answer_only_3shot,,2
ad6bcf30faff1543,207b4d3d28e35c7b,091f0b5f52a00e8a,SocialIQa,social_cs,Mixed,Mixed,B,B,[[B]],1,,answer_only_3shot,,2
7a7cb8429880e81d,e000d0e7199e380f,8727de8cd4ffaf09,SocialIQa,social_cs,Mixed,Mixed,B,A,[[A]],0,,answer_only_3shot,,2
f54ed5cf343ecf92,6cd8023d09e24662,5f4a3ac3eeeb5a77,SocialIQa,social_cs,Mixed,Mixed,A,C,[[C]],0,,answer_only_3shot,,2
67c6c54e10e6f7af,2e54ea83b62e7b84,21056b12cd0ca890,SocialIQa,social_cs,Mixed,Mixed,A,A,[[A]],1,,answer_only_3shot,,2
80604f85c0ce641a,4e7e9d9c9f1200f7,ea3a8027fc182590,SocialIQa,social_cs,Mixed,Mixed,C,C,[[C]],1,,answer_only_3shot,,2
7910462de47fcb67,250660aec747acb9,e83d70826861bc28,SocialIQa,social_cs,Mixed,Mixed,C,C,[[C]],1,,answer_only_3shot,,2
475cd88a6a7e6706,f95ed3ef175bc525,d4c8e2b0c4cee70e,SocialIQa,social_cs,Mixed,Mixed,C,C,[[C]],1,,answer_only_3shot,,2
bb99a0f0ec2d17a8,de04f624c8df1178,706e0785fa09063c,SocialIQa,social_cs,Mixed,Mixed,C,C,[[C]],1,,answer_only_3shot,,2
a3bfdcd592e23644,c5e2f7f4ef902d0c,e17343bb8f472a66,SocialIQa,social_cs,Mixed,Mixed,A,C,[[C]],0,,answer_only_3shot,,2
da48e754f2f1afcc,affaaf99f7f98a13,00fe6b2c4b668d4b,SocialIQa,social_cs,Mixed,Mixed,C,C,[[C]],1,,answer_only_3shot,,2
4a29469e69bb94eb,2b1228f0157ad811,3c55edb7d8300092,SocialIQa,social_cs,Mixed,Mixed,A,A,[[A]],1,,answer_only_3shot,,2
ce22d77924dc5d3f,72ce1c762d76e662,f50379c8f4c17749,SocialIQa,social_cs,Mixed,Mixed,C,C,[[C]],1,,answer_only_3shot,,2
7faaa45037848cd2,e2fd025844ec7882,85f541c922d8e769,SocialIQa,social_cs,Mixed,Mixed,A,A,[[A]],1,,answer_only_3shot,,2
9c9c69baeb14591c,b2bd2b44976d8008,67f3c0dd31a14814,SocialIQa,social_cs,Mixed,Mixed,A,A,[[A]],1,,answer_only_3shot,,2
1502cb2a37928a89,01d4ee2ca1544d5c,d268f53abe3d6677,SocialIQa,social_cs,Mixed,Mixed,C,C,[[C]],1,,answer_only_3shot,,2
f718b39f4c632464,de7dc7ae07869178,dcce753894664f58,SocialIQa,social_cs,Mixed,Mixed,C,C,[[C]],1,,answer_only_3shot,,2
ddd0b84382cc7f27,71cef081b4d081c7,ab33f0bc7d18b97e,SocialIQa,social_cs,Mixed,Mixed,C,C,[[C]],1,,answer_only_3shot,,2
532f557a1ebadcad,3667cd9d7b3336ec,41c1ebcc76b74f21,SocialIQa,social_cs,Mixed,Mixed,B,B,[[B]],1,,answer_only_3shot,,2
d527e7009da3c1e0,1ab70c9b56356aa5,3bea6e3aaa0b2d59,SocialIQa,social_cs,Mixed,Mixed,A,B,[[B]],0,,answer_only_3shot,,2
0b3109d5c8e98bf5,f776ed0ebca4106c,fabc68555ea5f9f1,SocialIQa,social_cs,Mixed,Mixed,A,A,[[A]],1,,answer_only_3shot,,2
d2f5edd7ccb3a636,d7b1e7db489595cb,c367f3fa9d4560e0,SocialIQa,social_cs,Mixed,Mixed,B,B,[[B]],1,,answer_only_3shot,,2
5fdceea83a0d600c,b9a8501b3e6c31fe,8512b786f6b6d2f2,SocialIQa,social_cs,Mixed,Mixed,B,B,[[B]],1,,answer_only_3shot,,2
ebf7dd4a493d3061,70e0774cccb765fb,a443c663447dc45d,SocialIQa,social_cs,Mixed,Mixed,C,C,[[C]],1,,answer_only_3shot,,2
e6168b3e639975f2,49176d1cd1fae7ec,090315b552fba0ea,SocialIQa,social_cs,Mixed,Mixed,C,C,[[C]],1,,answer_only_3shot,,2
e03a95ebf39a60e7,0a355c8989bc08c7,520aea5b7e6049e3,SocialIQa,social_cs,Mixed,Mixed,B,B,[[B]],1,,answer_only_3shot,,2
891c5d8b62d9fffa,fa0a7292218c3833,01bede2b62ca75a7,SocialIQa,social_cs,Mixed,Mixed,C,A,[[A]],0,,answer_only_3shot,,2
05cf128e82d4680b,28d80a470bf463da,ee42f12689c6520f,SocialIQa,social_cs,Mixed,Mixed,A,A,[[A]],1,,answer_only_3shot,,2
0e12857d1e2bf6ac,5cf5868162338532,c840b36eecdac491,SocialIQa,social_cs,Mixed,Mixed,C,C,[[C]],1,,answer_only_3shot,,2
89e859589a40666b,ea298aa2c3a6f32a,999c399f1e23c6fb,SocialIQa,social_cs,Mixed,Mixed,A,A,[[A]],1,,answer_only_3shot,,2
90092a9434319868,04d9532fe5f27293,7e7a9826e9d996fd,SocialIQa,social_cs,Mixed,Mixed,B,B,[[B]],1,,answer_only_3shot,,2
060b26c124eacece,d572617bbc14b2f0,6be81cc2c1184737,SocialIQa,social_cs,Mixed,Mixed,B,B,[[B]],1,,answer_only_3shot,,2
6908f1ece110124c,6501b179c3e72453,ccb8b084a49379b2,SocialIQa,social_cs,Mixed,Mixed,A,B,[[B]],0,,answer_only_3shot,,2
7a2dd0a7dfd72bac,42d856e1e4ae339e,84320b49ee3e35b5,SocialIQa,social_cs,Mixed,Mixed,C,C,[[C]],1,,answer_only_3shot,,2
260b81062f7ae53a,ae18422127c743b7,18f700574699f2ae,SocialIQa,social_cs,Mixed,Mixed,A,A,[[A]],1,,answer_only_3shot,,2
e24e52bf4c58cfb2,e5de8b6ef75cb8a8,d3231339c8f81b7a,SocialIQa,social_cs,Mixed,Mixed,A,A,[[A]],1,,answer_only_3shot,,2
dbf7d2a9db877dcd,7cda7f01872611af,61c0f7d9cdf6b46d,SocialIQa,social_cs,Mixed,Mixed,C,A,[[A]],0,,answer_only_3shot,,2
e142dae93275fd08,8b80c560df4a435d,2fdbbf13278fcbdb,SocialIQa,social_cs,Mixed,Mixed,A,A,[[A]],1,,answer_only_3shot,,2
e73c02385c8bb0da,c88e44c583485a88,ec8b0e4c6b39127e,SocialIQa,social_cs,Mixed,Mixed,B,B,[[B]],1,,answer_only_3shot,,2
a79fe181de8c850f,1f109aa3df3b5b67,f6cb382975fe564c,SocialIQa,social_cs,Mixed,Mixed,C,A,[[A]],0,,answer_only_3shot,,2
0659dd8f9857545b,7c36a08e80df78ec,6c5746a000de02d6,SocialIQa,social_cs,Mixed,Mixed,C,C,[[C]],1,,answer_only_3shot,,2
38856dbe1a7e9a2b,422451aef24b0cfa,8f8d16d877aa6b1f,SocialIQa,social_cs,Mixed,Mixed,C,A,[[A]],0,,answer_only_3shot,,2
4b7d2bc806f0513a,4775dec05e25eff8,a71a1ff541fda037,SocialIQa,social_cs,Mixed,Mixed,C,B,[[B]],0,,answer_only_3shot,,2
9009b5d894a56c00,7d99df5555fae4cc,c16ece1c9aa5255e,SocialIQa,social_cs,Mixed,Mixed,A,A,[[A]],1,,answer_only_3shot,,2
9a9c80c882abbb54,e94a5d4045b0dfcb,10bc6804d24da249,SocialIQa,social_cs,Mixed,Mixed,A,A,[[A]],1,,answer_only_3shot,,2
ad1228377e6dec3c,9bb6c47f1cdde507,b7047373dd530e11,SocialIQa,social_cs,Mixed,Mixed,A,A,[[A]],1,,answer_only_3shot,,2
6f563d9ac166a499,3966e3c9411e49a7,666109d8e6d0777a,SocialIQa,social_cs,Mixed,Mixed,C,A,[[A]],0,,answer_only_3shot,,2
f2f24673010045d9,894bd62755b8920a,2ad9a27081889e9e,SocialIQa,social_cs,Mixed,Mixed,B,B,[[B]],1,,answer_only_3shot,,2
6eb63e3f56e46eb8,535beb8267024ba3,c9b717831c3ff3cf,SocialIQa,social_cs,Mixed,Mixed,C,C,[[C]],1,,answer_only_3shot,,2
23db0d09870ef2a4,ac2f9604402866b6,f340a154dc814590,SocialIQa,social_cs,Mixed,Mixed,C,C,[[C]],1,,answer_only_3shot,,2
295273011ffa2026,607e34096017a018,b4b2c40eb6e53bc9,SocialIQa,social_cs,Mixed,Mixed,C,A,[[A]],0,,answer_only_3shot,,2
fd892a1fc0dcee58,91ed9c650090b25d,4f597b74b1107836,SocialIQa,social_cs,Mixed,Mixed,C,A,[[A]],0,,answer_only_3shot,,2
6a6515c16d85a21b,5c1febb138d2f4b2,01d943b69c129155,SocialIQa,social_cs,Mixed,Mixed,B,B,[[B]],1,,answer_only_3shot,,2
371319a616a374da,97cc03e818ce9a8d,c279f9c6b35fd54f,SocialIQa,social_cs,Mixed,Mixed,C,A,[[A]],0,,answer_only_3shot,,2
d94585ac8df0bef2,bf0c2e33342b041d,c7f03b2608a87395,SocialIQa,social_cs,Mixed,Mixed,B,B,[[B]],1,,answer_only_3shot,,2
865490275c415bc7,aa76803232e7fa38,af7cac63d46ae46e,SocialIQa,social_cs,Mixed,Mixed,B,A,[[A]],0,,answer_only_3shot,,2
7d99193dd28c519f,c768bb3635fde6f5,5ad2de854d3177f2,SocialIQa,social_cs,Mixed,Mixed,A,A,[[A]],1,,answer_only_3shot,,2
3acfd126ee93302e,34db12614848cd0e,3fe2324ee161772d,SocialIQa,social_cs,Mixed,Mixed,A,A,[[A]],1,,answer_only_3shot,,2
2f69a5a28bfc33e7,b429d4035ec2c56c,c93c02310dcdabb4,SocialIQa,social_cs,Mixed,Mixed,B,B,[[B]],1,,answer_only_3shot,,2
e891ad566348faa8,f3674f7238ae58da,6f4d03e777db09c1,SocialIQa,social_cs,Mixed,Mixed,C,A,[[A]],0,,answer_only_3shot,,2
576e0000d43087f6,ff902fd030851fed,1a804efd216416e2,SocialIQa,social_cs,Mixed,Mixed,C,C,[[C]],1,,answer_only_3shot,,2
2cbc422a9c61f048,4e73b7b3979589a3,9bf36b3d85d0a7fd,SocialIQa,social_cs,Mixed,Mixed,A,C,[[C]],0,,answer_only_3shot,,2
5053c3895d6aa4c4,716cc5f7bc3a5950,edf63eacb4b0dbae,SocialIQa,social_cs,Mixed,Mixed,C,C,[[C]],1,,answer_only_3shot,,2
4dc428a8ba362c0b,9750a125aeb498d4,0807157616da0e4c,SocialIQa,social_cs,Mixed,Mixed,B,C,[[C]],0,,answer_only_3shot,,2
0b7ec76b8b33860c,23f338598c3a2537,ab26134030395328,SocialIQa,social_cs,Mixed,Mixed,A,A,[[A]],1,,answer_only_3shot,,2
6d910d856b200a55,d4a3e1626e01ce09,a703b12e7fd0cb99,SocialIQa,social_cs,Mixed,Mixed,C,B,[[B]],0,,answer_only_3shot,,2
6e2d460e4382bee0,5fd3cab8c0c26eb3,e2e1dec701efb4e0,SocialIQa,social_cs,Mixed,Mixed,A,B,[[B]],0,,answer_only_3shot,,2
d4989e34d1a1cea4,0b3b05b11ab69227,62b1c0fab5970f2e,SocialIQa,social_cs,Mixed,Mixed,C,B,[[B]],0,,answer_only_3shot,,2
d97b5b685bb1dc5c,b2ad55924fee9cae,2aba88ee7175ca11,SocialIQa,social_cs,Mixed,Mixed,B,B,[[B]],1,,answer_only_3shot,,2
8cd97a74870faddb,8e2507ddb76fc0e0,9542a8d56d2c698b,SocialIQa,social_cs,Mixed,Mixed,C,B,[[B]],0,,answer_only_3shot,,2
5e0004069f3d6efc,83fbc9bb068ef809,510c2acd22ea752a,SocialIQa,social_cs,Mixed,Mixed,B,A,[[A]],0,,answer_only_3shot,,2
7c744c61803b19ac,0298e51f5c6e64ce,edb1ae6039a805f6,SocialIQa,social_cs,Mixed,Mixed,C,A,[[A]],0,,answer_only_3shot,,2
e8adc2311431fea0,51522f9fa1e2b28d,5a8424f7e6bc28b8,SocialIQa,social_cs,Mixed,Mixed,B,A,[[A]],0,,answer_only_3shot,,2
938433bd29be2ad9,9b11ed80905178cd,ba2c43526ecff8ad,SocialIQa,social_cs,Mixed,Mixed,B,C,[[C]],0,,answer_only_3shot,,2
8faa7da39f6ed57c,7ce1538276fcc502,68cdc53c8b4b1890,SocialIQa,social_cs,Mixed,Mixed,B,A,[[A]],0,,answer_only_3shot,,2
a94d1690ec6d60b1,d30f9407f253e488,876dacea76addf55,SocialIQa,social_cs,Mixed,Mixed,A,A,[[A]],1,,answer_only_3shot,,2
8c24d53ee20192e5,c68a7ae77d3f1273,f56ecc249783e84e,SocialIQa,social_cs,Mixed,Mixed,B,C,[[C]],0,,answer_only_3shot,,2
cfe3faa22055d4af,1fb62cda38d35957,31af4562b793c104,SocialIQa,social_cs,Mixed,Mixed,B,B,[[B]],1,,answer_only_3shot,,2
2747cb6f1a089fad,082849a46754bc37,2d567f01ba918cb5,SocialIQa,social_cs,Mixed,Mixed,C,C,[[C]],1,,answer_only_3shot,,2
eba7812d4b01b3b5,940afc52441c6573,307ac1863736ff1f,SocialIQa,social_cs,Mixed,Mixed,B,B,[[B]],1,,answer_only_3shot,,2
5eabd940df00938c,fe7d7b0c4e576a79,b655a3d9a12ea5be,SocialIQa,social_cs,Mixed,Mixed,A,A,[[A]],1,,answer_only_3shot,,2
ad17016cec93e0f7,94d3e89c68266b8b,f3c71cfec8dfc65d,SocialIQa,social_cs,Mixed,Mixed,B,A,[[A]],0,,answer_only_3shot,,2
025536f5f708c453,58b29265e311c761,97fee882243846dd,SocialIQa,social_cs,Mixed,Mixed,A,A,[[A]],1,,answer_only_3shot,,2
a830e25121555edf,509913f9a8423c7f,3773d4aac149d434,SocialIQa,social_cs,Mixed,Mixed,B,B,[[B]],1,,answer_only_3shot,,2
99b74bc32f0e9c1c,13dcd97025e6427b,1bb587db6fe63aa2,SocialIQa,social_cs,Mixed,Mixed,C,C,[[C]],1,,answer_only_3shot,,2
2074578a1ecb905c,6c69610849b1daf0,9d0fcd8b8fe3cbac,SocialIQa,social_cs,Mixed,Mixed,A,A,[[A]],1,,answer_only_3shot,,2
88fb30bfb8520017,f366cc8113210a30,e3fb8915a47db757,SocialIQa,social_cs,Mixed,Mixed,C,B,[[B]],0,,answer_only_3shot,,2
546b4af805512cb2,6fce3d6de13e0284,942dfeaa25e2d52e,SocialIQa,social_cs,Mixed,Mixed,A,A,[[A]],1,,answer_only_3shot,,2
0f16151c23e0470a,92a1e1c800a4dd8b,e582b961824f9de5,SocialIQa,social_cs,Mixed,Mixed,A,A,[[A]],1,,answer_only_3shot,,2
f34dcd271f88e5f3-1,2ac3bb2f73c001a6,c04ded9072aeb8e0,SocialIQa,social_cs,Mixed,Mixed,B,C,[[C]],0,,answer_only_3shot,,2
d26df9a71bd1f966,0d5c1aef193937d6,15c10f9711073939,SocialIQa,social_cs,Mixed,Mixed,C,C,[[C]],1,,answer_only_3shot,,2
a697bfba23fd10bf,13e1e2ce6556aa4c,87a733be6ee8871d,SocialIQa,social_cs,Mixed,Mixed,A,A,[[A]],1,,answer_only_3shot,,2
33510c3a99609420,d33fe90f32f0db09,72ca027b7a1ff331,SocialIQa,social_cs,Mixed,Mixed,A,C,[[C]],0,,answer_only_3shot,,2
d87120e10c6eed61,477814d2b006deb0,3f71f667c103c451,SocialIQa,social_cs,Mixed,Mixed,A,A,[[A]],1,,answer_only_3shot,,2
77303826f92ecdc6,f9975f6a6a70e4fa,aeff2f18e2ffcf8c,SocialIQa,social_cs,Mixed,Mixed,A,A,[[A]],1,,answer_only_3shot,,2
52ca8ede9b3fa2d0,3629799c281cb708,cfe37caa4482273c,SocialIQa,social_cs,Mixed,Mixed,C,C,[[C]],1,,answer_only_3shot,,2
6445128deadff56d,c9102ed057a76ea2,cbeeaeb50c3f9ad8,SocialIQa,social_cs,Mixed,Mixed,C,C,[[C]],1,,answer_only_3shot,,2
4d1a5d24fc3a2e41,f92ae9e190b75f5c,f9bf069921c73ecd,SocialIQa,social_cs,Mixed,Mixed,B,C,[[C]],0,,answer_only_3shot,,2
d69856416988ec4f,d8514bd45c166788,fae2bd3acc631b7e,SocialIQa,social_cs,Mixed,Mixed,B,B,[[B]],1,,answer_only_3shot,,2
79c581caac52ccbd,4c07b9bdf798a94f,19f0a7453d004989,SocialIQa,social_cs,Mixed,Mixed,A,A,[[A]],1,,answer_only_3shot,,2
16120892b3197903,49eadc656260fdb5,83d5208d3a3f5afe,SocialIQa,social_cs,Mixed,Mixed,C,C,[[C]],1,,answer_only_3shot,,2
2d6e67f62cdeaa52,4b4e9090637d94c4,9b83bfad7a2002b1,SocialIQa,social_cs,Mixed,Mixed,B,B,[[B]],1,,answer_only_3shot,,2
ec31ad9e980e671c,5a68df02848d8938,78d64e46fb55d660,SocialIQa,social_cs,Mixed,Mixed,B,A,[[A]],0,,answer_only_3shot,,2
865637705f9f5ef4,4c01f4fab1b111aa,e6cab383a4bbb35f,SocialIQa,social_cs,Mixed,Mixed,C,B,[[B]],0,,answer_only_3shot,,2
a83892e9146343ac,72d99d017b925a95,a1bd4a8cb347493d,SocialIQa,social_cs,Mixed,Mixed,C,C,[[C]],1,,answer_only_3shot,,2
271a15df573f1d42,8bae5fa87f6a74e3,33216ed607238a48,SocialIQa,social_cs,Mixed,Mixed,B,B,[[B]],1,,answer_only_3shot,,2
a037ce8b88785ce9,829edea2b919f31e,33b5b1e37d99d571,SocialIQa,social_cs,Mixed,Mixed,B,B,[[B]],1,,answer_only_3shot,,2
5e742ed22d0779f0,fc5d81bb59012efb,d8332f229af9823d,SocialIQa,social_cs,Mixed,Mixed,C,C,[[C]],1,,answer_only_3shot,,2
82c0976d78aa75f1,5f043f8d3ff7f899,25753a1d3ef6a77b,SocialIQa,social_cs,Mixed,Mixed,B,A,[[A]],0,,answer_only_3shot,,2
cfb4df3584b3ad22,5077bc3731ff750e,928b3caa35cf58ae,SocialIQa,social_cs,Mixed,Mixed,B,B,[[B]],1,,answer_only_3shot,,2
87f41cf9c4fc9c02,489ce3fc309e9331,0712506ef2655094,SocialIQa,social_cs,Mixed,Mixed,B,B,[[B]],1,,answer_only_3shot,,2
7faa562c06e8374b,443cd0107d8b7c8b,fa013f24d4949e91,SocialIQa,social_cs,Mixed,Mixed,B,B,[[B]],1,,answer_only_3shot,,2
ca9bf7cecdf80b61,ca303985e76ba8a1,6f5efbba7774120a,SocialIQa,social_cs,Mixed,Mixed,C,B,[[B]],0,,answer_only_3shot,,2
2a225d80de312720,e7ceda027a1bc559,fd1b40919709b411,SocialIQa,social_cs,Mixed,Mixed,C,C,[[C]],1,,answer_only_3shot,,2
8cf1c0f5e967c5c1,c99c92ad1eca5ae2,620948477108e29d,SocialIQa,social_cs,Mixed,Mixed,C,C,[[C]],1,,answer_only_3shot,,2
e80c673e3870af8b,7a15280386c01e30,2e49ac09221e2439,SocialIQa,social_cs,Mixed,Mixed,A,A,[[A]],1,,answer_only_3shot,,2
c8b83a2de54f8ce9,d632c263d8ab486d,c8df22bbf4f163b9,SocialIQa,social_cs,Mixed,Mixed,B,B,[[B]],1,,answer_only_3shot,,2
4f3579c46aca8f4b,7da4588733218b72,a4616448939ca0d2,SocialIQa,social_cs,Mixed,Mixed,B,B,[[B]],1,,answer_only_3shot,,2
7bd10485e9ced594,b34629a21739863a,81301bc2a80894c2,SocialIQa,social_cs,Mixed,Mixed,C,C,[[C]],1,,answer_only_3shot,,2
7fd6308005186b11,33722f6841c6e436,db7d9b78348f5a5f,SocialIQa,social_cs,Mixed,Mixed,A,A,[[A]],1,,answer_only_3shot,,2
87e9d418612eb008,b61390041fbe4f8b,e9a29b7fd68c539b,SocialIQa,social_cs,Mixed,Mixed,A,A,[[A]],1,,answer_only_3shot,,2
acfd07bd3396e7b8,59eaeb7d51e8a8fc,2a077bf1f77602ea,SocialIQa,social_cs,Mixed,Mixed,A,A,[[A]],1,,answer_only_3shot,,2
2dcb2c38403cf524,b777e663d3c972ee,4eb6dd16107febf5,SocialIQa,social_cs,Mixed,Mixed,B,A,[[A]],0,,answer_only_3shot,,2
b9419b6d68a3f3a3,4cb65df4cd4fa110,e52bfb1014751ada,SocialIQa,social_cs,Mixed,Mixed,C,C,[[C]],1,,answer_only_3shot,,2
8d26abf4d1085f56,cc0b78b5de977b23,fc857079a36bf6f2,SocialIQa,social_cs,Mixed,Mixed,A,A,[[A]],1,,answer_only_3shot,,2
869e14e3ae7fbe7f,092ec3f60f732798,6f1b8ff4e960507e,SocialIQa,social_cs,Mixed,Mixed,C,C,[[C]],1,,answer_only_3shot,,2
7614e968b974d460,5d1bbfd2faa024e9,90542bd99914011f,SocialIQa,social_cs,Mixed,Mixed,A,A,[[A]],1,,answer_only_3shot,,2
805bedd38a8368d3,5a4f2e944df4f58d,f9c286631d7005d5,SocialIQa,social_cs,Mixed,Mixed,A,A,[[A]],1,,answer_only_3shot,,2
c6e355f24574f018,976ac6a6d6bde39d,877f88ee544d79ea,SocialIQa,social_cs,Mixed,Mixed,B,B,[[B]],1,,answer_only_3shot,,2
cd2accc6e1c59f8f,34bbfa28b106900f,5d95b54113d13e9c,SocialIQa,social_cs,Mixed,Mixed,A,A,[[A]],1,,answer_only_3shot,,2
4a4261fbf7906860,e798a2820515a97f,999dd63e4ebadfde,SocialIQa,social_cs,Mixed,Mixed,B,B,[[B]],1,,answer_only_3shot,,2
aae2628a22e1160c,4b3668a8fad987db,cc3d45d5fee9d6b7,SocialIQa,social_cs,Mixed,Mixed,B,B,[[B]],1,,answer_only_3shot,,2
50acc542dca49ff7,a3b93eabc8bcd382,de4028b27cdd1b58,SocialIQa,social_cs,Mixed,Mixed,A,B,[[B]],0,,answer_only_3shot,,2
fc0afc6086053ffb,932175d578c66c3f,6991d95d1736dc30,SocialIQa,social_cs,Mixed,Mixed,A,A,[[A]],1,,answer_only_3shot,,2
2627901e67a4fbfb,034dc7963cfa8932,b0bd37931167678d,SocialIQa,social_cs,Mixed,Mixed,A,B,[[B]],0,,answer_only_3shot,,2
f8c9e201990dcb8f,0c1e16599c9cc73d,b4e6e2b6fe5918d7,SocialIQa,social_cs,Mixed,Mixed,A,A,[[A]],1,,answer_only_3shot,,2
8f1b9f294a421c5c,f4fe801d92fd4b3b,adf4cd2f60a0c4b0,SocialIQa,social_cs,Mixed,Mixed,C,C,[[C]],1,,answer_only_3shot,,2
d72c2d55558e877e,2bec10c39ad1b21f,72daf6d61d6d2610,SocialIQa,social_cs,Mixed,Mixed,A,A,[[A]],1,,answer_only_3shot,,2
af26da5483fe6afa,61cc621b671f8d4e,d24650ffb2b8f4a8,SocialIQa,social_cs,Mixed,Mixed,A,A,[[A]],1,,answer_only_3shot,,2
5048fbae5d5ea1d9,287dd14aa9a894ac,82174fc834b2623b,SocialIQa,social_cs,Mixed,Mixed,A,A,[[A]],1,,answer_only_3shot,,2
3ef93a11be36b922,728631c089bd921f,087f771523dc98f4,SocialIQa,social_cs,Mixed,Mixed,C,C,[[C]],1,,answer_only_3shot,,2
1d18f2f1a5301c1d,a2653a6a01cf8282,a2079b448814426c,SocialIQa,social_cs,Mixed,Mixed,A,C,[[C]],0,,answer_only_3shot,,2
2f6aa447faa1b232,80bf8b9e7a76d8e2,44845c171475b23b,SocialIQa,social_cs,Mixed,Mixed,A,B,[[B]],0,,answer_only_3shot,,2
c375fad11137aad2,7b3abb10aabf37b1,5ef3694c3e98ca1c,SocialIQa,social_cs,Mixed,Mixed,C,B,[[B]],0,,answer_only_3shot,,2
fa9f15f040ea37b6,9cd84bab2252e709,72aaa220164f4186,SocialIQa,social_cs,Mixed,Mixed,A,A,[[A]],1,,answer_only_3shot,,2
0ec8c44eb7c94bf0,09e596d9447d00e7,182d10921aa53e3a,SocialIQa,social_cs,Mixed,Mixed,B,C,[[C]],0,,answer_only_3shot,,2
5a0fdd142f52b053,1e1a58be5f24e9c3,b281c5c17a40987a,SocialIQa,social_cs,Mixed,Mixed,A,B,[[B]],0,,answer_only_3shot,,2
f73669564a4ed5a0,3b63a2486f4d8872,8dcf4f36e7621390,SocialIQa,social_cs,Mixed,Mixed,A,B,[[B]],0,,answer_only_3shot,,2
34e6e25fec983be8,97ab9360d8c80363,c1adbf67bcb7c321,SocialIQa,social_cs,Mixed,Mixed,B,B,[[B]],1,,answer_only_3shot,,2
d9384748877d703c,602f3ed17eba3701,88db4a4440dcf346,SocialIQa,social_cs,Mixed,Mixed,C,C,[[C]],1,,answer_only_3shot,,2
412f79865f02f20f,dfa9892536d73516,2c6a873eff2f2424,SocialIQa,social_cs,Mixed,Mixed,C,C,[[C]],1,,answer_only_3shot,,2
1f300bd4636f7981,a05ca7dbd25e80dc,1ef7c3cee665db40,SocialIQa,social_cs,Mixed,Mixed,C,C,[[C]],1,,answer_only_3shot,,2
a79fe181de8c850f-1,1f109aa3df3b5b67,f6cb382975fe564c,SocialIQa,social_cs,Mixed,Mixed,A,A,[[A]],1,,answer_only_3shot,,2
508cebf2e8242b6e,712d075133997bb8,4fca12e9189028e9,SocialIQa,social_cs,Mixed,Mixed,A,A,[[A]],1,,answer_only_3shot,,2
66f470f32e66b49c,1c017f37d8b9e765,2312d7ab18f6c286,SocialIQa,social_cs,Mixed,Mixed,A,A,[[A]],1,,answer_only_3shot,,2
20a71985f088c4b1,64d08b8520f2200e,09b94fb7955f0848,SocialIQa,social_cs,Mixed,Mixed,A,A,[[A]],1,,answer_only_3shot,,2
67b650b2ba71e6ef,f0b8fd8f316d6a3e,e0993bc2b09726af,SocialIQa,social_cs,Mixed,Mixed,A,A,[[A]],1,,answer_only_3shot,,2
b618370348c85574,cda3e47cb2838ad8,23bccfcf554a8338,SocialIQa,social_cs,Mixed,Mixed,A,A,[[A]],1,,answer_only_3shot,,2
fef86bdba1f881ce,ffd51d6403fa1eba,7d2d422e9817c27f,SocialIQa,social_cs,Mixed,Mixed,A,A,[[A]],1,,answer_only_3shot,,2
3f258f6e57d6e45f,70af5dd3bcd9e78f,e828cd2f4bcff962,SocialIQa,social_cs,Mixed,Mixed,C,B,[[B]],0,,answer_only_3shot,,2
c3aafa4057b1dafd,2d8a413b67e05219,7afc833f5a14d655,SocialIQa,social_cs,Mixed,Mixed,A,A,[[A]],1,,answer_only_3shot,,2
fe5e4724072584d6,b0c2fac7ec187baa,216e7e62c91ae3a8,SocialIQa,social_cs,Mixed,Mixed,C,C,[[C]],1,,answer_only_3shot,,2
d7b2719d47e738d3,1e30904b3d2b50ac,b496b810b72af7f2,SocialIQa,social_cs,Mixed,Mixed,B,B,[[B]],1,,answer_only_3shot,,2
5cf69a3e1110f573,bcf60dcc92aecd6b,44ab6028178efbb4,SocialIQa,social_cs,Mixed,Mixed,B,B,[[B]],1,,answer_only_3shot,,2
2a5bdee8a48e4885,4ee53293aad627a7,0c8ef3f5caf9a171,SocialIQa,social_cs,Mixed,Mixed,A,A,[[A]],1,,answer_only_3shot,,2
1ef05174a572f61c,27fac9aec4d78fa5,ce27292909827b5a,SocialIQa,social_cs,Mixed,Mixed,B,B,[[B]],1,,answer_only_3shot,,2
66aeef87989f9d7d,453afd59c269292b,68efda1c21a13632,SocialIQa,social_cs,Mixed,Mixed,A,A,[[A]],1,,answer_only_3shot,,2
2d40d6adb9a3116a,31b69327d1582d46,c8abf5a2f12c13b1,SocialIQa,social_cs,Mixed,Mixed,C,C,[[C]],1,,answer_only_3shot,,2
34326042ff53cfe7,d7bd2448f7c2e459,81f7ebf157f23285,SocialIQa,social_cs,Mixed,Mixed,B,B,[[B]],1,,answer_only_3shot,,2
2e43c47cb3d752ff,dcaf61fba44d4283,8a6d2d6ac67f55be,SocialIQa,social_cs,Mixed,Mixed,B,B,[[B]],1,,answer_only_3shot,,2
438d294d765f7d0b,2f3a65526f1a8384,7599ab5204edc4fe,SocialIQa,social_cs,Mixed,Mixed,B,C,[[C]],0,,answer_only_3shot,,2
7d73f53743bdb768,8b4eef440c94a6af,4c410202b6fbbf4c,SocialIQa,social_cs,Mixed,Mixed,C,A,[[A]],0,,answer_only_3shot,,2
aab55ed8f21891ac,c60b171126558033,821a7e91e4c84c9f,SocialIQa,social_cs,Mixed,Mixed,A,C,[[C]],0,,answer_only_3shot,,2
1ef05174a572f61c-1,27fac9aec4d78fa5,ce27292909827b5a,SocialIQa,social_cs,Mixed,Mixed,B,B,[[B]],1,,answer_only_3shot,,2
1994fc94cf3fce31,60c308c4bb04e8a5,b29d74ee0e02c2d9,SocialIQa,social_cs,Mixed,Mixed,C,C,[[C]],1,,answer_only_3shot,,2
e3f7b347834b8a73,31f1809159eaac4e,a2e3639532cbbae4,SocialIQa,social_cs,Mixed,Mixed,B,B,[[B]],1,,answer_only_3shot,,2
8c4b5a857ed72421,73e1ad69bef97d6f,06609b9a114cfe16,SocialIQa,social_cs,Mixed,Mixed,A,A,[[A]],1,,answer_only_3shot,,2
e425dcb6dff69f23,24021ce410dfac1e,a1f876c14e52719d,SocialIQa,social_cs,Mixed,Mixed,A,A,[[A]],1,,answer_only_3shot,,2
aa029a5d5945ee79,01caf08ec3d995f4,da67d69d2a9c2377,SocialIQa,social_cs,Mixed,Mixed,C,B,[[B]],0,,answer_only_3shot,,2
25163b4603797a55,8edc2b375e95773f,7edb143f4d94b9c3,SocialIQa,social_cs,Mixed,Mixed,B,B,[[B]],1,,answer_only_3shot,,2
2190b9fd83ab0519,7c74d1ae875b8eca,c848e3c6690adb40,SocialIQa,social_cs,Mixed,Mixed,B,B,[[B]],1,,answer_only_3shot,,2
61219f07fb01f5c2,242ca924b318c8b4,45117e4a193f4d29,SocialIQa,social_cs,Mixed,Mixed,B,B,[[B]],1,,answer_only_3shot,,2
a010dbc49b6e5863,6541c382206467a8,f4e87e8fd900ed6f,SocialIQa,social_cs,Mixed,Mixed,B,B,[[B]],1,,answer_only_3shot,,2
d050aab119d3f7eb,201944c75f6967ff,77c6da8f6e333af7,SocialIQa,social_cs,Mixed,Mixed,B,B,[[B]],1,,answer_only_3shot,,2
18be7d2862ccb355,eb27e2738fa7a16c,faa68e97142f44ce,SocialIQa,social_cs,Mixed,Mixed,B,B,[[B]],1,,answer_only_3shot,,2
39a7e84c650bec82,722ac848a7b537c2,6389571fb5965e29,SocialIQa,social_cs,Mixed,Mixed,A,B,[[B]],0,,answer_only_3shot,,2
abaf181fe83841da,c23c43ae06624609,364e2621d5aa77cd,SocialIQa,social_cs,Mixed,Mixed,B,A,[[A]],0,,answer_only_3shot,,2
301eebcd4a4f8f95,99b7b92ad8354e09,e31579e22d81505f,SocialIQa,social_cs,Mixed,Mixed,A,A,[[A]],1,,answer_only_3shot,,2
7d606cef32670999,f91755ad2a65d438,9179dfb6c22bd765,SocialIQa,social_cs,Mixed,Mixed,C,A,[[A]],0,,answer_only_3shot,,2
4bd94395fcb7de22,a00eac0c2954956d,33d22dd60ff9995e,SocialIQa,social_cs,Mixed,Mixed,C,B,[[B]],0,,answer_only_3shot,,2
82bd23415f9a1ae6,1abc015b54ba4ab1,2fc47dacf44af5ea,SocialIQa,social_cs,Mixed,Mixed,A,B,[[B]],0,,answer_only_3shot,,2
597f9f5796aeae93,bbb281252e0b3276,4a9593293f96df30,SocialIQa,social_cs,Mixed,Mixed,B,B,[[B]],1,,answer_only_3shot,,2
8841b5b8a9a0743e,1c2c7774e44305b8,ed0d9ca66c3b1b75,SocialIQa,social_cs,Mixed,Mixed,A,B,[[B]],0,,answer_only_3shot,,2
d9d97a10eb588ba3,f75a589bd6c91113,07be894db3c836f8,SocialIQa,social_cs,Mixed,Mixed,B,B,[[B]],1,,answer_only_3shot,,2
e51fd0c1caa993f7,dc9a4fc24c11718c,7f6f485e857c7484,SocialIQa,social_cs,Mixed,Mixed,B,B,[[B]],1,,answer_only_3shot,,2
f87bc7715132105f,b3d39e3202fbdf74,1b915a81e6d80071,SocialIQa,social_cs,Mixed,Mixed,A,A,[[A]],1,,answer_only_3shot,,2
6a5d092338167a7d,d64b2808ab2dabb1,3dc36f3adc5d8c66,SocialIQa,social_cs,Mixed,Mixed,A,A,[[A]],1,,answer_only_3shot,,2
9308dcba69328f11,58ec6fe1ae08fbc8,8745b491401b5da4,SocialIQa,social_cs,Mixed,Mixed,C,C,[[C]],1,,answer_only_3shot,,2
ef2414383c1a929b,0246a101e51f7a17,a16de1c3c0f83f8f,SocialIQa,social_cs,Mixed,Mixed,B,B,[[B]],1,,answer_only_3shot,,2
6e738133fab82392,d750854eedb8b82f,6b33b77da982725d,SocialIQa,social_cs,Mixed,Mixed,C,C,[[C]],1,,answer_only_3shot,,2
58d8fb872be09cb0,7ef5069489f065bd,6b9aa2fd744cfb67,SocialIQa,social_cs,Mixed,Mixed,C,B,[[B]],0,,answer_only_3shot,,2
0044c553f506c2bd,859feeafe4ec778a,bfa1dda54e4e2cbb,SocialIQa,social_cs,Mixed,Mixed,B,B,[[B]],1,,answer_only_3shot,,2
9009b5d894a56c00-1,7d99df5555fae4cc,c16ece1c9aa5255e,SocialIQa,social_cs,Mixed,Mixed,B,A,[[A]],0,,answer_only_3shot,,2
e3ab6b800f9c3759,3fc1fdc99f2029ff,05cd798d113b373a,SocialIQa,social_cs,Mixed,Mixed,C,C,[[C]],1,,answer_only_3shot,,2
82902f58769461ef,706528123cf4ebd4,9f562aa02cc589c1,SocialIQa,social_cs,Mixed,Mixed,C,B,[[B]],0,,answer_only_3shot,,2
3e5517a85fc2fbf2,4f610ebe793d4331,cd6891f7f9d2786b,SocialIQa,social_cs,Mixed,Mixed,B,B,[[B]],1,,answer_only_3shot,,2
d9e778afdd87712b,4e627d3ab99bbbc0,a8c60f0da4e0abe2,SocialIQa,social_cs,Mixed,Mixed,B,A,[[A]],0,,answer_only_3shot,,2
7294ada29df03d0c,8114dd5d6d6bd853,2e4f6f5c4ae9331e,SocialIQa,social_cs,Mixed,Mixed,C,C,[[C]],1,,answer_only_3shot,,2
671cfd9c86bd3ea0,d6dbcca948f9582d,760b93be8b4c61ea,SocialIQa,social_cs,Mixed,Mixed,B,B,[[B]],1,,answer_only_3shot,,2
aa900b64b4cdc336,7d9c5fa3617d1fc8,c5ac4444939fa8b1,SocialIQa,social_cs,Mixed,Mixed,B,B,[[B]],1,,answer_only_3shot,,2
1113340a46284df0,70a59871629ebb3d,a80e57fb6a271783,SocialIQa,social_cs,Mixed,Mixed,C,C,[[C]],1,,answer_only_3shot,,2
78b2bba2b1302c2c,66fb49bb80428b39,b409d175a5ddcc14,SocialIQa,social_cs,Mixed,Mixed,C,B,[[B]],0,,answer_only_3shot,,2
80f67c0e85cfed10,e72a67c36d05853b,7a53959904bc33b8,SocialIQa,social_cs,Mixed,Mixed,A,A,[[A]],1,,answer_only_3shot,,2
086bb3ed89caece8,5a5c9d9af939bdf6,3e07ef3232a273bb,SocialIQa,social_cs,Mixed,Mixed,A,A,[[A]],1,,answer_only_3shot,,2
471e03fce19811b2,ad8bf251dd691ec6,2a72766cfd8b4817,SocialIQa,social_cs,Mixed,Mixed,B,B,[[B]],1,,answer_only_3shot,,2
3bf0239319889d04,be3549ba71608630,55f6ed1221a23bff,SocialIQa,social_cs,Mixed,Mixed,C,C,[[C]],1,,answer_only_3shot,,2
c40830b32a58e4b9-1,55bfd44d28e75b77,05d8f1abf1c6ed4a,SocialIQa,social_cs,Mixed,Mixed,B,B,[[B]],1,,answer_only_3shot,,2
6467bb0050f133bd,7b662d2bf84f2730,a0b051884128d2e9,SocialIQa,social_cs,Mixed,Mixed,C,C,[[C]],1,,answer_only_3shot,,2
e58ef2676f926760-1,5b076a5706170db6,e6d7545f0bede798,SocialIQa,social_cs,Mixed,Mixed,A,C,[[C]],0,,answer_only_3shot,,2
206a0d2b76b85157,e5066c5b6693b06c,f4b006c8b4145530,SocialIQa,social_cs,Mixed,Mixed,B,B,[[B]],1,,answer_only_3shot,,2
cf3b0729a9fd7f5f,5a2f61aac64ad19e,3217e4e2a1b4fb70,SocialIQa,social_cs,Mixed,Mixed,A,A,[[A]],1,,answer_only_3shot,,2
8521d7289039b4b6,6b18ba4fb4e70fe2,c11e49afa9cbcad5,SocialIQa,social_cs,Mixed,Mixed,A,A,[[A]],1,,answer_only_3shot,,2
2faf632da64c98ec,ff76844b4051d900,37b52e40a9e5c540,SocialIQa,social_cs,Mixed,Mixed,C,C,[[C]],1,,answer_only_3shot,,2
8fb10b72aea78ee9,760649806f8c9650,f182c9f2974400ee,SocialIQa,social_cs,Mixed,Mixed,B,A,[[A]],0,,answer_only_3shot,,2
4c24e823db3eab7e,0e046f7ef8562c56,75d8cccebd633132,SocialIQa,social_cs,Mixed,Mixed,C,B,[[B]],0,,answer_only_3shot,,2
4348470ae2237284,ec53098a0ccb05c7,43acde63eaeee9b8,SocialIQa,social_cs,Mixed,Mixed,A,A,[[A]],1,,answer_only_3shot,,2
e2169152b113fba9,b5f9dd08bbc145eb,d25753f9882feb7c,SocialIQa,social_cs,Mixed,Mixed,B,B,[[B]],1,,answer_only_3shot,,2
098dd62f43c8cb08,b2d32f016809e7fe,17664213df7664d0,SocialIQa,social_cs,Mixed,Mixed,C,B,[[B]],0,,answer_only_3shot,,2
4a41b5d47e3d51a6,cf2e223a145a74f4,719a7ac2f1daa17e,SocialIQa,social_cs,Mixed,Mixed,B,B,[[B]],1,,answer_only_3shot,,2
a93d01341731fc6f,ea2f5ea47d69e728,2631b22fe6a24f9e,SocialIQa,social_cs,Mixed,Mixed,C,C,[[C]],1,,answer_only_3shot,,2
4fa430718fe3cc42,4002ca29adf0c425,f5b57b29a5be877c,SocialIQa,social_cs,Mixed,Mixed,B,B,[[B]],1,,answer_only_3shot,,2
93b15d4ed371b22f,72726c2f17d1b9b7,2f2947f03257c6d8,SocialIQa,social_cs,Mixed,Mixed,C,C,[[C]],1,,answer_only_3shot,,2
73326ee5a6f25ff5,bc88e6b3d2613b4e,efb1b56155369a3e,SocialIQa,social_cs,Mixed,Mixed,A,A,[[A]],1,,answer_only_3shot,,2
07773836f8e42b84,007d8566bba98f48,c80521e2351d0b29,SocialIQa,social_cs,Mixed,Mixed,B,C,[[C]],0,,answer_only_3shot,,2
0f3b7b19e0c21489,24494f4afe3e0808,aa30420dc35d3211,SocialIQa,social_cs,Mixed,Mixed,A,A,[[A]],1,,answer_only_3shot,,2
add9bc0486f2a83e,e87568418d3f1c3a,2a1d893dd93d5739,SocialIQa,social_cs,Mixed,Mixed,B,B,[[B]],1,,answer_only_3shot,,2
da03b77e46588bb9,ecae8807b65c6615,6ba61c6d14154d0a,SocialIQa,social_cs,Mixed,Mixed,B,C,[[C]],0,,answer_only_3shot,,2
9316318b91c2e9c5,856cf90e0f10069c,d74aca14a6959fd7,SocialIQa,social_cs,Mixed,Mixed,A,A,[[A]],1,,answer_only_3shot,,2
fa3ab51c05748d23,a9c54f80a9a302be,14e23a5b66eb0618,SocialIQa,social_cs,Mixed,Mixed,C,C,[[C]],1,,answer_only_3shot,,2
1dbee8f117fc8a98,579ba99f72da1eca,f09f14cf322cc097,SocialIQa,social_cs,Mixed,Mixed,B,B,[[B]],1,,answer_only_3shot,,2
2868e4893732172d,726eb7b0f4f97cf3,53a2e4109befedf8,SocialIQa,social_cs,Mixed,Mixed,A,A,[[A]],1,,answer_only_3shot,,2
55c83f2b90bd8714,a884cc990a0374af,9a425ae63dfd23a4,SocialIQa,social_cs,Mixed,Mixed,A,A,[[A]],1,,answer_only_3shot,,2
e226c28d759f5029,9879746126e3b005,d3d3d6d844a27665,SocialIQa,social_cs,Mixed,Mixed,C,C,[[C]],1,,answer_only_3shot,,2
24851cf11fc0a4f6,1251db0b2731b000,b8a5f119e5c76775,SocialIQa,social_cs,Mixed,Mixed,C,C,[[C]],1,,answer_only_3shot,,2
967adde00f8ebbae,ef20fd9e7250b582,bbf1aaaecdeaa6bb,SocialIQa,social_cs,Mixed,Mixed,C,C,[[C]],1,,answer_only_3shot,,2
b53c9240e55480b4,b5227d725965278d,e6246c75b7b52c4e,SocialIQa,social_cs,Mixed,Mixed,B,C,[[C]],0,,answer_only_3shot,,2
d3a43814c6263ea5,1386aebb0af71058,4c4a7b7fa395f441,SocialIQa,social_cs,Mixed,Mixed,A,A,[[A]],1,,answer_only_3shot,,2
74122d6a5b666172,5480c3fd5c3e3756,ca253fd1d607d54e,SocialIQa,social_cs,Mixed,Mixed,C,C,[[C]],1,,answer_only_3shot,,2
22fbe3d53d370e1c,0d1683f44272f139,a554ad9ed60d4525,SocialIQa,social_cs,Mixed,Mixed,B,B,[[B]],1,,answer_only_3shot,,2
26b94e2686d40cf8,0daf1c13ae14a77e,fef1d96019a1acb6,SocialIQa,social_cs,Mixed,Mixed,A,C,[[C]],0,,answer_only_3shot,,2
84f901a8339c68b0,2227b1e6fdda6294,16dc2a347394d693,SocialIQa,social_cs,Mixed,Mixed,B,B,[[B]],1,,answer_only_3shot,,2
2b75b85596ac4e9e,993d9ec0ab4bd17e,95adaa7235207700,SocialIQa,social_cs,Mixed,Mixed,C,B,[[B]],0,,answer_only_3shot,,2
729fe0780c49c623,55dac00439753cb4,aa12c03ea7c063ba,SocialIQa,social_cs,Mixed,Mixed,A,A,[[A]],1,,answer_only_3shot,,2
676fc14760ce68bb,06d745fac4589ad1,499aaa8d62db8ca9,SocialIQa,social_cs,Mixed,Mixed,A,A,[[A]],1,,answer_only_3shot,,2
afa2fb3b2ea6361f,8861b3683a44fbdc,164a799b002f25ea,SocialIQa,social_cs,Mixed,Mixed,C,C,[[C]],1,,answer_only_3shot,,2
c21d16dd73fac98a,8053f0a529bc8562,9951879a98b9cf4b,SocialIQa,social_cs,Mixed,Mixed,A,A,[[A]],1,,answer_only_3shot,,2
1dfe637b2338cbb4,1461b8355dd04b3a,4d974424e8baffcb,SocialIQa,social_cs,Mixed,Mixed,A,B,[[B]],0,,answer_only_3shot,,2
05e596ea9c5e2aff,e3080287309a936e,2332b6666649a810,SocialIQa,social_cs,Mixed,Mixed,A,C,[[C]],0,,answer_only_3shot,,2
0fd37a3530955bf1,b132a6b7aa270937,d6758f1df17bdf21,SocialIQa,social_cs,Mixed,Mixed,B,B,[[B]],1,,answer_only_3shot,,2
db869c332c39e5a1,87eaac1f6807dd86,897807242d625836,SocialIQa,social_cs,Mixed,Mixed,C,B,[[B]],0,,answer_only_3shot,,2
e3921655f2f00c9c,bc23776d46acbbff,1812e3d466054174,SocialIQa,social_cs,Mixed,Mixed,C,C,[[C]],1,,answer_only_3shot,,2
1bf5959f14a00bc5,177d5c8c0c85f05f,3c6e95e87325e50b,SocialIQa,social_cs,Mixed,Mixed,A,A,[[A]],1,,answer_only_3shot,,2
2af3fbdb9d04887d,1bbc8f2bc1d39fe0,1ff4d35645373b00,SocialIQa,social_cs,Mixed,Mixed,A,A,[[A]],1,,answer_only_3shot,,2
7a83be85c92e0eab,319abe6d69bf44df,f65ff72197dfeadb,SocialIQa,social_cs,Mixed,Mixed,A,A,[[A]],1,,answer_only_3shot,,2
3cc161d665265bbd,0a0bc4f1b1d0ea56,71d2dbe14771c341,SocialIQa,social_cs,Mixed,Mixed,B,B,[[B]],1,,answer_only_3shot,,2
f79297bfaad8c5d5,3dcc77fcfb042209,bed75df0c4d4caba,SocialIQa,social_cs,Mixed,Mixed,B,B,[[B]],1,,answer_only_3shot,,2
f52b51ee2b35380f,c471c8f422a67d04,631a5f3c72ed9fa8,SocialIQa,social_cs,Mixed,Mixed,A,A,[[A]],1,,answer_only_3shot,,2
d79586aaa6fd7ad2,739706ab2a63da22,7d6cd52c8d157ed0,SocialIQa,social_cs,Mixed,Mixed,C,B,[[B]],0,,answer_only_3shot,,2
ea29fb61c84439f5,b3a009e84ed088d2,9d9f0d25b81614db,SocialIQa,social_cs,Mixed,Mixed,C,C,[[C]],1,,answer_only_3shot,,2
1cc802930a377115,fd57062d8dad82c7,6dd765fb62d013ac,SocialIQa,social_cs,Mixed,Mixed,B,B,[[B]],1,,answer_only_3shot,,2
73f578f5349f0a07,a2b27fcfdea8e4fe,11ff07cff4a5d1db,SocialIQa,social_cs,Mixed,Mixed,B,B,[[B]],1,,answer_only_3shot,,2
f5d63ff24b18314c,9f0840ff2a2610e0,13abdc373f12adfd,SocialIQa,social_cs,Mixed,Mixed,C,C,[[C]],1,,answer_only_3shot,,2
4b67fa99da3efec6,32213612e450db4a,be682cc1b3ed551e,SocialIQa,social_cs,Mixed,Mixed,C,B,[[B]],0,,answer_only_3shot,,2
90123e268989e50a,a762f159b563f3bc,233b512f7b6a64d3,SocialIQa,social_cs,Mixed,Mixed,C,C,[[C]],1,,answer_only_3shot,,2
acf6ee9db28aea72,6f83ee6e03dd0610,242034bc46c7a679,SocialIQa,social_cs,Mixed,Mixed,A,A,[[A]],1,,answer_only_3shot,,2
2ddbdc2ee08f3d10,51282a04f1701881,e349d711d63e8420,SocialIQa,social_cs,Mixed,Mixed,C,A,[[A]],0,,answer_only_3shot,,2
715b1c5e6c5fe16e,3d21853026690228,7891571b2e97f0d7,SocialIQa,social_cs,Mixed,Mixed,B,B,[[B]],1,,answer_only_3shot,,2
6697bea4dc042686,8ab922b1d116e70b,380c0878de4c0752,SocialIQa,social_cs,Mixed,Mixed,C,C,[[C]],1,,answer_only_3shot,,2
8799a7eaee2bb6ba,664ea5f944944c3e,37fa3ab346e27b23,SocialIQa,social_cs,Mixed,Mixed,C,C,[[C]],1,,answer_only_3shot,,2
f070758e236bdc04,b8df6cb2c8a64815,b423b86dccd013d0,SocialIQa,social_cs,Mixed,Mixed,B,B,[[B]],1,,answer_only_3shot,,2
0f685703fb004233,e816a690bfdbd1fe,b96e10a56b001cd5,SocialIQa,social_cs,Mixed,Mixed,C,B,[[B]],0,,answer_only_3shot,,2
aac3596d581a85f1,e78beb1975e943a6,51c6c5af687a21fd,SocialIQa,social_cs,Mixed,Mixed,C,C,[[C]],1,,answer_only_3shot,,2
26d375e725741ea2,d6f557fea8f9b409,b5a84c817c87dda5,SocialIQa,social_cs,Mixed,Mixed,A,A,[[A]],1,,answer_only_3shot,,2
e7a3324df5d35e3a,7ced1c9e15dc0b2d,91607be85b2ba7be,SocialIQa,social_cs,Mixed,Mixed,A,A,[[A]],1,,answer_only_3shot,,2
62bbbe32315eb554,600ca1721c208623,a5dd2cede394565f,SocialIQa,social_cs,Mixed,Mixed,B,B,[[B]],1,,answer_only_3shot,,2
551b07f1909a8300,3550bb5b92df7cb8,c13830910388fc5e,SocialIQa,social_cs,Mixed,Mixed,C,A,[[A]],0,,answer_only_3shot,,2
4883c245cc697d92,aa040a8391042112,9abce946414935b7,SocialIQa,social_cs,Mixed,Mixed,B,B,[[B]],1,,answer_only_3shot,,2
1783c3d7fc947145,9cd0be4a0967c025,06bfb2ff5728463f,SocialIQa,social_cs,Mixed,Mixed,A,A,[[A]],1,,answer_only_3shot,,2
10d5bf421ca623a1,c006585d725bdb69,f690f0c9299fe75e,SocialIQa,social_cs,Mixed,Mixed,A,A,[[A]],1,,answer_only_3shot,,2
1de5ee986423ed15,0411e64c443978f6,1cca73a42cd5e3c2,SocialIQa,social_cs,Mixed,Mixed,A,A,[[A]],1,,answer_only_3shot,,2
d47df4873bd82bce,b4637aadba1a44e9,8eaa3e870053d278,SocialIQa,social_cs,Mixed,Mixed,A,C,[[C]],0,,answer_only_3shot,,2
1a2286543ab1997b,2d941006d4d904e4,13c582c8208c3dd0,SocialIQa,social_cs,Mixed,Mixed,A,A,[[A]],1,,answer_only_3shot,,2
ba316c0b4818e7c4,dce99f9302781cc1,ce2da58ba736da59,SocialIQa,social_cs,Mixed,Mixed,A,B,[[B]],0,,answer_only_3shot,,2
284e79af7fa6e69f,dfab23d1a1448f0f,15e50b956bc5f873,SocialIQa,social_cs,Mixed,Mixed,A,A,[[A]],1,,answer_only_3shot,,2
29c085ee6bcb14ea,29af4853c6ddc36e,e11f9ffbecaf52a1,SocialIQa,social_cs,Mixed,Mixed,B,A,[[A]],0,,answer_only_3shot,,2
7edf42b1d770ad08,5a0a9efd615799f0,61c02e433a85ba85,SocialIQa,social_cs,Mixed,Mixed,C,C,[[C]],1,,answer_only_3shot,,2
8eb17e99bec953c7,6cf2cd0143d44dcd,ac4ab177932aebca,SocialIQa,social_cs,Mixed,Mixed,B,A,[[A]],0,,answer_only_3shot,,2
f92e4b1c34edc7df,a5142ba1e7f7bbc8,bbd8db7a4b30e98c,SocialIQa,social_cs,Mixed,Mixed,B,C,[[C]],0,,answer_only_3shot,,2
b352ba137fc66124,22b08d6fd8b7bfcd,c03072808cfa7719,SocialIQa,social_cs,Mixed,Mixed,C,C,[[C]],1,,answer_only_3shot,,2
1012df29fed262c4,8980eaba6d780b3c,4196bf17c6041950,SocialIQa,social_cs,Mixed,Mixed,A,A,[[A]],1,,answer_only_3shot,,2
7b2c26cf8ae8a18a,71299b4217204d2b,7329df39671dcbd1,SocialIQa,social_cs,Mixed,Mixed,A,A,[[A]],1,,answer_only_3shot,,2
eb38683e22264b48,596327b6b8c2762c,8abaa4748a2f43d1,SocialIQa,social_cs,Mixed,Mixed,A,A,[[A]],1,,answer_only_3shot,,2
b2b43201221caf6b,cefac57f52ca1df4,a96fee96e927938e,SocialIQa,social_cs,Mixed,Mixed,A,A,[[A]],1,,answer_only_3shot,,2
8ffa6e2bec1c4d62,ecb592bc6f9ee7af,089e5142ab3733ba,SocialIQa,social_cs,Mixed,Mixed,B,A,[[A]],0,,answer_only_3shot,,2
5fe4e2a7a1fdba0b,bbf76b1a9ba5b2a8,8474036a567e4b3e,SocialIQa,social_cs,Mixed,Mixed,B,B,[[B]],1,,answer_only_3shot,,2
59e90299a9ac7b56,908a84afe2dee50f,4bfa1d685af40c01,SocialIQa,social_cs,Mixed,Mixed,B,C,[[C]],0,,answer_only_3shot,,2
d382290bcc8c274c,db05a122b53a8eaf,9452e2894151cd00,SocialIQa,social_cs,Mixed,Mixed,B,B,[[B]],1,,answer_only_3shot,,2
9209226db02fe524,a7703bc700d960a1,9547ff910ba382d9,SocialIQa,social_cs,Mixed,Mixed,A,A,[[A]],1,,answer_only_3shot,,2
138d7096a49d5e3b,99cefa30f6c97e61,661d5ea2733f16d1,SocialIQa,social_cs,Mixed,Mixed,B,C,[[C]],0,,answer_only_3shot,,2
3aacbfb960bc6d2f,3e3520c3f2a5ed53,df9397600ecc1603,SocialIQa,social_cs,Mixed,Mixed,B,B,[[B]],1,,answer_only_3shot,,2
64ef1bf48aa9c21b,fd9f71b7466760eb,319c2f8d1c279aed,SocialIQa,social_cs,Mixed,Mixed,C,B,[[B]],0,,answer_only_3shot,,2
fd6f621d8ad2ad6b,575e3e53634c7a9f,af6f03a23fdfa638,SocialIQa,social_cs,Mixed,Mixed,C,A,[[A]],0,,answer_only_3shot,,2
d247fd8d31dae8c7,0e214fd17563ab14,6d06d2f937ead59a,SocialIQa,social_cs,Mixed,Mixed,B,B,[[B]],1,,answer_only_3shot,,2
7093b8f85c6cef41,3220b8a55c46193c,6bc141f84117155f,SocialIQa,social_cs,Mixed,Mixed,A,A,[[A]],1,,answer_only_3shot,,2
d1c9163721348a02,7dbf91b13ecfc30c,c0bf4b62ec28c75f,SocialIQa,social_cs,Mixed,Mixed,C,C,[[C]],1,,answer_only_3shot,,2
b8057a210fe99233,033afb4703db06e1,6e9902c5220124b9,SocialIQa,social_cs,Mixed,Mixed,B,B,[[B]],1,,answer_only_3shot,,2
28ce967456eccb94,ed902c93a10c9166,7f393f6d11a4a672,SocialIQa,social_cs,Mixed,Mixed,A,A,[[A]],1,,answer_only_3shot,,2
655e82617c6d2941,c8061b9dfadd4c20,7ad906895439d0d9,SocialIQa,social_cs,Mixed,Mixed,C,B,[[B]],0,,answer_only_3shot,,2
fa4ed6a6a2b9e8e9,6192fd49023996dc,6581e259a1bfdb6a,SocialIQa,social_cs,Mixed,Mixed,A,A,[[A]],1,,answer_only_3shot,,2
c69d26f93f236688,4379e76511305901,9e90152081a8cc9d,SocialIQa,social_cs,Mixed,Mixed,C,B,[[B]],0,,answer_only_3shot,,2
2d4630f552e97a17,f560d73d8b07572c,be5f9763a6e90069,SocialIQa,social_cs,Mixed,Mixed,B,B,[[B]],1,,answer_only_3shot,,2
d0015508794bdd76,04d06935d0a4865a,cff5afdb27f21f13,SocialIQa,social_cs,Mixed,Mixed,C,C,[[C]],1,,answer_only_3shot,,2
0f8ce32bb6debd09,ede72c8a0147ac5d,1100b3da29eee447,SocialIQa,social_cs,Mixed,Mixed,B,A,[[A]],0,,answer_only_3shot,,2
b8a044ab3e182620,b6f86f70cb1cf5c5,3337879e64746099,SocialIQa,social_cs,Mixed,Mixed,B,B,[[B]],1,,answer_only_3shot,,2
ccfc02da37614e1e,b5a16075fdb7c3b7,e98b249574f606ed,SocialIQa,social_cs,Mixed,Mixed,A,C,[[C]],0,,answer_only_3shot,,2
3e85b9e1c6beb222,6e039fec7633a7d4,1c62efd4d962bf81,SocialIQa,social_cs,Mixed,Mixed,B,B,[[B]],1,,answer_only_3shot,,2
d981908c69835686,87ff2ed66dbf4b8c,53f5a780c273c583,SocialIQa,social_cs,Mixed,Mixed,C,B,[[B]],0,,answer_only_3shot,,2
a45e80568d44321e,db34d4d1b86f5647,1bf15aaf994cf168,SocialIQa,social_cs,Mixed,Mixed,A,A,[[A]],1,,answer_only_3shot,,2
843fd91de240b709,521f6aa64c539d39,3fc07ddd7b41377d,SocialIQa,social_cs,Mixed,Mixed,C,C,[[C]],1,,answer_only_3shot,,2
9a46176a1a98461e,39b18a5c5023bed4,0b07b43c0f08f68e,SocialIQa,social_cs,Mixed,Mixed,B,B,[[B]],1,,answer_only_3shot,,2
0065b2d2ad4ac38e,26ef280e5a5d2e02,19beb86cd15f6c2e,SocialIQa,social_cs,Mixed,Mixed,C,B,[[B]],0,,answer_only_3shot,,2
de58941acc7e7135,3b25cf93631a773f,63db9490aa532246,SocialIQa,social_cs,Mixed,Mixed,A,C,[[C]],0,,answer_only_3shot,,2
f4199452f3b9107d,c63b083fef552cac,7adbcd504900f14c,SocialIQa,social_cs,Mixed,Mixed,A,A,[[A]],1,,answer_only_3shot,,2
9d0f8c62eca76ced,8650f589c05194f6,fa369f0af64e504a,SocialIQa,social_cs,Mixed,Mixed,C,C,[[C]],1,,answer_only_3shot,,2
7d071d027eab6f5f,ce46d8695af88249,e2202bae8a154ed7,SocialIQa,social_cs,Mixed,Mixed,B,B,[[B]],1,,answer_only_3shot,,2
97453c45b11b1dac,93e39a8f8b5a8006,2f9b43c3b2aeafa2,SocialIQa,social_cs,Mixed,Mixed,B,B,[[B]],1,,answer_only_3shot,,2
1b79ab7d6609a230,f32bb582f06462a9,b63b3843b686de0c,SocialIQa,social_cs,Mixed,Mixed,C,A,[[A]],0,,answer_only_3shot,,2
12c636679ea08497,c0633a62bafc30e7,9212b75e3a6a4282,SocialIQa,social_cs,Mixed,Mixed,C,C,[[C]],1,,answer_only_3shot,,2
83206582afc64daf,974c227c3a40310c,dac71b48fd20dc5c,SocialIQa,social_cs,Mixed,Mixed,B,B,[[B]],1,,answer_only_3shot,,2
f1a4d4c4212117b1,4a93836ac6aadd2b,b65da2ef5cd55a67,SocialIQa,social_cs,Mixed,Mixed,C,C,[[C]],1,,answer_only_3shot,,2
43f5fa0aa47d4c40,6396ea92f08ec209,839eed7a929f63a3,SocialIQa,social_cs,Mixed,Mixed,B,C,[[C]],0,,answer_only_3shot,,2
836e7dd084831cec,38d99ef9f2a72b6a,bf174756b9612f59,SocialIQa,social_cs,Mixed,Mixed,B,B,[[B]],1,,answer_only_3shot,,2
13d86ade74358804,a8eea4ce7bf1fda8,e9b7ac213930073d,SocialIQa,social_cs,Mixed,Mixed,C,B,[[B]],0,,answer_only_3shot,,2
4719ac9af99f03c9,f999ad25016df60e,c863206c4acb46be,SocialIQa,social_cs,Mixed,Mixed,C,B,[[B]],0,,answer_only_3shot,,2
4c9f1ff13519566a,aed9407365a8b658,8fe39b5a14313f50,SocialIQa,social_cs,Mixed,Mixed,B,B,[[B]],1,,answer_only_3shot,,2
a8d353452b79647a,cc7c27949fd62e89,38a0f123761a6cc7,SocialIQa,social_cs,Mixed,Mixed,B,B,[[B]],1,,answer_only_3shot,,2
5ec20e4d69a97878,364abf34edf0df6c,69663c78bc840e19,SocialIQa,social_cs,Mixed,Mixed,A,B,[[B]],0,,answer_only_3shot,,2
0c7aa9f184bf93cb,1245baacf4fbee64,41d0737272a8d150,SocialIQa,social_cs,Mixed,Mixed,B,B,[[B]],1,,answer_only_3shot,,2
56d7d483da241b8f,0c74f38c4e557c6a,e65debd7f228efbb,SocialIQa,social_cs,Mixed,Mixed,B,B,[[B]],1,,answer_only_3shot,,2
ac664933d9f2e280,652d783ea462eef0,26c42dd30ffa7754,SocialIQa,social_cs,Mixed,Mixed,B,B,[[B]],1,,answer_only_3shot,,2
8275253befbb34ef,b79f729c0ac4ecf3,a8bf74f32d7e35b2,SocialIQa,social_cs,Mixed,Mixed,A,A,[[A]],1,,answer_only_3shot,,2
f71b92e627c0b561,3718a78aa7d0a102,6603d8de84073e96,SocialIQa,social_cs,Mixed,Mixed,A,C,[[C]],0,,answer_only_3shot,,2
3c14917e9452e88d,954aafe38ad1097b,4c04e4c77e8e488b,SocialIQa,social_cs,Mixed,Mixed,B,B,[[B]],1,,answer_only_3shot,,2
9322fc075f0c51ac,3ac37a5becad1047,35adac1a2715bd20,SocialIQa,social_cs,Mixed,Mixed,B,A,[[A]],0,,answer_only_3shot,,2
1b58375c702a2f7d,6aa2093302fc942f,81a38f686d14f403,SocialIQa,social_cs,Mixed,Mixed,A,B,[[B]],0,,answer_only_3shot,,2
6af756bcbb69cd5e,91f20e8c1e7562a7,82cb6e12ea29e292,SocialIQa,social_cs,Mixed,Mixed,A,A,[[A]],1,,answer_only_3shot,,2
a5a31f199624ce76,f677efa8404740c6,4e4246cdf741f34c,SocialIQa,social_cs,Mixed,Mixed,B,B,[[B]],1,,answer_only_3shot,,2
571aae47c17e017b,9b34d8616e04558b,3911c15cb6dfbc83,SocialIQa,social_cs,Mixed,Mixed,A,B,[[B]],0,,answer_only_3shot,,2
825776624357e5a1,d0e4f2ad8bad53f8,e0b2fef8d6211504,SocialIQa,social_cs,Mixed,Mixed,C,A,[[A]],0,,answer_only_3shot,,2
8869c3572ee63735,085cc07d5817a879,a074bd06a7aaf90b,SocialIQa,social_cs,Mixed,Mixed,B,B,[[B]],1,,answer_only_3shot,,2
73086d139ac30872,642c245192a51ca1,14fe48ff4a2c0961,SocialIQa,social_cs,Mixed,Mixed,B,B,[[B]],1,,answer_only_3shot,,2
48b83eec6f654874,13d6753001d5727e,c1605d9a120fb64a,SocialIQa,social_cs,Mixed,Mixed,A,A,[[A]],1,,answer_only_3shot,,2
2a2b06df7a2464e4,f8ae4a0107d99099,a9223b07b9079350,SocialIQa,social_cs,Mixed,Mixed,A,A,[[A]],1,,answer_only_3shot,,2
add88537099718bd,2d4712bda74829b4,62c1ae15f5ee9124,SocialIQa,social_cs,Mixed,Mixed,A,A,[[A]],1,,answer_only_3shot,,2
23c852ad7b88e2db,79bfa0c4e4cd63af,9558c7d3290c9a81,SocialIQa,social_cs,Mixed,Mixed,B,B,[[B]],1,,answer_only_3shot,,2
24b089e24134815d,a73d5de7e72275d3,9ee666f79475e26b,SocialIQa,social_cs,Mixed,Mixed,B,A,[[A]],0,,answer_only_3shot,,2
6aa172dfd38f642c,c619dd35d38a638f,b2a9ae40ffe4fee7,SocialIQa,social_cs,Mixed,Mixed,C,C,[[C]],1,,answer_only_3shot,,2
6bd74ceee9445eb0,224ebe4dccac952c,7788f80b279d3814,SocialIQa,social_cs,Mixed,Mixed,C,C,[[C]],1,,answer_only_3shot,,2
66fa2ebe92acecee,7d81a67288ed51a1,f507c7739e568cad,SocialIQa,social_cs,Mixed,Mixed,B,B,[[B]],1,,answer_only_3shot,,2
0ab3a376f427a3fc,8b24af547b0a316d,04f87fe66d5b660d,SocialIQa,social_cs,Mixed,Mixed,B,A,[[A]],0,,answer_only_3shot,,2
fe288cf0141ef95f,3c8498691a05b85b,149eb5f82a7dae2d,SocialIQa,social_cs,Mixed,Mixed,A,A,[[A]],1,,answer_only_3shot,,2
209781e0b8737a84,9237d10f7cf231bd,618cd5ac9887a810,SocialIQa,social_cs,Mixed,Mixed,A,C,[[C]],0,,answer_only_3shot,,2
e911ebc22afd6e4a,240ec77a3137f562,5cdef437ae004b83,SocialIQa,social_cs,Mixed,Mixed,B,B,[[B]],1,,answer_only_3shot,,2
fd3e57091e190b31,24db7ad7cb021725,2580b344984f9ae8,SocialIQa,social_cs,Mixed,Mixed,C,C,[[C]],1,,answer_only_3shot,,2
61a2196dfc1f1b78,af01ac5b6527ec8b,02c47f5a0ad7ccdc,SocialIQa,social_cs,Mixed,Mixed,B,B,[[B]],1,,answer_only_3shot,,2
6988fd5a5de19315,33b16e095912b032,de650b3571bc439a,SocialIQa,social_cs,Mixed,Mixed,C,B,[[B]],0,,answer_only_3shot,,2
20b652b749a7413c,610e20f428ed431d,c94e54150eb697db,SocialIQa,social_cs,Mixed,Mixed,A,C,[[C]],0,,answer_only_3shot,,2
52697cb0384e509e,319e557fed9d48d4,5deaf3de1fa5d5a0,SocialIQa,social_cs,Mixed,Mixed,B,B,[[B]],1,,answer_only_3shot,,2
ad426b72a2d57de3,2e86bec0a29abd83,89abc46cba69d132,SocialIQa,social_cs,Mixed,Mixed,B,B,[[B]],1,,answer_only_3shot,,2
b7a3336cc669647d,cb69f2d019d01757,8d6634a47b9480da,SocialIQa,social_cs,Mixed,Mixed,C,C,[[C]],1,,answer_only_3shot,,2
210e02f647bab058,0d19def2e73bcaa0,eea05505bc50f03c,SocialIQa,social_cs,Mixed,Mixed,A,A,[[A]],1,,answer_only_3shot,,2
f83c3c28cfd72c98,fd936de03b8c28cd,dcba7d2a76657aa1,SocialIQa,social_cs,Mixed,Mixed,C,A,[[None of the above]],0,,answer_only_3shot,,2
d62ed215c5752559,8f4edf981f78fc2b,7173eec1f04e2fa5,SocialIQa,social_cs,Mixed,Mixed,A,A,[[A]],1,,answer_only_3shot,,2
50be2488d70cd1b7,fa88ccd593f6999d,9a7002b6dd2a3386,SocialIQa,social_cs,Mixed,Mixed,A,B,[[B]],0,,answer_only_3shot,,2
0bdc9f5e80c43f47,1b8c308a966dc958,21996bd3e6ff5079,SocialIQa,social_cs,Mixed,Mixed,B,B,[[B]],1,,answer_only_3shot,,2
15af5c46948e11a0,52a941e4c678ae16,da704bf4894344d7,SocialIQa,social_cs,Mixed,Mixed,B,B,[[B]],1,,answer_only_3shot,,2
970b57c1832527d0,633589d80274d311,b2b7b05e7aef744d,SocialIQa,social_cs,Mixed,Mixed,A,C,[[C]],0,,answer_only_3shot,,2
