item_id,prompt_hash,story_id,source,task,category,ability,answer,pred,raw,correct,n_options,condition,seed,exemplar_seed
d08aaa83a43f44ff,5bab7b8fb7f01161,ec41f7d7435b6093,ToMBench,Ambiguous Story Task,Intention,Intention: Intentions explanations,C,C,[[C]],1,,groupsplit_finetuned,,
ef6ecddd00b9cc60,991f41e0dc25c099,ec41f7d7435b6093,ToMBench,Ambiguous Story Task,Belief,Belief: Beliefs based action/emotions,A,A,[[A]],1,,groupsplit_finetuned,,
85cef76eb0553a4b,8e7503915f2bda1c,6bd323f7ea5c21f8,ToMBench,Ambiguous Story Task,Intention,Intention: Intentions explanations,C,B,[[B]],0,,groupsplit_finetuned,,
145ec6426365be92,ef030eb8f14d2fec,6bd323f7ea5c21f8,ToMBench,Ambiguous Story Task,Belief,Belief: Beliefs based action/emotions,B,B,[[B]],1,,groupsplit_finetuned,,
9b93b5b520a0e3b5,c9937e346fdd7e15,86b8df463ecab0eb,ToMBench,Ambiguous Story Task,Intention,Intention: Intentions explanations,B,B,[[B]],1,,groupsplit_finetuned,,
ed8c8f112b68afaa,e373f5d92c6fd565,86b8df463ecab0eb,ToMBench,Ambiguous Story Task,Belief,Belief: Beliefs based action/emotions,B,B,[[B]],1,,groupsplit_finetuned,,
4de1839083254680,85cfc348b1d590ef,50ee43c16a73f873,ToMBench,Ambiguous Story Task,Intention,Intention: Intentions explanations,B,B,[[B]],1,,groupsplit_finetuned,,
e2400aabbb292ce8,e87d6701f042b81d,50ee43c16a73f873,ToMBench,Ambiguous Story Task,Belief,Belief: Beliefs based action/emotions,A,A,[[A]],1,,groupsplit_finetuned,,
049559717c087189,c2c0e4d9677b2fa9,0a8c6fa01b33d728,ToMBench,Ambiguous Story Task,Intention,Intention: Intentions explanations,C,C,[[C]],1,,groupsplit_finetuned,,
c9c287c4903c277a,eee5a384c13d14f9,0a8c6fa01b33d728,ToMBench,Ambiguous Story Task,Belief,Belief: Beliefs based action/emotions,A,A,[[A]],1,,groupsplit_finetuned,,
d21176963b5c1f54,904cde6a53ee00e9,12485f988f159ac3,ToMBench,Ambiguous Story Task,Intention,Intention: Intentions explanations,C,C,[[C]],1,,groupsplit_finetuned,,
53a05cbb2975c238,61131bb84703e597,12485f988f159ac3,ToMBench,Ambiguous Story Task,Belief,Belief: Beliefs based action/emotions,D,B,[[B]],0,,groupsplit_finetuned,,
cde6c33b243f28e2,d5fb8c3fd25babe8,8e34fa5fe87b2209,ToMBench,Ambiguous Story Task,Intention,Intention: Intentions explanations,C,C,[[C]],1,,groupsplit_finetuned,,
e9f30cbcbf83d5f1,1a83a409d240dc53,8e34fa5fe87b2209,ToMBench,Ambiguous Story Task,Belief,Belief: Beliefs based action/emotions,A,A,[[A]],1,,groupsplit_finetuned,,
bdde767171fda2b2,ec8d0aa0c12fddac,6d7361b05ddcdba0,ToMBench,Ambiguous Story Task,Intention,Intention: Intentions explanations,D,B,[[B]],0,,groupsplit_finetuned,,
12a8a27d6110abea,551d6fac894c723a,6d7361b05ddcdba0,ToMBench,Ambiguous Story Task,Belief,Belief: Beliefs based action/emotions,C,C,[[C]],1,,groupsplit_finetuned,,
265a64a0ad59ef41,68b354ffc3e1d6fd,853e3f921bb5f571,ToMBench,Ambiguous Story Task,Intention,Intention: Intentions explanations,B,B,[[B]],1,,groupsplit_finetuned,,
b8e8069a884c9154,ccb69d63ea0fc3cb,853e3f921bb5f571,ToMBench,Ambiguous Story Task,Belief,Belief: Beliefs based action/emotions,B,B,[[B]],1,,groupsplit_finetuned,,
54a2cd54e4e59e8e,8206397db589ff1b,426883d45b4fb3f7,ToMBench,Ambiguous Story Task,Intention,Intention: Intentions explanations,C,C,[[C]],1,,groupsplit_finetuned,,
fedd6bce57fa48f5,780d2e7290660e4c,426883d45b4fb3f7,ToMBench,Ambiguous Story Task,Belief,Belief: Beliefs based action/emotions,B,B,[[B]],1,,groupsplit_finetuned,,
71e3b030f028f500,d5b532b7bb756de7,cd54af08275707c4,ToMBench,Ambiguous Story Task,Intention,Intention: Intentions explanations,C,B,[[B]],0,,groupsplit_finetuned,,
127a86fe7aa39aeb,ad284b78981c9251,cd54af08275707c4,ToMBench,Ambiguous Story Task,Belief,Belief: Beliefs based action/emotions,A,A,[[A]],1,,groupsplit_finetuned,,
1d8ed0e297583cb4,c97d77532fd8a4ce,cc43e41e768ba63b,ToMBench,Ambiguous Story Task,Intention,Intention: Intentions explanations,C,C,[[C]],1,,groupsplit_finetuned,,
25103642bd18e366,8f377b5c547c4718,cc43e41e768ba63b,ToMBench,Ambiguous Story Task,Belief,Belief: Beliefs based action/emotions,A,A,[[A]],1,,groupsplit_finetuned,,
38a99d596b739f66,988b1cb0e925cc5b,9f8af2be1d583a15,ToMBench,Ambiguous Story Task,Intention,Intention: Intentions explanations,C,C,[[C]],1,,groupsplit_finetuned,,
bd5e296a81611c87,22721e3a1371b641,9f8af2be1d583a15,ToMBench,Ambiguous Story Task,Belief,Belief: Beliefs based action/emotions,B,B,[[B]],1,,groupsplit_finetuned,,
6d247447ad7b1260,e79ce4f2e9940635,51751075455ca64e,ToMBench,Ambiguous Story Task,Intention,Intention: Intentions explanations,B,B,[[B]],1,,groupsplit_finetuned,,
ad8b2b6498433c3a,0a15ec1880d54f0f,51751075455ca64e,ToMBench,Ambiguous Story Task,Belief,Belief: Beliefs based action/emotions,C,C,[[C]],1,,groupsplit_finetuned,,
5f7393bdf74309ea,1eb638b8aa2ff7b6,13647b52a8d17420,ToMBench,Ambiguous Story Task,Intention,Intention: Intentions explanations,C,C,[[C]],1,,groupsplit_finetuned,,
251e4073e3714dd5,cb5bc616170ee596,13647b52a8d17420,ToMBench,Ambiguous Story Task,Belief,Belief: Beliefs based action/emotions,A,D,[[D]],0,,groupsplit_finetuned,,
61f95689b0a1393e,d97232d99ada4811,cdd053d09812b098,ToMBench,Ambiguous Story Task,Intention,Intention: Intentions explanations,C,A,[[A]],0,,groupsplit_finetuned,,
b4c462e308bf7bf5,d8056a5dd3b0837c,cdd053d09812b098,ToMBench,Ambiguous Story Task,Belief,Belief: Beliefs based action/emotions,B,C,[[C]],0,,groupsplit_finetuned,,
21c15943a25bfa25,c8474c33b570f21f,ff4508c6b0c56bf0,ToMBench,Ambiguous Story Task,Intention,Intention: Intentions explanations,B,B,[[B]],1,,groupsplit_finetuned,,
9a635bec75332014,126e521c935b50f9,ff4508c6b0c56bf0,ToMBench,Ambiguous Story Task,Belief,Belief: Beliefs based action/emotions,C,C,[[C]],1,,groupsplit_finetuned,,
f65c8c62a8646b7b,b736615c69660fa7,7c4acf198e5554a3,ToMBench,Ambiguous Story Task,Intention,Intention: Intentions explanations,C,C,[[C]],1,,groupsplit_finetuned,,
95d4785374c5f211,a146e6edaa1ff94b,7c4acf198e5554a3,ToMBench,Ambiguous Story Task,Belief,Belief: Beliefs based action/emotions,C,C,[[C]],1,,groupsplit_finetuned,,
a655b555a859c0c6,b928f8d35e33d0b2,f57aa75dab81a2e0,ToMBench,Ambiguous Story Task,Intention,Intention: Intentions explanations,B,C,[[C]],0,,groupsplit_finetuned,,
eab5ab2a64b5b7ac,cee35cb6e4976f9e,f57aa75dab81a2e0,ToMBench,Ambiguous Story Task,Belief,Belief: Beliefs based action/emotions,A,A,[[A]],1,,groupsplit_finetuned,,
ddcd9732920e0955,d956e09ad20e8931,d6183794f6b65289,ToMBench,Ambiguous Story Task,Intention,Intention: Intentions explanations,B,B,[[B]],1,,groupsplit_finetuned,,
e4608ad89852e393,c5affac924b4e24e,d6183794f6b65289,ToMBench,Ambiguous Story Task,Belief,Belief: Beliefs based action/emotions,D,C,[[C]],0,,groupsplit_finetuned,,
44c156d85d0b0b54,e7e8d50d00cade92,b20f0c3de1facc02,ToMBench,Ambiguous Story Task,Intention,Intention: Intentions explanations,D,D,[[D]],1,,groupsplit_finetuned,,
9188a4b6c62531b9,2e4bfdcd0344635a,b20f0c3de1facc02,ToMBench,Ambiguous Story Task,Belief,Belief: Beliefs based action/emotions,B,C,[[C]],0,,groupsplit_finetuned,,
9a52d1f3712baed6,95c15ce1bb1ae712,856d6d6261e60969,ToMBench,Ambiguous Story Task,Intention,Intention: Intentions explanations,C,C,[[C]],1,,groupsplit_finetuned,,
5a348c05ae3c9022,a755cf7b87bc94dc,856d6d6261e60969,ToMBench,Ambiguous Story Task,Belief,Belief: Beliefs based action/emotions,C,C,[[C]],1,,groupsplit_finetuned,,
aad09b9e4d34693a,564a150ce9f91922,d5558abd0fe9fec7,ToMBench,Ambiguous Story Task,Intention,Intention: Intentions explanations,B,A,[[A]],0,,groupsplit_finetuned,,
01298cfe2b412ef6,b8e5141856cd63d7,d5558abd0fe9fec7,ToMBench,Ambiguous Story Task,Belief,Belief: Beliefs based action/emotions,A,A,[[A]],1,,groupsplit_finetuned,,
421eaa78793b06e7,1b4cc3d912d5d047,45451d91c8e961a1,ToMBench,Ambiguous Story Task,Intention,Intention: Intentions explanations,D,D,[[D]],1,,groupsplit_finetuned,,
395ae24cdca34c26,3f93038af9411479,45451d91c8e961a1,ToMBench,Ambiguous Story Task,Belief,Belief: Beliefs based action/emotions,C,C,[[C]],1,,groupsplit_finetuned,,
4cad06d224c6eb03,c77a7e40024cacdf,670d7686967f661e,ToMBench,Ambiguous Story Task,Intention,Intention: Intentions explanations,B,B,[[B]],1,,groupsplit_finetuned,,
0fff4207cee34606,74f04c906cb5fef8,670d7686967f661e,ToMBench,Ambiguous Story Task,Belief,Belief: Beliefs based action/emotions,A,D,[[D]],0,,groupsplit_finetuned,,
03330981d50b8335,970416295eae1ca8,89e3ddb0f88c76e7,ToMBench,Ambiguous Story Task,Intention,Intention: Intentions explanations,D,B,[[B]],0,,groupsplit_finetuned,,
a84eab3f790dbf63,53989269e11e66e2,89e3ddb0f88c76e7,ToMBench,Ambiguous Story Task,Belief,Belief: Beliefs based action/emotions,A,B,[[B]],0,,groupsplit_finetuned,,
bd989217a417baf3,3d5547aad69ee7bc,f5212afc9915ae20,ToMBench,Ambiguous Story Task,Intention,Intention: Intentions explanations,B,B,[[B]],1,,groupsplit_finetuned,,
be52d3dc1df078b5,ec9a09c671b6f07e,f5212afc9915ae20,ToMBench,Ambiguous Story Task,Belief,Belief: Beliefs based action/emotions,C,B,[[B]],0,,groupsplit_finetuned,,
edeefc3e1ba22512,42c7463723e269a3,fc72635f65432235,ToMBench,Completion of Failed Actions,Intention,Intention: Completion of failed actions,B,A,[[A]],0,,groupsplit_finetuned,,
ccd855dafb05ea28,d66cfdf76fbe6272,ca7efb312c084728,ToMBench,Completion of Failed Actions,Intention,Intention: Completion of failed actions,A,A,[[A]],1,,groupsplit_finetuned,,
e0fb770261d70709,885455febff20a9d,597bea597fc18d6a,ToMBench,Completion of Failed Actions,Intention,Intention: Completion of failed actions,A,B,[[B]],0,,groupsplit_finetuned,,
0b153f311d7df6bd,8d1316f3adac6949,809edb9221da5c5c,ToMBench,Completion of Failed Actions,Intention,Intention: Completion of failed actions,A,D,[[D]],0,,groupsplit_finetuned,,
755fc84d2f05d776,ab3074a8a802c1af,df2c89e08273968c,ToMBench,Completion of Failed Actions,Intention,Intention: Completion of failed actions,C,A,[[A]],0,,groupsplit_finetuned,,
6012cfb15d27d8a2,76dac36ffcbff7db,6437f06330eed90b,ToMBench,Completion of Failed Actions,Intention,Intention: Completion of failed actions,D,D,[[D]],1,,groupsplit_finetuned,,
2afbcf7ac966ffa1,5f9674541210cc95,b5aca06800d15acc,ToMBench,Discrepant Desires,Desire,Desire: Discrepant desires,D,B,[[B]],0,,groupsplit_finetuned,,
2ec0d40c9bd7da4a,e7dd277964c9734f,1e6034fb6b44d172,ToMBench,Discrepant Desires,Desire,Desire: Discrepant desires,A,B,[[B]],0,,groupsplit_finetuned,,
8b1f9c18c7d751db,a4e2099142b20504,ac7d692e5b1afa7c,ToMBench,Discrepant Desires,Desire,Desire: Discrepant desires,B,C,[[C]],0,,groupsplit_finetuned,,
747194bba08272e3,d82075e59e8b1269,a4359bde54c036f0,ToMBench,Discrepant Desires,Desire,Desire: Discrepant desires,A,A,[[A]],1,,groupsplit_finetuned,,
13bc6f84538a00a4,74adba9ec92f0649,867729ad6f0ca02c,ToMBench,Discrepant Desires,Desire,Desire: Discrepant desires,C,D,[[D]],0,,groupsplit_finetuned,,
8bc06c2a9fa18249,04df432cffc3257a,e3abd36d5dafcf70,ToMBench,Discrepant Desires,Desire,Desire: Discrepant desires,C,B,[[B]],0,,groupsplit_finetuned,,
5ff5e310c195558d,1718eeb6514de04f,1ba39052b924e214,ToMBench,Discrepant Emotions,Emotion,Emotion: Discrepant emotions,C,D,[[D]],0,,groupsplit_finetuned,,
d2a507dc97ca091b,133ba2984406e319,1ba39052b924e214,ToMBench,Discrepant Emotions,Emotion,Emotion: Discrepant emotions,A,D,[[D]],0,,groupsplit_finetuned,,
0a03ebd74966f262,d1c3304a36d2a246,cc6a17388207d9d0,ToMBench,Discrepant Emotions,Emotion,Emotion: Discrepant emotions,A,B,[[B]],0,,groupsplit_finetuned,,
2378fe718ad32d63,737c899ee6e202fa,cc6a17388207d9d0,ToMBench,Discrepant Emotions,Emotion,Emotion: Discrepant emotions,D,B,[[B]],0,,groupsplit_finetuned,,
e21988df2339eb01,e59cd56a58d5e0d3,ab35902705aa1245,ToMBench,Discrepant Emotions,Emotion,Emotion: Discrepant emotions,B,D,[[D]],0,,groupsplit_finetuned,,
d82d2b850c67b291,dfc47d252002d0a0,ab35902705aa1245,ToMBench,Discrepant Emotions,Emotion,Emotion: Discrepant emotions,C,C,[[C]],1,,groupsplit_finetuned,,
1c57c5a6a99d7d34,b476009ad813875c,db1ad5ca0847f410,ToMBench,Discrepant Emotions,Emotion,Emotion: Discrepant emotions,A,A,[[A]],1,,groupsplit_finetuned,,
bcb60d4c2f923359,cc2353120120e4da,db1ad5ca0847f410,ToMBench,Discrepant Emotions,Emotion,Emotion: Discrepant emotions,D,D,[[D]],1,,groupsplit_finetuned,,
356a0b0bd48dd72f,23513ca47f24ac14,e2a145a4b14c9f97,ToMBench,Discrepant Emotions,Emotion,Emotion: Discrepant emotions,D,A,[[A]],0,,groupsplit_finetuned,,
0266ece17ab5891f,476d767383d82c46,e2a145a4b14c9f97,ToMBench,Discrepant Emotions,Emotion,Emotion: Discrepant emotions,C,C,[[C]],1,,groupsplit_finetuned,,
580869efe77b08dc,b32c565ce20fadbd,6d5fcb73935800af,ToMBench,Discrepant Emotions,Emotion,Emotion: Discrepant emotions,C,A,[[A]],0,,groupsplit_finetuned,,
b213ac8b08001f8e,5c6a09689cff6108,6d5fcb73935800af,ToMBench,Discrepant Emotions,Emotion,Emotion: Discrepant emotions,A,A,[[A]],1,,groupsplit_finetuned,,
6d89bf5212285995,0459b71c67a96683,398e05676cbe2af4,ToMBench,Discrepant Emotions,Emotion,Emotion: Discrepant emotions,C,C,[[C]],1,,groupsplit_finetuned,,
cdca13ea02f70b32,472125e2c24e0505,398e05676cbe2af4,ToMBench,Discrepant Emotions,Emotion,Emotion: Discrepant emotions,A,A,[[A]],1,,groupsplit_finetuned,,
959b123d168c0006,a6ed4fee03ea8952,de8302e1f1a43fe4,ToMBench,Discrepant Emotions,Emotion,Emotion: Discrepant emotions,D,D,[[D]],1,,groupsplit_finetuned,,
5f0f901d31eeb434,9b576675a670d981,de8302e1f1a43fe4,ToMBench,Discrepant Emotions,Emotion,Emotion: Discrepant emotions,B,B,[[B]],1,,groupsplit_finetuned,,
e91f1d7c5bf50126,77431bd5d8ea23f4,afdda81985aa72c8,ToMBench,Discrepant Emotions,Emotion,Emotion: Discrepant emotions,C,C,[[C]],1,,groupsplit_finetuned,,
d4a3bcdc9a908172,cc8d5e9a66b6afcb,afdda81985aa72c8,ToMBench,Discrepant Emotions,Emotion,Emotion: Discrepant emotions,A,A,[[A]],1,,groupsplit_finetuned,,
8b48db58959cd10b,3e3261152cdf2c64,f85db1505acc7472,ToMBench,Discrepant Intentions,Intention,Intention: Discrepant intentions,B,B,[[B]],1,,groupsplit_finetuned,,
4b93fa509179a2ac,83f7bb6e41ec0208,f85db1505acc7472,ToMBench,Discrepant Intentions,Intention,Intention: Discrepant intentions,A,A,[[A]],1,,groupsplit_finetuned,,
de760bc2683b6a5a,a5b2b515f0c9b46e,2df5a81bb6d4761e,ToMBench,Discrepant Intentions,Intention,Intention: Discrepant intentions,C,C,[[C]],1,,groupsplit_finetuned,,
56a835ebd76fe940,40ac52593d59ff89,2df5a81bb6d4761e,ToMBench,Discrepant Intentions,Intention,Intention: Discrepant intentions,B,B,[[B]],1,,groupsplit_finetuned,,
ec995c26b2734ffd,4e606c6e83b5d9ec,067e92865d1c8c3d,ToMBench,Discrepant Intentions,Intention,Intention: Discrepant intentions,C,C,[[C]],1,,groupsplit_finetuned,,
1d048f84b35341d2,8ec9069adfa0b705,067e92865d1c8c3d,ToMBench,Discrepant Intentions,Intention,Intention: Discrepant intentions,A,A,[[A]],1,,groupsplit_finetuned,,
e5269ee3f76bed0b,28990a9714a3c03b,b5297fa104b7ff5b,ToMBench,Discrepant Intentions,Intention,Intention: Discrepant intentions,C,C,[[C]],1,,groupsplit_finetuned,,
fcf43bdd24ade15f,d25969f3fff3bc6b,b5297fa104b7ff5b,ToMBench,Discrepant Intentions,Intention,Intention: Discrepant intentions,B,A,[[A]],0,,groupsplit_finetuned,,
5eb4725e403be216,ad0cb262ee0074ef,09e670af37ed38d1,ToMBench,Emotion Regulation,Emotion,Emotion: Emotion regulation,D,C,[[C]],0,,groupsplit_finetuned,,
bbbe2f36a7611f91,6110447a18da5a1a,74592f345723a0bf,ToMBench,Emotion Regulation,Emotion,Emotion: Emotion regulation,A,C,[[C]],0,,groupsplit_finetuned,,
9a8d99303148c4a0,ab893bac11d63df3,4610e5e190980b14,ToMBench,Emotion Regulation,Emotion,Emotion: Emotion regulation,B,B,[[B]],1,,groupsplit_finetuned,,
b37bb21de1ae17fa,8c2334d850f5725d,8046f733412c06b8,ToMBench,Emotion Regulation,Emotion,Emotion: Emotion regulation,C,C,[[C]],1,,groupsplit_finetuned,,
0cf8c67436096331,1ea5df157e830d8b,20b3b41d21a4e3be,ToMBench,Emotion Regulation,Emotion,Emotion: Emotion regulation,D,D,[[D]],1,,groupsplit_finetuned,,
b5d0e928250ff5fc,4e76c5c205ceb3b0,cf4c1564f1c6f5b2,ToMBench,Emotion Regulation,Emotion,Emotion: Emotion regulation,B,A,[[A]],0,,groupsplit_finetuned,,
929821ccb70f1cf9,d009226a4eb39b98,d617abf94c85c588,ToMBench,False Belief Task,Belief,Belief: Location false beliefs,A,A,[[A]],1,,groupsplit_finetuned,,
b065ee2ccabb84b8,115ff0633395e8fc,d617abf94c85c588,ToMBench,False Belief Task,Belief,Belief: Location false beliefs,B,B,[[B]],1,,groupsplit_finetuned,,
37fb8b65448eb06b,4ce6722451436a80,d617abf94c85c588,ToMBench,False Belief Task,Belief,Belief: Location false beliefs,A,A,[[A]],1,,groupsplit_finetuned,,
4a7fc23d82d35279,39746e6b032c5254,d617abf94c85c588,ToMBench,False Belief Task,Belief,Belief: Location false beliefs,D,D,[[D]],1,,groupsplit_finetuned,,
a8d011623ef87bee,5626d270a79a73cc,d617abf94c85c588,ToMBench,False Belief Task,Belief,Belief: Location false beliefs Belief: Second-order beliefs,B,B,[[B]],1,,groupsplit_finetuned,,
d7c0151e647e86f1,be280c04be761ed7,d617abf94c85c588,ToMBench,False Belief Task,Belief,Belief: Location false beliefs Belief: Second-order beliefs,B,B,[[B]],1,,groupsplit_finetuned,,
0587ca5b3ad1fe1c,8d49a8cb830b3035,5ca278fb20c2f040,ToMBench,False Belief Task,Belief,Belief: Location false beliefs,A,A,[[A]],1,,groupsplit_finetuned,,
6d31d98e0791387c,b17c22c74e4dc209,5ca278fb20c2f040,ToMBench,False Belief Task,Belief,Belief: Location false beliefs,B,B,[[B]],1,,groupsplit_finetuned,,
b7b86a2ac92cc1c9,f37196c5075f4bd8,5ca278fb20c2f040,ToMBench,False Belief Task,Belief,Belief: Location false beliefs,B,B,[[B]],1,,groupsplit_finetuned,,
d88c444bd8d7a845,208ffeb693fa658c,5ca278fb20c2f040,ToMBench,False Belief Task,Belief,Belief: Location false beliefs,B,B,[[B]],1,,groupsplit_finetuned,,
e17fbafec8470f59,af632c4008ac1dab,5ca278fb20c2f040,ToMBench,False Belief Task,Belief,Belief: Location false beliefs Belief: Second-order beliefs,D,D,[[D]],1,,groupsplit_finetuned,,
3f9d8dc782d07036,6cc9c771ad6ce57f,5ca278fb20c2f040,ToMBench,False Belief Task,Belief,Belief: Location false beliefs Belief: Second-order beliefs,C,C,[[C]],1,,groupsplit_finetuned,,
b8480d98cbe78609,d37049639f6d80f8,35cfdde87e29c7f3,ToMBench,False Belief Task,Belief,Belief: Location false beliefs,C,A,[[A]],0,,groupsplit_finetuned,,
2929358b824582fc,8916c0d664c6ef75,35cfdde87e29c7f3,ToMBench,False Belief Task,Belief,Belief: Location false beliefs,D,D,[[D]],1,,groupsplit_finetuned,,
8ca88160be4f8425,ec38d464058fc39a,35cfdde87e29c7f3,ToMBench,False Belief Task,Belief,Belief: Location false beliefs,A,C,[[C]],0,,groupsplit_finetuned,,
3be99530d2b923d4,ad1b2798706ae348,35cfdde87e29c7f3,ToMBench,False Belief Task,Belief,Belief: Location false beliefs,C,C,[[C]],1,,groupsplit_finetuned,,
bfbbe78d8f361758,06298d6000e43918,35cfdde87e29c7f3,ToMBench,False Belief Task,Belief,Belief: Location false beliefs Belief: Second-order beliefs,D,D,[[D]],1,,groupsplit_finetuned,,
0738f345d8a1f9e7,5619f2940b54d11c,35cfdde87e29c7f3,ToMBench,False Belief Task,Belief,Belief: Location false beliefs Belief: Second-order beliefs,C,C,[[C]],1,,groupsplit_finetuned,,
1e51f26f29030f11,647a0854efffb227,2a6b00033335798c,ToMBench,False Belief Task,Belief,Belief: Location false beliefs,C,C,[[C]],1,,groupsplit_finetuned,,
9b0350492c2793de,e5f73f78b0539260,2a6b00033335798c,ToMBench,False Belief Task,Belief,Belief: Location false beliefs,D,D,[[D]],1,,groupsplit_finetuned,,
9fd4fd8cc0910eb2,26fa977945bfdffe,2a6b00033335798c,ToMBench,False Belief Task,Belief,Belief: Location false beliefs,B,D,[[D]],0,,groupsplit_finetuned,,
aa9f2f39cd47e53f,9e23a15f45d2bb16,2a6b00033335798c,ToMBench,False Belief Task,Belief,Belief: Location false beliefs,C,C,[[C]],1,,groupsplit_finetuned,,
add736c616674edc,d63e9a2b38d594d3,2a6b00033335798c,ToMBench,False Belief Task,Belief,Belief: Location false beliefs Belief: Second-order beliefs,A,A,[[A]],1,,groupsplit_finetuned,,
6bc75290e662968b,332b02c747b15171,2a6b00033335798c,ToMBench,False Belief Task,Belief,Belief: Location false beliefs Belief: Second-order beliefs,A,A,[[A]],1,,groupsplit_finetuned,,
02d7d3a18bd44574,3b4c1e1d37cd39ac,c775afcdb96c5cb2,ToMBench,False Belief Task,Belief,Belief: Location false beliefs,C,C,[[C]],1,,groupsplit_finetuned,,
861f58e74da4f7f9,8884cf3eeb46ff61,c775afcdb96c5cb2,ToMBench,False Belief Task,Belief,Belief: Location false beliefs,D,D,[[D]],1,,groupsplit_finetuned,,
d0da0e65ce56f30c,91b1ddb886ec9eef,c775afcdb96c5cb2,ToMBench,False Belief Task,Belief,Belief: Location false beliefs,D,C,[[C]],0,,groupsplit_finetuned,,
cd4ca849a5c3cf52,45b50ebb6ca6bf0b,c775afcdb96c5cb2,ToMBench,False Belief Task,Belief,Belief: Location false beliefs,C,C,[[C]],1,,groupsplit_finetuned,,
f97240096c3eacd1,631d74f7bef5a589,c775afcdb96c5cb2,ToMBench,False Belief Task,Belief,Belief: Location false beliefs Belief: Second-order beliefs,C,C,[[C]],1,,groupsplit_finetuned,,
a4cdc32290d501f0,e24fb38d300ecc76,c775afcdb96c5cb2,ToMBench,False Belief Task,Belief,Belief: Location false beliefs Belief: Second-order beliefs,A,A,[[A]],1,,groupsplit_finetuned,,
e47361acd08ac2f3,6d3c1cfed323d862,c47dc391e020a880,ToMBench,False Belief Task,Belief,Belief: Location false beliefs,B,B,[[B]],1,,groupsplit_finetuned,,
0ea3954d62b2bc86,b4fc75788c13cfe1,c47dc391e020a880,ToMBench,False Belief Task,Belief,Belief: Location false beliefs,A,A,[[A]],1,,groupsplit_finetuned,,
bfa232cf9dc2a7e3,8af5cf9b61196180,c47dc391e020a880,ToMBench,False Belief Task,Belief,Belief: Location false beliefs,B,B,[[B]],1,,groupsplit_finetuned,,
767efbc674052876,5f6dc89bb2f8d094,c47dc391e020a880,ToMBench,False Belief Task,Belief,Belief: Location false beliefs,A,A,[[A]],1,,groupsplit_finetuned,,
1ab3c21d5e959615,944a5b40d227fc53,c47dc391e020a880,ToMBench,False Belief Task,Belief,Belief: Location false beliefs Belief: Second-order beliefs,A,A,[[A]],1,,groupsplit_finetuned,,
4f83526a7bdf33aa,f500191ef6a2f62d,c47dc391e020a880,ToMBench,False Belief Task,Belief,Belief: Location false beliefs Belief: Second-order beliefs,C,A,[[A]],0,,groupsplit_finetuned,,
21fbf5e70163795d,34419db84c527f78,2a1b5affcb737fb4,ToMBench,False Belief Task,Belief,Belief: Location false beliefs,D,D,[[D]],1,,groupsplit_finetuned,,
82339900a8ebe63b,7557eb7c2fa9ddc8,2a1b5affcb737fb4,ToMBench,False Belief Task,Belief,Belief: Location false beliefs,A,A,[[A]],1,,groupsplit_finetuned,,
c1c0ceb914af6149,7e66db6317452746,2a1b5affcb737fb4,ToMBench,False Belief Task,Belief,Belief: Location false beliefs,D,D,[[D]],1,,groupsplit_finetuned,,
4bfbd042aec0d7a6,3d9aacecf9905f14,2a1b5affcb737fb4,ToMBench,False Belief Task,Belief,Belief: Location false beliefs,A,A,[[A]],1,,groupsplit_finetuned,,
fd73468103f04cb5,fd9501d5404db662,2a1b5affcb737fb4,ToMBench,False Belief Task,Belief,Belief: Location false beliefs Belief: Second-order beliefs,B,B,[[B]],1,,groupsplit_finetuned,,
768b3928446e81e9,965874d479f38038,2a1b5affcb737fb4,ToMBench,False Belief Task,Belief,Belief: Location false beliefs Belief: Second-order beliefs,D,A,[[A]],0,,groupsplit_finetuned,,
4dd04217079aad06,6544120b4553f0ec,f947f854d880bb22,ToMBench,False Belief Task,Belief,Belief: Location false beliefs,C,C,[[C]],1,,groupsplit_finetuned,,
41911618156e6332,03d328c5c99143ec,f947f854d880bb22,ToMBench,False Belief Task,Belief,Belief: Location false beliefs,C,C,[[C]],1,,groupsplit_finetuned,,
27fa7a76434fd324,6d76302515ba934c,f947f854d880bb22,ToMBench,False Belief Task,Belief,Belief: Location false beliefs,A,A,[[A]],1,,groupsplit_finetuned,,
7b6ba118369bef6f,a08e9e46f500f6f9,f947f854d880bb22,ToMBench,False Belief Task,Belief,Belief: Location false beliefs,A,A,[[A]],1,,groupsplit_finetuned,,
6b219b254a1bfec0,d7d0f07bacd1b4dc,f947f854d880bb22,ToMBench,False Belief Task,Belief,Belief: Location false beliefs Belief: Second-order beliefs,B,B,[[B]],1,,groupsplit_finetuned,,
5682b330c733b43f,9f608f7818e99a86,f947f854d880bb22,ToMBench,False Belief Task,Belief,Belief: Location false beliefs Belief: Second-order beliefs,B,B,[[B]],1,,groupsplit_finetuned,,
d5eb10ea8940b54c,5f0357d540944d2a,0ecee7128a4396c7,ToMBench,False Belief Task,Belief,Belief: Location false beliefs,B,B,[[B]],1,,groupsplit_finetuned,,
c48a2a48e1442d8f,aa0b67f8a08a5093,0ecee7128a4396c7,ToMBench,False Belief Task,Belief,Belief: Location false beliefs,C,C,[[C]],1,,groupsplit_finetuned,,
433f571c8b68c15a,ab31ce1560abdf5d,0ecee7128a4396c7,ToMBench,False Belief Task,Belief,Belief: Location false beliefs,A,B,[[B]],0,,groupsplit_finetuned,,
72c14a096f9d37c3,f1d7a0a7f09c420b,0ecee7128a4396c7,ToMBench,False Belief Task,Belief,Belief: Location false beliefs,A,A,[[A]],1,,groupsplit_finetuned,,
f15faed3d06b5996,a3920ca77abf4c26,0ecee7128a4396c7,ToMBench,False Belief Task,Belief,Belief: Location false beliefs Belief: Second-order beliefs,A,A,[[A]],1,,groupsplit_finetuned,,
fbec275d534e404c,e52b83c3dd201094,0ecee7128a4396c7,ToMBench,False Belief Task,Belief,Belief: Location false beliefs Belief: Second-order beliefs,A,A,[[A]],1,,groupsplit_finetuned,,
645d028492ec8658,1dd227d8874a87e5,5f8e4a2ad6db40e4,ToMBench,False Belief Task,Belief,Belief: Location false beliefs,B,B,[[B]],1,,groupsplit_finetuned,,
1244e5b08d189209,fcdb7ffe48017225,5f8e4a2ad6db40e4,ToMBench,False Belief Task,Belief,Belief: Location false beliefs,A,A,[[A]],1,,groupsplit_finetuned,,
6ea3c451fcdcadfe,bbac0a852bbfabb1,5f8e4a2ad6db40e4,ToMBench,False Belief Task,Belief,Belief: Location false beliefs,A,B,[[B]],0,,groupsplit_finetuned,,
0d46ea24dce0e808,12e7c1ff8a3b234c,5f8e4a2ad6db40e4,ToMBench,False Belief Task,Belief,Belief: Location false beliefs,D,D,[[D]],1,,groupsplit_finetuned,,
9a1511914ab3ad7f,7182f02f33f5b9ce,5f8e4a2ad6db40e4,ToMBench,False Belief Task,Belief,Belief: Location false beliefs Belief: Second-order beliefs,C,C,[[C]],1,,groupsplit_finetuned,,
ab3f264ac74a11e3,a0be5d86f00fd658,5f8e4a2ad6db40e4,ToMBench,False Belief Task,Belief,Belief: Location false beliefs Belief: Second-order beliefs,B,B,[[B]],1,,groupsplit_finetuned,,
9ecc3dbb0d92a1ae,fa02d6826314e800,4e277606bc962852,ToMBench,False Belief Task,Belief,Belief: Location false beliefs,B,B,[[B]],1,,groupsplit_finetuned,,
0527bf3bb6a15988,93404656648a2ead,4e277606bc962852,ToMBench,False Belief Task,Belief,Belief: Location false beliefs,B,B,[[B]],1,,groupsplit_finetuned,,
f3cdc735806f42b5,37ec649c23f66bd3,4e277606bc962852,ToMBench,False Belief Task,Belief,Belief: Location false beliefs,A,A,[[A]],1,,groupsplit_finetuned,,
8bb08fb768a5c7cc,034c3d1b9f0ab48d,4e277606bc962852,ToMBench,False Belief Task,Belief,Belief: Location false beliefs,D,A,[[A]],0,,groupsplit_finetuned,,
e2e17ae322fc3cad,e2f523cbdc347042,4e277606bc962852,ToMBench,False Belief Task,Belief,Belief: Location false beliefs Belief: Second-order beliefs,B,B,[[B]],1,,groupsplit_finetuned,,
d24e2f5a731b72e6,01d635ab1d10c06d,4e277606bc962852,ToMBench,False Belief Task,Belief,Belief: Location false beliefs Belief: Second-order beliefs,A,A,[[A]],1,,groupsplit_finetuned,,
4404efbd4701fe3f,1d074ed788a54c4e,3c308ef048bd29b3,ToMBench,False Belief Task,Belief,Belief: Content false beliefs,B,B,[[B]],1,,groupsplit_finetuned,,
7f40c1a1c8022980,fecdaed0201bd7f1,3c308ef048bd29b3,ToMBench,False Belief Task,Belief,Belief: Content false beliefs,A,A,[[A]],1,,groupsplit_finetuned,,
338fb4621017ea45,b2e637e32d3143b8,3c308ef048bd29b3,ToMBench,False Belief Task,Belief,Belief: Content false beliefs,C,D,[[D]],0,,groupsplit_finetuned,,
10e3663560732d36,9d098457522221da,3c308ef048bd29b3,ToMBench,False Belief Task,Belief,Belief: Content false beliefs,A,A,[[A]],1,,groupsplit_finetuned,,
b59d33fd1ac2583e,4bfffbf856f3efac,3c308ef048bd29b3,ToMBench,False Belief Task,Belief,Belief: Content false beliefs Belief: Second-order beliefs,A,A,[[A]],1,,groupsplit_finetuned,,
a61bffc85dd5a716,5908f5ef2d1bec03,3c308ef048bd29b3,ToMBench,False Belief Task,Belief,Belief: Content false beliefs Belief: Second-order beliefs,A,A,[[A]],1,,groupsplit_finetuned,,
8c60bdac74071806,753024e700e0d736,b677d8b9be87d0b9,ToMBench,False Belief Task,Belief,Belief: Content false beliefs,A,A,[[A]],1,,groupsplit_finetuned,,
1f763bdbfbde2a42,ba0763947bada6d1,b677d8b9be87d0b9,ToMBench,False Belief Task,Belief,Belief: Content false beliefs,B,B,[[B]],1,,groupsplit_finetuned,,
fd06459019030d93,3ee92f95c4a4ed96,b677d8b9be87d0b9,ToMBench,False Belief Task,Belief,Belief: Content false beliefs,B,A,[[A]],0,,groupsplit_finetuned,,
35b6f199924dfd66,4f349fdd644c19ce,b677d8b9be87d0b9,ToMBench,False Belief Task,Belief,Belief: Content false beliefs,D,D,[[D]],1,,groupsplit_finetuned,,
1a19ff936b60a4e6,1bb6a18395661d75,b677d8b9be87d0b9,ToMBench,False Belief Task,Belief,Belief: Content false beliefs Belief: Second-order beliefs,C,C,[[C]],1,,groupsplit_finetuned,,
9a288291873ef7ae,4f6cece84c958e10,b677d8b9be87d0b9,ToMBench,False Belief Task,Belief,Belief: Content false beliefs Belief: Second-order beliefs,B,B,[[B]],1,,groupsplit_finetuned,,
97cfb08af833ecd2,92efbf7062c7f78d,83298e947eb6bb8b,ToMBench,False Belief Task,Belief,Belief: Content false beliefs,D,D,[[D]],1,,groupsplit_finetuned,,
712919985caa4c4c,5b0a76a65cd65124,83298e947eb6bb8b,ToMBench,False Belief Task,Belief,Belief: Content false beliefs,A,A,[[A]],1,,groupsplit_finetuned,,
86bda627486e7f93,3583b104a8eccedb,83298e947eb6bb8b,ToMBench,False Belief Task,Belief,Belief: Content false beliefs,A,A,[[A]],1,,groupsplit_finetuned,,
0385b6d6f2308110,0b834b589633b83c,83298e947eb6bb8b,ToMBench,False Belief Task,Belief,Belief: Content false beliefs,C,C,[[C]],1,,groupsplit_finetuned,,
7b7861300737bc7a,cc4b6f9f162878b6,83298e947eb6bb8b,ToMBench,False Belief Task,Belief,Belief: Content false beliefs Belief: Second-order beliefs,C,C,[[C]],1,,groupsplit_finetuned,,
849868c85dc7f8a2,f4fe37ee9d61dd71,83298e947eb6bb8b,ToMBench,False Belief Task,Belief,Belief: Content false beliefs Belief: Second-order beliefs,C,C,[[C]],1,,groupsplit_finetuned,,
ac83a572583bdbf0,288d1ecbb37bb45d,ce3975e9985af33e,ToMBench,False Belief Task,Belief,Belief: Content false beliefs,B,B,[[B]],1,,groupsplit_finetuned,,
8f61eef496ae68bb,be8ab6b00b7963f3,ce3975e9985af33e,ToMBench,False Belief Task,Belief,Belief: Content false beliefs,A,A,[[A]],1,,groupsplit_finetuned,,
ad7121b1ff5a81e0,da3d1c004246dff6,ce3975e9985af33e,ToMBench,False Belief Task,Belief,Belief: Content false beliefs,A,A,[[A]],1,,groupsplit_finetuned,,
98722a175f854754,fa278d4626dcc192,ce3975e9985af33e,ToMBench,False Belief Task,Belief,Belief: Content false beliefs,B,C,[[C]],0,,groupsplit_finetuned,,
9b22104e5d7ea566,cb386da24e1beaf4,ce3975e9985af33e,ToMBench,False Belief Task,Belief,Belief: Content false beliefs Belief: Second-order beliefs,D,D,[[D]],1,,groupsplit_finetuned,,
8d4fa6717aa3d931,7eefd491b0850513,ce3975e9985af33e,ToMBench,False Belief Task,Belief,Belief: Content false beliefs Belief: Second-order beliefs,C,C,[[C]],1,,groupsplit_finetuned,,
20b3b6abfe884a9d,f15484204b5d0892,e27a1f7501d99d9a,ToMBench,False Belief Task,Belief,Belief: Content false beliefs,C,C,[[C]],1,,groupsplit_finetuned,,
b8a424d99fc859dd,0ba911829693989b,e27a1f7501d99d9a,ToMBench,False Belief Task,Belief,Belief: Content false beliefs,B,B,[[B]],1,,groupsplit_finetuned,,
2870f340ed8a4ec1,4075355c09ea4a5c,e27a1f7501d99d9a,ToMBench,False Belief Task,Belief,Belief: Content false beliefs,B,A,[[A]],0,,groupsplit_finetuned,,
1c224d7bdbf7355c,f9067264530530ff,e27a1f7501d99d9a,ToMBench,False Belief Task,Belief,Belief: Content false beliefs,A,D,[[D]],0,,groupsplit_finetuned,,
d1f861bc5d623a8c,41555f43e6ae8d5b,e27a1f7501d99d9a,ToMBench,False Belief Task,Belief,Belief: Content false beliefs Belief: Second-order beliefs,B,B,[[B]],1,,groupsplit_finetuned,,
a22ee8c38de848ac,7c39bcca3b16bbdc,e27a1f7501d99d9a,ToMBench,False Belief Task,Belief,Belief: Content false beliefs Belief: Second-order beliefs,A,A,[[A]],1,,groupsplit_finetuned,,
f9927ea74763cdba,054ccc2605d87c7e,46deffeb539e4a2a,ToMBench,False Belief Task,Belief,Belief: Content false beliefs,C,C,[[C]],1,,groupsplit_finetuned,,
0bc7f71bedcdd259,120155fb0151d9fe,46deffeb539e4a2a,ToMBench,False Belief Task,Belief,Belief: Content false beliefs,D,D,[[D]],1,,groupsplit_finetuned,,
ca1df3def5c62de2,e3f5f6b6ab496456,46deffeb539e4a2a,ToMBench,False Belief Task,Belief,Belief: Content false beliefs,C,C,[[C]],1,,groupsplit_finetuned,,
28f4612812c935cf,5d626e0405508d75,46deffeb539e4a2a,ToMBench,False Belief Task,Belief,Belief: Content false beliefs,C,C,[[C]],1,,groupsplit_finetuned,,
44a307087de2160a,ffa64bd9c60bfa34,46deffeb539e4a2a,ToMBench,False Belief Task,Belief,Belief: Content false beliefs Belief: Second-order beliefs,A,A,[[A]],1,,groupsplit_finetuned,,
fb50ef93c4ab439c,a6479c80d25611da,46deffeb539e4a2a,ToMBench,False Belief Task,Belief,Belief: Content false beliefs Belief: Second-order beliefs,B,B,[[B]],1,,groupsplit_finetuned,,
0d2d2f34d06e1abc,40e929740ef2a8ea,5c62c3279ab5168a,ToMBench,False Belief Task,Belief,Belief: Content false beliefs,B,B,[[B]],1,,groupsplit_finetuned,,
8e55cbaee744df1c,97dbf20872cb5be9,5c62c3279ab5168a,ToMBench,False Belief Task,Belief,Belief: Content false beliefs,B,B,[[B]],1,,groupsplit_finetuned,,
968ea3088e08ff30,269dec2d03f100be,5c62c3279ab5168a,ToMBench,False Belief Task,Belief,Belief: Content false beliefs,A,B,[[B]],0,,groupsplit_finetuned,,
691bacee21bb30ee,2bb49bd363ba0c96,5c62c3279ab5168a,ToMBench,False Belief Task,Belief,Belief: Content false beliefs,D,D,[[D]],1,,groupsplit_finetuned,,
88eceeffd5ecef66,1de0f45d9932414f,5c62c3279ab5168a,ToMBench,False Belief Task,Belief,Belief: Content false beliefs Belief: Second-order beliefs,C,C,[[C]],1,,groupsplit_finetuned,,
b07348ed4ffe93e1,00d25f3402ec151c,5c62c3279ab5168a,ToMBench,False Belief Task,Belief,Belief: Content false beliefs Belief: Second-order beliefs,C,C,[[C]],1,,groupsplit_finetuned,,
d57bf32b9497db5b,bdf58e540be5c7a7,17e164ee3687f5a7,ToMBench,False Belief Task,Belief,Belief: Content false beliefs,D,D,[[D]],1,,groupsplit_finetuned,,
fd3343def2b6a385,0ce29ab81f077888,17e164ee3687f5a7,ToMBench,False Belief Task,Belief,Belief: Content false beliefs,C,C,[[C]],1,,groupsplit_finetuned,,
f0e1f96761b2e9c2,a4c9b6609d35d897,17e164ee3687f5a7,ToMBench,False Belief Task,Belief,Belief: Content false beliefs,C,B,[[B]],0,,groupsplit_finetuned,,
24924c16550f2109,a5c75366d78641c0,17e164ee3687f5a7,ToMBench,False Belief Task,Belief,Belief: Content false beliefs,A,A,[[A]],1,,groupsplit_finetuned,,
bcef6d1514ac0f12,d7e4f39b1c3ecdc1,17e164ee3687f5a7,ToMBench,False Belief Task,Belief,Belief: Content false beliefs Belief: Second-order beliefs,B,B,[[B]],1,,groupsplit_finetuned,,
8b3fec63ce61a240,1fee8328d0220baf,17e164ee3687f5a7,ToMBench,False Belief Task,Belief,Belief: Content false beliefs Belief: Second-order beliefs,A,A,[[A]],1,,groupsplit_finetuned,,
96b69f06d333ebb6,0b52c504137debb8,a51852759de9d81c,ToMBench,False Belief Task,Belief,Belief: Content false beliefs,A,A,[[A]],1,,groupsplit_finetuned,,
865be69ae569a3d4,d71707532dfe66a3,a51852759de9d81c,ToMBench,False Belief Task,Belief,Belief: Content false beliefs,A,A,[[A]],1,,groupsplit_finetuned,,
8eafcbc33e38a4b7,3f7a95abb89ca605,a51852759de9d81c,ToMBench,False Belief Task,Belief,Belief: Content false beliefs,A,D,[[D]],0,,groupsplit_finetuned,,
59f23d85597076bd,f459e4989f897050,a51852759de9d81c,ToMBench,False Belief Task,Belief,Belief: Content false beliefs,C,C,[[C]],1,,groupsplit_finetuned,,
ded2ae9fd0f9da11,ebe0aec5694878dd,a51852759de9d81c,ToMBench,False Belief Task,Belief,Belief: Content false beliefs Belief: Second-order beliefs,C,C,[[C]],1,,groupsplit_finetuned,,
0e2848222a55ee56,4eb162520791cee7,a51852759de9d81c,ToMBench,False Belief Task,Belief,Belief: Content false beliefs Belief: Second-order beliefs,A,A,[[A]],1,,groupsplit_finetuned,,
e9c400be426975a5,5d1c305a87a3af56,65efa8e6032d98c5,ToMBench,False Belief Task,Belief,Belief: Content false beliefs,C,C,[[C]],1,,groupsplit_finetuned,,
f4a5ad9d70c13b4b,c52aec5a9a923a45,65efa8e6032d98c5,ToMBench,False Belief Task,Belief,Belief: Content false beliefs,C,C,[[C]],1,,groupsplit_finetuned,,
beeb3fe5ae8e7448,912456ccd6b029e9,65efa8e6032d98c5,ToMBench,False Belief Task,Belief,Belief: Content false beliefs,A,A,[[A]],1,,groupsplit_finetuned,,
b2cdfcc65a9d5ff6,2cdfaa6115e0274a,65efa8e6032d98c5,ToMBench,False Belief Task,Belief,Belief: Content false beliefs,A,B,[[B]],0,,groupsplit_finetuned,,
937677000341aac6,abc7cdcc234c46a0,65efa8e6032d98c5,ToMBench,False Belief Task,Belief,Belief: Content false beliefs Belief: Second-order beliefs,A,A,[[A]],1,,groupsplit_finetuned,,
b22ef6dfef99002f,4cb28c56e615420a,65efa8e6032d98c5,ToMBench,False Belief Task,Belief,Belief: Content false beliefs Belief: Second-order beliefs,A,A,[[A]],1,,groupsplit_finetuned,,
23ea4d2f6789d16b,1fa343a1d477b124,53dfdf5d7d94ff74,ToMBench,False Belief Task,Belief,Belief: Content false beliefs,C,C,[[C]],1,,groupsplit_finetuned,,
618980a34f114e61,74c8bffeb4fd3de9,53dfdf5d7d94ff74,ToMBench,False Belief Task,Belief,Belief: Content false beliefs,C,C,[[C]],1,,groupsplit_finetuned,,
3459816003acc3c4,0507b20e000b98e5,53dfdf5d7d94ff74,ToMBench,False Belief Task,Belief,Belief: Content false beliefs,A,D,[[D]],0,,groupsplit_finetuned,,
06c3d24a4a605ecc,13f6c0dec26f796d,53dfdf5d7d94ff74,ToMBench,False Belief Task,Belief,Belief: Content false beliefs,A,D,[[D]],0,,groupsplit_finetuned,,
d9b07bb22c4e99b3,985beda87c7a554c,53dfdf5d7d94ff74,ToMBench,False Belief Task,Belief,Belief: Content false beliefs Belief: Second-order beliefs,A,A,[[A]],1,,groupsplit_finetuned,,
d70e6a507e559bed,005446b9bbec2611,53dfdf5d7d94ff74,ToMBench,False Belief Task,Belief,Belief: Content false beliefs Belief: Second-order beliefs,A,A,[[A]],1,,groupsplit_finetuned,,
6a15c0baeebadbc1,a007b5b4e844d1d0,cfc663e773291b8e,ToMBench,False Belief Task,Belief,Belief: Content false beliefs,C,C,[[C]],1,,groupsplit_finetuned,,
744ba71f8dfb2cf7,44fc745fc4083e45,cfc663e773291b8e,ToMBench,False Belief Task,Belief,Belief: Content false beliefs,C,C,[[C]],1,,groupsplit_finetuned,,
908898f5fe2baa1e,29094c964e59f80f,cfc663e773291b8e,ToMBench,False Belief Task,Belief,Belief: Content false beliefs,B,B,[[B]],1,,groupsplit_finetuned,,
d973253ed464d258,d2063ecb2f3c78ec,cfc663e773291b8e,ToMBench,False Belief Task,Belief,Belief: Content false beliefs,C,B,[[B]],0,,groupsplit_finetuned,,
4050d52b1c7b50ee,8e3c085989232654,cfc663e773291b8e,ToMBench,False Belief Task,Belief,Belief: Content false beliefs Belief: Second-order beliefs,B,B,[[B]],1,,groupsplit_finetuned,,
b834cad5a8c91085,13732639b0c843bb,cfc663e773291b8e,ToMBench,False Belief Task,Belief,Belief: Content false beliefs Belief: Second-order beliefs,D,D,[[D]],1,,groupsplit_finetuned,,
e4cb1d5b2c074370,c65c2bbe102d8014,f0b620bbf970bdbd,ToMBench,False Belief Task,Belief,Belief: Content false beliefs,C,C,[[C]],1,,groupsplit_finetuned,,
471ac4528ebce877,5a61b3d2c6b0c13a,f0b620bbf970bdbd,ToMBench,False Belief Task,Belief,Belief: Content false beliefs,C,C,[[C]],1,,groupsplit_finetuned,,
0a949a0544a922ae,186006cf6d3a8bc4,f0b620bbf970bdbd,ToMBench,False Belief Task,Belief,Belief: Content false beliefs,C,B,[[B]],0,,groupsplit_finetuned,,
dd8cebb6f4d1ee18,3b0e33522bc81d5f,f0b620bbf970bdbd,ToMBench,False Belief Task,Belief,Belief: Content false beliefs,C,B,[[B]],0,,groupsplit_finetuned,,
bbb6941cd4eb8d51,1c4382d6dda22209,f0b620bbf970bdbd,ToMBench,False Belief Task,Belief,Belief: Content false beliefs Belief: Second-order beliefs,B,B,[[B]],1,,groupsplit_finetuned,,
73fbf779bd9b34b8,d6bef503c7a4b2f9,f0b620bbf970bdbd,ToMBench,False Belief Task,Belief,Belief: Content false beliefs Belief: Second-order beliefs,A,A,[[A]],1,,groupsplit_finetuned,,
dbadb8b72b47ff6b,a523086566222d8e,d61f0d6bb7267b85,ToMBench,Faux-pas Recognition Test,Non-Literal Communication,Non-Literal Communication: Faux pas,A,A,[[A]],1,,groupsplit_finetuned,,
db0c2f9dcc0c47e7,e78205c370f25a1c,d61f0d6bb7267b85,ToMBench,Faux-pas Recognition Test,Non-Literal Communication,Non-Literal Communication: Faux pas,A,D,[[D]],0,,groupsplit_finetuned,,
41fd2ffc84c5bc50,43d800a02729076c,d61f0d6bb7267b85,ToMBench,Faux-pas Recognition Test,Non-Literal Communication,Non-Literal Communication: Faux pas,C,C,[[C]],1,,groupsplit_finetuned,,
e988fdb2e713f7cb,a867e9d41038c869,d61f0d6bb7267b85,ToMBench,Faux-pas Recognition Test,Non-Literal Communication,Non-Literal Communication: Faux pas,B,B,[[B]],1,,groupsplit_finetuned,,
89643480a7ab0b4d,b862e40ffbff12ae,7a4f15a369e8b8b5,ToMBench,Faux-pas Recognition Test,Non-Literal Communication,Non-Literal Communication: Faux pas,B,B,[[B]],1,,groupsplit_finetuned,,
1af4a782b056c92a,2fd7ddd8e7734052,7a4f15a369e8b8b5,ToMBench,Faux-pas Recognition Test,Non-Literal Communication,Non-Literal Communication: Faux pas,D,A,[[A]],0,,groupsplit_finetuned,,
cae7a703f0a3cd89,60a2ad6552daf8ef,7a4f15a369e8b8b5,ToMBench,Faux-pas Recognition Test,Non-Literal Communication,Non-Literal Communication: Faux pas,C,C,[[C]],1,,groupsplit_finetuned,,
5daae91392ebd8af,7907a9c92ef297fd,7a4f15a369e8b8b5,ToMBench,Faux-pas Recognition Test,Non-Literal Communication,Non-Literal Communication: Faux pas,A,B,[[B]],0,,groupsplit_finetuned,,
36914ec71b17a678,ed1f9787639aa5de,1b24f9ffd232750e,ToMBench,Faux-pas Recognition Test,Non-Literal Communication,Non-Literal Communication: Faux pas,B,B,[[B]],1,,groupsplit_finetuned,,
5c515ad0c0312ce9,c0203f58f4948bc5,1b24f9ffd232750e,ToMBench,Faux-pas Recognition Test,Non-Literal Communication,Non-Literal Communication: Faux pas,D,D,[[D]],1,,groupsplit_finetuned,,
3e7ff355b65399e3,0fe7e7226a812bfd,1b24f9ffd232750e,ToMBench,Faux-pas Recognition Test,Non-Literal Communication,Non-Literal Communication: Faux pas,B,B,[[B]],1,,groupsplit_finetuned,,
4e66ea19c7220380,76ae1813f9407908,1b24f9ffd232750e,ToMBench,Faux-pas Recognition Test,Non-Literal Communication,Non-Literal Communication: Faux pas,A,A,[[A]],1,,groupsplit_finetuned,,
61dce5f3eb04d0fa,55b62ad12f973902,8a86fbba421d321d,ToMBench,Faux-pas Recognition Test,Non-Literal Communication,Non-Literal Communication: Faux pas,B,B,[[B]],1,,groupsplit_finetuned,,
cf6e840e7f500335,58eff8a52509ccc3,8a86fbba421d321d,ToMBench,Faux-pas Recognition Test,Non-Literal Communication,Non-Literal Communication: Faux pas,D,D,[[D]],1,,groupsplit_finetuned,,
29a85f5263f08012,55315c92cc5a8db5,8a86fbba421d321d,ToMBench,Faux-pas Recognition Test,Non-Literal Communication,Non-Literal Communication: Faux pas,B,B,[[B]],1,,groupsplit_finetuned,,
0a44bbc195107fc3,2c26f38d666a3b20,8a86fbba421d321d,ToMBench,Faux-pas Recognition Test,Non-Literal Communication,Non-Literal Communication: Faux pas,A,B,[[B]],0,,groupsplit_finetuned,,
ed21fbed0f81944a,3b6041a0e0e5ba75,7683dad89fe03999,ToMBench,Faux-pas Recognition Test,Non-Literal Communication,Non-Literal Communication: Faux pas,B,A,[[A]],0,,groupsplit_finetuned,,
401072c2943ac833,25975372f527f682,7683dad89fe03999,ToMBench,Faux-pas Recognition Test,Non-Literal Communication,Non-Literal Communication: Faux pas,D,D,[[D]],1,,groupsplit_finetuned,,
b89eee8351771c44,3436f54f9c44247f,7683dad89fe03999,ToMBench,Faux-pas Recognition Test,Non-Literal Communication,Non-Literal Communication: Faux pas,C,C,[[C]],1,,groupsplit_finetuned,,
5d5911a56430079c,99b0fcff9db2dc46,7683dad89fe03999,ToMBench,Faux-pas Recognition Test,Non-Literal Communication,Non-Literal Communication: Faux pas,A,B,[[B]],0,,groupsplit_finetuned,,
7cbd43380dc69b1d,535e8638d473750d,b1f4a24fe978413d,ToMBench,Faux-pas Recognition Test,Non-Literal Communication,Non-Literal Communication: Faux pas,A,A,[[A]],1,,groupsplit_finetuned,,
8c6cdec9732bd9ab,f2a390f3b4f5647f,b1f4a24fe978413d,ToMBench,Faux-pas Recognition Test,Non-Literal Communication,Non-Literal Communication: Faux pas,A,A,[[A]],1,,groupsplit_finetuned,,
7ae3751e1c9f4b80,3d46b44598d5f6da,b1f4a24fe978413d,ToMBench,Faux-pas Recognition Test,Non-Literal Communication,Non-Literal Communication: Faux pas,A,A,[[A]],1,,groupsplit_finetuned,,
e3c6833e7422e0d1,4938f15d5523aa67,b1f4a24fe978413d,ToMBench,Faux-pas Recognition Test,Non-Literal Communication,Non-Literal Communication: Faux pas,B,B,[[B]],1,,groupsplit_finetuned,,
313a96a8d6b22e65,66e52c33e6f9457a,b2e77bfc624b490f,ToMBench,Faux-pas Recognition Test,Non-Literal Communication,Non-Literal Communication: Faux pas,A,A,[[A]],1,,groupsplit_finetuned,,
01e2dc51a8f1da3e,f5f99bfaf1007afa,b2e77bfc624b490f,ToMBench,Faux-pas Recognition Test,Non-Literal Communication,Non-Literal Communication: Faux pas,B,D,[[D]],0,,groupsplit_finetuned,,
cd5f8a811d8d3043,41311a9b75a3c480,b2e77bfc624b490f,ToMBench,Faux-pas Recognition Test,Non-Literal Communication,Non-Literal Communication: Faux pas,A,A,[[A]],1,,groupsplit_finetuned,,
7228ca69bd475305,157a24bc90c03373,b2e77bfc624b490f,ToMBench,Faux-pas Recognition Test,Non-Literal Communication,Non-Literal Communication: Faux pas,B,B,[[B]],1,,groupsplit_finetuned,,
cee12879c03163dc,0b70feb342a278aa,368361c242083d63,ToMBench,Faux-pas Recognition Test,Non-Literal Communication,Non-Literal Communication: Faux pas,B,B,[[B]],1,,groupsplit_finetuned,,
b5e4556a851f97a5,37da75e35d9e2ab0,368361c242083d63,ToMBench,Faux-pas Recognition Test,Non-Literal Communication,Non-Literal Communication: Faux pas,D,D,[[D]],1,,groupsplit_finetuned,,
da4ab5b501fe2b70,3ed54a45ec855065,368361c242083d63,ToMBench,Faux-pas Recognition Test,Non-Literal Communication,Non-Literal Communication: Faux pas,A,A,[[A]],1,,groupsplit_finetuned,,
b73d757a283bb693,ebe90ca79cdc9596,7b1f89fccd529702,ToMBench,Faux-pas Recognition Test,Non-Literal Communication,Non-Literal Communication: Faux pas,B,B,[[B]],1,,groupsplit_finetuned,,
2c2a987335245b87,a6b7feabe7e5aaed,7b1f89fccd529702,ToMBench,Faux-pas Recognition Test,Non-Literal Communication,Non-Literal Communication: Faux pas,D,D,[[D]],1,,groupsplit_finetuned,,
f0f2368c2ba0838f,f25e62bfb470b812,7b1f89fccd529702,ToMBench,Faux-pas Recognition Test,Non-Literal Communication,Non-Literal Communication: Faux pas,A,A,[[A]],1,,groupsplit_finetuned,,
46638be4f8298349,24a80d765990a680,7b1f89fccd529702,ToMBench,Faux-pas Recognition Test,Non-Literal Communication,Non-Literal Communication: Faux pas,A,B,[[B]],0,,groupsplit_finetuned,,
d4ff0a684a202f25,117d0c7607b3aa74,8a79967ac8d6afdf,ToMBench,Faux-pas Recognition Test,Non-Literal Communication,Non-Literal Communication: Faux pas,A,A,[[A]],1,,groupsplit_finetuned,,
63f42f766cd7bf43,a262f69c5edf4525,8a79967ac8d6afdf,ToMBench,Faux-pas Recognition Test,Non-Literal Communication,Non-Literal Communication: Faux pas,B,D,[[D]],0,,groupsplit_finetuned,,
603a115fbc247906,17175ee154bbcdbb,8a79967ac8d6afdf,ToMBench,Faux-pas Recognition Test,Non-Literal Communication,Non-Literal Communication: Faux pas,A,A,[[A]],1,,groupsplit_finetuned,,
387951ebaa7ca8b9,345a31c8229ecb28,8a79967ac8d6afdf,ToMBench,Faux-pas Recognition Test,Non-Literal Communication,Non-Literal Communication: Faux pas,B,B,[[B]],1,,groupsplit_finetuned,,
099b090938c1070d,496ef8ede6810448,30a68d647a4e0294,ToMBench,Faux-pas Recognition Test,Non-Literal Communication,Non-Literal Communication: Faux pas,A,B,[[B]],0,,groupsplit_finetuned,,
869eb920793758f4,917342d9d40f828e,30a68d647a4e0294,ToMBench,Faux-pas Recognition Test,Non-Literal Communication,Non-Literal Communication: Faux pas,C,D,[[D]],0,,groupsplit_finetuned,,
0068fd46d1f80e34,681fd8014b9b3e35,30a68d647a4e0294,ToMBench,Faux-pas Recognition Test,Non-Literal Communication,Non-Literal Communication: Faux pas,A,A,[[A]],1,,groupsplit_finetuned,,
4b120b442112bd1b,52a9a03875748323,30a68d647a4e0294,ToMBench,Faux-pas Recognition Test,Non-Literal Communication,Non-Literal Communication: Faux pas,B,B,[[B]],1,,groupsplit_finetuned,,
3d023c7c74a3c21a,ff96d78111088ba0,ff2c34568a56f126,ToMBench,Faux-pas Recognition Test,Non-Literal Communication,Non-Literal Communication: Faux pas,B,B,[[B]],1,,groupsplit_finetuned,,
f77a47c0a0a03bac,3ed57066fe862471,ff2c34568a56f126,ToMBench,Faux-pas Recognition Test,Non-Literal Communication,Non-Literal Communication: Faux pas,D,D,[[D]],1,,groupsplit_finetuned,,
e2a6e9ef81315ba3,e7260cea74ce17d9,ff2c34568a56f126,ToMBench,Faux-pas Recognition Test,Non-Literal Communication,Non-Literal Communication: Faux pas,C,C,[[C]],1,,groupsplit_finetuned,,
7dd8b5e5fa7875a9,b0c390d2072dbaeb,ff2c34568a56f126,ToMBench,Faux-pas Recognition Test,Non-Literal Communication,Non-Literal Communication: Faux pas,A,A,[[A]],1,,groupsplit_finetuned,,
7c3b50180ed6e3d5,7d990fae673cbbd0,01e4ef923d203bb0,ToMBench,Faux-pas Recognition Test,Non-Literal Communication,Non-Literal Communication: Faux pas,B,B,[[B]],1,,groupsplit_finetuned,,
ef36979c00f96743,bd548aa3957ccc3f,01e4ef923d203bb0,ToMBench,Faux-pas Recognition Test,Non-Literal Communication,Non-Literal Communication: Faux pas,D,D,[[D]],1,,groupsplit_finetuned,,
8a1048cb8bb01eb8,6c46f25fae7b97e6,01e4ef923d203bb0,ToMBench,Faux-pas Recognition Test,Non-Literal Communication,Non-Literal Communication: Faux pas,B,B,[[B]],1,,groupsplit_finetuned,,
55eab73d661c6deb,417c3bc81e1246de,01e4ef923d203bb0,ToMBench,Faux-pas Recognition Test,Non-Literal Communication,Non-Literal Communication: Faux pas,A,B,[[B]],0,,groupsplit_finetuned,,
d25be83d04187df1,267e9a7a3ca80eec,890d31bd0cf4b1a8,ToMBench,Faux-pas Recognition Test,Non-Literal Communication,Non-Literal Communication: Faux pas,A,A,[[A]],1,,groupsplit_finetuned,,
ad5be7e36f85f449,63fab349b1a38215,890d31bd0cf4b1a8,ToMBench,Faux-pas Recognition Test,Non-Literal Communication,Non-Literal Communication: Faux pas,B,D,[[D]],0,,groupsplit_finetuned,,
1b493bf2b71c1288,a286893f5ef04cf5,890d31bd0cf4b1a8,ToMBench,Faux-pas Recognition Test,Non-Literal Communication,Non-Literal Communication: Faux pas,C,C,[[C]],1,,groupsplit_finetuned,,
902af1300b281e8d,12db62982885a284,890d31bd0cf4b1a8,ToMBench,Faux-pas Recognition Test,Non-Literal Communication,Non-Literal Communication: Faux pas,B,B,[[B]],1,,groupsplit_finetuned,,
40bae93e6df4639b,21b00ec52334e30a,e2e485204e59b8e6,ToMBench,Faux-pas Recognition Test,Non-Literal Communication,Non-Literal Communication: Faux pas,B,B,[[B]],1,,groupsplit_finetuned,,
3830e93d75a9fd92,1a36244d85ffed7c,e2e485204e59b8e6,ToMBench,Faux-pas Recognition Test,Non-Literal Communication,Non-Literal Communication: Faux pas,D,D,[[D]],1,,groupsplit_finetuned,,
2a943fd4fad9e359,17ce4fe157fdd6f5,e2e485204e59b8e6,ToMBench,Faux-pas Recognition Test,Non-Literal Communication,Non-Literal Communication: Faux pas,B,B,[[B]],1,,groupsplit_finetuned,,
8779869090d5430c,270ca380bd98873f,e2e485204e59b8e6,ToMBench,Faux-pas Recognition Test,Non-Literal Communication,Non-Literal Communication: Faux pas,A,B,[[B]],0,,groupsplit_finetuned,,
4c94e6f69c1fbfaa,46aa7edcc90dba16,ab6e68a7c65790c8,ToMBench,Faux-pas Recognition Test,Non-Literal Communication,Non-Literal Communication: Faux pas,B,B,[[B]],1,,groupsplit_finetuned,,
a6589dc04c436023,854f997aa0538e97,ab6e68a7c65790c8,ToMBench,Faux-pas Recognition Test,Non-Literal Communication,Non-Literal Communication: Faux pas,D,C,[[C]],0,,groupsplit_finetuned,,
e8e5b2629a87eeda,40a88d5d52a3e9b7,ab6e68a7c65790c8,ToMBench,Faux-pas Recognition Test,Non-Literal Communication,Non-Literal Communication: Faux pas,B,B,[[B]],1,,groupsplit_finetuned,,
d5807aaa237ea995,e474e8abd7af01a2,ab6e68a7c65790c8,ToMBench,Faux-pas Recognition Test,Non-Literal Communication,Non-Literal Communication: Faux pas,A,A,[[A]],1,,groupsplit_finetuned,,
15fc28602092179a,a6ae96b567c322c2,9450cb28345a82c7,ToMBench,Faux-pas Recognition Test,Non-Literal Communication,Non-Literal Communication: Faux pas,B,B,[[B]],1,,groupsplit_finetuned,,
67f5d5aa7519615e,a774d9d39a4f554b,9450cb28345a82c7,ToMBench,Faux-pas Recognition Test,Non-Literal Communication,Non-Literal Communication: Faux pas,D,D,[[D]],1,,groupsplit_finetuned,,
f8be367394575875,2ff6152251cd5488,9450cb28345a82c7,ToMBench,Faux-pas Recognition Test,Non-Literal Communication,Non-Literal Communication: Faux pas,C,C,[[C]],1,,groupsplit_finetuned,,
7f5e87a7561b09f7,f053613cbba31b27,9450cb28345a82c7,ToMBench,Faux-pas Recognition Test,Non-Literal Communication,Non-Literal Communication: Faux pas,A,B,[[B]],0,,groupsplit_finetuned,,
8d7d06440c02fe78,d3f188e3d989768e,ed9bc56536158ec9,ToMBench,Faux-pas Recognition Test,Non-Literal Communication,Non-Literal Communication: Faux pas,B,B,[[B]],1,,groupsplit_finetuned,,
24f6578372f83b3e,1940192b0b7f7e68,ed9bc56536158ec9,ToMBench,Faux-pas Recognition Test,Non-Literal Communication,Non-Literal Communication: Faux pas,D,D,[[D]],1,,groupsplit_finetuned,,
4f3c5b2e5137a731,053fd8e87b836666,ed9bc56536158ec9,ToMBench,Faux-pas Recognition Test,Non-Literal Communication,Non-Literal Communication: Faux pas,D,D,[[D]],1,,groupsplit_finetuned,,
08104d923114e727,28c59f8bfc79ff78,ed9bc56536158ec9,ToMBench,Faux-pas Recognition Test,Non-Literal Communication,Non-Literal Communication: Faux pas,A,B,[[B]],0,,groupsplit_finetuned,,
f5696f01abf9d311,8a99b90167521af4,931001b8ff2d8629,ToMBench,Faux-pas Recognition Test,Non-Literal Communication,Non-Literal Communication: Faux pas,B,B,[[B]],1,,groupsplit_finetuned,,
aada390302a039ce,b8dbec9a8d34ee17,931001b8ff2d8629,ToMBench,Faux-pas Recognition Test,Non-Literal Communication,Non-Literal Communication: Faux pas,D,D,[[D]],1,,groupsplit_finetuned,,
64a14da7c7a75692,69e8a7406282b3ce,931001b8ff2d8629,ToMBench,Faux-pas Recognition Test,Non-Literal Communication,Non-Literal Communication: Faux pas,B,B,[[B]],1,,groupsplit_finetuned,,
ed4d4ec292912c67,aeb9b8b83539f4ec,931001b8ff2d8629,ToMBench,Faux-pas Recognition Test,Non-Literal Communication,Non-Literal Communication: Faux pas,A,B,[[B]],0,,groupsplit_finetuned,,
a59f65e2701d3b88,34f8c8b036e3d4b1,9e90a73b34ada4e2,ToMBench,Faux-pas Recognition Test,Non-Literal Communication,Non-Literal Communication: Faux pas,A,A,[[A]],1,,groupsplit_finetuned,,
b79c043998ecc290,bd6db1c5ecc38f4b,9e90a73b34ada4e2,ToMBench,Faux-pas Recognition Test,Non-Literal Communication,Non-Literal Communication: Faux pas,C,C,[[C]],1,,groupsplit_finetuned,,
ed94fd9f60c0a2ea,5b4ad7740c4a02bc,9e90a73b34ada4e2,ToMBench,Faux-pas Recognition Test,Non-Literal Communication,Non-Literal Communication: Faux pas,A,A,[[A]],1,,groupsplit_finetuned,,
be719d6f1a9252a8,fa05cdcd32fc2dd5,9e90a73b34ada4e2,ToMBench,Faux-pas Recognition Test,Non-Literal Communication,Non-Literal Communication: Faux pas,B,B,[[B]],1,,groupsplit_finetuned,,
913ad63e4e55f0e8,f7ea1e0975fe43ab,f051013dd9676c43,ToMBench,Faux-pas Recognition Test,Non-Literal Communication,Non-Literal Communication: Faux pas,B,B,[[B]],1,,groupsplit_finetuned,,
b455960e33605b0c,d6483c0292f9dbd7,f051013dd9676c43,ToMBench,Faux-pas Recognition Test,Non-Literal Communication,Non-Literal Communication: Faux pas,D,D,[[D]],1,,groupsplit_finetuned,,
ad487f62e3382d9e,225acb18c9105f88,f051013dd9676c43,ToMBench,Faux-pas Recognition Test,Non-Literal Communication,Non-Literal Communication: Faux pas,D,D,[[D]],1,,groupsplit_finetuned,,
acefa70c246ffcaf,483b21a80d83ff80,f051013dd9676c43,ToMBench,Faux-pas Recognition Test,Non-Literal Communication,Non-Literal Communication: Faux pas,A,B,[[B]],0,,groupsplit_finetuned,,
709cfae6ddbbaad0,e60fd28012d54c82,17908714ec03f3ce,ToMBench,Faux-pas Recognition Test,Non-Literal Communication,Non-Literal Communication: Faux pas,B,B,[[B]],1,,groupsplit_finetuned,,
4f4dd2873dcaaa7e,2a513ca59f708f06,17908714ec03f3ce,ToMBench,Faux-pas Recognition Test,Non-Literal Communication,Non-Literal Communication: Faux pas,D,D,[[D]],1,,groupsplit_finetuned,,
4b56d5241fa4c034,2da80697ebcbff7c,17908714ec03f3ce,ToMBench,Faux-pas Recognition Test,Non-Literal Communication,Non-Literal Communication: Faux pas,A,A,[[A]],1,,groupsplit_finetuned,,
4bf408440b546e01,a3d9822c784f8868,17908714ec03f3ce,ToMBench,Faux-pas Recognition Test,Non-Literal Communication,Non-Literal Communication: Faux pas,A,A,[[A]],1,,groupsplit_finetuned,,
13517aea8cb2981b,b05af529ce7190bd,b6727b0df2ef13ca,ToMBench,Faux-pas Recognition Test,Non-Literal Communication,Non-Literal Communication: Faux pas,B,B,[[B]],1,,groupsplit_finetuned,,
41199a75a9110059,9c05f758b346b5de,b6727b0df2ef13ca,ToMBench,Faux-pas Recognition Test,Non-Literal Communication,Non-Literal Communication: Faux pas,D,D,[[D]],1,,groupsplit_finetuned,,
b9c05fce6da97925,a4f08ad1de3844d4,b6727b0df2ef13ca,ToMBench,Faux-pas Recognition Test,Non-Literal Communication,Non-Literal Communication: Faux pas,B,B,[[B]],1,,groupsplit_finetuned,,
aafd23afd8080d1d,2d68b21c5d2139c6,b6727b0df2ef13ca,ToMBench,Faux-pas Recognition Test,Non-Literal Communication,Non-Literal Communication: Faux pas,A,B,[[B]],0,,groupsplit_finetuned,,
d8d5382ce92e70b4,a4c03bbef7c26f0d,b4dad71ef31cf9a6,ToMBench,Faux-pas Recognition Test,Non-Literal Communication,Non-Literal Communication: Faux pas,B,B,[[B]],1,,groupsplit_finetuned,,
4420ab32e2a1632a,76f20bb3ee393710,b4dad71ef31cf9a6,ToMBench,Faux-pas Recognition Test,Non-Literal Communication,Non-Literal Communication: Faux pas,D,D,[[D]],1,,groupsplit_finetuned,,
4131698e83745e59,52d2d92fdc0ec3d3,b4dad71ef31cf9a6,ToMBench,Faux-pas Recognition Test,Non-Literal Communication,Non-Literal Communication: Faux pas,B,B,[[B]],1,,groupsplit_finetuned,,
927e3d96716544bc,78d1fd1cb047dd41,b4dad71ef31cf9a6,ToMBench,Faux-pas Recognition Test,Non-Literal Communication,Non-Literal Communication: Faux pas,A,B,[[B]],0,,groupsplit_finetuned,,
64c6ad80c3628688,e69d58fe9045776c,4fcaba8adae9b777,ToMBench,Faux-pas Recognition Test,Non-Literal Communication,Non-Literal Communication: Faux pas,A,B,[[B]],0,,groupsplit_finetuned,,
46ee98c23d4d8ab8,00ba943f827693fb,4fcaba8adae9b777,ToMBench,Faux-pas Recognition Test,Non-Literal Communication,Non-Literal Communication: Faux pas,C,D,[[D]],0,,groupsplit_finetuned,,
201caecb94c198b5,2bec2c6f6fc36925,4fcaba8adae9b777,ToMBench,Faux-pas Recognition Test,Non-Literal Communication,Non-Literal Communication: Faux pas,A,A,[[A]],1,,groupsplit_finetuned,,
cdffe1f985faa29c,9279c1aa93fd18a0,4fcaba8adae9b777,ToMBench,Faux-pas Recognition Test,Non-Literal Communication,Non-Literal Communication: Faux pas,B,B,[[B]],1,,groupsplit_finetuned,,
5e23392c47633005,0afcb154ca667a9f,bc01375662481b98,ToMBench,Faux-pas Recognition Test,Non-Literal Communication,Non-Literal Communication: Faux pas,A,A,[[A]],1,,groupsplit_finetuned,,
f765c0afb1cb5fec,674a7afca75dbabc,bc01375662481b98,ToMBench,Faux-pas Recognition Test,Non-Literal Communication,Non-Literal Communication: Faux pas,B,D,[[D]],0,,groupsplit_finetuned,,
79a49782672fa76a,bab2dbea5ebde523,bc01375662481b98,ToMBench,Faux-pas Recognition Test,Non-Literal Communication,Non-Literal Communication: Faux pas,B,B,[[B]],1,,groupsplit_finetuned,,
39018534d1cec62a,3c48f4d78d272792,bc01375662481b98,ToMBench,Faux-pas Recognition Test,Non-Literal Communication,Non-Literal Communication: Faux pas,B,B,[[B]],1,,groupsplit_finetuned,,
6f86363ba546cdb2,6a45823244315d2b,928819f8ea22ab4f,ToMBench,Faux-pas Recognition Test,Non-Literal Communication,Non-Literal Communication: Faux pas,A,A,[[A]],1,,groupsplit_finetuned,,
284a423b59ae770d,87b227d851b6f590,928819f8ea22ab4f,ToMBench,Faux-pas Recognition Test,Non-Literal Communication,Non-Literal Communication: Faux pas,B,D,[[D]],0,,groupsplit_finetuned,,
07f87d3ed7880298,a0904aef594d7280,928819f8ea22ab4f,ToMBench,Faux-pas Recognition Test,Non-Literal Communication,Non-Literal Communication: Faux pas,C,C,[[C]],1,,groupsplit_finetuned,,
8e88d9126ab1d81e,de9346990ccbcd4b,928819f8ea22ab4f,ToMBench,Faux-pas Recognition Test,Non-Literal Communication,Non-Literal Communication: Faux pas,B,B,[[B]],1,,groupsplit_finetuned,,
0e323a56f8a5599f,345fc11252871844,52013cc438f1d8a9,ToMBench,Faux-pas Recognition Test,Non-Literal Communication,Non-Literal Communication: Faux pas,B,B,[[B]],1,,groupsplit_finetuned,,
45c5ada710276f1d,772acc4b70389d41,52013cc438f1d8a9,ToMBench,Faux-pas Recognition Test,Non-Literal Communication,Non-Literal Communication: Faux pas,D,D,[[D]],1,,groupsplit_finetuned,,
65c3a7888725018c,2c390ea4b4205d92,52013cc438f1d8a9,ToMBench,Faux-pas Recognition Test,Non-Literal Communication,Non-Literal Communication: Faux pas,B,B,[[B]],1,,groupsplit_finetuned,,
cf92abe469cab3ac,704423e2f956f9ae,52013cc438f1d8a9,ToMBench,Faux-pas Recognition Test,Non-Literal Communication,Non-Literal Communication: Faux pas,A,A,[[A]],1,,groupsplit_finetuned,,
f7f4a34f1348ff49,fefd281643c993ea,628e4ba9ff55f3f5,ToMBench,Faux-pas Recognition Test,Non-Literal Communication,Non-Literal Communication: Faux pas,A,A,[[A]],1,,groupsplit_finetuned,,
959dd44ed9bb7019,7c1e9cd856221085,628e4ba9ff55f3f5,ToMBench,Faux-pas Recognition Test,Non-Literal Communication,Non-Literal Communication: Faux pas,C,C,[[C]],1,,groupsplit_finetuned,,
2c7a989ac9641b8f,cdd014e81ea2f1a3,628e4ba9ff55f3f5,ToMBench,Faux-pas Recognition Test,Non-Literal Communication,Non-Literal Communication: Faux pas,C,C,[[C]],1,,groupsplit_finetuned,,
4bf0481d6aff6d75,6c3ab89a10e35ff7,628e4ba9ff55f3f5,ToMBench,Faux-pas Recognition Test,Non-Literal Communication,Non-Literal Communication: Faux pas,B,B,[[B]],1,,groupsplit_finetuned,,
4afdb089bb443b7c,da14264470d02e89,f70562e14f7acd8a,ToMBench,Faux-pas Recognition Test,Non-Literal Communication,Non-Literal Communication: Faux pas,B,B,[[B]],1,,groupsplit_finetuned,,
8fd650702b4364bc,2864f506c08b730b,f70562e14f7acd8a,ToMBench,Faux-pas Recognition Test,Non-Literal Communication,Non-Literal Communication: Faux pas,D,D,[[D]],1,,groupsplit_finetuned,,
d12458070b4afd2d,0750c98949403ea7,f70562e14f7acd8a,ToMBench,Faux-pas Recognition Test,Non-Literal Communication,Non-Literal Communication: Faux pas,C,C,[[C]],1,,groupsplit_finetuned,,
7ea5d1acdf289ebe,c7f962af18de9886,f70562e14f7acd8a,ToMBench,Faux-pas Recognition Test,Non-Literal Communication,Non-Literal Communication: Faux pas,A,A,[[A]],1,,groupsplit_finetuned,,
5b9640736ba75eaf,368a5001166e9026,bca2f78234b9398f,ToMBench,Faux-pas Recognition Test,Non-Literal Communication,Non-Literal Communication: Faux pas,B,B,[[B]],1,,groupsplit_finetuned,,
6607ebff645b8727,e3a1d696514ac39f,bca2f78234b9398f,ToMBench,Faux-pas Recognition Test,Non-Literal Communication,Non-Literal Communication: Faux pas,D,D,[[D]],1,,groupsplit_finetuned,,
bed205c71d33db09,d8cc21ffff4adf42,bca2f78234b9398f,ToMBench,Faux-pas Recognition Test,Non-Literal Communication,Non-Literal Communication: Faux pas,A,A,[[A]],1,,groupsplit_finetuned,,
e8ae9d6b4b31c8da,a6c8ac8fd0c6fca2,bca2f78234b9398f,ToMBench,Faux-pas Recognition Test,Non-Literal Communication,Non-Literal Communication: Faux pas,A,B,[[B]],0,,groupsplit_finetuned,,
455e17e6967df34d,11e6ec359e588ebe,4031b30c5e46d6e3,ToMBench,Faux-pas Recognition Test,Non-Literal Communication,Non-Literal Communication: Faux pas,A,A,[[A]],1,,groupsplit_finetuned,,
fb577a78998faa62,5d67cdf072deacfa,4031b30c5e46d6e3,ToMBench,Faux-pas Recognition Test,Non-Literal Communication,Non-Literal Communication: Faux pas,C,D,[[D]],0,,groupsplit_finetuned,,
1efd9f30eb13b41c,3b222b746f8314da,4031b30c5e46d6e3,ToMBench,Faux-pas Recognition Test,Non-Literal Communication,Non-Literal Communication: Faux pas,C,C,[[C]],1,,groupsplit_finetuned,,
e41d5572989c8f48,edbc1702a21d0bbf,4031b30c5e46d6e3,ToMBench,Faux-pas Recognition Test,Non-Literal Communication,Non-Literal Communication: Faux pas,B,B,[[B]],1,,groupsplit_finetuned,,
03dfaef930c132c8,1fbe5aa1db449d58,dea80f3f467b2837,ToMBench,Faux-pas Recognition Test,Non-Literal Communication,Non-Literal Communication: Faux pas,B,B,[[B]],1,,groupsplit_finetuned,,
7b5af8dd3e4adc78,fd53cc5be7eda70f,dea80f3f467b2837,ToMBench,Faux-pas Recognition Test,Non-Literal Communication,Non-Literal Communication: Faux pas,D,D,[[D]],1,,groupsplit_finetuned,,
63e4fbe117a123d2,baa73c6dd6269304,dea80f3f467b2837,ToMBench,Faux-pas Recognition Test,Non-Literal Communication,Non-Literal Communication: Faux pas,A,A,[[A]],1,,groupsplit_finetuned,,
e7ae141fe1acc0a2,cdb0f2b6a344c516,dea80f3f467b2837,ToMBench,Faux-pas Recognition Test,Non-Literal Communication,Non-Literal Communication: Faux pas,A,B,[[B]],0,,groupsplit_finetuned,,
8e33f53a909b47f5,29aec984aa1bf414,855554fe85aa7c0c,ToMBench,Faux-pas Recognition Test,Non-Literal Communication,Non-Literal Communication: Faux pas,B,B,[[B]],1,,groupsplit_finetuned,,
82a18c17ff29461f,1fa2ce852b2f615f,855554fe85aa7c0c,ToMBench,Faux-pas Recognition Test,Non-Literal Communication,Non-Literal Communication: Faux pas,D,D,[[D]],1,,groupsplit_finetuned,,
dddd3b14486c75f3,f1d36c5a0683a180,855554fe85aa7c0c,ToMBench,Faux-pas Recognition Test,Non-Literal Communication,Non-Literal Communication: Faux pas,A,A,[[A]],1,,groupsplit_finetuned,,
b79d8c1e3162353d,470ff408768431f4,855554fe85aa7c0c,ToMBench,Faux-pas Recognition Test,Non-Literal Communication,Non-Literal Communication: Faux pas,A,B,[[B]],0,,groupsplit_finetuned,,
4d14fea4dabeeaa3,ee18f566e55fddad,43b774be62fb413b,ToMBench,Faux-pas Recognition Test,Non-Literal Communication,Non-Literal Communication: Faux pas,A,B,[[B]],0,,groupsplit_finetuned,,
efcd0f3f13ecb4da,8f57e5ddbbdb7fec,43b774be62fb413b,ToMBench,Faux-pas Recognition Test,Non-Literal Communication,Non-Literal Communication: Faux pas,C,D,[[D]],0,,groupsplit_finetuned,,
684751df3f798bc0,e72618c6621b2106,43b774be62fb413b,ToMBench,Faux-pas Recognition Test,Non-Literal Communication,Non-Literal Communication: Faux pas,B,B,[[B]],1,,groupsplit_finetuned,,
d7d99c9b4aa07e70,5e33ee45a72bc30d,43b774be62fb413b,ToMBench,Faux-pas Recognition Test,Non-Literal Communication,Non-Literal Communication: Faux pas,B,B,[[B]],1,,groupsplit_finetuned,,
e2ad88d99d956ecf,9f7661fe0af9b0c0,c771fbab5de62c32,ToMBench,Faux-pas Recognition Test,Non-Literal Communication,Non-Literal Communication: Faux pas,B,B,[[B]],1,,groupsplit_finetuned,,
a44f314ec296c04c,5c8e0b694974e52c,c771fbab5de62c32,ToMBench,Faux-pas Recognition Test,Non-Literal Communication,Non-Literal Communication: Faux pas,D,D,[[D]],1,,groupsplit_finetuned,,
eaa2fbf3cc10d945,77eb7e34a46966ee,c771fbab5de62c32,ToMBench,Faux-pas Recognition Test,Non-Literal Communication,Non-Literal Communication: Faux pas,B,B,[[B]],1,,groupsplit_finetuned,,
6a9227736de7bd8d,3474d40e67fb0f25,c771fbab5de62c32,ToMBench,Faux-pas Recognition Test,Non-Literal Communication,Non-Literal Communication: Faux pas,A,A,[[A]],1,,groupsplit_finetuned,,
c017239de5806ad4,bcda7e3eeaf2dc95,813324c98d7826ec,ToMBench,Faux-pas Recognition Test,Non-Literal Communication,Non-Literal Communication: Faux pas,B,B,[[B]],1,,groupsplit_finetuned,,
cc1f179f36135c67,c400a01678631d0e,813324c98d7826ec,ToMBench,Faux-pas Recognition Test,Non-Literal Communication,Non-Literal Communication: Faux pas,D,D,[[D]],1,,groupsplit_finetuned,,
833723c8dd9ec61f,72b530a962361e68,813324c98d7826ec,ToMBench,Faux-pas Recognition Test,Non-Literal Communication,Non-Literal Communication: Faux pas,B,B,[[B]],1,,groupsplit_finetuned,,
4ef892cbdd281e3c,08768119814511f8,813324c98d7826ec,ToMBench,Faux-pas Recognition Test,Non-Literal Communication,Non-Literal Communication: Faux pas,A,B,[[B]],0,,groupsplit_finetuned,,
55b5dc6a7ed4c2e8,8d678233cfa01b4f,234cf099100f8056,ToMBench,Faux-pas Recognition Test,Non-Literal Communication,Non-Literal Communication: Faux pas,B,D,[[D]],0,,groupsplit_finetuned,,
d1afb6a1177186ab,eb137094507896e0,234cf099100f8056,ToMBench,Faux-pas Recognition Test,Non-Literal Communication,Non-Literal Communication: Faux pas,B,B,[[B]],1,,groupsplit_finetuned,,
7d5ee4dc9fc944db,2807ca28f9555896,234cf099100f8056,ToMBench,Faux-pas Recognition Test,Non-Literal Communication,Non-Literal Communication: Faux pas,B,B,[[B]],1,,groupsplit_finetuned,,
5ebb44629dfa6aa0,2616765bfd5f1364,234cf099100f8056,ToMBench,Faux-pas Recognition Test,Non-Literal Communication,Non-Literal Communication: Faux pas,B,B,[[B]],1,,groupsplit_finetuned,,
fee65184c002e679,8e8911943558bf86,758d42a4ba2985a2,ToMBench,Faux-pas Recognition Test,Non-Literal Communication,Non-Literal Communication: Faux pas,D,D,[[D]],1,,groupsplit_finetuned,,
59d267aab8ba9c9e,700701d91ff4b13d,758d42a4ba2985a2,ToMBench,Faux-pas Recognition Test,Non-Literal Communication,Non-Literal Communication: Faux pas,D,D,[[D]],1,,groupsplit_finetuned,,
21adfaef52d38e58,37ba22d9bab68243,758d42a4ba2985a2,ToMBench,Faux-pas Recognition Test,Non-Literal Communication,Non-Literal Communication: Faux pas,A,B,[[B]],0,,groupsplit_finetuned,,
e2d1e0f145afaa18,69692191ed6ff5f7,b230cebb63594563,ToMBench,Faux-pas Recognition Test,Non-Literal Communication,Non-Literal Communication: Faux pas,A,B,[[B]],0,,groupsplit_finetuned,,
a563dede90abf88d,c56bec72daea5274,b230cebb63594563,ToMBench,Faux-pas Recognition Test,Non-Literal Communication,Non-Literal Communication: Faux pas,B,D,[[D]],0,,groupsplit_finetuned,,
3d00d9f6f188f94a,e8e03cc9ef6636ae,b230cebb63594563,ToMBench,Faux-pas Recognition Test,Non-Literal Communication,Non-Literal Communication: Faux pas,B,B,[[B]],1,,groupsplit_finetuned,,
60c65d50139ed846,f3e5f61b3650b2af,b230cebb63594563,ToMBench,Faux-pas Recognition Test,Non-Literal Communication,Non-Literal Communication: Faux pas,B,B,[[B]],1,,groupsplit_finetuned,,
41dadee9047a4f5f,85e6e76233ff0410,2237b83ad4f8ee68,ToMBench,Faux-pas Recognition Test,Non-Literal Communication,Non-Literal Communication: Faux pas,B,B,[[B]],1,,groupsplit_finetuned,,
b823829dcd5e7360,4c2d56c7e2b9f5a6,2237b83ad4f8ee68,ToMBench,Faux-pas Recognition Test,Non-Literal Communication,Non-Literal Communication: Faux pas,D,D,[[D]],1,,groupsplit_finetuned,,
6be7ede4f2cf4203,2442d73155988436,2237b83ad4f8ee68,ToMBench,Faux-pas Recognition Test,Non-Literal Communication,Non-Literal Communication: Faux pas,A,A,[[A]],1,,groupsplit_finetuned,,
85ee356a7733ff18,bcddbf5d1a62bb21,2237b83ad4f8ee68,ToMBench,Faux-pas Recognition Test,Non-Literal Communication,Non-Literal Communication: Faux pas,A,B,[[B]],0,,groupsplit_finetuned,,
f03942a476a98be2,0958d64ff6f92433,ce63232273827fad,ToMBench,Faux-pas Recognition Test,Non-Literal Communication,Non-Literal Communication: Faux pas,A,A,[[A]],1,,groupsplit_finetuned,,
f1cfcdee3d920524,1c18225bdeb1e268,ce63232273827fad,ToMBench,Faux-pas Recognition Test,Non-Literal Communication,Non-Literal Communication: Faux pas,A,D,[[D]],0,,groupsplit_finetuned,,
1930ed59fd93bc2b,e50ad25968d1a1c6,ce63232273827fad,ToMBench,Faux-pas Recognition Test,Non-Literal Communication,Non-Literal Communication: Faux pas,B,B,[[B]],1,,groupsplit_finetuned,,
56c1dc6e4b0a045c,5a5a6d7d67233e61,ce63232273827fad,ToMBench,Faux-pas Recognition Test,Non-Literal Communication,Non-Literal Communication: Faux pas,B,B,[[B]],1,,groupsplit_finetuned,,
d8b54b39e50d39e3,cd7948251f13739d,515cc72ac32f343f,ToMBench,Faux-pas Recognition Test,Non-Literal Communication,Non-Literal Communication: Faux pas,B,B,[[B]],1,,groupsplit_finetuned,,
85ad8597c2c2a5b8,82d0e182b37117bb,515cc72ac32f343f,ToMBench,Faux-pas Recognition Test,Non-Literal Communication,Non-Literal Communication: Faux pas,D,D,[[D]],1,,groupsplit_finetuned,,
df12c6224bbbf1f4,85e969c34f451ebe,515cc72ac32f343f,ToMBench,Faux-pas Recognition Test,Non-Literal Communication,Non-Literal Communication: Faux pas,B,B,[[B]],1,,groupsplit_finetuned,,
24f61a5e3ad5f47d,f48d68770a7935ad,515cc72ac32f343f,ToMBench,Faux-pas Recognition Test,Non-Literal Communication,Non-Literal Communication: Faux pas,A,B,[[B]],0,,groupsplit_finetuned,,
1691cf083c170786,a5cf39051e9c110a,a207f6537701de15,ToMBench,Faux-pas Recognition Test,Non-Literal Communication,Non-Literal Communication: Faux pas,A,A,[[A]],1,,groupsplit_finetuned,,
a2b989e0fab29264,96a3045725704a73,a207f6537701de15,ToMBench,Faux-pas Recognition Test,Non-Literal Communication,Non-Literal Communication: Faux pas,B,D,[[D]],0,,groupsplit_finetuned,,
cc00ff2e57dc8eb9,aa76451a127c37e3,a207f6537701de15,ToMBench,Faux-pas Recognition Test,Non-Literal Communication,Non-Literal Communication: Faux pas,C,C,[[C]],1,,groupsplit_finetuned,,
73e734d28210d2ff,f0bece3c9b07bc12,a207f6537701de15,ToMBench,Faux-pas Recognition Test,Non-Literal Communication,Non-Literal Communication: Faux pas,B,B,[[B]],1,,groupsplit_finetuned,,
b62f2c72aec12a05,db90616aa08e3f96,45ef630c8fadca1e,ToMBench,Faux-pas Recognition Test,Non-Literal Communication,Non-Literal Communication: Faux pas,B,B,[[B]],1,,groupsplit_finetuned,,
011853323b99cff3,977b60c10110c7b3,45ef630c8fadca1e,ToMBench,Faux-pas Recognition Test,Non-Literal Communication,Non-Literal Communication: Faux pas,D,A,[[A]],0,,groupsplit_finetuned,,
0ecbc3d13a87fb92,7dd48b5b1bc8b458,45ef630c8fadca1e,ToMBench,Faux-pas Recognition Test,Non-Literal Communication,Non-Literal Communication: Faux pas,D,D,[[D]],1,,groupsplit_finetuned,,
644463fc45d6b4c6,a81da535417a4f9b,45ef630c8fadca1e,ToMBench,Faux-pas Recognition Test,Non-Literal Communication,Non-Literal Communication: Faux pas,A,B,[[B]],0,,groupsplit_finetuned,,
1daf3d7d2d79d7e9,9495747f65be2413,2ff77fcefefecb28,ToMBench,Faux-pas Recognition Test,Non-Literal Communication,Non-Literal Communication: Faux pas,B,B,[[B]],1,,groupsplit_finetuned,,
056a4274709cd56a,394fc387b9f92492,2ff77fcefefecb28,ToMBench,Faux-pas Recognition Test,Non-Literal Communication,Non-Literal Communication: Faux pas,D,D,[[D]],1,,groupsplit_finetuned,,
f8cb246a11f094db,d0dadfa9786b3ce2,2ff77fcefefecb28,ToMBench,Faux-pas Recognition Test,Non-Literal Communication,Non-Literal Communication: Faux pas,A,A,[[A]],1,,groupsplit_finetuned,,
0903e5a8ae87682d,187c11d073675347,2ff77fcefefecb28,ToMBench,Faux-pas Recognition Test,Non-Literal Communication,Non-Literal Communication: Faux pas,A,B,[[B]],0,,groupsplit_finetuned,,
2f5ec4ea125c401b,7f298a8f2181c075,7026c4bd4f8f5bdf,ToMBench,Faux-pas Recognition Test,Non-Literal Communication,Non-Literal Communication: Faux pas,A,B,[[B]],0,,groupsplit_finetuned,,
21b38b79cfb96c6e,283eb94da294528e,7026c4bd4f8f5bdf,ToMBench,Faux-pas Recognition Test,Non-Literal Communication,Non-Literal Communication: Faux pas,C,D,[[D]],0,,groupsplit_finetuned,,
45afd94a215cfae0,a430f1320f316af6,7026c4bd4f8f5bdf,ToMBench,Faux-pas Recognition Test,Non-Literal Communication,Non-Literal Communication: Faux pas,B,B,[[B]],1,,groupsplit_finetuned,,
f0e1e86014dad62a,48b35dfc02b2bec3,7026c4bd4f8f5bdf,ToMBench,Faux-pas Recognition Test,Non-Literal Communication,Non-Literal Communication: Faux pas,B,B,[[B]],1,,groupsplit_finetuned,,
f863ae640523d6fc,fccd9f1a7acc5026,e17612965f3b6c27,ToMBench,Hidden Emotions,Emotion,Emotion: Hidden emotions,A,D,[[D]],0,,groupsplit_finetuned,,
81a2709ec47c62ab,760d51adf4d731ef,e17612965f3b6c27,ToMBench,Hidden Emotions,Emotion,Emotion: Hidden emotions,B,C,[[C]],0,,groupsplit_finetuned,,
45bed1e2e53cf244,e0b4755c35472789,e17612965f3b6c27,ToMBench,Hidden Emotions,Emotion,Emotion: Hidden emotions,C,C,[[C]],1,,groupsplit_finetuned,,
581074423d629d35,c0167922ae5eda46,e17612965f3b6c27,ToMBench,Hidden Emotions,Emotion,Emotion: Hidden emotions,C,C,[[C]],1,,groupsplit_finetuned,,
1420dca1d4fa8302,a69a0c5cb9b07166,eb740fcd199f5b2c,ToMBench,Hidden Emotions,Emotion,Emotion: Hidden emotions,B,B,[[B]],1,,groupsplit_finetuned,,
9328ce6c884514d2,5d361d1660cc3b45,eb740fcd199f5b2c,ToMBench,Hidden Emotions,Emotion,Emotion: Hidden emotions,B,B,[[B]],1,,groupsplit_finetuned,,
c34189d786f6a1fb,ff94ff33f254c4b3,eb740fcd199f5b2c,ToMBench,Hidden Emotions,Emotion,Emotion: Hidden emotions,A,A,[[A]],1,,groupsplit_finetuned,,
b95cd54901a8c7da,d226cec0ade774cd,eb740fcd199f5b2c,ToMBench,Hidden Emotions,Emotion,Emotion: Hidden emotions,B,B,[[B]],1,,groupsplit_finetuned,,
e982da6c3920c9bb,303e8e3661f1c469,08b1ac1e7b02bc60,ToMBench,Hidden Emotions,Emotion,Emotion: Hidden emotions,B,B,[[B]],1,,groupsplit_finetuned,,
f312714a11a0606a,096def2079601647,447e2e686e9eda75,ToMBench,Hidden Emotions,Emotion,Emotion: Hidden emotions,B,C,[[C]],0,,groupsplit_finetuned,,
eb215c8d8d26a522,1ab1a8a3f80cddc6,447e2e686e9eda75,ToMBench,Hidden Emotions,Emotion,Emotion: Hidden emotions,B,B,[[B]],1,,groupsplit_finetuned,,
974e77c78428a916,5e6255463cc794b0,447e2e686e9eda75,ToMBench,Hidden Emotions,Emotion,Emotion: Hidden emotions,A,A,[[A]],1,,groupsplit_finetuned,,
fd6cb8a89da9ec77,24c9516d1f46d1e5,447e2e686e9eda75,ToMBench,Hidden Emotions,Emotion,Emotion: Hidden emotions,A,A,[[A]],1,,groupsplit_finetuned,,
1e05a62781347757,a384483382313a95,3103de7ae807f4f0,ToMBench,Hidden Emotions,Emotion,Emotion: Hidden emotions,B,A,[[A]],0,,groupsplit_finetuned,,
7db08548a05586d3,929bd5d7b20e8aaa,3103de7ae807f4f0,ToMBench,Hidden Emotions,Emotion,Emotion: Hidden emotions,B,B,[[B]],1,,groupsplit_finetuned,,
e99a669c3f6b7708,39d942cae71574a0,3103de7ae807f4f0,ToMBench,Hidden Emotions,Emotion,Emotion: Hidden emotions,D,D,[[D]],1,,groupsplit_finetuned,,
ea333f4ece6723dc,6a1781a45e421db4,3103de7ae807f4f0,ToMBench,Hidden Emotions,Emotion,Emotion: Hidden emotions,D,D,[[D]],1,,groupsplit_finetuned,,
fc0cbf109bf04989,6b2b631897f51cf2,94edfe741028b26e,ToMBench,Hidden Emotions,Emotion,Emotion: Hidden emotions,C,D,[[D]],0,,groupsplit_finetuned,,
2d18dceebc180110,f76e7a689340945f,94edfe741028b26e,ToMBench,Hidden Emotions,Emotion,Emotion: Hidden emotions,B,B,[[B]],1,,groupsplit_finetuned,,
d16c2945123da3e2,8c47fc8904185983,94edfe741028b26e,ToMBench,Hidden Emotions,Emotion,Emotion: Hidden emotions,B,D,[[D]],0,,groupsplit_finetuned,,
061a17f38d5e61ee,966125830b483b39,94edfe741028b26e,ToMBench,Hidden Emotions,Emotion,Emotion: Hidden emotions,D,D,[[D]],1,,groupsplit_finetuned,,
f0f75c0ea1a1845f,d3a8fd264b0a8496,962dba64f188c4ec,ToMBench,Hinting Task Test,Intention,Intention: Intentions explanations,B,B,[[B]],1,,groupsplit_finetuned,,
32549f5bc913cf6b,bef822fae305d3f1,eedea554fdb2e543,ToMBench,Hinting Task Test,Intention,Intention: Intentions explanations,C,C,[[C]],1,,groupsplit_finetuned,,
4b6a289ea0008ef9,9d2d508ae61762ac,68499abb2c8a270c,ToMBench,Hinting Task Test,Intention,Intention: Intentions explanations,A,A,[[A]],1,,groupsplit_finetuned,,
0c3541f24a51760a,51673742ad0dda2a,96e9420e437b58fa,ToMBench,Hinting Task Test,Intention,Intention: Intentions explanations,B,B,[[B]],1,,groupsplit_finetuned,,
0df064a66570105d,6a1d3d21ebfd7928,8fc3bbade820bff1,ToMBench,Hinting Task Test,Intention,Intention: Intentions explanations,A,A,[[A]],1,,groupsplit_finetuned,,
6fbc0aefcff10716,bec9eebb9b055292,52775f484b8c3333,ToMBench,Hinting Task Test,Non-Literal Communication,Non-Literal Communication: Irony/Sarcasm,B,A,[[A]],0,,groupsplit_finetuned,,
db0a99b2e078a394,1d7369c68aa9b479,8daa12eb50295f81,ToMBench,Hinting Task Test,Intention,Intention: Intentions explanations,A,D,[[D]],0,,groupsplit_finetuned,,
44e5b139dd1da62f,9b62049d566e15fc,f342154e3cade860,ToMBench,Hinting Task Test,Intention,Intention: Intentions explanations,B,B,[[B]],1,,groupsplit_finetuned,,
96fedd77bd63bcb4,624900582648559f,de6816cf072d7953,ToMBench,Hinting Task Test,Intention,Intention: Intentions explanations,A,C,[[C]],0,,groupsplit_finetuned,,
fd11b6f5aae0f366,4fb7238524071eef,6b2d795c36256e56,ToMBench,Hinting Task Test,Intention,Intention: Intentions explanations,B,B,[[B]],1,,groupsplit_finetuned,,
7a177b7f36bb1db3,183e7e6607dee841,21654579439a5d59,ToMBench,Hinting Task Test,Intention,Intention: Intentions explanations,C,C,[[C]],1,,groupsplit_finetuned,,
b6b49775eebcd882,1e5a6b21c6992c6b,77650c91ad02cbf7,ToMBench,Hinting Task Test,Intention,Intention: Intentions explanations,C,C,[[C]],1,,groupsplit_finetuned,,
6df2b224ad7998ab,27da6b95570f16cd,0dac843cc1907be7,ToMBench,Hinting Task Test,Intention,Intention: Intentions explanations,C,C,[[C]],1,,groupsplit_finetuned,,
48a0c23a31d110f6,3bc179bfca8327fe,6bde77f96807a2f0,ToMBench,Hinting Task Test,Intention,Intention: Intentions explanations,C,C,[[C]],1,,groupsplit_finetuned,,
be3efa223083ee76,92d1c223ed11c093,5bb361c0e33fde18,ToMBench,Hinting Task Test,Intention,Intention: Intentions explanations,A,A,[[A]],1,,groupsplit_finetuned,,
a1b3986d446b8651,6261b0308993cec9,2a4e0abe923cac26,ToMBench,Hinting Task Test,Intention,Intention: Intentions explanations,D,D,[[D]],1,,groupsplit_finetuned,,
fa4020f017a7bccd,a6cf375f2b0b94b5,2571b9fc4f2ea472,ToMBench,Hinting Task Test,Non-Literal Communication,Non-Literal Communication: Irony/Sarcasm,C,B,[[B]],0,,groupsplit_finetuned,,
845b4db32b49bd53,4d2ca3cc80257f10,b1146e1542d8de02,ToMBench,Hinting Task Test,Non-Literal Communication,Non-Literal Communication: Irony/Sarcasm,C,C,[[C]],1,,groupsplit_finetuned,,
8624f5f197cab411,f3446503b6740a60,729c4adec327b179,ToMBench,Hinting Task Test,Non-Literal Communication,Non-Literal Communication: Irony/Sarcasm,C,C,[[C]],1,,groupsplit_finetuned,,
167320842d0754cd,4754411ae42c7f91,b1a51b85453f8eef,ToMBench,Hinting Task Test,Intention,Intention: Intentions explanations,C,C,[[C]],1,,groupsplit_finetuned,,
1ab92078dbb0ba5d,3f99321b2182599c,64699ed811816961,ToMBench,Hinting Task Test,Non-Literal Communication,Non-Literal Communication: Irony/Sarcasm,B,B,[[B]],1,,groupsplit_finetuned,,
903998871f5ed426,dc80ba0c6b5064be,d23decd7db2e76ea,ToMBench,Hinting Task Test,Intention,Intention: Intentions explanations,A,B,[[B]],0,,groupsplit_finetuned,,
17f19a13a7bdf4bc,1e356262a417706b,6392465af1191879,ToMBench,Hinting Task Test,Intention,Intention: Intentions explanations,C,C,[[C]],1,,groupsplit_finetuned,,
5f71fae1f18a5b18,b7dd0cd21a965f3a,08eda22c5a5ef180,ToMBench,Hinting Task Test,Intention,Intention: Intentions explanations,D,A,[[A]],0,,groupsplit_finetuned,,
d7eb6d3067fac734,e991f4815434e2df,8d577807333e20ed,ToMBench,Hinting Task Test,Intention,Intention: Intentions explanations,B,A,[[A]],0,,groupsplit_finetuned,,
bbb580818873ccb4,a30088967fe838da,6e356947f0c3de55,ToMBench,Hinting Task Test,Intention,Intention: Intentions explanations,D,A,[[A]],0,,groupsplit_finetuned,,
0c5398d2f81cf18c,b5bbbc47b1b09c35,db30e5f85c244afa,ToMBench,Hinting Task Test,Intention,Intention: Intentions explanations,C,C,[[C]],1,,groupsplit_finetuned,,
aef4a440179998d8,0f15e3b521b818d5,637cfce174389e60,ToMBench,Hinting Task Test,Intention,Intention: Intentions explanations,B,B,[[B]],1,,groupsplit_finetuned,,
84646b8f90656c7b,766b78d53f9bf1df,09629a0e6319f2ea,ToMBench,Hinting Task Test,Intention,Intention: Intentions explanations,B,B,[[B]],1,,groupsplit_finetuned,,
0a93903afb760cd2,fcf86ae2b67e3828,ecd99ce7d31fd377,ToMBench,Hinting Task Test,Intention,Intention: Intentions explanations,D,D,[[D]],1,,groupsplit_finetuned,,
7f48892279f49962,d4d35c418fcf4188,dff40c06a01e59ed,ToMBench,Hinting Task Test,Intention,Intention: Intentions explanations,C,C,[[C]],1,,groupsplit_finetuned,,
653c26a80b179542,9f69ce4ca7bafc3c,9c9c892cdfea5f4f,ToMBench,Hinting Task Test,Intention,Intention: Intentions explanations,D,B,[[B]],0,,groupsplit_finetuned,,
d989bf5491d11ef7,5fa62da929d6017c,3739e4bb4e14e379,ToMBench,Hinting Task Test,Intention,Intention: Intentions explanations,A,A,[[A]],1,,groupsplit_finetuned,,
aaf0a14acfa23fcf,67c11dd81b1e4faf,f451a8d2743e8a85,ToMBench,Knowledge-Attention Links,Knowledge,Knowledge: Knowledge-attention links,D,B,[[B]],0,,groupsplit_finetuned,,
c02ce39877528b93,3a7d998fe7c7d15b,3ae6f96e38cf126a,ToMBench,Knowledge-Attention Links,Knowledge,Knowledge: Knowledge-attention links,A,B,[[B]],0,,groupsplit_finetuned,,
44d2cdd480a3c32b,84645b235ba62df3,e09806360cadd4aa,ToMBench,Knowledge-Attention Links,Knowledge,Knowledge: Knowledge-attention links,C,C,[[C]],1,,groupsplit_finetuned,,
917436889c0ee0b6,2d00668eea9cd887,a62f673766a5992f,ToMBench,Knowledge-Attention Links,Knowledge,Knowledge: Knowledge-attention links,D,D,[[D]],1,,groupsplit_finetuned,,
6d9f12b6f7be8e26,c8c89d378f5b752b,0969d557e4c7beab,ToMBench,Knowledge-Attention Links,Knowledge,Knowledge: Knowledge-attention links,A,D,[[D]],0,,groupsplit_finetuned,,
c4506a37dec77d6a,e7cdf98a3b17744d,36028917d5626d9f,ToMBench,Knowledge-Attention Links,Knowledge,Knowledge: Knowledge-attention links,C,C,[[C]],1,,groupsplit_finetuned,,
f03de3e49b7a6ca6,c74b9406ed768bd2,45c5a1d3b1a9b20c,ToMBench,Knowledge-Attention Links,Knowledge,Knowledge: Knowledge-attention links,B,C,[[C]],0,,groupsplit_finetuned,,
584808972cf0aa35,05d54f88dae89448,1dff8fb48f2d5cb8,ToMBench,Knowledge-Pretend Play Links,Knowledge,Knowledge: Knowledge-pretend play links,A,A,[[A]],1,,groupsplit_finetuned,,
ce8628e7da4c23fc,c621077d7c74d826,d68f62b9791cce9a,ToMBench,Knowledge-Pretend Play Links,Knowledge,Knowledge: Knowledge-pretend play links,C,C,[[C]],1,,groupsplit_finetuned,,
5a4503a827b7b503,25ad2e751f61de9a,d3bb691c223c11fa,ToMBench,Knowledge-Pretend Play Links,Knowledge,Knowledge: Knowledge-pretend play links,A,B,[[B]],0,,groupsplit_finetuned,,
dabc7e7eb93c0663,b9cb683b28af58d3,4fe9fad991f676dd,ToMBench,Knowledge-Pretend Play Links,Knowledge,Knowledge: Knowledge-pretend play links,A,C,[[C]],0,,groupsplit_finetuned,,
4e68cf101328e699,467602a03808f9c1,976c7d4ec6b28897,ToMBench,Knowledge-Pretend Play Links,Knowledge,Knowledge: Knowledge-pretend play links,B,A,[[A]],0,,groupsplit_finetuned,,
bd754fd022130b56,3da561651edd659a,5508d0e354e81982,ToMBench,Knowledge-Pretend Play Links,Knowledge,Knowledge: Knowledge-pretend play links,B,A,[[A]],0,,groupsplit_finetuned,,
7a7208ab072c34dc,38a54e2aaf182e30,928b89f568a161c3,ToMBench,Knowledge-Pretend Play Links,Knowledge,Knowledge: Knowledge-pretend play links,B,A,[[A]],0,,groupsplit_finetuned,,
2f6de0e584bd6fcd,6c6fd173d01325d5,3918fbb3544cc503,ToMBench,Knowledge-Pretend Play Links,Knowledge,Knowledge: Knowledge-pretend play links,D,A,[[A]],0,,groupsplit_finetuned,,
de234f541010f4af,4fdfed2c4603d9ab,e3f92b0044377c77,ToMBench,Moral Emotions,Emotion,Emotion: Moral emotions,D,D,[[D]],1,,groupsplit_finetuned,,
1ca61b66e7e1d2a5,0a6d591e5c7f4e1c,e3f92b0044377c77,ToMBench,Moral Emotions,Emotion,Emotion: Moral emotions,C,C,[[C]],1,,groupsplit_finetuned,,
f01e68994c93478a,86dea4db0a4dc7fd,5eb6f5f8893e36fe,ToMBench,Moral Emotions,Emotion,Emotion: Moral emotions,D,D,[[D]],1,,groupsplit_finetuned,,
eba797dcb8cc4fab,af0c679bfa1eb3fd,5eb6f5f8893e36fe,ToMBench,Moral Emotions,Emotion,Emotion: Moral emotions,A,A,[[A]],1,,groupsplit_finetuned,,
41a99fe9f5c2fd2c,cd60cb6f344e25c1,bba8c01fb7cb99a2,ToMBench,Moral Emotions,Emotion,Emotion: Moral emotions,D,D,[[D]],1,,groupsplit_finetuned,,
5e3b9ddcf3e62bdc,4f704ab36d4bff6f,bba8c01fb7cb99a2,ToMBench,Moral Emotions,Emotion,Emotion: Moral emotions,C,C,[[C]],1,,groupsplit_finetuned,,
536f5fb362ea7d6c,aa3f0fa745d25399,641e31f56aaf2c13,ToMBench,Moral Emotions,Emotion,Emotion: Moral emotions,C,C,[[C]],1,,groupsplit_finetuned,,
5b860dd43dcf3430,4f26cb9e16f679e2,641e31f56aaf2c13,ToMBench,Moral Emotions,Emotion,Emotion: Moral emotions,D,D,[[D]],1,,groupsplit_finetuned,,
d4d2a9a1682ddb6c,eecb6abfef271783,19cbbce6f4dd7d58,ToMBench,Multiple Desires,Desire,Desire: Multiple desires,A,A,[[A]],1,,groupsplit_finetuned,,
c485f7919d3a3201,0713a435c9f3fe40,5624eb7dfe99d637,ToMBench,Multiple Desires,Desire,Desire: Multiple desires,A,B,[[B]],0,,groupsplit_finetuned,,
e6adcae501e27c75,58a988322f4b82dd,d6282f5069fcbd73,ToMBench,Multiple Desires,Desire,Desire: Multiple desires,B,B,[[B]],1,,groupsplit_finetuned,,
79fc533bc05df066,f4151de473af6548,24bc0089ca63ddaf,ToMBench,Multiple Desires,Desire,Desire: Multiple desires,A,A,[[A]],1,,groupsplit_finetuned,,
604d76f4cd87be66,065b882cb9a1a4bc,c2863b893c230518,ToMBench,Multiple Desires,Desire,Desire: Multiple desires,A,A,[[A]],1,,groupsplit_finetuned,,
013ef459f7bf30d4,a88e7b7d306c4a86,4d16611da3e54e2d,ToMBench,Multiple Desires,Desire,Desire: Multiple desires,A,A,[[A]],1,,groupsplit_finetuned,,
7591b4ca9627ee1e,8ad9350b11715dea,22baf2174794e09e,ToMBench,Multiple Desires,Desire,Desire: Multiple desires,C,C,[[C]],1,,groupsplit_finetuned,,
8b96d9b5f4c849ad,080094efc7ab426a,92d58e874696c5fa,ToMBench,Multiple Desires,Desire,Desire: Multiple desires,A,C,[[C]],0,,groupsplit_finetuned,,
3b885087b3464922,d8f1f2ec1ff1da42,c775afcdb96c5cb2,ToMBench,Percepts-Knowledge Links,Knowledge,Knowledge: Percepts-knowledge links,A,A,[[A]],1,,groupsplit_finetuned,,
c2a1b43792283603,637169f6b15f0b02,c775afcdb96c5cb2,ToMBench,Percepts-Knowledge Links,Knowledge,Knowledge: Percepts-knowledge links,A,A,[[A]],1,,groupsplit_finetuned,,
70df2957f8f35e2b,bce38e315e9f2998,d2afd3527a42b595,ToMBench,Percepts-Knowledge Links,Knowledge,Knowledge: Percepts-knowledge links,D,D,[[D]],1,,groupsplit_finetuned,,
11dd213c37e0cda6,a434eb4b81669fe6,d2afd3527a42b595,ToMBench,Percepts-Knowledge Links,Knowledge,Knowledge: Percepts-knowledge links,D,D,[[D]],1,,groupsplit_finetuned,,
238879c1dc87ff06,1b468e91204b8503,65fed921608be4ad,ToMBench,Percepts-Knowledge Links,Knowledge,Knowledge: Percepts-knowledge links,B,B,[[B]],1,,groupsplit_finetuned,,
4309fe65469f0616,a9870c8f88f46804,65fed921608be4ad,ToMBench,Percepts-Knowledge Links,Knowledge,Knowledge: Percepts-knowledge links,A,A,[[A]],1,,groupsplit_finetuned,,
7c53527bbb35855f,f3a79725170538c9,43fd2e9c77838093,ToMBench,Percepts-Knowledge Links,Knowledge,Knowledge: Percepts-knowledge links,B,B,[[B]],1,,groupsplit_finetuned,,
24368f446b9b3ab7,5827bc53b947fb42,43fd2e9c77838093,ToMBench,Percepts-Knowledge Links,Knowledge,Knowledge: Percepts-knowledge links,C,C,[[C]],1,,groupsplit_finetuned,,
b2e7cede6ede79bb,dddd7ba597403579,d010a0aea30b38b0,ToMBench,Percepts-Knowledge Links,Knowledge,Knowledge: Percepts-knowledge links,B,B,[[B]],1,,groupsplit_finetuned,,
05e072a0666eb1ad,ed2824106bf05b17,d010a0aea30b38b0,ToMBench,Percepts-Knowledge Links,Knowledge,Knowledge: Percepts-knowledge links,A,A,[[A]],1,,groupsplit_finetuned,,
78c6bc5723a2325c,d7bce96569e3b3b4,998acd7f4f0e454e,ToMBench,Percepts-Knowledge Links,Knowledge,Knowledge: Percepts-knowledge links,B,B,[[B]],1,,groupsplit_finetuned,,
986d56b4deb2c3d2,879a961dd2ea1e85,998acd7f4f0e454e,ToMBench,Percepts-Knowledge Links,Knowledge,Knowledge: Percepts-knowledge links,A,A,[[A]],1,,groupsplit_finetuned,,
d9f95e32f1066b8c,60dbd3255e6086b4,615a767e2c5b2c40,ToMBench,Percepts-Knowledge Links,Knowledge,Knowledge: Percepts-knowledge links,B,B,[[B]],1,,groupsplit_finetuned,,
db5492d1aec7510f,26177e1d5f2e69da,615a767e2c5b2c40,ToMBench,Percepts-Knowledge Links,Knowledge,Knowledge: Percepts-knowledge links,D,D,[[D]],1,,groupsplit_finetuned,,
52f7e24963a3bfbe,cbf0823e349f130e,b722b4194c2afba7,ToMBench,Percepts-Knowledge Links,Knowledge,Knowledge: Percepts-knowledge links,B,B,[[B]],1,,groupsplit_finetuned,,
747ac8059314ee59,5251f22fd76f759a,b722b4194c2afba7,ToMBench,Percepts-Knowledge Links,Knowledge,Knowledge: Percepts-knowledge links,B,B,[[B]],1,,groupsplit_finetuned,,
1406a0d9e40aa1b9,ec56c33ca6a1a869,652447888932b402,ToMBench,Percepts-Knowledge Links,Knowledge,Knowledge: Percepts-knowledge links,B,B,[[B]],1,,groupsplit_finetuned,,
7058025dc0b10618,9b385d68619b0a2f,652447888932b402,ToMBench,Percepts-Knowledge Links,Knowledge,Knowledge: Percepts-knowledge links,A,A,[[A]],1,,groupsplit_finetuned,,
ca4565105f8fc3a5,951716487e747248,4e836540fa06273d,ToMBench,Persuasion Story Task,Desire,Desire: Desires influence on actions,D,C,[[C]],0,,groupsplit_finetuned,,
3bd9b2de1098c922,7578db977129b205,b0b908e1e0370406,ToMBench,Persuasion Story Task,Desire,Desire: Desires influence on actions,C,C,[[C]],1,,groupsplit_finetuned,,
fa9f0b7e29f063d8,83d8e9357118cd22,9f234e75b5345e9b,ToMBench,Persuasion Story Task,Desire,Desire: Desires influence on emotions (beliefs),C,B,[[B]],0,,groupsplit_finetuned,,
52a592efd0612952,a9b3062f3d296162,c6b74debc8cc9ca2,ToMBench,Persuasion Story Task,Desire,Desire: Desires influence on emotions (beliefs),B,D,[[D]],0,,groupsplit_finetuned,,
21881e78dc8b2c92,f1f9810b4bf11bfd,84535379ac804659,ToMBench,Persuasion Story Task,Desire,Desire: Desires influence on actions,D,D,[[D]],1,,groupsplit_finetuned,,
49ca0a1205ba673e,31d9e1d55b4f8f9a,396769ad6b62b2c3,ToMBench,Persuasion Story Task,Desire,Desire: Desires influence on actions,C,C,[[C]],1,,groupsplit_finetuned,,
39addf660214855b,cf66badfe8417b0f,bcc35d23900a67c1,ToMBench,Persuasion Story Task,Desire,Desire: Desires influence on actions,B,D,[[D]],0,,groupsplit_finetuned,,
d645ac83dab293c8,019cf058b30400c9,35dd84ec668e01f5,ToMBench,Persuasion Story Task,Desire,Desire: Desires influence on actions,B,C,[[C]],0,,groupsplit_finetuned,,
11fbc14f5297ee87,a8d6030d24bf2538,8dbaaa91142f1fa8,ToMBench,Persuasion Story Task,Desire,Desire: Desires influence on actions,D,D,[[D]],1,,groupsplit_finetuned,,
2d7a448e706e2947,1f7e38d0a1a61f8b,6b66c95e25706ad7,ToMBench,Persuasion Story Task,Desire,Desire: Desires influence on actions,C,B,[[B]],0,,groupsplit_finetuned,,
1af4429a4b2cca4e,a2870229b772982d,1face24e17ef06b9,ToMBench,Persuasion Story Task,Desire,Desire: Desires influence on actions,D,C,[[C]],0,,groupsplit_finetuned,,
98c70b8ac7c5d6a2,48c37f3ca21819f9,2c813ee02ebb4bda,ToMBench,Persuasion Story Task,Desire,Desire: Desires influence on actions,B,A,[[A]],0,,groupsplit_finetuned,,
67383742f0e402bc,d0a9c61f40c760a3,3a7579db33c99514,ToMBench,Persuasion Story Task,Desire,Desire: Desires influence on actions,B,C,[[C]],0,,groupsplit_finetuned,,
95851c3e4edee505,27bcf426d54f4f85,9c64f42555793331,ToMBench,Persuasion Story Task,Desire,Desire: Desires influence on actions,D,B,[[B]],0,,groupsplit_finetuned,,
c1d466032a7268ad,e0e1e3edbba1a8a2,21159f37fea5de88,ToMBench,Persuasion Story Task,Desire,Desire: Desires influence on emotions (beliefs),A,A,[[A]],1,,groupsplit_finetuned,,
53d63b11722159ae,12cfb343c1d1f661,1d156c941d605480,ToMBench,Persuasion Story Task,Desire,Desire: Desires influence on actions,A,A,[[A]],1,,groupsplit_finetuned,,
3f77a1bdae125b45,08018df14a0b610d,3d0701a93a6560f0,ToMBench,Persuasion Story Task,Desire,Desire: Desires influence on actions,B,A,[[A]],0,,groupsplit_finetuned,,
5dfe53ffeb8fd6e4,27e709c46bbdf149,e04d6f9f9ca97eca,ToMBench,Persuasion Story Task,Desire,Desire: Desires influence on actions,A,A,[[A]],1,,groupsplit_finetuned,,
4f61360ad86616b9,edc36cf19a172e5a,ab9c8f09688615c7,ToMBench,Persuasion Story Task,Desire,Desire: Desires influence on emotions (beliefs),B,B,[[B]],1,,groupsplit_finetuned,,
f05c50ddb29f57f4,2b0eae4c956ea2b8,8564ae7464e169fa,ToMBench,Persuasion Story Task,Desire,Desire: Desires influence on actions,D,B,[[B]],0,,groupsplit_finetuned,,
004c597f733a0142,c9e83a1d6f10ac6f,7a4310ab5cfff9b1,ToMBench,Persuasion Story Task,Desire,Desire: Desires influence on actions,B,B,[[B]],1,,groupsplit_finetuned,,
a278c4e6e37cd096,3c89533ab2bcb52b,276f5c49df10a006,ToMBench,Persuasion Story Task,Desire,Desire: Desires influence on actions,D,B,[[B]],0,,groupsplit_finetuned,,
67fb417e05b437da,83fcb10033206174,db32b313c089851a,ToMBench,Persuasion Story Task,Desire,Desire: Desires influence on actions,A,C,[[C]],0,,groupsplit_finetuned,,
391e155508efc31f,9d3b665a5b172964,a9abc8c61dc12a43,ToMBench,Persuasion Story Task,Desire,Desire: Desires influence on actions,B,D,[[D]],0,,groupsplit_finetuned,,
b93f69268f0bf734,54493f446a44a5b6,91aee3ad0fe7795f,ToMBench,Persuasion Story Task,Desire,Desire: Desires influence on actions,B,B,[[B]],1,,groupsplit_finetuned,,
15df0ac740ca794b,221a3532798f3ca9,694fe0e1205fd3d9,ToMBench,Persuasion Story Task,Desire,Desire: Desires influence on actions,A,A,[[A]],1,,groupsplit_finetuned,,
cb26586766f2d584,5bb6a5dedc163655,7643440a32e1ec6b,ToMBench,Persuasion Story Task,Desire,Desire: Desires influence on actions,B,B,[[B]],1,,groupsplit_finetuned,,
1db24e01b6aabbf7,e243577a090f86e4,cb47ed38c3b7f562,ToMBench,Persuasion Story Task,Desire,Desire: Desires influence on emotions (beliefs),D,B,[[B]],0,,groupsplit_finetuned,,
1dfcafd1110e1010,453c4f8e8010ac19,5e4b206c71906db0,ToMBench,Persuasion Story Task,Desire,Desire: Desires influence on actions,A,B,[[B]],0,,groupsplit_finetuned,,
91de9173b778ac7e,a4b866d6c70bc15a,cbe6b66758718767,ToMBench,Persuasion Story Task,Desire,Desire: Desires influence on actions,D,D,[[D]],1,,groupsplit_finetuned,,
76fce430d6bb9bc9,e5dd66593e032304,fe6b159af327f363,ToMBench,Persuasion Story Task,Desire,Desire: Desires influence on actions,A,C,[[C]],0,,groupsplit_finetuned,,
2b834a66d3b4e965,915d03b9e9aa6e2f,98b46fcdd845bb03,ToMBench,Persuasion Story Task,Desire,Desire: Desires influence on actions,A,D,[[D]],0,,groupsplit_finetuned,,
6dac8bc5a73be5c1,e3f57d908f61f3e9,a8c4d45bd1732cbf,ToMBench,Persuasion Story Task,Desire,Desire: Desires influence on actions,B,C,[[C]],0,,groupsplit_finetuned,,
f4a6469d5d1af528,286351d2671942ad,8afdd0c7cc279941,ToMBench,Prediction of Actions,Intention,Intention: Prediction of actions,C,D,[[D]],0,,groupsplit_finetuned,,
116a44a6e1fe78b5,dc24b87fc32d67cd,fea34d8d0a1db3e5,ToMBench,Prediction of Actions,Intention,Intention: Prediction of actions,C,A,[[A]],0,,groupsplit_finetuned,,
d6fa89a17e6f161b,77e1260752505a27,d904fd274685fb07,ToMBench,Prediction of Actions,Intention,Intention: Prediction of actions,D,D,[[D]],1,,groupsplit_finetuned,,
5a25074c207c814b,bea65956191d15ed,b009e26ee6e43590,ToMBench,Prediction of Actions,Intention,Intention: Prediction of actions,D,D,[[D]],1,,groupsplit_finetuned,,
2d61d9bbda4b987d,2a8872707e469258,f371dbc2ed892a5a,ToMBench,Prediction of Actions,Intention,Intention: Prediction of actions,D,D,[[D]],1,,groupsplit_finetuned,,
d8f4e248fed443eb,126124dd981e9fbc,ae7e592f19b47331,ToMBench,Prediction of Actions,Intention,Intention: Prediction of actions,D,D,[[D]],1,,groupsplit_finetuned,,
0092ec4fbce9f8f0,b9abe1b0039ec4e1,257530fdfde90fe5,ToMBench,Prediction of Actions,Intention,Intention: Prediction of actions,A,A,[[A]],1,,groupsplit_finetuned,,
db052f6d7f85bf8e,dc6a0c35122e454c,bb97437fc2e1f84a,ToMBench,Scalar Implicature Test,Knowledge,Knowledge: Information-knowledge links,C,B,[[B]],0,,groupsplit_finetuned,,
fa66ab12e62fde2d,94d46308084399fc,bb97437fc2e1f84a,ToMBench,Scalar Implicature Test,Knowledge,Knowledge: Information-knowledge links,C,A,[[A]],0,,groupsplit_finetuned,,
a1cbf352237149a5,c98ae4a2cec611ee,10eec51e3eca97a3,ToMBench,Scalar Implicature Test,Knowledge,Knowledge: Information-knowledge links,C,B,[[B]],0,,groupsplit_finetuned,,
5257a0985fd8a56a,620d542eb8f1c91a,10eec51e3eca97a3,ToMBench,Scalar Implicature Test,Knowledge,Knowledge: Information-knowledge links,C,D,[[D]],0,,groupsplit_finetuned,,
5ed48621fff8ce8d,70954e37758edbcc,469aa82a97fcef69,ToMBench,Scalar Implicature Test,Knowledge,Knowledge: Information-knowledge links,C,B,[[B]],0,,groupsplit_finetuned,,
be22242c42e26ede,5eac337dca2b0176,469aa82a97fcef69,ToMBench,Scalar Implicature Test,Knowledge,Knowledge: Information-knowledge links,B,B,[[B]],1,,groupsplit_finetuned,,
a5604be501adcea4,807dfc649b961861,8804afdd3a17b3f5,ToMBench,Scalar Implicature Test,Knowledge,Knowledge: Information-knowledge links,C,D,[[D]],0,,groupsplit_finetuned,,
b3d7aa6cafb79f53,4743fe8c927ba078,ada16cbaf45f01ff,ToMBench,Scalar Implicature Test,Knowledge,Knowledge: Information-knowledge links,D,B,[[B]],0,,groupsplit_finetuned,,
394a6b78cd0b71f1,b2abd39d2ed5dac1,ada16cbaf45f01ff,ToMBench,Scalar Implicature Test,Knowledge,Knowledge: Information-knowledge links,A,A,[[A]],1,,groupsplit_finetuned,,
6567845878b92d3e,3061e8a24da9b37e,38182b26af5128c6,ToMBench,Scalar Implicature Test,Knowledge,Knowledge: Information-knowledge links,D,C,[[C]],0,,groupsplit_finetuned,,
d3806147f50bdaa7,144f564f2f62339e,d01cd1005289590e,ToMBench,Scalar Implicature Test,Knowledge,Knowledge: Information-knowledge links,D,D,[[D]],1,,groupsplit_finetuned,,
6f72343c669df1dc,2e06ed25b7f79a6b,72794cc5440cd62b,ToMBench,Scalar Implicature Test,Knowledge,Knowledge: Information-knowledge links,D,D,[[D]],1,,groupsplit_finetuned,,
9e8d651a344970a0,e9af87fd421931e0,26f05acabeebb38f,ToMBench,Scalar Implicature Test,Knowledge,Knowledge: Information-knowledge links,B,C,[[C]],0,,groupsplit_finetuned,,
015af946d0f8057d,0b6d9e30e219b838,c75066bfaed66606,ToMBench,Scalar Implicature Test,Knowledge,Knowledge: Information-knowledge links,D,A,[[A]],0,,groupsplit_finetuned,,
2c45551f1e41d54e,f6a6974492275835,739360d58d0028e2,ToMBench,Scalar Implicature Test,Knowledge,Knowledge: Information-knowledge links,C,C,[[C]],1,,groupsplit_finetuned,,
3a89246e8afe486e,91694eaa81f3bf37,679540a8987e1ef2,ToMBench,Scalar Implicature Test,Knowledge,Knowledge: Information-knowledge links,B,B,[[B]],1,,groupsplit_finetuned,,
9790f76eced19478,825f12cda9ddb172,4310cfe548ea7495,ToMBench,Scalar Implicature Test,Knowledge,Knowledge: Information-knowledge links,B,B,[[B]],1,,groupsplit_finetuned,,
941e60b08877a5de,06d18ddc8c4b63fe,9861281b07a18aad,ToMBench,Scalar Implicature Test,Knowledge,Knowledge: Information-knowledge links,D,D,[[D]],1,,groupsplit_finetuned,,
2dea6ecf6896cdec,6a969f395394d14b,5a5638534910eef0,ToMBench,Scalar Implicature Test,Knowledge,Knowledge: Information-knowledge links,D,C,[[C]],0,,groupsplit_finetuned,,
699c9d6ed987d3b6,47e55a0abf3e14b0,35463bd1a3be23b5,ToMBench,Scalar Implicature Test,Knowledge,Knowledge: Information-knowledge links,B,B,[[B]],1,,groupsplit_finetuned,,
342a28f0ee8142a6,3a89911921f4e107,35463bd1a3be23b5,ToMBench,Scalar Implicature Test,Knowledge,Knowledge: Information-knowledge links,B,B,[[B]],1,,groupsplit_finetuned,,
367d09ca713659d1,f155e070743e3ef7,af4b1ea1b285643d,ToMBench,Scalar Implicature Test,Knowledge,Knowledge: Information-knowledge links,D,D,[[D]],1,,groupsplit_finetuned,,
cbb75eceb8d61f06,dd98ca148095bb37,613670d8d9517a4d,ToMBench,Scalar Implicature Test,Knowledge,Knowledge: Information-knowledge links,A,A,[[A]],1,,groupsplit_finetuned,,
92569cdc02734a6c,df34e70eacbfbe3d,4a03840106062440,ToMBench,Scalar Implicature Test,Knowledge,Knowledge: Information-knowledge links,D,D,[[D]],1,,groupsplit_finetuned,,
c6136a9016f64886,49f0388053d23b08,506650893000c5fb,ToMBench,Scalar Implicature Test,Knowledge,Knowledge: Information-knowledge links,B,B,[[B]],1,,groupsplit_finetuned,,
b15b338a034d1e26,bb8b67ce34996301,15f61d3ab6233243,ToMBench,Scalar Implicature Test,Knowledge,Knowledge: Information-knowledge links,A,D,[[D]],0,,groupsplit_finetuned,,
07181e9c16d2187e,5ab4486b95a540c6,9be927839a47b35f,ToMBench,Scalar Implicature Test,Knowledge,Knowledge: Information-knowledge links,B,C,[[C]],0,,groupsplit_finetuned,,
462b7e74542f5129,3665832d45f740b0,9be927839a47b35f,ToMBench,Scalar Implicature Test,Knowledge,Knowledge: Information-knowledge links,C,B,[[B]],0,,groupsplit_finetuned,,
b6ccee2985b301de,d42e9028008ac69f,52f14e458b413c77,ToMBench,Scalar Implicature Test,Knowledge,Knowledge: Information-knowledge links,B,B,[[B]],1,,groupsplit_finetuned,,
7581d6894011c563,773bbbf90ef90943,52f14e458b413c77,ToMBench,Scalar Implicature Test,Knowledge,Knowledge: Information-knowledge links,C,A,[[A]],0,,groupsplit_finetuned,,
e69697b39595b866,96af7f1f55fe1ab3,999ac24587cfcad0,ToMBench,Scalar Implicature Test,Knowledge,Knowledge: Information-knowledge links,B,B,[[B]],1,,groupsplit_finetuned,,
946ccbdd8e597ae9,fb3fc5fce0a5a8d5,85b55f3b2123e27e,ToMBench,Scalar Implicature Test,Knowledge,Knowledge: Information-knowledge links,C,A,[[A]],0,,groupsplit_finetuned,,
d285e15cf36f7b2e,b10dabacfde3d4d7,d884baafdefe71e6,ToMBench,Scalar Implicature Test,Knowledge,Knowledge: Information-knowledge links,D,B,[[B]],0,,groupsplit_finetuned,,
c6959da1c5da8e70,7f3b3fad1bc5c835,5958e3114cc6881b,ToMBench,Scalar Implicature Test,Knowledge,Knowledge: Information-knowledge links,B,B,[[B]],1,,groupsplit_finetuned,,
dbc25b10e3153a65,57ea3cf40db6334f,694c6579bcb32516,ToMBench,Scalar Implicature Test,Knowledge,Knowledge: Information-knowledge links,D,B,[[B]],0,,groupsplit_finetuned,,
9d761d3788bceb07,4762c615ba98cfad,d58332c8b99c3228,ToMBench,Scalar Implicature Test,Knowledge,Knowledge: Information-knowledge links,C,B,[[B]],0,,groupsplit_finetuned,,
cced6a7a753394e4,55934508530a2199,96d9758c81132b0b,ToMBench,Scalar Implicature Test,Knowledge,Knowledge: Information-knowledge links,D,D,[[D]],1,,groupsplit_finetuned,,
308ab7c53681227e,d1ae851f16cbbbfd,6cdcfd4e0b9e0040,ToMBench,Scalar Implicature Test,Knowledge,Knowledge: Information-knowledge links,C,C,[[C]],1,,groupsplit_finetuned,,
308ab7c53681227e-1,76d7e84ba3b727fd,6cdcfd4e0b9e0040,ToMBench,Scalar Implicature Test,Knowledge,Knowledge: Information-knowledge links,A,A,[[A]],1,,groupsplit_finetuned,,
a723cae0e6167fe1,1f1bcc49f3101199,56bae1cfca4c818e,ToMBench,Scalar Implicature Test,Knowledge,Knowledge: Information-knowledge links,C,A,[[A]],0,,groupsplit_finetuned,,
53417dcf41510cc3,45abd333ca76c72f,148f213949d098ec,ToMBench,Scalar Implicature Test,Knowledge,Knowledge: Information-knowledge links,D,D,[[D]],1,,groupsplit_finetuned,,
4d4aa21a60a64a55,2868b28c4b339bc0,6a5e5da1e94e4bbf,ToMBench,Scalar Implicature Test,Knowledge,Knowledge: Information-knowledge links,C,B,[[B]],0,,groupsplit_finetuned,,
d4d048ecfee7032d,a0cdbd6b679c50e1,473472ea79db735f,ToMBench,Scalar Implicature Test,Knowledge,Knowledge: Information-knowledge links,B,B,[[B]],1,,groupsplit_finetuned,,
6456dd0cf835c68f,3a4864cd3a5c56dc,83b46e50d1e80207,ToMBench,Scalar Implicature Test,Knowledge,Knowledge: Information-knowledge links,C,B,[[B]],0,,groupsplit_finetuned,,
5efeb3c94d406630,7e6925b2f22a71e1,f07abf43351b271e,ToMBench,Scalar Implicature Test,Knowledge,Knowledge: Information-knowledge links,D,D,[[D]],1,,groupsplit_finetuned,,
974504ed03a0a6de,ff2f962cc2a2d92c,f07abf43351b271e,ToMBench,Scalar Implicature Test,Knowledge,Knowledge: Information-knowledge links,B,A,[[A]],0,,groupsplit_finetuned,,
92e1688cbd81f21b,958e509c26dcf12b,f846e8f89425c411,ToMBench,Scalar Implicature Test,Knowledge,Knowledge: Information-knowledge links,C,C,[[C]],1,,groupsplit_finetuned,,
99837d7eb21086d5,053e1de0000120cb,f846e8f89425c411,ToMBench,Scalar Implicature Test,Knowledge,Knowledge: Information-knowledge links,C,B,[[B]],0,,groupsplit_finetuned,,
e2484f645a4c4e3f,84d86956acdd0af0,0d6211241a405f2f,ToMBench,Scalar Implicature Test,Knowledge,Knowledge: Information-knowledge links,C,C,[[C]],1,,groupsplit_finetuned,,
12b0155f843e5196,2f1e9d67e2a13b27,414933b2431b3b25,ToMBench,Strange Story Task,Non-Literal Communication,Non-Literal Communication: Irony/Sarcasm,B,B,[[B]],1,,groupsplit_finetuned,,
1989a99bd84e7a7c,b33ae5cb82e018c7,414933b2431b3b25,ToMBench,Strange Story Task,Non-Literal Communication,Non-Literal Communication: Irony/Sarcasm,D,A,[[A]],0,,groupsplit_finetuned,,
3f4f5c8184ce5430,46b9c4d02ef74451,f7954fe5ec996cc9,ToMBench,Strange Story Task,Non-Literal Communication,Non-Literal Communication: Irony/Sarcasm,B,B,[[B]],1,,groupsplit_finetuned,,
ab3af46e2c02c565,272d3b06143aee03,f7954fe5ec996cc9,ToMBench,Strange Story Task,Non-Literal Communication,Non-Literal Communication: Irony/Sarcasm,C,C,[[C]],1,,groupsplit_finetuned,,
624e2fd0e232ef29,2f830459626e1b28,f5fd288a650af969,ToMBench,Strange Story Task,Non-Literal Communication,Non-Literal Communication: Irony/Sarcasm,B,B,[[B]],1,,groupsplit_finetuned,,
44dbd491ee313739,a3b971fd62c41d09,f5fd288a650af969,ToMBench,Strange Story Task,Non-Literal Communication,Non-Literal Communication: Irony/Sarcasm,A,D,[[D]],0,,groupsplit_finetuned,,
8262b378e6e46cc0,e7d089811ec40cf0,2e952fc78e98aab8,ToMBench,Strange Story Task,Non-Literal Communication,Non-Literal Communication: Involuntary lies,B,B,[[B]],1,,groupsplit_finetuned,,
72ce15459e8b8780,11f4477213b2e2ff,2e952fc78e98aab8,ToMBench,Strange Story Task,Non-Literal Communication,Non-Literal Communication: Involuntary lies,D,D,[[D]],1,,groupsplit_finetuned,,
cef2ebec5773b5ec,cd6a0c8adb254231,53e01075a4d5c5a9,ToMBench,Strange Story Task,Non-Literal Communication,Non-Literal Communication: Involuntary lies,B,B,[[B]],1,,groupsplit_finetuned,,
7ae7cee1b91626ee,77bed84f97b5a577,53e01075a4d5c5a9,ToMBench,Strange Story Task,Non-Literal Communication,Non-Literal Communication: Involuntary lies,B,B,[[B]],1,,groupsplit_finetuned,,
30a466851b55e93a,a4e6d10242aa0a9a,5b5a5503e99ddcfb,ToMBench,Strange Story Task,Non-Literal Communication,Non-Literal Communication: Involuntary lies,B,B,[[B]],1,,groupsplit_finetuned,,
4617bdef18e9883b,46ed75cd10cfcb15,5b5a5503e99ddcfb,ToMBench,Strange Story Task,Non-Literal Communication,Non-Literal Communication: Involuntary lies,D,D,[[D]],1,,groupsplit_finetuned,,
6880663ee27cda8a,08efa827f7cba686,cd9d0af17d15e3cc,ToMBench,Strange Story Task,Non-Literal Communication,Non-Literal Communication: Involuntary lies,B,B,[[B]],1,,groupsplit_finetuned,,
32168703e7b5efe3,3cd24634e5592c7a,cd9d0af17d15e3cc,ToMBench,Strange Story Task,Non-Literal Communication,Non-Literal Communication: Involuntary lies,D,D,[[D]],1,,groupsplit_finetuned,,
d0f40fe23ed31156,c32c69139f506cf2,43f5d4a4a38eb2ff,ToMBench,Strange Story Task,Non-Literal Communication,Non-Literal Communication: Involuntary lies,B,B,[[B]],1,,groupsplit_finetuned,,
7b6240f1522d1408,c7fcabc8381c3970,43f5d4a4a38eb2ff,ToMBench,Strange Story Task,Non-Literal Communication,Non-Literal Communication: Involuntary lies,B,B,[[B]],1,,groupsplit_finetuned,,
dc2835491a5a92f3,918872484a2b19f0,9bdbf1755e6c704f,ToMBench,Strange Story Task,Emotion,Emotion: Mixed emotions,A,B,[[B]],0,,groupsplit_finetuned,,
f247e6fbffc329d9,fd0d32719643e57c,9bdbf1755e6c704f,ToMBench,Strange Story Task,Emotion,Emotion: Mixed emotions,D,D,[[D]],1,,groupsplit_finetuned,,
366afb01dca2046f,338923f77c983ffd,c1d4bed635bfc842,ToMBench,Strange Story Task,Emotion,Emotion: Mixed emotions,A,B,[[B]],0,,groupsplit_finetuned,,
3521a6b190e93fd1,75a8821bbe8397b5,c1d4bed635bfc842,ToMBench,Strange Story Task,Emotion,Emotion: Mixed emotions,B,B,[[B]],1,,groupsplit_finetuned,,
cc1f45ae4bc34a6c,66a0702f3c14af07,2f1a3f5499424318,ToMBench,Strange Story Task,Emotion,Emotion: Mixed emotions,A,B,[[B]],0,,groupsplit_finetuned,,
4acf1f73798e1b4a,728e993911949daa,2f1a3f5499424318,ToMBench,Strange Story Task,Emotion,Emotion: Mixed emotions,B,A,[[A]],0,,groupsplit_finetuned,,
827fb84c15245b64,15a95d27f1a5678d,04c59ad12ae10923,ToMBench,Strange Story Task,Emotion,Emotion: Mixed emotions,A,B,[[B]],0,,groupsplit_finetuned,,
f1663a70ec5ee4c9,d652c0f37e4c4574,04c59ad12ae10923,ToMBench,Strange Story Task,Emotion,Emotion: Mixed emotions,A,A,[[A]],1,,groupsplit_finetuned,,
52215d5af197979e,fd2b8bd74d7d56c0,95013f188c1c3465,ToMBench,Strange Story Task,Emotion,Emotion: Mixed emotions,A,B,[[B]],0,,groupsplit_finetuned,,
8ee0fb1b1f3d0982,0b396b5d348ec8b0,95013f188c1c3465,ToMBench,Strange Story Task,Emotion,Emotion: Mixed emotions,C,D,[[D]],0,,groupsplit_finetuned,,
25ab2920f75e0c4f,459653df0c7bea4c,6dc00fbe83521921,ToMBench,Strange Story Task,Emotion,Emotion: Mixed emotions,A,B,[[B]],0,,groupsplit_finetuned,,
bee33be3793ba418,bf8878d52affa186,6dc00fbe83521921,ToMBench,Strange Story Task,Emotion,Emotion: Mixed emotions,A,A,[[A]],1,,groupsplit_finetuned,,
2e5b7fe22efa4263,25abc0275c7e0c46,76b88541fec667e2,ToMBench,Strange Story Task,Emotion,Emotion: Mixed emotions,A,B,[[B]],0,,groupsplit_finetuned,,
61962b11864636aa,9d22ae2f9e599e7f,76b88541fec667e2,ToMBench,Strange Story Task,Emotion,Emotion: Mixed emotions,B,B,[[B]],1,,groupsplit_finetuned,,
278ba4cb93559a70,3bc4d32a70af3070,fe1f4ebb07269b35,ToMBench,Strange Story Task,Desire,Desire: Desire-action contradiction,A,B,[[B]],0,,groupsplit_finetuned,,
eee79d2c3d260d40,06490b5111a46645,fe1f4ebb07269b35,ToMBench,Strange Story Task,Desire,Desire: Desire-action contradiction,B,B,[[B]],1,,groupsplit_finetuned,,
8cdae4c2be769fbd,9dbc7831840b38f5,cb4a4b4bc8efaf29,ToMBench,Strange Story Task,Desire,Desire: Desire-action contradiction,A,B,[[B]],0,,groupsplit_finetuned,,
279cc643eec0727a,32a76eab38f3fd23,cb4a4b4bc8efaf29,ToMBench,Strange Story Task,Desire,Desire: Desire-action contradiction,D,D,[[D]],1,,groupsplit_finetuned,,
c6bda4e5c74a87ee,fee47c5776a32d9c,1736de7b5edb4145,ToMBench,Strange Story Task,Desire,Desire: Desire-action contradiction,B,B,[[B]],1,,groupsplit_finetuned,,
d9b5f3ccbe33f399,f1925cc5aa1b511d,1736de7b5edb4145,ToMBench,Strange Story Task,Desire,Desire: Desire-action contradiction,B,D,[[D]],0,,groupsplit_finetuned,,
d25eac85b93d779d,b060ba358902b7ca,c17809ee55a38197,ToMBench,Strange Story Task,Desire,Desire: Desire-action contradiction,B,B,[[B]],1,,groupsplit_finetuned,,
3e4c96dc691e5f56,f5eb1803884b316e,c17809ee55a38197,ToMBench,Strange Story Task,Desire,Desire: Desire-action contradiction,B,B,[[B]],1,,groupsplit_finetuned,,
18d4bed89278a428,011386a9c86c34c6,3f2fe7353095bb4b,ToMBench,Strange Story Task,Belief,Belief: Beliefs based action/emotions,B,B,[[B]],1,,groupsplit_finetuned,,
9c77b540cc247cea,8b9d438284952ba2,3f2fe7353095bb4b,ToMBench,Strange Story Task,Belief,Belief: Beliefs based action/emotions,B,A,[[A]],0,,groupsplit_finetuned,,
ff2d88724f60a8ce,fc01cc044d87941e,3f2fe7353095bb4b,ToMBench,Strange Story Task,Belief,Belief: Beliefs based action/emotions,B,D,[[D]],0,,groupsplit_finetuned,,
eaa238b30e7fd802,2723d6c922a1d7b5,819e05ea0584a05c,ToMBench,Strange Story Task,Belief,Belief: Beliefs based action/emotions,B,B,[[B]],1,,groupsplit_finetuned,,
0539bf97de436ef1,257f557f1c42d0b3,819e05ea0584a05c,ToMBench,Strange Story Task,Belief,Belief: Beliefs based action/emotions,B,A,[[A]],0,,groupsplit_finetuned,,
5cf58906740164ad,7f5cf07268d90da2,771e56b10b042bdf,ToMBench,Strange Story Task,Belief,Belief: Beliefs based action/emotions,B,B,[[B]],1,,groupsplit_finetuned,,
6981ed049a245b48,e0ee1ed073432e54,771e56b10b042bdf,ToMBench,Strange Story Task,Belief,Belief: Beliefs based action/emotions,C,C,[[C]],1,,groupsplit_finetuned,,
75bda0d8ff8df97d,004a3ad273192c77,f3b2e8821038d7f3,ToMBench,Strange Story Task,Belief,Belief: Beliefs based action/emotions,B,B,[[B]],1,,groupsplit_finetuned,,
ca0312b02b0bd53a,b9f10f01499553ca,f3b2e8821038d7f3,ToMBench,Strange Story Task,Belief,Belief: Beliefs based action/emotions,D,D,[[D]],1,,groupsplit_finetuned,,
a27781eaf3e4c8ad,d27c091468339c79,1a37b6fc950a117c,ToMBench,Strange Story Task,Belief,Belief: Beliefs based action/emotions,B,B,[[B]],1,,groupsplit_finetuned,,
26f6f2b7acf536c7,ed8583b152d7d14f,1a37b6fc950a117c,ToMBench,Strange Story Task,Belief,Belief: Beliefs based action/emotions,C,C,[[C]],1,,groupsplit_finetuned,,
d3159d8cc27bd240,f47d03d94c38e687,3925ad54bca26e81,ToMBench,Strange Story Task,Non-Literal communication,Non-Literal communication: Egocentric lies,B,B,[[B]],1,,groupsplit_finetuned,,
1d07d81cab129d01,531a1d565cedbbb3,3925ad54bca26e81,ToMBench,Strange Story Task,Non-Literal communication,Non-Literal communication: Egocentric lies,D,C,[[C]],0,,groupsplit_finetuned,,
42af8abf5d8fab6f,e327752f6d1c57cb,4574f498a084a3fc,ToMBench,Strange Story Task,Non-Literal communication,Non-Literal communication: Egocentric lies,B,B,[[B]],1,,groupsplit_finetuned,,
e533822cd71cb793,5615bda32a28447a,4574f498a084a3fc,ToMBench,Strange Story Task,Non-Literal communication,Non-Literal communication: Egocentric lies,D,D,[[D]],1,,groupsplit_finetuned,,
a5e4e4bde3fe68af,c970055082e7b6c7,6d1e82b6e8ea22b7,ToMBench,Strange Story Task,Non-Literal communication,Non-Literal communication: Egocentric lies,B,B,[[B]],1,,groupsplit_finetuned,,
2828a3a58d329866,d99016ac67f62cde,6d1e82b6e8ea22b7,ToMBench,Strange Story Task,Non-Literal communication,Non-Literal communication: Egocentric lies,B,B,[[B]],1,,groupsplit_finetuned,,
c8f23ea614fda07e,ca41f4b312708ae8,3225633b153b0a44,ToMBench,Strange Story Task,Non-Literal communication,Non-Literal communication: Egocentric lies,B,B,[[B]],1,,groupsplit_finetuned,,
a97664a932a4b4dc,78071b531e11da6d,3225633b153b0a44,ToMBench,Strange Story Task,Non-Literal communication,Non-Literal communication: Egocentric lies,D,C,[[C]],0,,groupsplit_finetuned,,
121f0eb7b8a56ddf,5162495d00783628,3854b3a8f91b2026,ToMBench,Strange Story Task,Non-Literal communication,Non-Literal communication: Egocentric lies,B,B,[[B]],1,,groupsplit_finetuned,,
f0d87b730dc3905c,999cf0abffe47cc5,3854b3a8f91b2026,ToMBench,Strange Story Task,Non-Literal communication,Non-Literal communication: Egocentric lies,C,D,[[D]],0,,groupsplit_finetuned,,
bc818ccf2cb7999b,c6fb768b89099206,80a2ad6a74ef09ce,ToMBench,Strange Story Task,Non-Literal communication,Non-Literal communication: Egocentric lies,B,B,[[B]],1,,groupsplit_finetuned,,
032e75a2b70819f7,57527d290c40920e,80a2ad6a74ef09ce,ToMBench,Strange Story Task,Non-Literal communication,Non-Literal communication: Egocentric lies,C,C,[[C]],1,,groupsplit_finetuned,,
4511f0c231a9dd0c,0a13374cfe00e623,06dd4c516b61b801,ToMBench,Strange Story Task,Non-Literal communication,Non-Literal communication: White lies,B,B,[[B]],1,,groupsplit_finetuned,,
2e9d1adc2405168a,5493b6eb1a2f663f,b6fd9598bd2bdbe7,ToMBench,Strange Story Task,Non-Literal communication,Non-Literal communication: White lies,B,B,[[B]],1,,groupsplit_finetuned,,
c8cf84ba69df29cd,2720ed485e662f02,b6fd9598bd2bdbe7,ToMBench,Strange Story Task,Non-Literal communication,Non-Literal communication: White lies,B,B,[[B]],1,,groupsplit_finetuned,,
285a3b6c390e7845,6dcb3cda7378f873,aa9ace7ee23dc87b,ToMBench,Strange Story Task,Non-Literal communication,Non-Literal communication: White lies,B,B,[[B]],1,,groupsplit_finetuned,,
ab0e05a18da4f353,5e2d61c5b1ed791d,aa9ace7ee23dc87b,ToMBench,Strange Story Task,Non-Literal communication,Non-Literal communication: White lies,D,D,[[D]],1,,groupsplit_finetuned,,
a55028a7b6ecf708,b75ca77d486e692f,16b3597a3d879d9c,ToMBench,Strange Story Task,Non-Literal communication,Non-Literal communication: White lies,B,B,[[B]],1,,groupsplit_finetuned,,
c0293858670a9209,3fcce8c9ecae90d1,16b3597a3d879d9c,ToMBench,Strange Story Task,Non-Literal communication,Non-Literal communication: White lies,A,A,[[A]],1,,groupsplit_finetuned,,
cfbc81598fe1bb87,b552ffdbbfff87e9,63c3a0b8d9ff3f7f,ToMBench,Strange Story Task,Non-Literal communication,Non-Literal communication: White lies,B,B,[[B]],1,,groupsplit_finetuned,,
07b9f4378d899fee,1490912cbd360a30,63c3a0b8d9ff3f7f,ToMBench,Strange Story Task,Non-Literal communication,Non-Literal communication: White lies,B,D,[[D]],0,,groupsplit_finetuned,,
8f01137fa44c82e0,c8a4388d6825b5b4,332e9361c7055367,ToMBench,Strange Story Task,Non-Literal communication,Non-Literal communication: White lies,B,B,[[B]],1,,groupsplit_finetuned,,
60f4fd99bf75f37c,310353e394623204,332e9361c7055367,ToMBench,Strange Story Task,Non-Literal communication,Non-Literal communication: White lies,A,D,[[D]],0,,groupsplit_finetuned,,
cb7762141a128af5,59dc32074645a270,2e152cd41c27758f,ToMBench,Strange Story Task,Non-Literal communication,Non-Literal communication: White lies,B,B,[[B]],1,,groupsplit_finetuned,,
5c91daea292025da,19802e7b3fc35949,2e152cd41c27758f,ToMBench,Strange Story Task,Non-Literal communication,Non-Literal communication: White lies,B,B,[[B]],1,,groupsplit_finetuned,,
11035bdf2b3fa1f1,56dbf20c3be30d8e,82ae7102e25a198c,ToMBench,Strange Story Task,Non-Literal communication,Non-Literal communication: White lies,B,B,[[B]],1,,groupsplit_finetuned,,
43c7b12f36455502,9d58c4395c736d7f,82ae7102e25a198c,ToMBench,Strange Story Task,Non-Literal communication,Non-Literal communication: White lies,C,B,[[B]],0,,groupsplit_finetuned,,
200c9b4431bb804f,d21d83a9900eb140,063ca6a4709c888c,ToMBench,Strange Story Task,Non-Literal communication,Non-Literal communication: Humor,D,D,[[D]],1,,groupsplit_finetuned,,
fd5bd5b0723c48f8,156a99cfbe2c56ed,ad3477bcbca19daf,ToMBench,Strange Story Task,Non-Literal communication,Non-Literal communication: Humor,B,B,[[B]],1,,groupsplit_finetuned,,
1dc6f0ea984a8de6,101ad8ab3e8fa3ce,ad3477bcbca19daf,ToMBench,Strange Story Task,Non-Literal communication,Non-Literal communication: Humor,C,C,[[C]],1,,groupsplit_finetuned,,
0ca315b76ab3bbc0,61ee1ed406d1de3c,6dd9817774d32d4e,ToMBench,Strange Story Task,Non-Literal communication,Non-Literal communication: Humor,B,B,[[B]],1,,groupsplit_finetuned,,
d6e35bf3072ad082,66735a5d1e5c412b,6dd9817774d32d4e,ToMBench,Strange Story Task,Non-Literal communication,Non-Literal communication: Humor,D,D,[[D]],1,,groupsplit_finetuned,,
fdbbebf658c7adcc,cdd09a6b179182bb,d2f9fbaae9a7c638,ToMBench,Strange Story Task,Non-Literal communication,Non-Literal communication: Humor,B,B,[[B]],1,,groupsplit_finetuned,,
59cb4e6911e45437,7d988fb96dde1af9,d2f9fbaae9a7c638,ToMBench,Strange Story Task,Non-Literal communication,Non-Literal communication: Humor,A,A,[[A]],1,,groupsplit_finetuned,,
804607d210b363a5,5b61f9d3fd9314b8,ba3a69f7eb5601ad,ToMBench,Strange Story Task,Non-Literal communication,Non-Literal communication: Humor,B,B,[[B]],1,,groupsplit_finetuned,,
897f5fc3a92dd37a,80c579922eefd793,ba3a69f7eb5601ad,ToMBench,Strange Story Task,Non-Literal communication,Non-Literal communication: Humor,A,B,[[B]],0,,groupsplit_finetuned,,
5080799581ac8f11,27a4354f23583797,f04edf77abdab7f4,ToMBench,Strange Story Task,Belief,Belief: Identity false beliefs,B,B,[[B]],1,,groupsplit_finetuned,,
8c6ef51e93f83275,8378fc5f70e2a48a,f04edf77abdab7f4,ToMBench,Strange Story Task,Belief,Belief: Identity false beliefs,D,D,[[D]],1,,groupsplit_finetuned,,
0fef70f02dc495d8,118f833bd8a25f4a,27af36c85b4c96cb,ToMBench,Strange Story Task,Belief,Belief: Identity false beliefs,B,B,[[B]],1,,groupsplit_finetuned,,
60da9d27334f7ca7,b192cba09f071b09,27af36c85b4c96cb,ToMBench,Strange Story Task,Belief,Belief: Identity false beliefs,C,C,[[C]],1,,groupsplit_finetuned,,
f9a4259004d7884a,b760d57b7f927239,5be0a5654d73faeb,ToMBench,Strange Story Task,Intention,Intention: Intentions explanations,B,A,[[A]],0,,groupsplit_finetuned,,
988822d686a23401,f4156bf20a30e8b7,5be0a5654d73faeb,ToMBench,Strange Story Task,Intention,Intention: Intentions explanations,B,B,[[B]],1,,groupsplit_finetuned,,
525db9f063f11390,03b9efe5479ca942,0a362f7adab5b3e1,ToMBench,Strange Story Task,Intention,Intention: Intentions explanations,B,B,[[B]],1,,groupsplit_finetuned,,
42564c29e97058a4,ab80009dd017734e,0a362f7adab5b3e1,ToMBench,Strange Story Task,Intention,Intention: Intentions explanations,C,C,[[C]],1,,groupsplit_finetuned,,
f716880158f4b137,d74f63dfc27f5b97,44df37e82f40cb68,ToMBench,Strange Story Task,Intention,Intention: Intentions explanations,B,B,[[B]],1,,groupsplit_finetuned,,
6e7b10360e6f2a3a,04239136060a6dd7,44df37e82f40cb68,ToMBench,Strange Story Task,Intention,Intention: Intentions explanations,B,B,[[B]],1,,groupsplit_finetuned,,
181c86579c94ab84,f687d5df033bc83f,b6ee7b6c9accf598,ToMBench,Strange Story Task,Intention,Intention: Intentions explanations,B,B,[[B]],1,,groupsplit_finetuned,,
060f925b8be15619,25d2537f03ebe45e,b6ee7b6c9accf598,ToMBench,Strange Story Task,Intention,Intention: Intentions explanations,C,C,[[C]],1,,groupsplit_finetuned,,
7da13eda65d8f356,3ec77d5526172535,6cb562fc085f6a5f,ToMBench,Strange Story Task,Intention,Intention: Intentions explanations,B,A,[[A]],0,,groupsplit_finetuned,,
775206550165b717,f3a81174789b639f,3800784a8f914e27,ToMBench,Strange Story Task,Intention,Intention: Intentions explanations,D,A,[[A]],0,,groupsplit_finetuned,,
76847920204f32c3,389c8f3485bbcadb,3800784a8f914e27,ToMBench,Strange Story Task,Intention,Intention: Intentions explanations,B,C,[[C]],0,,groupsplit_finetuned,,
6bb49344f6011c89,71592cf71c3b64c0,4d323c9ba204422e,ToMBench,Strange Story Task,Intention,Intention: Intentions explanations,B,B,[[B]],1,,groupsplit_finetuned,,
2f2ec230847abf93,f9a72d9cb00ce0cc,4d323c9ba204422e,ToMBench,Strange Story Task,Intention,Intention: Intentions explanations,A,A,[[A]],1,,groupsplit_finetuned,,
f2a0a89a94ca1413,c46c6623f49a2f83,6d5189e7f58d4976,ToMBench,Strange Story Task,Belief,Belief: Beliefs based action/emotions,B,B,[[B]],1,,groupsplit_finetuned,,
796bffaa3fb6344b,eed2f733ef2bd53b,6d5189e7f58d4976,ToMBench,Strange Story Task,Belief,Belief: Beliefs based action/emotions,A,A,[[A]],1,,groupsplit_finetuned,,
0a3183bb9b1ef251,2b659e2814fd999b,7edbc973cdaf8d17,ToMBench,Strange Story Task,Belief,Belief: Beliefs based action/emotions,B,B,[[B]],1,,groupsplit_finetuned,,
f873d8a9f65d3985,cbcf9bd4b2acd91f,7edbc973cdaf8d17,ToMBench,Strange Story Task,Belief,Belief: Beliefs based action/emotions,D,D,[[D]],1,,groupsplit_finetuned,,
08ea6202cdd0cfa3,9ddce8d5d53d172f,92564ed28e9a639f,ToMBench,Strange Story Task,Intention,Intention: Intentions explanations,A,A,[[A]],1,,groupsplit_finetuned,,
9c4bf3b4c8b6a30d,08b52d69265f82ff,92564ed28e9a639f,ToMBench,Strange Story Task,Intention,Intention: Intentions explanations,A,A,[[A]],1,,groupsplit_finetuned,,
cdedaf14ab70da46,ea9bff56e9d6d562,c39650cae6316d33,ToMBench,Strange Story Task,Intention,Intention: Intentions explanations,A,B,[[B]],0,,groupsplit_finetuned,,
f09c755b607d770a,2721a1ba90519104,c39650cae6316d33,ToMBench,Strange Story Task,Intention,Intention: Intentions explanations,A,C,[[C]],0,,groupsplit_finetuned,,
9957406d53780d8b,58c92529ad7d4990,493c38d564ba76a0,ToMBench,Strange Story Task,Intention,Intention: Intentions explanations,B,B,[[B]],1,,groupsplit_finetuned,,
6782c8e912e70c21,dab45e5356802796,493c38d564ba76a0,ToMBench,Strange Story Task,Intention,Intention: Intentions explanations,A,A,[[A]],1,,groupsplit_finetuned,,
944f856279968e12,ccaf1a48f284e4b9,4605537ef3dfff3e,ToMBench,Strange Story Task,Intention,Intention: Intentions explanations,A,B,[[B]],0,,groupsplit_finetuned,,
d8627794d2c01d50,5497660d29b7623c,4605537ef3dfff3e,ToMBench,Strange Story Task,Intention,Intention: Intentions explanations,C,C,[[C]],1,,groupsplit_finetuned,,
5d66d86c6b9026c8,44eb66e223d41d02,9a54b19218df936e,ToMBench,Strange Story Task,Intention,Intention: Intentions explanations,B,B,[[B]],1,,groupsplit_finetuned,,
1a0de4b97780293c,9329f920871e12ce,9a54b19218df936e,ToMBench,Strange Story Task,Intention,Intention: Intentions explanations,A,A,[[A]],1,,groupsplit_finetuned,,
d069d91ea02605bb,c98b7a237ddb1db0,1198a00c3ecf613f,ToMBench,Strange Story Task,Intention,Intention: Intentions explanations,B,B,[[B]],1,,groupsplit_finetuned,,
261d74f91710df67,45e952f9a3854a14,1198a00c3ecf613f,ToMBench,Strange Story Task,Intention,Intention: Intentions explanations,D,D,[[D]],1,,groupsplit_finetuned,,
ec9ab2697dcc9987,733220097764d634,97cc97bdd1cab797,ToMBench,Strange Story Task,Intention,Intention: Intentions explanations,A,A,[[A]],1,,groupsplit_finetuned,,
f9b94f031fb6053e,ceb77ed74ff8c44d,97cc97bdd1cab797,ToMBench,Strange Story Task,Intention,Intention: Intentions explanations,C,C,[[C]],1,,groupsplit_finetuned,,
75c510ef8f32d10d,959f92f913bb4073,2e18afd22b6dd91a,ToMBench,Strange Story Task,Intention,Intention: Intentions explanations,B,B,[[B]],1,,groupsplit_finetuned,,
13803d0b12f01269,0fb80a9617622e59,2e18afd22b6dd91a,ToMBench,Strange Story Task,Intention,Intention: Intentions explanations,D,B,[[B]],0,,groupsplit_finetuned,,
d29f07e0b7a9c992,94c4de183b7aa572,0e693211214f400f,ToMBench,Strange Story Task,Intention,Intention: Intentions explanations,B,B,[[B]],1,,groupsplit_finetuned,,
78d8fc1bc32f9e28,43cfe1621687aeb4,0e693211214f400f,ToMBench,Strange Story Task,Intention,Intention: Intentions explanations,A,A,[[A]],1,,groupsplit_finetuned,,
d4a2ba2eb85c7d98,1ee5933c1c19250a,a9eab88228b274e2,ToMBench,Unexpected Outcome Test,Emotion,Emotion: Atypical emotional reactions,C,A,[[A]],0,,groupsplit_finetuned,,
5c556bce9cfad9df,17eda63a598c3f06,994806db3180eac4,ToMBench,Unexpected Outcome Test,Emotion,Emotion: Atypical emotional reactions,A,A,[[A]],1,,groupsplit_finetuned,,
7ea22b684a25d82d,5ec9703f6a1b2aea,3121b91e52b1d759,ToMBench,Unexpected Outcome Test,Emotion,Emotion: Typical emotional reactions,A,A,[[A]],1,,groupsplit_finetuned,,
41436b34b8a20f03,a6af75ebc2ad299f,3121b91e52b1d759,ToMBench,Unexpected Outcome Test,Belief,Belief: Sequence false beliefs,D,A,[[A]],0,,groupsplit_finetuned,,
cb80160e0eb64bb4,1fa7e33a6b9708f1,de3534a75396a7eb,ToMBench,Unexpected Outcome Test,Emotion,Emotion: Atypical emotional reactions,C,C,[[C]],1,,groupsplit_finetuned,,
a24f2522584db202,81efc423616ad879,a09688762fbd7def,ToMBench,Unexpected Outcome Test,Emotion,Emotion: Atypical emotional reactions,B,D,[[D]],0,,groupsplit_finetuned,,
09a3493e2a5a3ca8,f358ce529d1b94a8,19b4d884e22a32a1,ToMBench,Unexpected Outcome Test,Emotion,Emotion: Typical emotional reactions,A,A,[[A]],1,,groupsplit_finetuned,,
962dd419da812132,9f7193759b911bd2,19b4d884e22a32a1,ToMBench,Unexpected Outcome Test,Belief,Belief: Sequence false beliefs,B,D,[[D]],0,,groupsplit_finetuned,,
0f5589eec1cd8126,2ad3179c54a478d8,36c3c8689b3305fd,ToMBench,Unexpected Outcome Test,Emotion,Emotion: Atypical emotional reactions,A,A,[[A]],1,,groupsplit_finetuned,,
5e573f4fd55a60bd,94fb3af8dc5d09f3,8eb4f55519d4f6cd,ToMBench,Unexpected Outcome Test,Emotion,Emotion: Atypical emotional reactions,C,B,[[B]],0,,groupsplit_finetuned,,
ce1338692cd7909e,501c92e31fedd13e,51822be5670557ce,ToMBench,Unexpected Outcome Test,Emotion,Emotion: Typical emotional reactions,D,D,[[D]],1,,groupsplit_finetuned,,
2f8149ccd49d8e0a,f5e5a281d8212b2b,cb405e03e9c0e059,ToMBench,Unexpected Outcome Test,Emotion,Emotion: Atypical emotional reactions,B,D,[[D]],0,,groupsplit_finetuned,,
fddba526f93f688d,7ab5392e092990ee,344e820921a2cc1a,ToMBench,Unexpected Outcome Test,Emotion,Emotion: Typical emotional reactions,B,B,[[B]],1,,groupsplit_finetuned,,
e568286184cac7c9,76479eaf25feec88,af7f4aef0cb10789,ToMBench,Unexpected Outcome Test,Emotion,Emotion: Typical emotional reactions,C,C,[[C]],1,,groupsplit_finetuned,,
662233bf9697fea9,60e92aa10221c5ff,af7f4aef0cb10789,ToMBench,Unexpected Outcome Test,Belief,Belief: Sequence false beliefs,B,B,[[B]],1,,groupsplit_finetuned,,
a705d417895f59cd,0bbc3d823d016097,2cf11e8d9358d924,ToMBench,Unexpected Outcome Test,Emotion,Emotion: Atypical emotional reactions,B,C,[[C]],0,,groupsplit_finetuned,,
ea09397220b6811f,f16daedf30d48b83,4165dba08ba8d045,ToMBench,Unexpected Outcome Test,Emotion,Emotion: Atypical emotional reactions,B,B,[[B]],1,,groupsplit_finetuned,,
a0b62081df57d5b5,cc8cbde38c6cfead,6ef7334c45ea63d7,ToMBench,Unexpected Outcome Test,Emotion,Emotion: Atypical emotional reactions,A,D,[[D]],0,,groupsplit_finetuned,,
ff33ee54adc2cb42,f8ad8e25d586f8c6,f5d97cf703660652,ToMBench,Unexpected Outcome Test,Emotion,Emotion: Atypical emotional reactions,A,B,[[B]],0,,groupsplit_finetuned,,
5cf4f1caff3d345a,415f758020d4742c,5db651a51798531e,ToMBench,Unexpected Outcome Test,Emotion,Emotion: Atypical emotional reactions,A,D,[[D]],0,,groupsplit_finetuned,,
62fe821c594dd1b9,0ad8bef0d09ed56b,a62f5d3200af86ea,ToMBench,Unexpected Outcome Test,Emotion,Emotion: Typical emotional reactions,B,C,[[C]],0,,groupsplit_finetuned,,
59b990a5ff1598dd,4fc38445e8a19776,a62f5d3200af86ea,ToMBench,Unexpected Outcome Test,Belief,Belief: Sequence false beliefs,C,C,[[C]],1,,groupsplit_finetuned,,
aa68710b032d072b,a9aed67f0cc9d349,b7c10ef5b48dbd9f,ToMBench,Unexpected Outcome Test,Emotion,Emotion: Atypical emotional reactions,B,C,[[C]],0,,groupsplit_finetuned,,
df7b161d04d69392,925b530e3cf8f501,7431dd14e1397d07,ToMBench,Unexpected Outcome Test,Emotion,Emotion: Typical emotional reactions,D,D,[[D]],1,,groupsplit_finetuned,,
f3a7233785c377b6,87900eade48f7d3a,7431dd14e1397d07,ToMBench,Unexpected Outcome Test,Belief,Belief: Sequence false beliefs,A,C,[[C]],0,,groupsplit_finetuned,,
7dbd2ffe1ab5fcac,7de112e354484fcf,e32fb4297515c3a7,ToMBench,Unexpected Outcome Test,Emotion,Emotion: Atypical emotional reactions,B,B,[[B]],1,,groupsplit_finetuned,,
a5b0c22b032bfdd9,31d4a04ace3277f3,da98cd90410281c1,ToMBench,Unexpected Outcome Test,Emotion,Emotion: Typical emotional reactions,C,C,[[C]],1,,groupsplit_finetuned,,
ba6a21aad0d0bc28,261e308956a6a6b4,da98cd90410281c1,ToMBench,Unexpected Outcome Test,Belief,Belief: Sequence false beliefs,A,A,[[A]],1,,groupsplit_finetuned,,
eeb99ce6879a05a8,70e85a35e1ee56b1,2141248bf8f5a7af,ToMBench,Unexpected Outcome Test,Emotion,Emotion: Atypical emotional reactions,C,D,[[D]],0,,groupsplit_finetuned,,
728879fcbe9555af,d73a600552c05946,c4a8b7c6f48c2246,ToMBench,Unexpected Outcome Test,Emotion,Emotion: Atypical emotional reactions,C,A,[[A]],0,,groupsplit_finetuned,,
89a614b1819ff082,8b220fdfe6133a07,ceaf28ce2dbfa714,ToMBench,Unexpected Outcome Test,Emotion,Emotion: Typical emotional reactions,B,B,[[B]],1,,groupsplit_finetuned,,
193bfabaef003830,77be689e20d93da3,ceaf28ce2dbfa714,ToMBench,Unexpected Outcome Test,Belief,Belief: Sequence false beliefs,A,A,[[A]],1,,groupsplit_finetuned,,
ba63b0f557c7de5b,71f2c48900e17865,876892b5e721d4d1,ToMBench,Unexpected Outcome Test,Emotion,Emotion: Typical emotional reactions,C,C,[[C]],1,,groupsplit_finetuned,,
94cf239d5dc4c1c8,f68572265f9c6c85,876892b5e721d4d1,ToMBench,Unexpected Outcome Test,Belief,Belief: Sequence false beliefs,C,C,[[C]],1,,groupsplit_finetuned,,
a39b076b554792ea,b1d6b94b7769ab8c,19a3df7ed2fe3393,ToMBench,Unexpected Outcome Test,Emotion,Emotion: Typical emotional reactions,A,B,[[B]],0,,groupsplit_finetuned,,
ef07972c3042df80,7fca250bdbc2e5a1,19a3df7ed2fe3393,ToMBench,Unexpected Outcome Test,Belief,Belief: Sequence false beliefs,C,C,[[C]],1,,groupsplit_finetuned,,
2c26ee7f6acff352,50528bb36eb44a3d,589ca03225fa5a7c,ToMBench,Unexpected Outcome Test,Emotion,Emotion: Typical emotional reactions,D,D,[[D]],1,,groupsplit_finetuned,,
504e26abe543d2d8,918be4b103409c99,589ca03225fa5a7c,ToMBench,Unexpected Outcome Test,Belief,Belief: Sequence false beliefs,B,B,[[B]],1,,groupsplit_finetuned,,
370f8296568255f5,6a8044a309cd2709,f3c8513b7581462a,ToMBench,Unexpected Outcome Test,Emotion,Emotion: Atypical emotional reactions,B,B,[[B]],1,,groupsplit_finetuned,,
3e2b7a5cea58efda,2d0cfc54a6f5deef,6846990ea1282831,ToMBench,Unexpected Outcome Test,Emotion,Emotion: Atypical emotional reactions,B,A,[[A]],0,,groupsplit_finetuned,,
3ccec66b57498f84,f21a8c8e87b28f83,fc6efef1d4713bce,ToMBench,Unexpected Outcome Test,Emotion,Emotion: Typical emotional reactions,C,C,[[C]],1,,groupsplit_finetuned,,
7bd81f40f169e4a4,53be49b21aa5f288,fc6efef1d4713bce,ToMBench,Unexpected Outcome Test,Belief,Belief: Sequence false beliefs,B,B,[[B]],1,,groupsplit_finetuned,,
c2f1bc160b924ab9,b7822eb9deef7387,987b30fff13db6ca,ToMBench,Unexpected Outcome Test,Emotion,Emotion: Atypical emotional reactions,B,B,[[B]],1,,groupsplit_finetuned,,
bcc4b2b92e9344a5,5a5c75c6f85cc8e0,c8dabb25758ccbd8,ToMBench,Unexpected Outcome Test,Emotion,Emotion: Atypical emotional reactions,C,C,[[C]],1,,groupsplit_finetuned,,
5e296286d6301163,f78c1fdaad6527d5,68f5257e3d434aae,ToMBench,Unexpected Outcome Test,Emotion,Emotion: Atypical emotional reactions,B,B,[[B]],1,,groupsplit_finetuned,,
76de1c85f0be9313,dac1494824148e9f,39d7178d0cbf8ce5,ToMBench,Unexpected Outcome Test,Emotion,Emotion: Typical emotional reactions,A,A,[[A]],1,,groupsplit_finetuned,,
f4a49cceb813d797,7bdcb514916c0187,39d7178d0cbf8ce5,ToMBench,Unexpected Outcome Test,Belief,Belief: Sequence false beliefs,C,C,[[C]],1,,groupsplit_finetuned,,
f5a9b7363382eb93,712c2677e0a1e7a7,c683b41344fe6616,ToMBench,Unexpected Outcome Test,Emotion,Emotion: Atypical emotional reactions,C,A,[[A]],0,,groupsplit_finetuned,,
7429318f7864c0fc,b15e819bf3fd8724,cb28c7c51a900e60,ToMBench,Unexpected Outcome Test,Emotion,Emotion: Atypical emotional reactions,C,A,[[A]],0,,groupsplit_finetuned,,
98e148e5c9d22446,e10f98dd02cc39b7,37fc92285545a374,ToMBench,Unexpected Outcome Test,Emotion,Emotion: Typical emotional reactions,B,B,[[B]],1,,groupsplit_finetuned,,
7bdbf2bd8105c7e7,47799548ea982795,37fc92285545a374,ToMBench,Unexpected Outcome Test,Belief,Belief: Sequence false beliefs,D,D,[[D]],1,,groupsplit_finetuned,,
6fbfc6543d4de9fb,5c688dc8da023f93,308ac980044a8625,ToMBench,Unexpected Outcome Test,Emotion,Emotion: Typical emotional reactions,A,A,[[A]],1,,groupsplit_finetuned,,
a3f2ac061a08a814,5ca60accbd8a936c,308ac980044a8625,ToMBench,Unexpected Outcome Test,Belief,Belief: Sequence false beliefs,D,A,[[A]],0,,groupsplit_finetuned,,
6d2a930efd3bcccf,7abb06e0f126c12d,a9e8d7c6b45db03e,ToMBench,Unexpected Outcome Test,Emotion,Emotion: Atypical emotional reactions,D,A,[[A]],0,,groupsplit_finetuned,,
7fd8b41f77d74e5f,b6e9897d2e55a553,6d9f937c50f40f60,ToMBench,Unexpected Outcome Test,Emotion,Emotion: Typical emotional reactions,C,C,[[C]],1,,groupsplit_finetuned,,
6e3c082ec9c7144b,b40fde52f8cf8cb9,6d9f937c50f40f60,ToMBench,Unexpected Outcome Test,Belief,Belief: Sequence false beliefs,A,A,[[A]],1,,groupsplit_finetuned,,
0ba3a46ced34fe6d,04e6952320e2e6dc,6d61c1d578d6fd99,ToMBench,Unexpected Outcome Test,Emotion,Emotion: Atypical emotional reactions,D,D,[[D]],1,,groupsplit_finetuned,,
2531ff98e6fb4179,3bfc19900634bd43,36bd2ca36d57f3db,ToMBench,Unexpected Outcome Test,Emotion,Emotion: Typical emotional reactions,A,A,[[A]],1,,groupsplit_finetuned,,
ac72c9903e89d03c,10f54c06a4f476e7,b75f96fe1b97ecf6,ToMBench,Unexpected Outcome Test,Belief,Belief: Sequence false beliefs,B,B,[[B]],1,,groupsplit_finetuned,,
9ab9dc9e5ebf2004,05b4cfed0ddb350e,d90bcae91478387e,ToMBench,Unexpected Outcome Test,Emotion,Emotion: Atypical emotional reactions,B,A,[[A]],0,,groupsplit_finetuned,,
a516586982f89e68,a32a0c96a2587e94,ab066dcf186268cf,ToMBench,Unexpected Outcome Test,Emotion,Emotion: Atypical emotional reactions,A,C,[[C]],0,,groupsplit_finetuned,,
dd46480bc09553a0,c2b021445d8dc327,42d9a2bbb2615806,ToMBench,Unexpected Outcome Test,Emotion,Emotion: Atypical emotional reactions,C,D,[[D]],0,,groupsplit_finetuned,,
91a22c3e8474f5c8,cbd8f564367f72bb,97e9cbe99d5567fe,ToMBench,Unexpected Outcome Test,Emotion,Emotion: Typical emotional reactions,D,D,[[D]],1,,groupsplit_finetuned,,
15ffcef7235a5ef3,be3423e24b84498c,97e9cbe99d5567fe,ToMBench,Unexpected Outcome Test,Belief,Belief: Sequence false beliefs,B,C,[[C]],0,,groupsplit_finetuned,,
8b6d884dd495154a,84eada9796832c80,d9f544aa31929966,ToMBench,Unexpected Outcome Test,Emotion,Emotion: Atypical emotional reactions,D,D,[[D]],1,,groupsplit_finetuned,,
b3136ae64e1016b0,9815a418f9344286,6e39570c08678594,ToMBench,Unexpected Outcome Test,Emotion,Emotion: Typical emotional reactions,B,B,[[B]],1,,groupsplit_finetuned,,
f89681f608fd5dd8,29696639e2411d02,6e39570c08678594,ToMBench,Unexpected Outcome Test,Belief,Belief: Sequence false beliefs,D,B,[[B]],0,,groupsplit_finetuned,,
3859c6a546d25c73,fcf30e253860d43c,10d527ad06d42fe0,ToMBench,Unexpected Outcome Test,Emotion,Emotion: Atypical emotional reactions,D,D,[[D]],1,,groupsplit_finetuned,,
5beaa9f65bd722fe,91871b568680fd38,fe3429e481efa3da,ToMBench,Unexpected Outcome Test,Emotion,Emotion: Atypical emotional reactions,B,B,[[B]],1,,groupsplit_finetuned,,
0575ae50b499d649,9d3023201935b390,972dfd0d5518c3cd,ToMBench,Unexpected Outcome Test,Emotion,Emotion: Atypical emotional reactions,B,B,[[B]],1,,groupsplit_finetuned,,
61262c9f3a065d5c,a7cf621d3aadcd3d,6c3628cf9194c39d,ToMBench,Unexpected Outcome Test,Emotion,Emotion: Typical emotional reactions,D,D,[[D]],1,,groupsplit_finetuned,,
0737c8f368869f55,a04e796a690b360d,6c3628cf9194c39d,ToMBench,Unexpected Outcome Test,Belief,Belief: Sequence false beliefs,A,D,[[D]],0,,groupsplit_finetuned,,
95cc476667087c12,9e81dbf6959f9702,a8e90c77e0d9ab3a,ToMBench,Unexpected Outcome Test,Emotion,Emotion: Atypical emotional reactions,B,B,[[B]],1,,groupsplit_finetuned,,
5e9344a69a0cc493,f4a4dec6dc71469b,8aa8d79d62fc8182,ToMBench,Unexpected Outcome Test,Belief,Belief: Sequence false beliefs,B,D,[[D]],0,,groupsplit_finetuned,,
b09619c9efcb5a5e,3d0ecdc288d6afb8,14c4aeed2f8bdfc8,ToMBench,Unexpected Outcome Test,Emotion,Emotion: Atypical emotional reactions,C,C,[[C]],1,,groupsplit_finetuned,,
b8fd85a1f52ce945,7f4d37090abffd86,ac3bb099695f76d6,ToMBench,Unexpected Outcome Test,Emotion,Emotion: Atypical emotional reactions,C,C,[[C]],1,,groupsplit_finetuned,,
6adb60af74d2a82d,a4a68fc843f400bd,ea85c87b90940c63,ToMBench,Unexpected Outcome Test,Emotion,Emotion: Typical emotional reactions,D,C,[[C]],0,,groupsplit_finetuned,,
9368540accb31df0,835d45ccbd5b979d,ea85c87b90940c63,ToMBench,Unexpected Outcome Test,Belief,Belief: Sequence false beliefs,B,B,[[B]],1,,groupsplit_finetuned,,
41648c83a0f5e2ec,e10e903f79dae874,cfb62b3f2c072baf,ToMBench,Unexpected Outcome Test,Emotion,Emotion: Typical emotional reactions,D,D,[[D]],1,,groupsplit_finetuned,,
daa7a7d0101ba2e1,6f00987c43d30cf9,cfb62b3f2c072baf,ToMBench,Unexpected Outcome Test,Belief,Belief: Sequence false beliefs,A,A,[[A]],1,,groupsplit_finetuned,,
14b84509b6304869,09e43a37d7eca12f,5264d69e4b90e233,ToMBench,Unexpected Outcome Test,Emotion,Emotion: Atypical emotional reactions,B,B,[[B]],1,,groupsplit_finetuned,,
74b536d9f6c35c3a,9e9fb1a779a81cc4,677f10c9464bb385,ToMBench,Unexpected Outcome Test,Emotion,Emotion: Typical emotional reactions,B,B,[[B]],1,,groupsplit_finetuned,,
757142d69093047e,c6cc6b4c70ebe17c,677f10c9464bb385,ToMBench,Unexpected Outcome Test,Belief,Belief: Sequence false beliefs,C,B,[[B]],0,,groupsplit_finetuned,,
bc376e7e3d56d786,0de27022806e0a6c,1dfb2fbaea7ef43b,ToMBench,Unexpected Outcome Test,Emotion,Emotion: Atypical emotional reactions,A,A,[[A]],1,,groupsplit_finetuned,,
a76968ff23a85e23,96a2cad14207d3b5,7263d5c18a30fc8f,ToMBench,Unexpected Outcome Test,Emotion,Emotion: Atypical emotional reactions,D,A,[[A]],0,,groupsplit_finetuned,,
a546ebf32b7a4c3c,453d4082a3473ace,b4f8d4b2d9d503e0,ToMBench,Unexpected Outcome Test,Emotion,Emotion: Atypical emotional reactions,D,C,[[C]],0,,groupsplit_finetuned,,
769ed4787068351c,375a890b0a88d9b4,de1a86abf177d687,ToMBench,Unexpected Outcome Test,Emotion,Emotion: Atypical emotional reactions,B,C,[[C]],0,,groupsplit_finetuned,,
a468c3fa97e4bf1f,e27a1f30848e36db,ff1cabb7d7491a38,ToMBench,Unexpected Outcome Test,Belief,Belief: Sequence false beliefs,A,A,[[A]],1,,groupsplit_finetuned,,
061c47546df99488,64d7d6bf4a5fe1af,801cd7c6d847d96c,ToMBench,Unexpected Outcome Test,Emotion,Emotion: Typical emotional reactions,A,A,[[A]],1,,groupsplit_finetuned,,
318fca6eabd42162,85427162530e805d,801cd7c6d847d96c,ToMBench,Unexpected Outcome Test,Belief,Belief: Sequence false beliefs,D,D,[[D]],1,,groupsplit_finetuned,,
55c03f306494686d,1405397692b0f0c8,096b684c019ef9b3,ToMBench,Unexpected Outcome Test,Emotion,Emotion: Typical emotional reactions,C,C,[[C]],1,,groupsplit_finetuned,,
bc77ab6e6c3d1ebd,2cb92b7366393aca,096b684c019ef9b3,ToMBench,Unexpected Outcome Test,Belief,Belief: Sequence false beliefs,A,C,[[C]],0,,groupsplit_finetuned,,
89f7caf34fa28d35,a1e30ed26eae9144,2e9a0a3e3d9331a0,ToMBench,Unexpected Outcome Test,Emotion,Emotion: Atypical emotional reactions,A,B,[[B]],0,,groupsplit_finetuned,,
