item_id,prompt_hash,story_id,source,task,category,ability,answer,pred,raw,correct,n_options,marker_found,condition,seed,exemplar_seed
315174352eed1dad,2de22f1709283179,3a0efd3c91f43d96,OpenToM,location-cg,Belief,Location False Beliefs,B,B,[[B]],1,,True,rationale_cot_3shot,,1
ba7527d7a191e8b2,0e0b8c8ed868c552,9036fbf00ff7f7e3,OpenToM,attitude,Emotion/Attitude,Attitude,A,A,"Based on the story, Derek's reaction shows that he is not happy about Tyler's action. He quietly entered the closet to check the empty spot, indicating a negative attitude. Therefore, the answer is A. [[A]]",1,,True,rationale_cot_3shot,,1
b366fc6ec6c67d72,06184cd31503482c,5e42930432469df9,OpenToM,attitude,Emotion/Attitude,Attitude,B,B,"Let's reason step by step: I track the actions and emotions of Kai in the story. Initially, Kai is excited to enjoy the grapes. Then, he has to leave without them. Later, he sees Jasper move the grapes to the dining table, showing his consideration. This indicates a positive attitude towards Jasper's action. This points to option B. [[B]]",1,,True,rationale_cot_3shot,,1
f06d2f4e0deb8976,ab5cdf6d05ba72ff,60d465fa461e97cf,OpenToM,location-cg,Belief,Location False Beliefs,B,A,[[A]],0,,True,rationale_cot_3shot,,1
15f142ea08c923ca,4430d00a2d7de535,9f9614318e810df5,OpenToM,attitude,Emotion/Attitude,Attitude,A,A,"Based on the story, Jeffrey's reaction was described as ""Jeffrey's expression turned to slight disdain."" This indicates a negative attitude towards Ximena's action. Therefore, the correct answer is A. [[A]]",1,,True,rationale_cot_3shot,,1
db948372b561c07f,6f89a7e63a5db478,1dcff9f63346e76e,OpenToM,attitude,Emotion/Attitude,Attitude,A,C,"Let's reason step by step: Since Kyle did not know about Kason's action, he would likely have a neutral attitude towards it. This points to option C. [[C]]",0,,True,rationale_cot_3shot,,1
abf9fff9f32631f2,0fc51a7b6df31e30,78579b4b51fda7b9,OpenToM,attitude,Emotion/Attitude,Attitude,A,B,"Let's reason step by step: Given the context, Camden saw Ethan's action as a result of his mistaken belief. Since Camden had the intention to place the plum there, Ethan's action can be seen as a reaction to a misunderstanding. This implies a negative attitude towards Ethan's action. [[B]]",0,,True,rationale_cot_3shot,,1
550db6108219598e,6d518309721d14ff,7534c8f04ab1a99a,OpenToM,attitude,Emotion/Attitude,Attitude,A,C,"Let's reason step by step: Given the context, Chase is unaware of Mateo's kind gesture, and since the story doesn't provide any indication that Chase had a negative reaction to Mateo's action, we can assume his attitude is neutral. This points to option C. [[C]]",0,,True,rationale_cot_3shot,,1
99292c37beea7b87,5eaa5f005a018827,9dc13e980759cfd6,OpenToM,location-cg,Belief,Location False Beliefs,B,B,"Based on the story, Richard moved the tangerine to his own fridge. Therefore, from Richard's perspective, the tangerine is not in its initial location by the end of the story. The correct answer is B. [[B]]",1,,True,rationale_cot_3shot,,1
d62783c7eefd1c98,283c9e891fdfb73d,befab7d31839361a,OpenToM,attitude,Emotion/Attitude,Attitude,C,B,"Let's reason step by step: Given the story, Jacob's reaction was immediate and without words, showing a face wrinkled with disapproval. This indicates a negative attitude. [[B]]",0,,True,rationale_cot_3shot,,1
e821741eeaa375a7,7401868c1941c8d3,e448a19a00402cc4,OpenToM,location-cg,Belief,Location False Beliefs,A,B,[[B]],0,,True,rationale_cot_3shot,,1
90818ee08b863b27,1801116eee1efbc5,3072d3550d46b197,OpenToM,location-cg,Belief,Location False Beliefs,B,B,"Let's reason step by step: Nolan moved the underclothes to his bedroom drawer, so according to Nolan's perspective, the underclothes are not in their initial location. This points to option B. [[B]]",1,,True,rationale_cot_3shot,,1
85987e60c19d0cd6,6a0573b7f0b58bb9,7fc8dc93f6ad3213,OpenToM,location-cg,Belief,Location False Beliefs,B,B,[[B]],1,,True,rationale_cot_3shot,,1
c208587ad0968dbe,f8d71e31dbc2c1c4,f4885422b20bd492,OpenToM,attitude,Emotion/Attitude,Attitude,C,B,"Let's reason step by step: Given the context, Luke's reaction is likely to be negative due to Joshua's inconsiderate action. This points to option B. [[B]]",0,,True,rationale_cot_3shot,,1
6a0c30a3cbf702cb,3116742c0f822b9c,eb780969418469fa,OpenToM,location-cg,Belief,Location False Beliefs,B,B,"Based on the story, Kevin watched Maya take the sweatshirt and plan to give it to her friend. This implies the sweatshirt was moved from its initial location. Therefore, the correct answer is B. [[B]]",1,,True,rationale_cot_3shot,,1
e1b9b493bfe26c4e,0aceab5cc2763b3a,d63515436c0c234f,OpenToM,location-cg,Belief,Location False Beliefs,B,B,[[B]],1,,True,rationale_cot_3shot,,1
44ff4557b99ca9a9,7ceef924fab7bba9,e61d11146109c296,OpenToM,attitude,Emotion/Attitude,Attitude,B,A,"Based on the story, Anthony's reaction seems to be neutral since he was lost in his thoughts and didn't question Zoey's actions immediately. However, the closest answer among the given options is:

[[A]]",0,,True,rationale_cot_3shot,,1
59ef6b9ee0b1b2ac,fde864983cb52f1e,6e21054ca7567d82,OpenToM,attitude,Emotion/Attitude,Attitude,C,C,"Based on the story, Brooks would likely have a negative attitude towards Brantley's action. [[C]]",1,,True,rationale_cot_3shot,,1
c61d9657b54346ed,9262df0eeec1d114,b3227209af362f56,OpenToM,attitude,Emotion/Attitude,Attitude,A,A,"Let's reason step by step: I track who has access to which information in the story, then check what the relevant character would infer given only what they observed. Evan's face remained expressionless as he watched Emerson take the tangerine away, indicating a neutral attitude. This points to option A. [[A]]",1,,True,rationale_cot_3shot,,1
52f096ae5a824e27,fcb42e8ef3c44523,2daa8e132b446ad8,OpenToM,attitude,Emotion/Attitude,Attitude,B,A,"Let's reason step by step: Based on the story, Aidan's reaction to Alexander's action is not mentioned directly, but we can infer from the context. Since Aidan left the basement without saying anything and didn't seem bothered by Alexander's action, it suggests he was not aware or did not care about it. Therefore, his attitude is neutral. [[A]]",0,,True,rationale_cot_3shot,,1
dfa11f1a1dbf4a78,1c2905ffe0826024,d73fe6db0999db91,OpenToM,attitude,Emotion/Attitude,Attitude,B,A,"Based on the story, Paul's reaction suggests he is perplexed and doesn't understand Ricardo's actions. Therefore, his attitude is closest to being negative. [[A]]",0,,True,rationale_cot_3shot,,1
ec389f531d527bcf,0aed571eca063ec8,21faf8f0121f873e,OpenToM,location-cg,Belief,Location False Beliefs,B,B,[[B]],1,,True,rationale_cot_3shot,,1
8e23a08abd1a4440,5a298ecddaecc032,5e59b4b627867849,OpenToM,location-cg,Belief,Location False Beliefs,B,B,[[B]],1,,True,rationale_cot_3shot,,1
627a8342aa06ac43,9ad094fc875e8577,4db8536a651cc32c,OpenToM,attitude,Emotion/Attitude,Attitude,C,B,"Let's reason step by step: I track Mario's reaction to Travis's action. Mario stands quietly, observing Travis's actions, his thoughts a mystery. This implies a negative attitude. [[B]]",0,,True,rationale_cot_3shot,,1
5fd6b21a665b0e86,a2b735890dea869e,cf8411f35aafe146,OpenToM,location-cg,Belief,Location False Beliefs,B,B,"Based on the story, Jayce watched Sadie move the banana and deposit it in the trash. This implies that from Jayce's perspective, the banana is not in its initial location by the end of the story. Therefore, the answer is B. [[B]]",1,,True,rationale_cot_3shot,,1
331576f5def8649f,5b5782371daea1a3,cdc5f70cf6088573,OpenToM,attitude,Emotion/Attitude,Attitude,A,A,"Let's reason step by step: Given the context, Ella left the scene without interacting with Natalia's actions. Since Ella didn't witness or approve of Natalia's decision, her attitude would be negative. This points to option A. [[A]]",1,,True,rationale_cot_3shot,,1
e47ae630d54cd3b5,3cfcb33aca429f87,b8aa99cc6aec6de0,OpenToM,location-cg,Belief,Location False Beliefs,B,B,"Based on the story, Lucas moved the shoes to the garage shelf, so from his perspective, the shoes are not in its initial location by the end of the story. The answer is B. [[B]]",1,,True,rationale_cot_3shot,,1
6ef0d9f973637059,021c3e10f98c2450,b7575e54e8efbaca,OpenToM,location-cg,Belief,Location False Beliefs,B,B,[[B]],1,,True,rationale_cot_3shot,,1
fe42e1992570ca5c,1bf610fc58e2ddc5,b599b2c61e751121,OpenToM,location-cg,Belief,Location False Beliefs,B,B,[[B]],1,,True,rationale_cot_3shot,,1
f162219154797085,03e2a72fadf4bcdb,6d9e35045c3b823d,OpenToM,location-cg,Belief,Location False Beliefs,B,B,"Based on the story, Desmond observed Messiah moving the asparagus to the pantry. Therefore, from Desmond's perspective, the asparagus is not in its initial location by the end of the story. The answer is B. [[B]]",1,,True,rationale_cot_3shot,,1
66d32f13d8feb98d,d19ccfcd51aebc13,2b04a440d3f1181f,OpenToM,location-cg,Belief,Location False Beliefs,A,B,"Based on the story provided, we can infer that Jonah left the socks in the living room and Savannah moved them to her own drawer. Therefore, from Jonah's perspective, the socks are not in their initial location by the end of the story. The correct answer is:

[[B]]",0,,True,rationale_cot_3shot,,1
f8014260bbd4834b,9f2b4b30ba261a8b,69b22b4d066fd475,OpenToM,attitude,Emotion/Attitude,Attitude,B,A,"Let's reason step by step: I track who has access to which information in the story, then check what the relevant character would infer given only what they observed. This points to option A. [[A]]",0,,True,rationale_cot_3shot,,1
0902c029ed3d28a7,80c5f50fc18f22e8,402101e517dc7720,OpenToM,location-cg,Belief,Location False Beliefs,B,B,[[B]],1,,True,rationale_cot_3shot,,1
3b60d62851da8653,9542cc85abbab32c,1a79867b99752a63,OpenToM,location-cg,Belief,Location False Beliefs,B,B,"Based on the story provided, Antonio moved the suit from the study to his friend's house. Therefore, from Antonio's perspective, the suit is not in its initial location by the end of the story. The answer is B. [[B]]",1,,True,rationale_cot_3shot,,1
066aed0ead8c9035,aa2995d78e8f7a69,c7e812ba621d50b1,OpenToM,attitude,Emotion/Attitude,Attitude,A,C,"Let's reason step by step: Given the context that Kyle doesn't like trousers and he left the trousers in the bathtub, his reaction to August's action would be neutral since he was not aware of it. This points to option C. [[C]]",0,,True,rationale_cot_3shot,,1
0216aafa2b83ec54,17625c4356ea695a,71431319a2fe6399,OpenToM,location-cg,Belief,Location False Beliefs,A,B,"Based on the story provided, Alexander's perspective is that the sweatshirt is not in its initial location. It was moved by Madeline. Therefore, the correct answer is B. [[B]]",0,,True,rationale_cot_3shot,,1
8eb8d28e7d03cee9,397c725b4564ac87,e63f0256ef22dfc0,OpenToM,attitude,Emotion/Attitude,Attitude,A,A,"Let's reason step by step: Given the context, Dakota initially disapproved of belts and was not interested in having one. However, Landon's action was done with good intentions to make things easier for Dakota. Since Dakota did not share the same interest but appreciated Landon's consideration, the correct answer is neutral. [[A]]",1,,True,rationale_cot_3shot,,1
30c0b124b1248b2b,444d841db375bca2,982841c160b7e98d,OpenToM,location-cg,Belief,Location False Beliefs,B,B,[[B]],1,,True,rationale_cot_3shot,,1
a7b73898d2670b3a,19195a56f2ff06f2,518431d5774915a5,OpenToM,location-cg,Belief,Location False Beliefs,B,B,[[B]],1,,True,rationale_cot_3shot,,1
bcf7c43d5802651e,8e83f7c48e854bce,b90f6e694a8ac4a0,OpenToM,attitude,Emotion/Attitude,Attitude,C,C,"Let's reason step by step: Given the context, Holden left the garden to explore a mysterious crawlspace, showing little interest in the tie. Thomas moved the tie to a donation box, thinking it would be appreciated by others. Since Holden didn't show any interest in the tie, his reaction to Thomas's action would likely be negative. 

This leads to the answer: [[C]]",1,,True,rationale_cot_3shot,,1
95e87d67349035f9,233a534b7613e364,ef8eabdcc218a748,OpenToM,location-cg,Belief,Location False Beliefs,A,B,"Based on the story provided, we can infer that Zachary left the study after seeing the grapes, and Beckett moved the grapes to the trash can. Therefore, from Zachary's perspective, the grapes were not in their initial location by the end of the story. The correct answer is B. [[B]]",0,,True,rationale_cot_3shot,,1
8b55910bde75d274,8e773677eea96232,d63515436c0c234f,OpenToM,location-cg,Belief,Location False Beliefs,B,A,"Based on the story, Braxton's reaction suggests he might not appreciate August's gesture. However, the story ends abruptly without further details. Given the context, the most logical inference is that the celery remains in its initial location. Therefore, the answer is A. [[A]]",0,,True,rationale_cot_3shot,,1
7a14c97af05108c0,19078cced6e85da5,9733711c4bd3d12f,OpenToM,location-cg,Belief,Location False Beliefs,B,B,"Based on the story, Francisco moved the green pepper to his own refrigerator. Therefore, from Francisco's perspective, the green pepper is not in its initial location by the end of the story. The correct answer is B. [[B]]",1,,True,rationale_cot_3shot,,1
2f34eacb383a99d8,938ba925f6b442b1,f2cfa8affb7e1a85,OpenToM,location-cg,Belief,Location False Beliefs,A,B,"Based on the story, we can infer that Theodore moved the bucket to a safe place, so from Katherine's perspective, the strawberry is not in its initial location. Therefore, the answer is B. [[B]]",0,,True,rationale_cot_3shot,,1
3ee53e06f8034a4c,94f7d68abf5cad27,5e59b4b627867849,OpenToM,attitude,Emotion/Attitude,Attitude,B,A,"Let's reason step by step: Given the context, Spencer despises slippers and was likely annoyed by Fabian's action. This points to option A. [[A]]",0,,True,rationale_cot_3shot,,1
ddfea9464adc34a6,f797cdf513542e0b,3a6cab1f061a9f36,OpenToM,attitude,Emotion/Attitude,Attitude,C,C,"Based on the story, Ibrahim's reaction shows he was taken aback by Allison's selfless act and felt a sense of respect for her. This indicates a positive attitude. Therefore, the answer is C. [[C]]",1,,True,rationale_cot_3shot,,1
1e868739c86eca81,89cac44f7c99eda3,7c27e3846cde5249,OpenToM,location-cg,Belief,Location False Beliefs,B,B,[[B]],1,,True,rationale_cot_3shot,,1
ffd86c129fd01fce,b1fc24ae7140ef6f,20f7b03855153d4f,OpenToM,location-cg,Belief,Location False Beliefs,A,A,"Based on the story provided, we can infer that Gideon left the patio without knowing about Marcos's actions. Therefore, from Gideon's perspective, the trousers would still be in their initial location by the end of the story. [[A]]",1,,True,rationale_cot_3shot,,1
acdb14f8cde2ba89,ad2ed0ae3f9ce15a,2c1b7bb33349b577,OpenToM,location-cg,Belief,Location False Beliefs,B,B,[[B]],1,,True,rationale_cot_3shot,,1
a60ca2eb637afaaa,1c32190a5e036141,205e0960bb470378,OpenToM,attitude,Emotion/Attitude,Attitude,C,B,"Let's reason step by step: Given the context, Xavier left the scene without any interaction about Andres's action, indicating he was not aware of it. Since he didn't express any reaction or attitude towards Andres's action, we can assume his attitude is neutral. This points to option B. [[B]]",0,,True,rationale_cot_3shot,,1
37218628c3eb8e7f,13c398c34598b901,f20cd61bdefadcd2,OpenToM,location-cg,Belief,Location False Beliefs,B,B,[[B]],1,,True,rationale_cot_3shot,,1
4a35e77e7ad05093,2907b85dc6714fa9,0b0b9e95b41bf3f6,OpenToM,location-cg,Belief,Location False Beliefs,A,B,"Based on the story, Sophie left the scene without knowing about Colton's actions. Therefore, the orange would still be in its initial location by Sophie's perspective. The answer is B. [[B]]",0,,True,rationale_cot_3shot,,1
0c60e9ebb3981435,31abb59652c92853,4db8536a651cc32c,OpenToM,location-cg,Belief,Location False Beliefs,B,B,[[B]],1,,True,rationale_cot_3shot,,1
2daf8f0501f630cf,f660c8d8e067680c,2ac066941241c0fc,OpenToM,location-cg,Belief,Location False Beliefs,B,B,"Based on the story, Pedro moved the pumpkin from the wicker basket to the dining table centerpiece. Therefore, from Pedro's perspective, the pumpkin is not in its initial location by the end of the story. The correct answer is B. [[B]]",1,,True,rationale_cot_3shot,,1
5431111c627e0c62,70976797df889811,aaffccfbdd3b7ab9,OpenToM,attitude,Emotion/Attitude,Attitude,A,B,"Let's reason step by step: Based on the story, Camila's reaction to Noel's action is that she left the room without interacting further with the hat. This implies a neutral attitude towards his action. This points to option B. [[B]]",0,,True,rationale_cot_3shot,,1
ec4eba3f623f9abc,2e5ad53d8207fe5d,618bc4fba60b9e99,OpenToM,location-cg,Belief,Location False Beliefs,B,B,"Based on the story, Paisley moved the box containing the slacks to a pile of clothes meant for donation. Therefore, from Paisley's perspective, the slacks are not in their initial location by the end of the story. The answer is B. [[B]]",1,,True,rationale_cot_3shot,,1
f8a5529a8a1e3114,de91224062f6abe4,d1fb8818e9b49000,OpenToM,attitude,Emotion/Attitude,Attitude,C,A,"Based on the story, Luis's reaction to Kameron's action would be negative because Luis despises radishes and Kameron's action was to keep the radish away from Luis. Therefore, the answer is A. [[A]]",0,,True,rationale_cot_3shot,,1
a57c1a58c23ba57f,1961ce0d5a1410b8,ab07df84ee429b41,OpenToM,location-cg,Belief,Location False Beliefs,B,B,"Based on the story provided, Brian moved the persimmons from the bathtub to the dining table. Therefore, from Brian's perspective, the persimmons are not in their initial location by the end of the story. The correct answer is B. [[B]]",1,,True,rationale_cot_3shot,,1
39a94c80701ab1d7,75a33f42c411bc86,aa1352074262282c,OpenToM,location-cg,Belief,Location False Beliefs,B,B,"Based on the story, Kylie moved the belt from the crate to her own closet. Therefore, from Kylie's perspective, the belt is not in its initial location by the end of the story. The correct answer is B. [[B]]",1,,True,rationale_cot_3shot,,1
4ecfbf41a07f5dcf,6a9f9a39904bc34a,b0d3b59be331ed6f,OpenToM,location-cg,Belief,Location False Beliefs,B,B,"Based on the story, Reid moved the slippers to the trash bin, so from his perspective, the slippers are not in their initial location by the end of the story. The answer is B. [[B]]",1,,True,rationale_cot_3shot,,1
0ba1ebeac381eaac,6be0d21f0efaf782,3c030e36203c7d47,OpenToM,attitude,Emotion/Attitude,Attitude,B,B,"Based on the story, Raymond's reaction to Garrett's action can be inferred as positive because Raymond was excited about the sweatshirt and appreciated Garrett's thoughtful gesture. Therefore, the answer is B. [[B]]",1,,True,rationale_cot_3shot,,1
54a24396fba12acb,103e81b6441034f5,e43793f356cf5f71,OpenToM,location-cg,Belief,Location False Beliefs,B,B,[[B]],1,,True,rationale_cot_3shot,,1
330b73d53ba97012,d5ba176d1d2d55b5,402101e517dc7720,OpenToM,attitude,Emotion/Attitude,Attitude,B,A,"Let's reason step by step: Given the context, Jared's reaction can be inferred based on his shared disdain for watermelon. This points to option A. [[A]]",0,,True,rationale_cot_3shot,,1
e6e831665f1385b2,325835a387680d5f,37dbbc5b574c5948,OpenToM,location-cg,Belief,Location False Beliefs,B,B,[[B]],1,,True,rationale_cot_3shot,,1
716d1793a910a7db,d9cf155e6df90df0,79c73730359fc6f5,OpenToM,location-cg,Belief,Location False Beliefs,B,B,[[B]],1,,True,rationale_cot_3shot,,1
279e2ca551c8d456,c4d79a6d57812466,4514f14f7a31d3da,OpenToM,location-cg,Belief,Location False Beliefs,B,B,"Based on the story, Andy moved the shirt to the closet, so from Andy's perspective, the shirt is not in its initial location by the end of the story. The correct answer is B. [[B]]",1,,True,rationale_cot_3shot,,1
574b662136f3e5ea,95f4d742ae546da1,90071ffe63fd12b5,OpenToM,location-cg,Belief,Location False Beliefs,A,B,"Based on the story provided, Travis left the crawlspace and was unaware of Jayden's actions. Therefore, from Travis's perspective, the tie is still in its initial location. The correct answer is:

[[B]]",0,,True,rationale_cot_3shot,,1
bf8bcc15d1d3ff1f,4c1a66f62e90f687,0aab5a5e0ba3a2a3,OpenToM,location-cg,Belief,Location False Beliefs,B,B,"Based on the story, Ariana moved the socks from the container to a nearby shelf. Therefore, from Ariana's perspective, the socks are not in their initial location by the end of the story. The correct answer is B. [[B]]",1,,True,rationale_cot_3shot,,1
987a742c1a518b95,e8ae3e8989faf767,435d2a9427aec5ef,OpenToM,location-cg,Belief,Location False Beliefs,B,B,"Let's reason step by step: From Adalynn's perspective, the tie is moved to the entryway storage. Therefore, the correct answer is B. [[B]]",1,,True,rationale_cot_3shot,,1
8ad6c698e60b8512,92c1691a0feaf746,c986ccd644df3b43,OpenToM,location-cg,Belief,Location False Beliefs,B,B,[[B]],1,,True,rationale_cot_3shot,,1
11307e2cc6bcfee8,9bd801d3b504ce15,5b606103b75b877b,OpenToM,attitude,Emotion/Attitude,Attitude,A,B,"Let's reason step by step: Given the context, Messiah finds out about Cash's action, and considering his dislike for peas, his reaction would be negative. This points to option B. [[B]]",0,,True,rationale_cot_3shot,,1
a6f46cfed571d521,8ddeb025a0ef9c89,31f3a322ac3404ca,OpenToM,location-cg,Belief,Location False Beliefs,B,B,"Based on the story provided, Jay picks up the lettuce and carries it to his own refrigerator, indicating that the lettuce is not in its initial location by the end of the story. Therefore, the answer is B. [[B]]",1,,True,rationale_cot_3shot,,1
68ab524a908b7c74,4b48b2800455191d,f1f5dc13b3df4ecd,OpenToM,attitude,Emotion/Attitude,Attitude,A,B,"Based on the story, Genesis's reaction suggests she is confused and possibly curious about Hugo's actions, but not necessarily negative or positive. Therefore, the most fitting answer is B. [[B]]",0,,True,rationale_cot_3shot,,1
c00e5b1a13a2f281,e0f9df2c9664f95f,492bb509a76dbbe1,OpenToM,attitude,Emotion/Attitude,Attitude,C,B,"Let's reason step by step: I track the character's perspective and emotions in the story. Given Caiden's disdain for underclothes, his reaction to Tanner's action would be negative. This points to option B. [[B]]",0,,True,rationale_cot_3shot,,1
82f09a1c1ec93442,155940bf2f8f7abd,ff802852fd1d3f53,OpenToM,location-cg,Belief,Location False Beliefs,B,B,"Based on the story, Leonel moved the sweater to his favorite chair or couch, so from his perspective, the sweater is not in its initial location. The answer is B. [[B]]",1,,True,rationale_cot_3shot,,1
584cf2765750f982,d57fd054b9f6621c,ce935f4ca0de1c4e,OpenToM,attitude,Emotion/Attitude,Attitude,C,B,"Based on the story, Andre's reaction was to exit the living room without saying a word, showing he was displeased with Jaxon's actions. This indicates a negative attitude. [[B]]",0,,True,rationale_cot_3shot,,1
d4e8c2e933ee3079,f5e2021f34946a6a,3977c55a00ef3216,OpenToM,location-cg,Belief,Location False Beliefs,B,B,"Based on the story, we can infer that Emma moved the boots to a donation box, so Jace would not see them in their initial location. Therefore, the answer is B. [[B]]",1,,True,rationale_cot_3shot,,1
e90a842a2899ee57,e7092d96b7f87dd2,dfaa89153a8adcba,OpenToM,attitude,Emotion/Attitude,Attitude,C,A,Let's reason step by step: I track Ivan's reaction to Charles's action. Ivan was aware of Charles's disdain for pumpkins but remained oblivious to the pumpkin's new hiding spot. This implies Ivan's attitude is neutral. [[A]],0,,True,rationale_cot_3shot,,1
40bdddc3bfecbc64,cc04cf9e5885fde6,908654182c9a2441,OpenToM,attitude,Emotion/Attitude,Attitude,B,C,"Based on the story, Elena was watching Desmond's every move and he moved the slippers to the garage because he didn't want to see them. This implies she might be upset or disappointed. However, since the options do not include 'negative' in a neutral way, we can assume her attitude is closest to 'neutral'. [[C]]",0,,True,rationale_cot_3shot,,1
22a5abe5a1669bc8,bd2f7d2d3eb74b73,7701c7aa6259aeac,OpenToM,location-cg,Belief,Location False Beliefs,B,B,"Based on the story, we can infer that the apple was initially in the bucket. Justin moved it to the trash can. Therefore, from Tucker's perspective, the apple is not in its initial location by the end of the story. The correct answer is B. [[B]]",1,,True,rationale_cot_3shot,,1
95d7f72e4dd9b9a0,fec211760f82e3e2,7ff712e1eb02f871,OpenToM,attitude,Emotion/Attitude,Attitude,A,A,"Let's reason step by step: Reed's reaction to Santiago's action can be inferred from the context provided. Reed dislikes grapes, and Santiago's action of removing them shows a negative attitude towards Reed's enjoyment of grapes. This points to option A. [[A]]",1,,True,rationale_cot_3shot,,1
dd30979718b65f77,971495d879c0e7c1,5af4b53f45e38b78,OpenToM,location-cg,Belief,Location False Beliefs,B,B,"Based on the story, Victor watched Ruben move the potato to the garbage bin. Therefore, the potato was not in its initial location by the end of the story. The answer is B. [[B]]",1,,True,rationale_cot_3shot,,1
c83b589f40200292,71ef0ec4d8f75337,c3ea1f7ce845d8d0,OpenToM,location-cg,Belief,Location False Beliefs,B,B,"Based on the story provided, Cora moved the persimmons to her own refrigerator. Therefore, from Cora's perspective, the persimmon is not in its initial location by the end of the story. The answer is B. [[B]]",1,,True,rationale_cot_3shot,,1
5c99e41c7f8253c0,fee19d36172ddc94,d6bb03ee691abc95,OpenToM,location-cg,Belief,Location False Beliefs,B,B,[[B]],1,,True,rationale_cot_3shot,,1
30f8cc428d37361b,e3b111c381da0151,828d565a10cd4041,OpenToM,location-cg,Belief,Location False Beliefs,A,B,"Based on the story, Eva did not witness Benjamin's actions. Therefore, from Eva's perspective, the cabbage remains in its initial location by the end of the story. The answer is B. [[B]]",0,,True,rationale_cot_3shot,,1
ee6b568e9e060deb,3949da9ec52f7210,ae5167ff1787d672,OpenToM,location-cg,Belief,Location False Beliefs,A,B,[[B]],0,,True,rationale_cot_3shot,,1
7956e0d6502ddc77,30e3f83d4ecec914,d8f76edc028b5a92,OpenToM,attitude,Emotion/Attitude,Attitude,C,A,"Let's reason step by step: Given the context, Hayden's reaction to Sebastian's action can be inferred from his behavior and his love for shoes. He left the bathroom without further investigating the shoes' presence, indicating he was not bothered by Sebastian's actions. This suggests a neutral attitude. [[A]]",0,,True,rationale_cot_3shot,,1
5bcd8e710f5caab5,2eeffef2e67c8c6a,4bee8c2ec2d5aa70,OpenToM,location-cg,Belief,Location False Beliefs,B,B,[[B]],1,,True,rationale_cot_3shot,,1
228fd75e7a1a90c5,b272473e30d15907,e61d11146109c296,OpenToM,location-cg,Belief,Location False Beliefs,B,B,[[B]],1,,True,rationale_cot_3shot,,1
82f92c6d2b962d15,29fcbf3de0705f33,f8af9087ecaa5658,OpenToM,attitude,Emotion/Attitude,Attitude,C,B,"Based on the story, Max's reaction is not mentioned directly, but since he left the hall without knowing about Alex's actions, it can be inferred that he would have a negative attitude towards Alex's action. Therefore, the answer is B. [[B]]",0,,True,rationale_cot_3shot,,1
24482b4836867486,931a3c883fd032e2,3398adfcedb31686,OpenToM,location-cg,Belief,Location False Beliefs,B,B,"Based on the story, Victor moved the grapefruit to the trash can, so from Victor's perspective, the grapefruit is not in its initial location by the end of the story. The answer is B. [[B]]",1,,True,rationale_cot_3shot,,1
5909226e925b001b,4bf04d5d7bf6b14a,aeaa6876d4c10ea2,OpenToM,attitude,Emotion/Attitude,Attitude,B,A,"Based on the story, Bryan's reaction to Adam's action is described as having a ""mischievous grin"" and him ""wondering about his friend's peculiar actions,"" which suggests a mix of amusement and curiosity. However, since the primary emotion isn't clearly stated as either positive or negative, we can lean towards a neutral response. But given the options, the closest fit is:

[[",0,,True,rationale_cot_3shot,,1
7ff4b639566fad03,acfd748744e9e720,b599b2c61e751121,OpenToM,location-cg,Belief,Location False Beliefs,A,B,"Based on the story provided, Cameron left the office without investigating further and went to the bedroom. This implies that by the end of the story, the undershirt is not in its initial location by the office. Therefore, the correct answer is B. [[B]]",0,,True,rationale_cot_3shot,,1
9aa9acb94d29e7a0,ae8912eaaa2a5d5f,11556950c0e692fb,OpenToM,location-cg,Belief,Location False Beliefs,B,B,"Based on the story provided, Malcolm's perspective is that the carrot is initially in the bathtub. Reagan moved it to the center of the table, so from Malcolm's perspective, the carrot is not in its initial location by the end of the story. Therefore, the answer is B. [[B]]",1,,True,rationale_cot_3shot,,1
ff5305fbea6aeab4,1eef61a11e6ef2e3,49e1540a4d99556c,OpenToM,location-cg,Belief,Location False Beliefs,A,A,"Based on the story provided, Lukas leaves the garage without saying a word, and Dean moves the cabbage to a more prominent spot. Since Lukas is unaware of Dean's action, from his perspective, the cabbage remains in its initial location. Therefore, the answer is A. [[A]]",1,,True,rationale_cot_3shot,,1
2cb24bfc9c9a6580,decd1923da612a42,03e2bc0fa2f900ea,OpenToM,attitude,Emotion/Attitude,Attitude,A,A,"Based on the story, Blake was shocked by Grayson's actions and couldn't bear the thought of Blake enjoying something he despised. Therefore, Blake's attitude towards Grayson's action would be negative. [[A]]",1,,True,rationale_cot_3shot,,1
5eca1b2727471fdd,659f224d9ffd4be3,e7c3a3d157fe3717,OpenToM,location-cg,Belief,Location False Beliefs,A,A,"Based on the story, Sophie left the sunroom before Frank moved the onion. Therefore, from Sophie's perspective, the onion would still be in its initial location. The answer is A. [[A]]",1,,True,rationale_cot_3shot,,1
f4acbbabe8a6bd46,ac5ba3395d86628e,828d565a10cd4041,OpenToM,location-cg,Belief,Location False Beliefs,B,B,"Based on the story, Benjamin moved the cabbage to the kitchen. Therefore, the cabbage is not in its initial location by the end of the story. The answer is B. [[B]]",1,,True,rationale_cot_3shot,,1
73505873cb5773cb,1a5695be3dbf7b1d,e59da918bb663a34,OpenToM,attitude,Emotion/Attitude,Attitude,A,A,"Let's reason step by step: Given the context, Bennett left the basement without knowing Jaylen's intentions, and he had a fondness for pumpkins. This implies he would likely feel negatively about Jaylen's action. This points to option A. [[A]]",1,,True,rationale_cot_3shot,,1
58e01d56bb5b52a5,0aca080df1a6ba81,547a8a61c36c002a,OpenToM,location-cg,Belief,Location False Beliefs,A,A,"Based on the story, Ayden exits the den after finding the slacks, and Asher discards them without Ayden seeing. Therefore, from Ayden's perspective, the slacks are still in their initial location. The correct answer is A. [[A]]",1,,True,rationale_cot_3shot,,1
d7e312ecea6ba173,c7dbe3c81a257485,559b016be3930060,OpenToM,location-cg,Belief,Location False Beliefs,A,B,"Based on the story, Reed left the garage and did not witness Rylee moving the tangerine. Therefore, Reed would assume the tangerine is still in its initial location. The answer is B. [[B]]",0,,True,rationale_cot_3shot,,1
81e6763b990c15fd,9df3673173f20d46,3147dc1de416ed21,OpenToM,location-cg,Belief,Location False Beliefs,B,B,[[B]],1,,True,rationale_cot_3shot,,1
8261b34388c28a2e,937523a32dc3bfc6,18935f1d74f00ce4,OpenToM,attitude,Emotion/Attitude,Attitude,B,A,"Based on the story, Richard's reaction is implied to be negative due to his shared dislike for potatoes and his observation of Maximiliano's deliberate act. Therefore, the answer is A. [[A]]",0,,True,rationale_cot_3shot,,1
60ca4b89d56cd0d6,441e08b1a2f42fc1,aae74e6d47944a34,OpenToM,location-cg,Belief,Location False Beliefs,B,B,[[B]],1,,True,rationale_cot_3shot,,1
bde35c78d1a37ef2,a30afface23b226f,8c0443b06abb4654,OpenToM,location-cg,Belief,Location False Beliefs,A,B,"Based on the story, Brady left the yard immediately after finding the scarf in the bucket. Therefore, the scarf is not in its initial location by the end of the story. The correct answer is B. [[B]]",0,,True,rationale_cot_3shot,,1
91e003c5cd72992b,8ca599c4e877e66b,a3243da0885e9f86,OpenToM,location-cg,Belief,Location False Beliefs,B,B,"Based on the story, Ethan moved the pajamas to Oakley's bedroom, so from Ethan's perspective, the pajamas are not in their initial location by the end of the story. The answer is B. [[B]]",1,,True,rationale_cot_3shot,,1
1a256c0d454bcb00,78f7d6d7746cd52c,f3646107e79ea1c6,OpenToM,location-cg,Belief,Location False Beliefs,A,B,"Based on the story, Ariel exits the kitchen before Maxwell moves the persimmon. Therefore, the persimmon is not in its initial location by the end of the story from Ariel's perspective. The answer is B. [[B]]",0,,True,rationale_cot_3shot,,1
5c033d424a0d81c7,7479653bd290b69b,fa0ad4a59cad13d5,OpenToM,location-cg,Belief,Location False Beliefs,B,B,"Based on the story provided, Valentina picks up the coat and takes it to a donation center. Therefore, the coat is not in its initial location by the end of the story. The answer is B. [[B]]",1,,True,rationale_cot_3shot,,1
557c1b40bb80bff5,d92ab6658184743d,4d2c68edf75e77d9,OpenToM,location-cg,Belief,Location False Beliefs,B,B,"Based on the story provided, Grady moved the undershirt to the front of his clothing rack, so from Grady's perspective, the undershirt is not in its initial location. Therefore, the answer is B. [[B]]",1,,True,rationale_cot_3shot,,1
525292c54494042b,4348951e2b27e5ef,6317e04c2ea40146,OpenToM,location-cg,Belief,Location False Beliefs,B,B,"Based on the story, Gael moved the grapes to a new hiding spot, so from Gael's perspective, the grapes are not in their initial location by the end of the story. The answer is [[B]].",1,,True,rationale_cot_3shot,,1
f3ccf78f99af3440,cd1c0488bb4a3237,b07dd20ebe06c82a,OpenToM,location-cg,Belief,Location False Beliefs,B,B,"Based on the story, Marco watched Christian move the underpants to the closet compartment. This implies that by the end of the story, the underpants are not in their initial location. Therefore, the correct answer is:

[[B]]",1,,True,rationale_cot_3shot,,1
f3060b9e17d0b699,1813830f01cdfabc,5d5b1e5520410fc9,OpenToM,location-cg,Belief,Location False Beliefs,B,B,"Based on the story provided, Edgar watched Corbin pick up the hat and dispose of it. This implies that by the end of the story, the hat is no longer in its initial location. Therefore, the correct answer is:

[[B]]",1,,True,rationale_cot_3shot,,1
634c0ad2396f22de,a5edea9285aaca7a,e5a1d17080c82243,OpenToM,attitude,Emotion/Attitude,Attitude,C,C,"Based on the story, Kaylee's reaction when she first saw the persimmon in the bathtub was that she ""detested the fruit."" Since Travis moved the persimmon to the table center, Kaylee would likely maintain a negative attitude towards Travis's action. 

The answer is: [[C]]",1,,True,rationale_cot_3shot,,1
a39b005a8c75b460,ecf49ad839bb1e27,3f8487bace10b89b,OpenToM,attitude,Emotion/Attitude,Attitude,C,A,"Given the context that Aaron decided to move the sweater to hide it, his attitude towards Henry's action would be negative. [[A]]",0,,True,rationale_cot_3shot,,1
3f6e7248c39b3937,f03e1f36a7c131fc,87763daae240a423,OpenToM,location-cg,Belief,Location False Beliefs,B,B,"Based on the story, Benjamin initially put the pajamas in the bucket, and Theodore moved them to his closet. From Benjamin's perspective, the pajamas are not in their initial location by the end of the story. Therefore, the answer is B. [[B]]",1,,True,rationale_cot_3shot,,1
79dbccee5993fda5,e6230ce27ea9377b,3d6df1b81c72dbc4,OpenToM,location-cg,Belief,Location False Beliefs,B,B,[[B]],1,,True,rationale_cot_3shot,,1
fd8a643fac49b4b1,6bf437b0f91618e8,26136348268979ef,OpenToM,location-cg,Belief,Location False Beliefs,B,B,"Based on the story provided, Charlotte moved the orange from the laundry room to the dining area. Therefore, from Charlotte's perspective, the orange is not in its initial location by the end of the story. The correct answer is:

[[B]]",1,,True,rationale_cot_3shot,,1
70e95f3a2ade0497,4084725509bdde91,0400d1e08b45beda,OpenToM,location-cg,Belief,Location False Beliefs,A,B,[[B]],0,,True,rationale_cot_3shot,,1
fd9dbd60e5cda063,898b745eee793223,3e4a9eaef6ce51d2,OpenToM,attitude,Emotion/Attitude,Attitude,B,B,"Let's reason step by step: I track the actions and emotions described in the story. Tate's reaction to Caden's action is described as ""Tate observed Caden's action. Though their feelings remained unspoken, there was an unspoken understanding between them."" This indicates a positive attitude. [[B]]",1,,True,rationale_cot_3shot,,1
722a9f2bbbe2ab2f,633f1ebfcc7e6c8f,103f67754e356c3c,OpenToM,attitude,Emotion/Attitude,Attitude,A,A,"Let's reason step by step: Given the context provided, Hazel's initial attitude towards slippers is that they are ""unnecessary and cumbersome"" and she ""despise[s] them."" Since Amelia moved the slippers to the living room table, it implies that Hazel's attitude towards this action would be negative. 

This leads to the answer: [[A]]",1,,True,rationale_cot_3shot,,1
bdeb0ccff10e9d15,d57f76adacc4a55b,4a5938cd894fa658,OpenToM,attitude,Emotion/Attitude,Attitude,C,C,"Let's reason step by step: Given the context, Jordan's reaction and the story's conclusion indicate a neutral attitude. This points to option C. [[C]]",1,,True,rationale_cot_3shot,,1
8a07ec2d2c0cb14f,d3e4943a3b568bff,10eca098a4f7d6a9,OpenToM,location-cg,Belief,Location False Beliefs,B,B,"Based on the story, Jordan watched in silence and couldn't help but wonder what Robert's intentions were. This implies that Jordan did not know the final location of the plums. Therefore, the correct answer is:

[[B]]",1,,True,rationale_cot_3shot,,1
6e7ffc9a5627bd59,87f5070b73a87c56,39e372eea69ce4a1,OpenToM,location-cg,Belief,Location False Beliefs,B,B,"Based on the story provided, Jeremy moved the persimmons to the kitchen counter. Therefore, from Jeremy's perspective, the persimmons are not in their initial location by the end of the story. The answer is B. [[B]]",1,,True,rationale_cot_3shot,,1
15fd0e0ab478d89d,01141fdf24291646,5be788c1b95e7abc,OpenToM,location-cg,Belief,Location False Beliefs,B,B,[[B]],1,,True,rationale_cot_3shot,,1
f0895bfe08a54e4d,5faf200cf1101ccd,b8aa99cc6aec6de0,OpenToM,attitude,Emotion/Attitude,Attitude,A,B,"Based on the story, Audrey's reaction to Lucas's action can be inferred from her behavior and the context provided. Since she left the room without uttering a word after finding the shoes, it suggests she was surprised and possibly upset. Given that she shared the same sentiment as Lucas about shoes, it's reasonable to assume her attitude would be negative. 

The answer is: [[B]]",0,,True,rationale_cot_3shot,,1
d7b4afa92f0e9260,b228df417be97729,7001d04bda85526a,OpenToM,location-cg,Belief,Location False Beliefs,B,B,[[B]],1,,True,rationale_cot_3shot,,1
2c59a305ba7a9893,858fde29de76440a,7a17b956a50a04bd,OpenToM,location-cg,Belief,Location False Beliefs,B,B,"Based on the story provided, Emilia moved the banana to a nearby container, indicating that the banana was not in its initial location by the end of the story. Therefore, the correct answer is:

[[B]]",1,,True,rationale_cot_3shot,,1
88d39e101695688e,72b5e2282ef4bbbf,5b1e7f22551979f6,OpenToM,location-cg,Belief,Location False Beliefs,B,B,"Based on the story provided, Ella places the hat in a donation bin, which means it is no longer in its initial location by the end of the story. Therefore, the correct answer is:

[[B]]",1,,True,rationale_cot_3shot,,1
64f9aa3168b4cf53,df1c424913eb9654,8e34015a2ee36a5c,OpenToM,location-cg,Belief,Location False Beliefs,B,B,[[B]],1,,True,rationale_cot_3shot,,1
31e4e072a8c33b27,8b01ba332fd64e9d,720628427bde1b5a,OpenToM,location-cg,Belief,Location False Beliefs,B,B,"Based on the story provided, Reid saw Lucy move the raincoat from the bathroom to her own closet. Therefore, from Reid's perspective, the raincoat is not in its initial location by the end of the story. The answer is [[B]].",1,,True,rationale_cot_3shot,,1
baf458c044fa9ff5,3fba16d84b3b89b0,7973ee623f627079,OpenToM,attitude,Emotion/Attitude,Attitude,B,A,"Let's reason step by step: Given the context provided, Armani's initial reaction to Lukas's action would be negative due to his distaste for shoes. This points to option A. [[A]]",0,,True,rationale_cot_3shot,,1
5a2d94fc63b9fa84,16822fa8af18fd7e,51009dd9eee44551,OpenToM,attitude,Emotion/Attitude,Attitude,A,C,"Based on the story, Elena stands silently in the doorway, observing every move of Carson. There is no indication of her reaction or attitude towards his actions. Therefore, the most likely answer is:

[[C]]",0,,True,rationale_cot_3shot,,1
53104adf22ce34e2,1e780b3f3e99b286,dfaa89153a8adcba,OpenToM,location-cg,Belief,Location False Beliefs,B,B,[[B]],1,,True,rationale_cot_3shot,,1
da3b968f6a96f884,999ac7b982b3e1a8,9bdb20618ce944b8,OpenToM,attitude,Emotion/Attitude,Attitude,A,A,"Let's reason step by step: Given the context, Jaiden's reaction to Jameson's action can be inferred from the story. Since Jaiden loves plums and was unaware of Jameson's kind gesture, his attitude would be positive. This points to option A. [[A]]",1,,True,rationale_cot_3shot,,1
aec2d8e56c591316,f7b9e97f2835d9e3,b1cf61f81bcf4d72,OpenToM,location-cg,Belief,Location False Beliefs,B,B,[[B]],1,,True,rationale_cot_3shot,,1
f21b7af34077b277,169a38ce46a62647,7b5d2fcd4d528396,OpenToM,location-cg,Belief,Location False Beliefs,B,B,[[B]],1,,True,rationale_cot_3shot,,1
1de0921df4de9eaf,453fda733440372b,4df411d0a8b7de69,OpenToM,location-cg,Belief,Location False Beliefs,B,B,[[B]],1,,True,rationale_cot_3shot,,1
9552ea35777b1eb5,2d917da333c737ec,e0ab77644f34553a,OpenToM,attitude,Emotion/Attitude,Attitude,A,A,"Based on the story, Kingston observes Edward's actions but does not speak. His brief glance and the silence suggest he is likely neutral. However, without explicit confirmation, the closest inferred answer is:

[[A]]",1,,True,rationale_cot_3shot,,1
2710b3bfc1ecdaac,0917882d19d60780,ce935f4ca0de1c4e,OpenToM,location-cg,Belief,Location False Beliefs,A,B,"Based on the story, Andre left the living room without saying a word, and Jaxon moved the grapefruit to the pantry. Therefore, from Andre's perspective, the grapefruit is not in its initial location by the end of the story. The correct answer is B. [[B]]",0,,True,rationale_cot_3shot,,1
e1181d3585227304,8b5f370601c6615a,1f052ea063166fee,OpenToM,location-cg,Belief,Location False Beliefs,B,B,"Based on the story, Emmanuel watched Kaiden move the cap to the basement storage. This implies that by the end of the story, the cap is not in its initial location by the patio. Therefore, the correct answer is B. [[B]]",1,,True,rationale_cot_3shot,,1
6779e8763c38a889,06a5c37af45ead63,2d185ad562cd78d0,OpenToM,location-cg,Belief,Location False Beliefs,B,B,"Based on the story, Timothy witnesses Sean moving the corn to his own garden. Therefore, from Timothy's perspective, the corn is not in its initial location by the end of the story. The answer is B. [[B]]",1,,True,rationale_cot_3shot,,1
c793e2a40e430d93,51552247803d5622,1780ce076c25e99f,OpenToM,location-cg,Belief,Location False Beliefs,A,B,[[B]],0,,True,rationale_cot_3shot,,1
b9a492c43aa70183,b4b17c7c0d103866,2c90b8f996b16e45,OpenToM,location-cg,Belief,Location False Beliefs,A,B,"Based on the story provided, Lucy left the attic and entered the hallway, indicating that the coat was no longer in its initial location by the end of the story. Therefore, the correct answer is:

[[B]]",0,,True,rationale_cot_3shot,,1
0c68031920541773,335259e990a76401,435d2a9427aec5ef,OpenToM,location-cg,Belief,Location False Beliefs,A,B,"Based on the story, Cruz exits the sunroom immediately after finding the tie in the bathtub, without moving it. Therefore, the tie remains in its initial location by the end of the story. The answer is B. [[B]]",0,,True,rationale_cot_3shot,,1
0c1f800c927caf0a,92c374085185877f,901f781b7765f9b6,OpenToM,location-cg,Belief,Location False Beliefs,B,B,"Based on the story, Lukas quickly left the hallway without acknowledging the tomato's presence when he first saw it. Liam moved the tomato to the refrigerator, and Lukas stood there, silently observing Liam's action. Given this sequence of events, we can infer that Lukas did not take the tomato. Therefore, the correct answer is:

[[B]]",1,,True,rationale_cot_3shot,,1
5c754966ba756b9b,309217bc41eef262,827af9a242833ba2,OpenToM,attitude,Emotion/Attitude,Attitude,A,B,"Let's reason step by step: Given the context, Ayden's reaction to Eden's action can be inferred from Eden's good intentions and the fact that Eden moved the undershirt to make Ayden's life easier. This implies Ayden would likely have a positive attitude towards Eden's action. This points to option B. [[B]]",0,,True,rationale_cot_3shot,,1
ce00829f4abbe8f6,a956c88293b1ddbc,6d8b9ea520f55cfd,OpenToM,location-cg,Belief,Location False Beliefs,A,B,[[B]],0,,True,rationale_cot_3shot,,1
5f152b0c6cd879c8,2ecdef3626596912,542f39a43485b049,OpenToM,location-cg,Belief,Location False Beliefs,B,B,"Based on the story provided, the correct answer is B. [[B]]",1,,True,rationale_cot_3shot,,1
180a97ffab9df86b,58859e27ed5e8b96,44f1ba074dbf6cff,OpenToM,attitude,Emotion/Attitude,Attitude,A,C,"Let's reason step by step: Given the context, Amari's reaction would be negative because Allison's action was based on a misunderstanding and Allison moved the t-shirt without Amari's knowledge. This points to option C. [[C]]",0,,True,rationale_cot_3shot,,1
449de5cfc16263d4,9b69f9b03e814045,44e4e458bb776aff,OpenToM,location-cg,Belief,Location False Beliefs,B,B,"Based on the story provided, Ali watched Leilani grab the socks and head for the donation bin. This implies the socks were moved from their initial location. Therefore, the correct answer is:

[[B]]",1,,True,rationale_cot_3shot,,1
411cfe7aa4474d8b,e582d4cddf4f1dca,72d98194d3fc9303,OpenToM,attitude,Emotion/Attitude,Attitude,B,B,"Let's reason step by step: Given the context that Kason left the porch without hesitation and was unaware of Kade's action, Kason's attitude towards Kade's action would be positive. This points to option B. [[B]]",1,,True,rationale_cot_3shot,,1
5fd54c540c620b67,2625cb91ba01ab84,8e454b31a5a28b8b,OpenToM,attitude,Emotion/Attitude,Attitude,A,C,"Let's reason step by step: Given Kevin's description of his reaction to finding the pineapple in the sunroom, we can infer his attitude towards Mackenzie's action. This points to option C. [[C]]",0,,True,rationale_cot_3shot,,1
9f83d302168674de,22e414040e38a2c8,e12663dd13d4f280,OpenToM,attitude,Emotion/Attitude,Attitude,B,C,"Let's reason step by step: Given the context, Maximiliano's attitude towards Aidan's action can be inferred from his previous behavior and his current situation. Maximiliano despises belts and finds them uncomfortable and unnecessary. He also left the closet without considering the belt Aidan wanted. Therefore, his attitude towards Aidan's action is most likely negative. 

The answer is: [[C",0,,True,rationale_cot_3shot,,1
e32cded5b119cf32,3a3eb03b3648182d,2578ce08edca4a53,OpenToM,location-cg,Belief,Location False Beliefs,A,B,"Based on the story provided, Lincoln's perspective is that the strawberry was initially in the small basket in the attic. However, Athena moved it to her refrigerator without Lincoln knowing. Therefore, from Lincoln's perspective, the strawberry is not in its initial location by the end of the story. The answer is B. [[B]]",0,,True,rationale_cot_3shot,,1
8494fdc1f7009ded,991fcdefc73e3e14,1d97e4598f6de11f,OpenToM,attitude,Emotion/Attitude,Attitude,B,A,"Based on the story, Julian quickly exited the pantry without showing any interest in the skirt. This indicates his attitude towards Rose's action. The answer is [[A]].",0,,True,rationale_cot_3shot,,1
0296c14d7a97e620,d61466a6c2866560,8d98c9db708d1600,OpenToM,location-cg,Belief,Location False Beliefs,B,B,[[B]],1,,True,rationale_cot_3shot,,1
f324a25b404c2523,f94ce43f0d0cd1c9,887090949e983316,OpenToM,location-cg,Belief,Location False Beliefs,B,B,"Based on the story, Russell saw Ximena move the cucumber, so it implies the cucumber is not in its initial location by the end of the story. Therefore, the answer is B. [[B]]",1,,True,rationale_cot_3shot,,1
6270549e13c57eb3,9293df8bff9f5957,d66de4ea477b6a15,OpenToM,location-cg,Belief,Location False Beliefs,B,B,"Based on the story provided, Caroline removes the eggplant from her home and places it at her neighbor's house. Therefore, from Caroline's perspective, the eggplant is not in its initial location by the end of the story. The correct answer is B. [[B]]",1,,True,rationale_cot_3shot,,1
502dd0e76908db83,099c170168f7cee2,b2622dcff6f1ca37,OpenToM,location-cg,Belief,Location False Beliefs,A,B,"Based on the story, the correct answer is B. [[B]]",0,,True,rationale_cot_3shot,,1
a959f8b131b3da06,ba0a1d19e16b2757,932dcf72dcc80925,OpenToM,attitude,Emotion/Attitude,Attitude,C,B,"Let's reason step by step: Given the context, Hector's action was motivated by kindness and understanding of Leo's potential feelings. This suggests Leo would likely appreciate Hector's thoughtfulness. This points to option B. [[B]]",0,,True,rationale_cot_3shot,,1
e89d9ab7ea6ced78,33b876dbc29cc955,72d98194d3fc9303,OpenToM,location-cg,Belief,Location False Beliefs,B,B,"Based on the story, Kade moved the watermelon from its initial location (pantry) to Kason's picnic basket. Therefore, from Kade's perspective, the watermelon is not in its initial location by the end of the story. The answer is B. [[B]]",1,,True,rationale_cot_3shot,,1
f79b9d7f769b069a,e41438974291ac2b,9f811bf18fe19b4b,OpenToM,location-cg,Belief,Location False Beliefs,B,B,"Based on the story provided, Kyle witnesses Edwin taking the green pepper and slipping away. This implies that the green pepper is no longer in its initial location by the end of the story. Therefore, the correct answer is:

[[B]]",1,,True,rationale_cot_3shot,,1
db961585b9930c81,9a421e17c2e8f083,b2622dcff6f1ca37,OpenToM,location-cg,Belief,Location False Beliefs,B,B,"Based on the story, Nathaniel moved the stockings from the pantry to the coffee table. Therefore, from Nathaniel's perspective, the stockings are not in its initial location by the end of the story. The answer is B. [[B]]",1,,True,rationale_cot_3shot,,1
c849126c498bfe9c,a0f9592f36b008dd,22419a5f3b21692c,OpenToM,location-cg,Belief,Location False Beliefs,B,B,[[B]],1,,True,rationale_cot_3shot,,1
68fbcb1af328c5e5,64302fe307a9049b,aae6f28650a67b66,OpenToM,location-cg,Belief,Location False Beliefs,A,B,"Based on the story provided, Antonio left the hall without ever realizing what Nevaeh had done. Therefore, we can infer that the hat is not in its initial location by the end of the story. The correct answer is:

[[B]]",0,,True,rationale_cot_3shot,,1
97aec0fb679daa29,a1c31a0924ac935f,89f73aa139137740,OpenToM,attitude,Emotion/Attitude,Attitude,A,A,"Based on the story, Isla's reaction to Xander's action is described as ""watching in awe"". This indicates a positive attitude. Therefore, the answer is A. [[A]]",1,,True,rationale_cot_3shot,,1
3953c90eab67118f,c544de3a5bf00d57,d64e855813ab97b5,OpenToM,location-cg,Belief,Location False Beliefs,B,B,"Based on the story provided, Valentina's perspective is that the lime was removed from its initial location. Therefore, the correct answer is:

[[B]]",1,,True,rationale_cot_3shot,,1
e9fed2adaa14e76c,08ec4f30819d1cb1,4816945f3cf105c7,OpenToM,attitude,Emotion/Attitude,Attitude,A,B,"Let's reason step by step: Given the context, Emma's initial reaction was negative due to her dislike of boots. However, Andy's action shows consideration and effort to maintain their friendship. This implies Emma might have a slightly positive or at least neutral attitude towards his action. But since the question asks for Emma's attitude, and considering her initial strong dislike, the closest answer would be B. [[",0,,True,rationale_cot_3shot,,1
b214df1cb4abccce,b7f4affa62ecc064,4da072c6042237be,OpenToM,location-cg,Belief,Location False Beliefs,B,B,[[B]],1,,True,rationale_cot_3shot,,1
83aecc0325328f4a,2840342a48c3e401,3a6cab1f061a9f36,OpenToM,location-cg,Belief,Location False Beliefs,B,B,[[B]],1,,True,rationale_cot_3shot,,1
eab4313e1997ce20,2c7d8e38fac11b6a,95d740d6fab832f1,OpenToM,attitude,Emotion/Attitude,Attitude,B,B,"Let's reason step by step: Given the context, Maria would be surprised and possibly annoyed by Sophie's actions. This points to option B. [[B]]",1,,True,rationale_cot_3shot,,1
a874a28708e8f715,e4238e48c9d1d16c,7378c98c4ee45263,OpenToM,location-cg,Belief,Location False Beliefs,B,B,[[B]],1,,True,rationale_cot_3shot,,1
3bef20cc3b31bf98,c9e9ecab1e0c6a93,b0d3b59be331ed6f,OpenToM,location-cg,Belief,Location False Beliefs,B,B,"Based on the story, Landon witnesses Reid moving the slippers to the trash bin. This means the slippers are not in their initial location by the end of the story. Therefore, the answer is B. [[B]]",1,,True,rationale_cot_3shot,,1
a925611ede0e975a,967cc534c75b71d9,d0183ef4050db4b9,OpenToM,location-cg,Belief,Location False Beliefs,A,B,"Based on the story provided, we can infer that Luke was unaware of Ali's actions. Therefore, from Luke's perspective, the sweet potatoes are still in their initial location. The correct answer is:

[[B]]",0,,True,rationale_cot_3shot,,1
8b56ced09d76a1fa,692cb2338a7dcb9c,f35801aefdac80c6,OpenToM,location-cg,Belief,Location False Beliefs,A,B,"Based on the story provided, we can infer that Hailey leaves the laundry immediately upon seeing the radish, and Angel moves the radish to the neighbor's garden. Therefore, from Hailey's perspective, the radish is not in its initial location by the end of the story. The correct answer is B. [[B]]",0,,True,rationale_cot_3shot,,1
b0f0dec95981b48a,6050241035a2aa62,07f6e2d815f94e8a,OpenToM,location-cg,Belief,Location False Beliefs,B,B,[[B]],1,,True,rationale_cot_3shot,,1
fbbe53b0f827f0ba,5a3e2afa26ae3f5a,c770427fa6afdabb,OpenToM,location-cg,Belief,Location False Beliefs,B,B,"Based on the story, Layla took the melon and moved it to her own fridge. Therefore, from Layla's perspective, the melon is not in its initial location by the end of the story. The correct answer is B. [[B]]",1,,True,rationale_cot_3shot,,1
c49031fe8b4adf0d,0b5269c4769f557c,c3ea1f7ce845d8d0,OpenToM,location-cg,Belief,Location False Beliefs,B,B,"Based on the story provided, Ruben's perspective is that the persimmons were moved to Cora's refrigerator. Therefore, the persimmons are not in their initial location by the end of the story. The answer is [[B]].",1,,True,rationale_cot_3shot,,1
274da7e497f58924,ab32482c5d7249c4,5673afe57ebeb70f,OpenToM,location-cg,Belief,Location False Beliefs,B,B,[[B]],1,,True,rationale_cot_3shot,,1
54cb6857fc985ddd,71b8047d95b11e6d,79c73730359fc6f5,OpenToM,location-cg,Belief,Location False Beliefs,B,B,"Based on the story provided, Marcos observed Abraham taking the melon and placing it in the small outdoor shed. Therefore, from Marcos's perspective, the melon is not in its initial location by the end of the story. The answer is B. [[B]]",1,,True,rationale_cot_3shot,,1
320d149c7154f850,63189cf7540ca876,89d3656ee4faa6f1,OpenToM,location-cg,Belief,Location False Beliefs,B,B,"Based on the story, Damian moved the grapefruit to a sealed container, so from Damian's perspective, the grapefruit is not in its initial location. The correct answer is B. [[B]]",1,,True,rationale_cot_3shot,,1
0a02480c33dff32a,776176d8583b4648,5ff00d845096a1c1,OpenToM,attitude,Emotion/Attitude,Attitude,B,C,"Let's reason step by step: Given the context, Devin likely feels neutral about Donovan's action. This is because Devin didn't say anything, and he was just watching Donovan move the crate. This points to option C. [[C]]",0,,True,rationale_cot_3shot,,1
e8d41dfd2a840fbe,c3e00ae4bd52cf64,d6bb03ee691abc95,OpenToM,location-cg,Belief,Location False Beliefs,B,B,"Based on the story, Lane had witnessed Zoe moving the slippers to the trash bin. Therefore, from Lane's perspective, the slippers are not in their initial location. The correct answer is B. [[B]]",1,,True,rationale_cot_3shot,,1
1e89fdcafc82d014,1c2a2deeff995d75,c56634f92fea1fcb,OpenToM,attitude,Emotion/Attitude,Attitude,C,C,"Based on the story, Romeo left the patio without touching the tie, indicating he didn't notice or approve of Owen's action. This suggests a negative attitude towards Owen's behavior. [[C]]",1,,True,rationale_cot_3shot,,1
c1e3b8b75ed9ae0b,d9e316f2249ce790,d9097113e5ac8490,OpenToM,location-cg,Belief,Location False Beliefs,B,B,[[B]],1,,True,rationale_cot_3shot,,1
5d154f2fd11ec400,f8c1bc8b7d28cda7,30bc36f4e155d81f,OpenToM,location-cg,Belief,Location False Beliefs,A,B,"Based on the story, August exits the workshop without realizing that Max has taken the stockings. Therefore, from August's perspective, the stockings are not in their initial location by the end of the story. The answer is B. [[B]]",0,,True,rationale_cot_3shot,,1
9b3a40b64b78e373,a67cedbef143bcbc,037e27d5541603af,OpenToM,attitude,Emotion/Attitude,Attitude,B,B,"Let's reason step by step: Given the context, Sebastian's reaction is based on his lack of awareness of Edgar's actions. He would likely feel positive about Edgar's gesture because it shows thoughtfulness. This points to option B. [[B]]",1,,True,rationale_cot_3shot,,1
a6b40e879322bb7f,1c304dfe88c6d3a5,2d578b5c1cdb7887,OpenToM,location-cg,Belief,Location False Beliefs,A,B,"Based on the story, Gianna leaves the front yard before Isabella moves the celery. Therefore, from Gianna's perspective, the celery is not in its initial location by the end of the story. The answer is B. [[B]]",0,,True,rationale_cot_3shot,,1
43a9e67782354bcd,e00a07503d6213be,eac65a63031f5c26,OpenToM,location-cg,Belief,Location False Beliefs,B,B,[[B]],1,,True,rationale_cot_3shot,,1
0dcdbb00814341dd,e88e293464d8e960,49e1540a4d99556c,OpenToM,attitude,Emotion/Attitude,Attitude,C,C,"Let's reason step by step: Given the context, Dean's action was thoughtful and kind, as he wanted to ensure Lukas remembered to use the cabbage. This implies Lukas would likely have a positive attitude towards Dean's action. This points to option C. [[C]]",1,,True,rationale_cot_3shot,,1
7f5011fc8278a010,43602e674bc9a2bb,d12db53c58db040a,OpenToM,location-cg,Belief,Location False Beliefs,B,B,"Based on the story provided, we can infer that Claire saw Abraham moving the belt to the trash bin. Therefore, from Claire's perspective, the belt is not in its initial location by the end of the story. The answer is B. [[B]]",1,,True,rationale_cot_3shot,,1
86b243aab002ca48,f6ce5ef49f4ce319,526f5cc903c725a7,OpenToM,attitude,Emotion/Attitude,Attitude,B,A,"Let's reason step by step: From the story, we understand that Vincent left the room before Erik moved the apple to the trash can. Vincent was unaware of Erik's actions. This implies Vincent's attitude would be neutral since he wasn't aware of Erik's action. This points to option A. [[A]]",0,,True,rationale_cot_3shot,,1
e65a44244595210e,56d6f7634fc7a6e5,57005977ede34ef0,OpenToM,location-cg,Belief,Location False Beliefs,B,B,"Based on the story, Carlos moved the pajamas to the guest room closet, so from Carlos's perspective, the pajamas are not in their initial location by the end of the story. The answer is B. [[B]]",1,,True,rationale_cot_3shot,,1
8e9be79b73324831,223c8a6a39e4edb9,2181a8735d0e2b14,OpenToM,location-cg,Belief,Location False Beliefs,B,B,"Based on the story provided, Manuel observed Ariana moving the shirt from the crate to a donation box. Therefore, from Manuel's perspective, the shirt is not in its initial location. The correct answer is B. [[B]]",1,,True,rationale_cot_3shot,,1
dbe83893257b909f,c9cacc2d359c0a8d,3a0efd3c91f43d96,OpenToM,location-cg,Belief,Location False Beliefs,B,B,[[B]],1,,True,rationale_cot_3shot,,1
94ac42c8192c30d4,92145c9df373d84b,7c5935bc0953e7c2,OpenToM,location-cg,Belief,Location False Beliefs,B,B,[[B]],1,,True,rationale_cot_3shot,,1
52860eea03b974fc,a8a46cb5860b3a0e,3dade30b996f60f0,OpenToM,location-cg,Belief,Location False Beliefs,B,B,[[B]],1,,True,rationale_cot_3shot,,1
2ffeabd28faf768b,ae17ddcaea7b22bb,7b5d2fcd4d528396,OpenToM,location-cg,Belief,Location False Beliefs,B,B,[[B]],1,,True,rationale_cot_3shot,,1
a3d6590b20cf8708,626b53e01a899782,63000cd72b8c3b0c,OpenToM,location-cg,Belief,Location False Beliefs,B,B,"Based on the story provided, Anna moved the pants from the pantry to the bedroom floor. Therefore, from Anna's perspective, the pants are not in its initial location by the end of the story. The correct answer is B. [[B]]",1,,True,rationale_cot_3shot,,1
beb4e5f5955cf09a,a4d2a9b412fb9990,0d1873f8d77c0d36,OpenToM,location-cg,Belief,Location False Beliefs,A,B,"Based on the story, Nicholas returns to the crawlspace but the radish is no longer there because Daniel moved it. Therefore, Nicholas would see the radish in its initial location. However, the question asks from Nicholas's perspective, and we know the outcome. The correct answer is B. [[B]]",0,,True,rationale_cot_3shot,,1
1d157c54b53acd58,62c72dccc2f2c257,eac65a63031f5c26,OpenToM,location-cg,Belief,Location False Beliefs,B,B,"Based on the story, we can infer that Justin saw Savannah move the asparagus to the refrigerator. Therefore, from Justin's perspective, the asparagus is not in its initial location by the end of the story. The answer is B. [[B]]",1,,True,rationale_cot_3shot,,1
731d7192aed40fa0,15308b737742e2ce,a935d1742c3dda04,OpenToM,attitude,Emotion/Attitude,Attitude,A,B,"Let's reason step by step: Adrian's reaction to Owen's action can be inferred from the story. Adrian was initially curious about the cabbage in the treasure chest, but he didn't want to touch it. Owen's action of moving the cabbage to the fridge seems to have been done with good intentions to preserve it. Given this context, Adrian's likely attitude is positive. [[B]]",0,,True,rationale_cot_3shot,,1
6b5d3d81339f898a,2288226869e79f4f,c0e981c4ed35a366,OpenToM,location-cg,Belief,Location False Beliefs,B,B,[[B]],1,,True,rationale_cot_3shot,,1
8a6240b89579fae6,dbc81891015ffbcb,27316b2ecf7398ee,OpenToM,location-cg,Belief,Location False Beliefs,B,B,"Based on the story, Violet moved the asparagus to the center of the dining table, so from Violet's perspective, the asparagus is not in its initial location by the end of the story. The correct answer is B. [[B]]",1,,True,rationale_cot_3shot,,1
f3805171104b78cb,4c628a47c283df3f,04ddedaaac8f240f,OpenToM,attitude,Emotion/Attitude,Attitude,A,A,"Let's reason step by step: Given the context, Paxton's reaction to Hadley's action is clearly negative. This points to option A. [[A]]",1,,True,rationale_cot_3shot,,1
377139509a109db0,1d98add66b429784,bd9ef82d91482ccc,OpenToM,location-cg,Belief,Location False Beliefs,B,B,[[B]],1,,True,rationale_cot_3shot,,1
2ec5d263f35042a9,99842f14172370fb,05d55d4a3690ca6b,OpenToM,location-cg,Belief,Location False Beliefs,B,B,"Based on the story, Jake sees the asparagus on the table, which means it is not in its initial location by the end of the story. Therefore, the correct answer is B. [[B]]",1,,True,rationale_cot_3shot,,1
046490dd7f5a6692,fdadfee450f21c3b,d48e454b479adfda,OpenToM,location-cg,Belief,Location False Beliefs,B,B,"Based on the story provided, we can infer that Remington didn't witness Karson moving the skirt to the closet. Therefore, the skirt remains in its initial location by the end of the story. The answer is B. [[B]]",1,,True,rationale_cot_3shot,,1
ee81c0f5f66ee9b1,6ac4cf99543181a9,145b5254ba96662a,OpenToM,attitude,Emotion/Attitude,Attitude,B,A,"Based on the story, Iker's reaction to Eduardo's action is clearly positive. He was excited about the beans and saw it as an opportunity for a meal. Therefore, the answer is A. [[A]]",0,,True,rationale_cot_3shot,,1
78124c1401cd3429,e30da79ed647e811,aa7d0147b37bb2c3,OpenToM,attitude,Emotion/Attitude,Attitude,A,A,"Let's reason step by step: I track Arianna's reaction to Gabriella's action. Arianna was silently watching Gabriella's every move, indicating she might be upset but not necessarily confrontational. This points to option A. [[A]]",1,,True,rationale_cot_3shot,,1
522b78a5ec40b2d0,929efd9b3876797e,8e1ab6eeaa4bfe44,OpenToM,location-cg,Belief,Location False Beliefs,A,B,"Based on the story, we can infer that Liliana left the crawlspace to tell someone about the tie, so it's not in its initial location by the end of the story. The correct answer is B. [[B]]",0,,True,rationale_cot_3shot,,1
2f3246f294e9972d,314be9caec6c741d,6056152176f87591,OpenToM,location-cg,Belief,Location False Beliefs,B,B,[[B]],1,,True,rationale_cot_3shot,,1
d46f74c7ec6cf2b7,2641152caadc9b35,162eb1b528ea1b7c,OpenToM,attitude,Emotion/Attitude,Attitude,B,A,"Let's reason step by step: Given the context, Seth left the sunroom without knowing about Major's actions. Since Seth doesn't know about Major's move, he wouldn't have any reaction or attitude towards it. This points to option A. [[A]]",0,,True,rationale_cot_3shot,,1
f8d368ee58bf5442,bb7dbd4266ef7088,c31c9c278ed67ef5,OpenToM,attitude,Emotion/Attitude,Attitude,C,C,"Based on the story, Liam would likely feel negative about Parker's action. This is because Liam values the apple and would be upset that it was taken away. Therefore, the answer is C. [[C]]",1,,True,rationale_cot_3shot,,1
a6d2f2c4679386b7,938729cedf825136,3977c55a00ef3216,OpenToM,attitude,Emotion/Attitude,Attitude,B,B,"Based on the story, Jace's reaction suggests a negative attitude towards Emma's action. Therefore, the answer is:

[[B]]",1,,True,rationale_cot_3shot,,1
a9a221fb7c73c1aa,91758230159ef8f2,2f9d00518b8b6df7,OpenToM,location-cg,Belief,Location False Beliefs,A,B,"Based on the story provided, Pablo exits the garage without noticing the slippers being moved. Therefore, from Pablo's perspective, the slippers are not in their initial location by the end of the story. The correct answer is:

[[B]]",0,,True,rationale_cot_3shot,,1
c2d1a4aac500076a,47c341de60cc8580,4c5020e1d8b2bdff,OpenToM,location-cg,Belief,Location False Beliefs,B,B,[[B]],1,,True,rationale_cot_3shot,,1
702927ff8dce0f69,f1501ba4c501593f,aae74e6d47944a34,OpenToM,attitude,Emotion/Attitude,Attitude,A,B,"Let's reason step by step: Given the context, Malachi's reaction is influenced by his observation of Cooper's actions and his own feelings about ties. Since Malachi considers ties a symbol of conformity and despises them, his attitude towards Cooper's action would be negative. 

This leads to the answer: [[B]]",0,,True,rationale_cot_3shot,,1
07d21d81825edadf,a13b9de0c4225813,69b22b4d066fd475,OpenToM,location-cg,Belief,Location False Beliefs,B,B,[[B]],1,,True,rationale_cot_3shot,,1
76352523f5c53846,51db327ad96cb0ac,886978385c9dd262,OpenToM,location-cg,Belief,Location False Beliefs,A,B,"Based on the story, Andre left the pantry and didn't return, so it's reasonable to assume that the onions remained in their original location. Therefore, the answer is B. [[B]]",0,,True,rationale_cot_3shot,,1
021112f2b1212a6e,8589aba517307d2c,209809a53c729fd7,OpenToM,attitude,Emotion/Attitude,Attitude,B,C,"Let's reason step by step: Given the context, Cesar stands silently and witnesses Oakley's actions without uttering a word. However, the story implies that Cesar is with Oakley and shares a similar love for broccoli. This suggests a positive attitude towards Oakley's action. [[C]]",0,,True,rationale_cot_3shot,,1
0c75e2501487b5ce,12fa0faea1818c18,9dda08168167e492,OpenToM,location-cg,Belief,Location False Beliefs,B,B,"Based on the story, Hazel observed Mary moving the slippers from the drawer to the coffee table. Since Hazel saw Mary do this, she would know the slippers are not in their initial location. Therefore, the correct answer is:

[[B]]",1,,True,rationale_cot_3shot,,1
396e25dee422a8f9,8937bd322555446a,e5dfedb673e0dfef,OpenToM,location-cg,Belief,Location False Beliefs,B,B,[[B]],1,,True,rationale_cot_3shot,,1
1a7de35a8bff3341,3309939574a9eb5d,f56f7453df18dc3d,OpenToM,attitude,Emotion/Attitude,Attitude,A,B,"Given Alejandro's initial reaction and his dislike for persimmons, the most likely answer is B. [[B]]",0,,True,rationale_cot_3shot,,1
028c11ae9bec91b2,563f6ec209b4058e,e781ec6d6fbba392,OpenToM,attitude,Emotion/Attitude,Attitude,B,C,"Based on the story, Stephen's reaction is not mentioned, but since he didn't notice the missing slacks, his attitude towards Alexander's action could be considered neutral. However, without explicit confirmation, we cannot definitively say his attitude. Given the options, the closest answer is:

[[C]]",0,,True,rationale_cot_3shot,,1
ce0f8bf5e0c3dfad,29537afacde338d5,002f347de9897829,OpenToM,location-cg,Belief,Location False Beliefs,A,B,[[B]],0,,True,rationale_cot_3shot,,1
3fa2f3726c272ee6,835098668c8413b5,6070af6cc2df6cc3,OpenToM,location-cg,Belief,Location False Beliefs,B,B,"Based on the story, Justin saw Mark move the asparagus to his own refrigerator. Therefore, from Justin's perspective, the asparagus is not in its initial location. The answer is B. [[B]]",1,,True,rationale_cot_3shot,,1
8afdcf184b27dc5c,9a6b68fbb62d859b,319bd6d8246a2be6,OpenToM,location-cg,Belief,Location False Beliefs,B,B,[[B]],1,,True,rationale_cot_3shot,,1
66088b9628b595a0,8b6c2e27b3a20659,fc5c7b7f6896649b,OpenToM,attitude,Emotion/Attitude,Attitude,B,B,"Based on the story, Ryder's reaction is clearly shown to be negative. He observes Gianna's action with ""eyes widening with disbelief"". Therefore, the most appropriate answer is B. [[B]]",1,,True,rationale_cot_3shot,,1
c53ec10b0435a4d9,643449d8cce86e33,618bc4fba60b9e99,OpenToM,location-cg,Belief,Location False Beliefs,A,A,"Based on the story, we can infer that Bradley left the playroom before Paisley moved the box. Therefore, from Bradley's perspective, the slacks are still in their initial location. The answer is A. [[A]]",1,,True,rationale_cot_3shot,,1
1c430741fa2e89c9,00a12b5b644fc220,f565768534a0cf55,OpenToM,location-cg,Belief,Location False Beliefs,B,B,[[B]],1,,True,rationale_cot_3shot,,1
1a29d33103215ee4,e26eb170b628f134,5ff00d845096a1c1,OpenToM,location-cg,Belief,Location False Beliefs,B,B,"Based on the story provided, Donovan moves the crate of sweet potatoes to his own kitchen counter. Therefore, from Donovan's perspective, the sweet potatoes are not in their initial location by the end of the story. The correct answer is B. [[B]]",1,,True,rationale_cot_3shot,,1
1a3157fe2e4b7715,53b8861da8c48155,103f67754e356c3c,OpenToM,location-cg,Belief,Location False Beliefs,B,B,[[B]],1,,True,rationale_cot_3shot,,1
7a0e038a0eccbd4c,2447389fbd2ff12b,81dedd63b0b07a87,OpenToM,attitude,Emotion/Attitude,Attitude,A,C,"Based on the story, Manuel's reaction shows gratitude and appreciation for Carlos's consideration. This points to option C. [[C]]",0,,True,rationale_cot_3shot,,1
5a435e07e208ffae,6cba38e94a179c1d,3977c55a00ef3216,OpenToM,location-cg,Belief,Location False Beliefs,B,B,"Based on the story provided, Emma moved the boots to a nearby donation box. Therefore, from Emma's perspective, the boots are not in its initial location by the end of the story. The correct answer is B. [[B]]",1,,True,rationale_cot_3shot,,1
ed86ea2c6c3be9ae,a68b79c7139bf543,44e4e458bb776aff,OpenToM,location-cg,Belief,Location False Beliefs,B,B,[[B]],1,,True,rationale_cot_3shot,,1
0536eedddb64c18c,629e7f5892644938,101d3ac195fa0dae,OpenToM,location-cg,Belief,Location False Beliefs,A,B,"Based on the story provided, Adan left the kitchen and went to the basement, so the scarf was not in its initial location by the end of the story. The correct answer is B. [[B]]",0,,True,rationale_cot_3shot,,1
8700c66429341d18,4203f0a96b7da350,a3e6cccd6f3d410e,OpenToM,location-cg,Belief,Location False Beliefs,B,B,[[B]],1,,True,rationale_cot_3shot,,1
08160f94fd02c612,6454546368f4d357,a0e9c0279c5dcfee,OpenToM,attitude,Emotion/Attitude,Attitude,C,A,"Let's reason step by step: Given the context, Camila's reaction would be based on her understanding of Cesar's actions. Since Cesar acted out of his own negativity and without any kind intention towards her, her attitude would be negative. This points to option A. [[A]]",0,,True,rationale_cot_3shot,,1
f26cb2ac0682d831,cb138ef3a4426abf,4a5938cd894fa658,OpenToM,location-cg,Belief,Location False Beliefs,B,B,"Based on the story, Brielle moved the onion to a separate section of the room. Therefore, from Brielle's perspective, the onion is not in its initial location by the end of the story. The answer is B. [[B]]",1,,True,rationale_cot_3shot,,1
50379977b5bac8f3,c87a248587caab08,54e9d26768f77277,OpenToM,location-cg,Belief,Location False Beliefs,B,B,[[B]],1,,True,rationale_cot_3shot,,1
09bae15135e52dbe,a8a29285b5d9ed1f,e1f3bff078f79656,OpenToM,location-cg,Belief,Location False Beliefs,B,B,[[B]],1,,True,rationale_cot_3shot,,1
10b8ca2f25197b5d,14170ea80887752a,9b47a08f3c5c6d47,OpenToM,location-cg,Belief,Location False Beliefs,A,B,"Based on the story, Ezra suddenly exits the hallway before Nicholas can investigate further. Nicholas moves the slacks to his own closet. Therefore, from Ezra's perspective, the slacks are not in their initial location by the end of the story. The answer is B. [[B]]",0,,True,rationale_cot_3shot,,1
3483cfc6565a5516,ca7fea644a603916,082af9e620236db5,OpenToM,location-cg,Belief,Location False Beliefs,B,B,[[B]],1,,True,rationale_cot_3shot,,1
ae1b0f799bbd4f94,18b7ddb305002fd8,0d1873f8d77c0d36,OpenToM,location-cg,Belief,Location False Beliefs,B,B,"Based on the story, Daniel moved the radish from the bottle to the nearby trash can. Therefore, from Daniel's perspective, the radish is not in its initial location. The correct answer is B. [[B]]",1,,True,rationale_cot_3shot,,1
f2e6732b4fbd19dc,972a8750d979f3ba,8ccf28807b2f0e81,OpenToM,location-cg,Belief,Location False Beliefs,A,B,"Based on the story provided, Axel left the bathroom, and Anna moved the cucumber to her refrigerator. Therefore, from Axel's perspective, the cucumber is not in its initial location by the end of the story. The answer is B. [[B]]",0,,True,rationale_cot_3shot,,1
1a991aae14319c90,80b590aa49fd6f3e,57078caac82929a5,OpenToM,location-cg,Belief,Location False Beliefs,B,B,"Based on the story provided, we can infer that Kevin was initially interested in the celery and moved it to the refrigerator. Therefore, from Kevin's perspective, the celery is not in its initial location by the end of the story. The answer is B. [[B]]",1,,True,rationale_cot_3shot,,1
0a4fa051c716caf8,97b1c62b482d3164,b1e09ef1afd84cd7,OpenToM,location-cg,Belief,Location False Beliefs,B,B,"Based on the story provided, Titus moved the dress to Aubrey's closet. Therefore, from Titus's perspective, the dress is not in its initial location. The correct answer is B. [[B]]",1,,True,rationale_cot_3shot,,1
9eaa2a027aed6f90,8f05d1ae56ec88c9,e5dfedb673e0dfef,OpenToM,attitude,Emotion/Attitude,Attitude,C,A,"Based on the story, when Dakota moved the broccoli from the cupboard to the serving platter, Serenity left the cellar without interacting with it. This implies that Serenity didn't approve of or appreciate Dakota's actions. Therefore, the answer is A. [[A]]",0,,True,rationale_cot_3shot,,1
d04ddc4a8c0c5fe1,ac0314c96a3de21a,4b259bd0c14e6e88,OpenToM,attitude,Emotion/Attitude,Attitude,C,B,"Based on the story, Reid's reaction to Marshall's action is that he ""didn't witness this act"" and ""turned around and exited the hallway, seemingly uninterested."" This indicates a negative attitude towards Marshall's action. [[B]]",0,,True,rationale_cot_3shot,,1
b6637581f63916f0,8c39923adb604fdd,3072d3550d46b197,OpenToM,attitude,Emotion/Attitude,Attitude,C,C,"Let's reason step by step: I track the actions and emotions of the characters in the story. Evelyn is surprised and curious about Nolan's action initially, but since he took care to organize them, her attitude becomes positive. This points to option C. [[C]]",1,,True,rationale_cot_3shot,,1
4cf59356230b5c8c,95fd2890814e64cf,2b04a440d3f1181f,OpenToM,attitude,Emotion/Attitude,Attitude,B,B,"Let's reason step by step: I track the actions and emotions of Jonah in the story. He was initially excited about the socks, but when he returns to the living room, he finds it empty and confused. This indicates a negative reaction. [[B]]",1,,True,rationale_cot_3shot,,1
245478410369fb5f,ad0c471745b80c9d,bde9687a10e0c777,OpenToM,location-cg,Belief,Location False Beliefs,B,B,[[B]],1,,True,rationale_cot_3shot,,1
7d6554aa53761ab8,40b959efedd34f3d,598e39950a837298,OpenToM,attitude,Emotion/Attitude,Attitude,A,A,"Based on the story, Eric would likely feel positive about Grayson's action. Therefore, the answer is A. [[A]]",1,,True,rationale_cot_3shot,,1
84fb84f59f6b4e45,028d7d6c772b9125,0146c4a444935954,OpenToM,location-cg,Belief,Location False Beliefs,B,B,"Based on the story, Levi moved the coat from the box to the trash can. Therefore, from Levi's perspective, the coat is not in its initial location by the end of the story. The answer is B. [[B]]",1,,True,rationale_cot_3shot,,1
f1a5f4ca544016b4,5b1b735593dd208a,16da8b4f50581c2d,OpenToM,location-cg,Belief,Location False Beliefs,B,B,"Based on the story provided, we can infer that Brooks moved the peach from its initial location (living room) to the kitchen. Therefore, by the end of the story, the peach is not in its initial location. The correct answer is:

[[B]]",1,,True,rationale_cot_3shot,,1
72e1bfd1250414e3,000070c879d3c832,87d7c22771661f5e,OpenToM,attitude,Emotion/Attitude,Attitude,B,C,"Based on the story, Kenneth's reaction shows he is clearly upset and disgusted by Nora's action. Therefore, the correct answer is C. [[C]]",0,,True,rationale_cot_3shot,,1
6571bf3fbdd4144d,4fed2297760bdc9b,0146c4a444935954,OpenToM,location-cg,Belief,Location False Beliefs,A,B,"Based on the story, Elena steps into the cellar and takes the coat out of the box to wear it later. Levi moves the coat to the trash can, but Elena doesn't witness this. Therefore, from Elena's perspective, the coat is still in the box by the end of the story. The correct answer is B. [[B]]",0,,True,rationale_cot_3shot,,1
ca6f693aec3aabc5,b5d0e60270a75db1,396ef965be1bfef0,OpenToM,location-cg,Belief,Location False Beliefs,B,B,"Based on the story provided, Addison took the scarf and placed it in the donation bin. Therefore, from Addison's perspective, the scarf is not in its initial location by the end of the story. The correct answer is B. [[B]]",1,,True,rationale_cot_3shot,,1
065746a375307a3e,2e89c29322fdb9f3,76c4dffff6bf3236,OpenToM,attitude,Emotion/Attitude,Attitude,A,A,"Given the context that Peyton finds broccoli repulsive and was unaware of Alejandro's actions, the most likely answer is:

[[A]]",1,,True,rationale_cot_3shot,,1
e7f0aa7e7f3fdc8f,06080d9dba396a45,38bfd6597ce64424,OpenToM,attitude,Emotion/Attitude,Attitude,B,A,"Given the context that Jackson moved the watermelon to the kitchen countertop, and considering Sage's initial reaction of being delighted upon finding the watermelons, the most likely answer is that Sage's attitude towards Jackson's action is neutral. [[A]]",0,,True,rationale_cot_3shot,,1
5d46d919dc51758e,5b415162ff4b7f4f,68d59308ff7c2925,OpenToM,location-cg,Belief,Location False Beliefs,A,B,"Based on the story provided, Skylar left the office and didn't know about Patrick's action. Therefore, from Skylar's perspective, the scarf is still in its initial location by the end of the story. The correct answer is:

[[B]]",0,,True,rationale_cot_3shot,,1
9000e4d1c46d4917,809feafbcc0db2ac,a0b5df5e75dde77c,OpenToM,location-cg,Belief,Location False Beliefs,B,B,"Based on the story, Delilah moved the slippers to the distant bedroom, so from her perspective, the slippers are not in their initial location. The correct answer is B. [[B]]",1,,True,rationale_cot_3shot,,1
8a991f0ddb9d2ae2,bf759f462c2d4187,17b1961f163d2b98,OpenToM,attitude,Emotion/Attitude,Attitude,B,A,"Let's reason step by step: Given the context, Ethan likely feels confused and possibly disappointed. This points to option A. [[A]]",0,,True,rationale_cot_3shot,,1
996d356b8a77b580,6198bd668c2604aa,ef66c4cd6df01564,OpenToM,attitude,Emotion/Attitude,Attitude,C,C,Let's reason step by step: I track Karson's reaction to Grace's action. Karson observes Grace's action but is unsure of what to make of it. This indicates a neutral attitude. This points to option C. [[C]],1,,True,rationale_cot_3shot,,1
0c54833752cb61c9,f70037e3730902a1,4569c7d9d6fa1de5,OpenToM,attitude,Emotion/Attitude,Attitude,C,C,"Let's reason step by step: Antonio's actions and words indicate he admires the raincoat. Given this context, his reaction to Cyrus moving the raincoat to the trash bin would be negative. This points to option C. [[C]]",1,,True,rationale_cot_3shot,,1
20e6864c9595140c,f03d159a3e959913,92200c9126771f92,OpenToM,attitude,Emotion/Attitude,Attitude,B,B,"Based on the story, Brooklyn's reaction indicates a negative attitude towards Nolan's action. Therefore, the answer is B. [[B]]",1,,True,rationale_cot_3shot,,1
385802350dee23de,dab2cf321ebcc203,d7fb30b3164311cd,OpenToM,location-cg,Belief,Location False Beliefs,B,B,[[B]],1,,True,rationale_cot_3shot,,1
862849d539456999,a2a891e3c3f36e38,b1cf61f81bcf4d72,OpenToM,location-cg,Belief,Location False Beliefs,B,B,[[B]],1,,True,rationale_cot_3shot,,1
88d23b3017cf3737,a5c525fe1f79765d,9036fbf00ff7f7e3,OpenToM,location-cg,Belief,Location False Beliefs,B,B,"Based on the story, Tyler moved the slippers to the garage, so the correct answer is:

[[B]]",1,,True,rationale_cot_3shot,,1
498fe7ede2b58c69,e9ed5d2d5a1cac89,768656263a2b1ebf,OpenToM,attitude,Emotion/Attitude,Attitude,C,B,"Based on the story, Amir's reaction indicates a negative attitude towards Dallas's action. Therefore, the answer is B. [[B]]",0,,True,rationale_cot_3shot,,1
cc272849005766f4,92163381ba008de4,5af4b53f45e38b78,OpenToM,attitude,Emotion/Attitude,Attitude,B,C,"Let's reason step by step: Given the context that Victor shares the same dislike for potatoes as Ruben, and he watches silently with a similar sentiment, Victor's attitude would be negative towards Ruben's action. This points to option C. [[C]]",0,,True,rationale_cot_3shot,,1
d42c9492d40373c4,fba75a2e04d8813f,9a2e9aef0e39cacd,OpenToM,location-cg,Belief,Location False Beliefs,B,B,[[B]],1,,True,rationale_cot_3shot,,1
dbcd7944216888b9,d72f5e86df8f9e8b,886978385c9dd262,OpenToM,location-cg,Belief,Location False Beliefs,B,B,[[B]],1,,True,rationale_cot_3shot,,1
193d8922470d0a25,5577308e541781b6,30bc36f4e155d81f,OpenToM,attitude,Emotion/Attitude,Attitude,B,B,"Let's reason step by step: Given the context, August's reaction to Max's action can be inferred from the story. August was initially excited about finding stockings, but he left them behind. He would likely feel negative about Max taking the stockings without him knowing. This points to option B. [[B]]",1,,True,rationale_cot_3shot,,1
1e208fafb8c93566,9fd336671da0b064,d4b595d788d51448,OpenToM,location-cg,Belief,Location False Beliefs,B,B,[[B]],1,,True,rationale_cot_3shot,,1
99e51f503105295e,e2a60d261cfafd11,ce4e62c030f53271,OpenToM,attitude,Emotion/Attitude,Attitude,B,C,"Based on the story, Parker's reaction is clearly shown as ""Parker watched silently, curiosity mingling with a hint of annoyance."" This indicates a negative attitude. Therefore, the correct answer is C. [[C]]",0,,True,rationale_cot_3shot,,1
6755068f2ff87aa9,1a839cec14d6b0f4,8d61ac5ca82bb8de,OpenToM,location-cg,Belief,Location False Beliefs,A,B,"Based on the story, we can infer that Brody left the attic without seeing the cabbage. Therefore, the cabbage was not in its initial location by the end of the story. The answer is B. [[B]]",0,,True,rationale_cot_3shot,,1
45a9909836825838,9811d7abdc42a09f,920fae16c2758c91,OpenToM,location-cg,Belief,Location False Beliefs,B,B,"Based on the story, Mason had been silently observing Eduardo moving the sweater to the trash can. Therefore, from Mason's perspective, the sweater is not in its initial location by the end of the story. The answer is B. [[B]]",1,,True,rationale_cot_3shot,,1
4b961cc3cd6cc1d7,172803c4ebf9b6fc,7973ee623f627079,OpenToM,location-cg,Belief,Location False Beliefs,B,B,"Based on the story, Lukas moved the shoes to the shoe rack, so from Lukas's perspective, the answer is:

[[B]]",1,,True,rationale_cot_3shot,,1
3741efd950cc2d3b,4f4192693ac0ad32,44f1ba074dbf6cff,OpenToM,location-cg,Belief,Location False Beliefs,B,B,[[B]],1,,True,rationale_cot_3shot,,1
dcfd557f90ef14dd,5760b06f86400f05,4bfe5dceceadc644,OpenToM,attitude,Emotion/Attitude,Attitude,C,B,"Let's reason step by step: Given the context, Esteban had already left the basement when Abel moved his raincoat. Since Esteban didn't witness or object to Abel's actions, his attitude is likely neutral. This points to option B. [[B]]",0,,True,rationale_cot_3shot,,1
e30ed10dfc8fef1a,6168fa3aae260292,e6de775da4937ccd,OpenToM,location-cg,Belief,Location False Beliefs,B,B,"Based on the story, Peyton moved the cap to a neighbor's house, so from Peyton's perspective, the cap is not in its initial location by the end of the story. The correct answer is B. [[B]]",1,,True,rationale_cot_3shot,,1
b84d5a407e96e2d8,2f82f107022ed2ef,c31c9c278ed67ef5,OpenToM,location-cg,Belief,Location False Beliefs,B,B,"Based on the story provided, we can infer that Liam was watching Parker and had seen him move the apple to the trash can. Therefore, from Liam's perspective, the apple is not in its initial location by the end of the story. The correct answer is B. [[B]]",1,,True,rationale_cot_3shot,,1
05624cb23e82113e,860e2191b3cd00c5,9b47a08f3c5c6d47,OpenToM,attitude,Emotion/Attitude,Attitude,C,A,"Let's reason step by step: Given the context, Ezra's reaction is likely to be positive because Nicholas took care to ensure that the slacks remained separate and didn't cause any discomfort. This shows thoughtfulness and consideration. This points to option A. [[A]]",0,,True,rationale_cot_3shot,,1
908c9610f4558abf,4830621bf906c7c6,29cd4bf1cb16b4e0,OpenToM,attitude,Emotion/Attitude,Attitude,B,B,"Let's reason step by step: Evelyn was surprised to find the broccoli in the bathtub, but she was also amused by Derek's reaction. She then excuses herself and heads back inside without any further comment, indicating a neutral attitude towards Derek's action. This points to option B. [[B]]",1,,True,rationale_cot_3shot,,1
35ba0e002ef2b79e,45829847bf36435f,5af4b53f45e38b78,OpenToM,location-cg,Belief,Location False Beliefs,B,B,"Based on the story, Ruben moved the potato to the garbage bin. Therefore, from Ruben's perspective, the potato is not in its initial location by the end of the story. The answer is B. [[B]]",1,,True,rationale_cot_3shot,,1
fb2666c686aa9aae,0644aced87bdafa6,529029836dd9595c,OpenToM,location-cg,Belief,Location False Beliefs,A,B,"Based on the story, Jake left the bathroom and forgot about the underclothes. Therefore, by the end of the story, the underclothes are not in their initial location. The correct answer is B. [[B]]",0,,True,rationale_cot_3shot,,1
4b487119ddc6a7cc,952cd3326c440ad1,0c33d925687cffaa,OpenToM,location-cg,Belief,Location False Beliefs,B,B,"Based on the story, Edwin moved the stockings to the wall hooks, so from Edwin's perspective, the answer is B. [[B]]",1,,True,rationale_cot_3shot,,1
91bbf18888551ce0,db596a0ead445f0f,92200c9126771f92,OpenToM,location-cg,Belief,Location False Beliefs,B,B,"Based on the story provided, Brooklyn's perspective is that Nolan moved the plum from its initial location (bucket) to the garbage bin. Therefore, the correct answer is:

[[B]]",1,,True,rationale_cot_3shot,,1
795cb9209cc2fb45,cba3d8d2f218be61,103f67754e356c3c,OpenToM,location-cg,Belief,Location False Beliefs,B,B,"Based on the story, Hazel despises slippers and was aware of Amelia's deliberate act of moving the slippers. Therefore, the slippers are not in their initial location by the end of the story. The answer is B. [[B]]",1,,True,rationale_cot_3shot,,1
19d3011fe9fb5524,c3534463982e53ba,fa329f44f3dad80a,OpenToM,location-cg,Belief,Location False Beliefs,A,B,[[B]],0,,True,rationale_cot_3shot,,1
11f47d4da9fb49af,9889de3db2167fdd,e2ab87cfc31f17ef,OpenToM,location-cg,Belief,Location False Beliefs,B,B,"Based on the story, Hector moved the celery to the trash can. Therefore, from Hector's perspective, the celery is not in its initial location by the end of the story. The answer is B. [[B]]",1,,True,rationale_cot_3shot,,1
cb6629c5f617b770,ee3e593bb52c4a16,2c90b8f996b16e45,OpenToM,attitude,Emotion/Attitude,Attitude,B,B,"Based on the story, Lucy's reaction to Johnny's action would be negative because she loved the coat. Therefore, the answer is B. [[B]]",1,,True,rationale_cot_3shot,,1
0541f1a59994db0f,83f8c28b8c3d782a,569397a8bf11e88f,OpenToM,location-cg,Belief,Location False Beliefs,A,B,"Based on the story provided, Caden exits the study before Elias moves the orange. Therefore, from Caden's perspective, the orange is not in its initial location by the end of the story. The answer is B. [[B]]",0,,True,rationale_cot_3shot,,1
a951acf461d56df0,bb8253094752dfed,becce94c12546baf,OpenToM,location-cg,Belief,Location False Beliefs,B,B,[[B]],1,,True,rationale_cot_3shot,,1
b1d8f8294da23920,c2184a1dbd5b2483,1567dec6ae107fdc,OpenToM,location-cg,Belief,Location False Beliefs,B,B,"Based on the story provided, Caiden observes Cristian placing the pineapple in his fridge. This action indicates that the pineapple is no longer in its initial location by the end of the story. Therefore, the correct answer is:

[[B]]",1,,True,rationale_cot_3shot,,1
1fe6a83247761b17,8dde94b6c5341414,68be7568ee643dbc,OpenToM,attitude,Emotion/Attitude,Attitude,C,A,"Based on the story, Adan's reaction is described as ""Adan was silently observing their actions the entire time. The tension in the room was palpable as Adan took in the sight of the stockings now displayed so prominently."" This indicates that Adan's attitude towards Colt's action is negative. [[A]]",0,,True,rationale_cot_3shot,,1
a9ee2ef5e76354f1,049f7937871ddcb3,869a50bf2b7eb7b8,OpenToM,attitude,Emotion/Attitude,Attitude,C,B,"Based on the story, Jackson left the scene after seeing the sweater, indicating he was repulsed by it. This suggests his attitude towards Ruben's action would be negative. [[B]]",0,,True,rationale_cot_3shot,,1
dbaed279b96826c2,8a92eb9f938762d0,e5a1d17080c82243,OpenToM,location-cg,Belief,Location False Beliefs,B,B,"Based on the story, Travis moved the persimmon from the bathtub to the center of the office table. Kaylee had already left before seeing this move. Therefore, from Travis's perspective, the persimmon is now at the center of the office table, not by the end of the story. The correct answer is B. [[B]]",1,,True,rationale_cot_3shot,,1
fbf8f3c0a14cca7d,b3be2b008ba754a4,d42dfd04999bbf26,OpenToM,location-cg,Belief,Location False Beliefs,B,B,[[B]],1,,True,rationale_cot_3shot,,1
1b51fcef61aeb1ff,be84f05e89e8e765,6d8b9ea520f55cfd,OpenToM,attitude,Emotion/Attitude,Attitude,B,C,"Let's reason step by step: Given the context, Jay's reaction to Holden's action is based on their shared dislike for skirts. This indicates a negative attitude. [[C]]",0,,True,rationale_cot_3shot,,1
da0971c6fc166179,e2af66ddb09ae77c,6cade4d60691d60c,OpenToM,attitude,Emotion/Attitude,Attitude,C,C,"Let's reason step by step: Archer's reaction to Eric's action can be inferred from the context. Archer watches silently and his expression is unreadable, indicating a neutral response. This points to option C. [[C]]",1,,True,rationale_cot_3shot,,1
ee294a1241750724,d6f68bdad2eb4115,6e9b4cadb99539dd,OpenToM,location-cg,Belief,Location False Beliefs,B,B,"Based on the story provided, Tyson moved the watermelon to the fridge. Therefore, from Tyson's perspective, the watermelon is not in its initial location. The correct answer is B. [[B]]",1,,True,rationale_cot_3shot,,1
e3e7c02b32dc8135,128bfa8bdcae59b9,68d2df8d7c77bd62,OpenToM,location-cg,Belief,Location False Beliefs,A,A,"Based on the story, Russell left the pantry and didn't witness Javier's actions. Therefore, Russell would still find the spinach in its initial location by the drawer. The answer is A. [[A]]",1,,True,rationale_cot_3shot,,1
dd037db4de687c48,1f77fbad64833600,402101e517dc7720,OpenToM,location-cg,Belief,Location False Beliefs,B,B,[[B]],1,,True,rationale_cot_3shot,,1
11fc5b8df5892558,ab021c47b10c9b78,e4705ca95b1ff873,OpenToM,attitude,Emotion/Attitude,Attitude,A,B,"Let's reason step by step: Given the context, Reed was initially puzzled by Leonel's actions but was unaware of Leonel's kind intention. Since Reed was not aware of Leonel's gesture, he would likely have a neutral attitude towards Leonel's action. This points to option B. [[B]]",0,,True,rationale_cot_3shot,,1
c75912b418b266f3,37878e7ceb1f871e,24e1bf97fb560c53,OpenToM,location-cg,Belief,Location False Beliefs,B,B,"Based on the story, we can infer that Xander saw Aurora pick up the jacket and hang it on the coat rack. Therefore, the jacket was moved from its initial location. The correct answer is B. [[B]]",1,,True,rationale_cot_3shot,,1
18817399e6622165,a943c792a1fcc645,55892381c54b8d17,OpenToM,attitude,Emotion/Attitude,Attitude,B,B,"Let's reason step by step: Given the context, Evan's reaction to Cruz's action can be inferred from the story. Since Evan never witnessed Cruz's act and the strawberry remained hidden, Evan's attitude towards Cruz's action is neutral. This points to option B. [[B]]",1,,True,rationale_cot_3shot,,1
ab20ab754542e8f9,46d509de1fa4095f,5c3e6489c133697d,OpenToM,location-cg,Belief,Location False Beliefs,A,A,"Based on the story, we can infer that Luke is unaware of Brian's actions. Therefore, from Luke's perspective, the raincoat is still in its initial location. The correct answer is:

[[A]]",1,,True,rationale_cot_3shot,,1
0f7656ad10294336,92ad76ee14762f43,aae74e6d47944a34,OpenToM,location-cg,Belief,Location False Beliefs,B,B,[[B]],1,,True,rationale_cot_3shot,,1
7f72a35998697008,ba211b348bd248ca,0376d39e909c0a32,OpenToM,attitude,Emotion/Attitude,Attitude,B,B,"Let's reason step by step: Given the context, Easton's reaction would be negative since he didn't want the pear moved. This points to option B. [[B]]",1,,True,rationale_cot_3shot,,1
5290f4c343f3710e,78fa8bc6290ba20e,c657547d7c10b0b8,OpenToM,attitude,Emotion/Attitude,Attitude,C,A,"Based on the story, Weston's reaction is not explicitly stated, but we can infer from the context that Weston would be surprised and possibly annoyed by Ximena's action. However, since the options provided do not include ""positive,"" and Weston's immediate reaction is not clear, we'll choose the closest option. Therefore, the answer is A. [[A]]",0,,True,rationale_cot_3shot,,1
9c85cbcb293eb1fd,34cc82d85b87198f,7fcf29c9551b75cf,OpenToM,location-cg,Belief,Location False Beliefs,A,B,"Based on the story, Eva did not find the apple at all because Maddox moved it to her desk without her knowledge. Therefore, the correct answer is:

[[B]]",0,,True,rationale_cot_3shot,,1
3e08e6a463fc4884,2fba90f8d089e8b1,e440446c8cbf2045,OpenToM,location-cg,Belief,Location False Beliefs,A,B,"Based on the story, Angelo left the basement without moving the plums. Therefore, the plums would still be in their initial location by the end of the story. The answer is B. [[B]]",0,,True,rationale_cot_3shot,,1
d12171dee0f18238,cb8a250eeadbd6cc,7c46ec57258cf95d,OpenToM,attitude,Emotion/Attitude,Attitude,B,C,"Let's reason step by step: Given the context, Ivan's reaction is not explicitly stated but based on the fact that he was ""completely oblivious"" to Zoey's actions, it implies he wouldn't have any particular attitude towards it. This points to option C. [[C]]",0,,True,rationale_cot_3shot,,1
7b22a220bee4912d,c62874f49259d7a9,d4b1070ab1840755,OpenToM,location-cg,Belief,Location False Beliefs,A,B,[[B]],0,,True,rationale_cot_3shot,,1
f1cf4803c154f3d2,a6e296fb0dad6333,3c030e36203c7d47,OpenToM,location-cg,Belief,Location False Beliefs,A,B,"Based on the story, Raymond never moved the sweatshirt himself and it was placed in his closet by Garrett. Therefore, from Raymond's perspective, the sweatshirt is not in its initial location. The correct answer is B. [[B]]",0,,True,rationale_cot_3shot,,1
af2c273c4507a274,80f599fa9c56adad,83d951ae0a3f44d9,OpenToM,attitude,Emotion/Attitude,Attitude,A,B,"Let's reason step by step: Given the context, Louis's reaction to Tyson's action is understanding and supportive. This points to option B. [[B]]",0,,True,rationale_cot_3shot,,1
5686117ccd9450b9,e7a611628035af8e,59d9eef623be281d,OpenToM,location-cg,Belief,Location False Beliefs,A,B,"Based on the story, Sergio left the back yard without knowing about Autumn's actions. Therefore, Sergio would still be unaware that the stockings have been moved. The correct answer is:

[[B]]",0,,True,rationale_cot_3shot,,1
58e39d40fcec2817,49c895b69da99a34,1ae80352668c11d1,OpenToM,attitude,Emotion/Attitude,Attitude,B,A,"Based on the story, Sawyer was unaware of Louis's actions. Since Sawyer didn't know about Louis moving the plum, he wouldn't have any reaction or attitude towards it. This points to option A. [[A]]",0,,True,rationale_cot_3shot,,1
e3d501d40dfb1675,fee8244a6ed9c912,14247a2874c357c9,OpenToM,attitude,Emotion/Attitude,Attitude,A,B,"Let's reason step by step: Given the context that Colin despises jeans and the fact that he made no comment on Cash's action, this suggests a negative attitude. [[B]]",0,,True,rationale_cot_3shot,,1
acc15b0497421f3c,714050e97f74b971,c31c9c278ed67ef5,OpenToM,location-cg,Belief,Location False Beliefs,B,B,[[B]],1,,True,rationale_cot_3shot,,1
f9b2f553dad53f25,b4df5d514c9b9e4f,78579b4b51fda7b9,OpenToM,location-cg,Belief,Location False Beliefs,A,B,"Based on the story, we can infer that Camden saw Ethan move the plum to the trash can. Therefore, from Camden's perspective, the plum is not in its initial location by the end of the story. The answer is B. [[B]]",0,,True,rationale_cot_3shot,,1
201c73fdfc1796a0,0ada07a78ab964b5,3bbafa6dd35ebc45,OpenToM,location-cg,Belief,Location False Beliefs,A,B,"Based on the story provided, Sofia returns to the lounge unaware that Katherine has moved the grapes. Therefore, from Sofia's perspective, the grapes are still in their initial location. The correct answer is:

[[B]]",0,,True,rationale_cot_3shot,,1
7db1173b1d03bfd3,7da0d6f771d274de,39e372eea69ce4a1,OpenToM,attitude,Emotion/Attitude,Attitude,A,A,"Let's reason step by step: Given the context, Alexander's reaction to Jeremy's action can be inferred from the details provided. Jeremy's action was done with the intention to ensure both friends could enjoy the persimmons. Since Alexander was aware of Jeremy's action, it implies a positive attitude towards it. This points to option A. [[A]]",1,,True,rationale_cot_3shot,,1
9e89e65aa710a434,3eec6904d46374e6,0cb5673c59e47e86,OpenToM,location-cg,Belief,Location False Beliefs,A,B,"Based on the story, Ronan left the staircase without giving the onion a second thought. Therefore, from Ronan's perspective, the onion is not in its initial location by the end of the story. The correct answer is B. [[B]]",0,,True,rationale_cot_3shot,,1
01aa673056f55ae0,049b7597a28e499a,0173f9bc5802c5d0,OpenToM,location-cg,Belief,Location False Beliefs,A,A,"Based on the story provided, we can infer that Lincoln hasn't witnessed Lorenzo moving the pants. Therefore, Lincoln would still believe the pants are in their initial location. The answer is A. [[A]]",1,,True,rationale_cot_3shot,,1
c1f644f34033a1c6,90a02daf4ddca452,c5d034f68fb3da8f,OpenToM,attitude,Emotion/Attitude,Attitude,B,B,"Based on the story, Maria's reaction indicates a negative attitude towards Clara's action. Therefore, the answer is B. [[B]]",1,,True,rationale_cot_3shot,,1
60033cd42666bb50,e590657c4cb1ad9d,8c0443b06abb4654,OpenToM,location-cg,Belief,Location False Beliefs,B,B,[[B]],1,,True,rationale_cot_3shot,,1
fbda0ce98917b106,5fe86dd985915ad7,aed0e9cc091d5361,OpenToM,attitude,Emotion/Attitude,Attitude,C,B,"Based on the story, Richard's reaction to Andrew's action can be inferred as negative because Richard despises hats. Therefore, the answer is B. [[B]]",0,,True,rationale_cot_3shot,,1
2c78408afed37d86,b0751e676afd1b88,dfb77c459a695545,OpenToM,location-cg,Belief,Location False Beliefs,A,A,"Based on the story provided, Natalia leaves the room before Leonel moves the coat. Therefore, from Natalia's perspective, the coat remains in its initial location by the end of the story. The answer is A. [[A]]",1,,True,rationale_cot_3shot,,1
da7005e4da66a719,c78532d865d243cb,bd0489be8543fb90,OpenToM,attitude,Emotion/Attitude,Attitude,B,B,"Let's reason step by step: I track who has access to which information in the story, then check what the relevant character would infer given only what they observed. This points to option B. [[B]]",1,,True,rationale_cot_3shot,,1
2a624712fa051b90,0ac4babcaf451a03,28170e259f6a0b52,OpenToM,location-cg,Belief,Location False Beliefs,A,A,"Based on the story provided, Isabella never witnessed Omar moving the bottle of melon. Therefore, from Isabella's perspective, the melon remains in its initial location. The answer is A. [[A]]",1,,True,rationale_cot_3shot,,1
229c23fdafe35fba,97e313391b54b45a,531c4ada6bbc2bfd,OpenToM,location-cg,Belief,Location False Beliefs,B,B,[[B]],1,,True,rationale_cot_3shot,,1
545e902525e91db7,907bd998e6096cf0,88c48590b3491b41,OpenToM,location-cg,Belief,Location False Beliefs,B,B,[[B]],1,,True,rationale_cot_3shot,,1
62cd70f2419bd2c6,7f9f89e1d4031f30,15201046505a3012,OpenToM,location-cg,Belief,Location False Beliefs,B,B,"Based on the story, Jonathan moved the bucket of lettuce to the grocery store salad bar. Therefore, from Jonathan's perspective, the lettuce is not in its initial location by the end of the story. The answer is B. [[B]]",1,,True,rationale_cot_3shot,,1
5b3115f65c78aab3,2f1cdacbd3122bb3,ff802852fd1d3f53,OpenToM,location-cg,Belief,Location False Beliefs,A,B,"Based on the story provided, Travis left the basement, so the sweater was not in its initial location by the end of the story. Therefore, the correct answer is B. [[B]]",0,,True,rationale_cot_3shot,,1
d23e487685312667,3a2be9d58d902f9b,f119d8eb7742a9ea,OpenToM,location-cg,Belief,Location False Beliefs,B,B,[[B]],1,,True,rationale_cot_3shot,,1
28358af35ed09a3c,7dde3c617d7df68a,5b92671a30b1adca,OpenToM,attitude,Emotion/Attitude,Attitude,B,B,"Let's reason step by step: I track the character's perspective and emotions in the story. Prince, being described as a sophisticated gentleman, would likely be disappointed or annoyed by Jaxon's actions. This points to option B. [[B]]",1,,True,rationale_cot_3shot,,1
fea2daa6df7f75cd,f3fe3412e8b69ca6,3398adfcedb31686,OpenToM,attitude,Emotion/Attitude,Attitude,A,A,"Let's reason step by step: Given the context, Nicolas left the attic and didn't witness Victor's actions. However, we know Nicolas doesn't like grapefruit. This implies Nicolas would likely feel negative about Victor's action. [[A]]",1,,True,rationale_cot_3shot,,1
b198d890a364e063,f76076e08690215e,e475bf1f1f5541c5,OpenToM,location-cg,Belief,Location False Beliefs,A,B,"Based on the story, Gabriella leaves the lounge before Damien can move the cabbage. Therefore, from Gabriella's perspective, the cabbage is not in its initial location by the end of the story. The answer is B. [[B]]",0,,True,rationale_cot_3shot,,1
679fd129b396b921,48437918ebc16681,72c652d1d3c3dada,OpenToM,attitude,Emotion/Attitude,Attitude,B,B,"Let's reason step by step: Cruz observes Eric's action but does not express any immediate reaction or sentiment. However, the context suggests that Cruz might be hurt or disappointed. Given the options, the most fitting answer is B. [[B]]",1,,True,rationale_cot_3shot,,1
1cba323b5dc1a91e,bf6088044f4a8196,292e41ce7f196cf9,OpenToM,attitude,Emotion/Attitude,Attitude,C,C,"Based on the story, we can infer that Brandon's reaction remains a mystery, but given the context, it's most likely that he would be negatively affected by Jeffrey's action. Therefore, the most likely answer is:

[[C]]",1,,True,rationale_cot_3shot,,1
e842d4ac3a4e27b8,bd479c624a15dc0c,fb3f37ddd315169e,OpenToM,location-cg,Belief,Location False Beliefs,B,B,[[B]],1,,True,rationale_cot_3shot,,1
2097abcd7923aebc,251f58e4794bca21,f56f7453df18dc3d,OpenToM,location-cg,Belief,Location False Beliefs,B,B,"Based on the story, Skylar moved the persimmon to his refrigerator, so from Skylar's perspective, the persimmon is not in its initial location by the end of the story. The correct answer is B. [[B]]",1,,True,rationale_cot_3shot,,1
c432cd6d4f2aa97f,2986ed2154292753,72c652d1d3c3dada,OpenToM,location-cg,Belief,Location False Beliefs,B,B,"Based on the story, Eric moved the hat to a donation bin, so from Eric's perspective, the hat is not in its initial location by the end of the story. The correct answer is B. [[B]]",1,,True,rationale_cot_3shot,,1
de1b80dbbeddc419,24b9c2adc53b0942,4816945f3cf105c7,OpenToM,location-cg,Belief,Location False Beliefs,B,B,[[B]],1,,True,rationale_cot_3shot,,1
20bb960a99d24375,4fd909de09d51d2f,005059a2cc5b0fa3,OpenToM,attitude,Emotion/Attitude,Attitude,A,A,"Based on the story, Rafael's actions and reaction suggest a positive attitude towards Jonathan's action. He observed Jonathan's actions with curiosity and relief, indicating he approves of Jonathan's decision. Therefore, the answer is A. [[A]]",1,,True,rationale_cot_3shot,,1
ed11214e5a2ba217,a29c652bc8158898,c00ae964aa25a777,OpenToM,attitude,Emotion/Attitude,Attitude,B,B,"Let's reason step by step: Given the context, David's reaction to Riley's action can be inferred from the story. Since David cherishes pajamas and finds them comfortable, he would likely be upset or angry about Riley's actions. This points to option B. [[B]]",1,,True,rationale_cot_3shot,,1
cc9fbbac132629ec,81aa16abaaab190a,1f052ea063166fee,OpenToM,location-cg,Belief,Location False Beliefs,B,B,"Let's reason step by step: From Kaiden's perspective, he moved the cap from the patio to the Basement storage. Therefore, the cap is not in its initial location by the end of the story. This points to option B. [[B]]",1,,True,rationale_cot_3shot,,1
41fe9ad86498901d,811462b7d35e032e,25bf357d5e6b4ee5,OpenToM,location-cg,Belief,Location False Beliefs,B,B,[[B]],1,,True,rationale_cot_3shot,,1
2c934de38b784d3a,2836f07bec041abc,003f5641c3a44c75,OpenToM,location-cg,Belief,Location False Beliefs,B,B,"Based on the story, Major remained silent and did not reveal his thoughts or emotions regarding Isabella's actions. This implies that Major did not move the cucumber basket. Therefore, the cucumber was still in its initial location by the end of the story. The answer is B. [[B]]",1,,True,rationale_cot_3shot,,1
a09cab3dead3d415,6a9366cb59821064,27316b2ecf7398ee,OpenToM,location-cg,Belief,Location False Beliefs,A,B,"Based on the story, we can infer that Edward was unaware of Violet's actions. Therefore, the asparagus would still be in its initial location by the end of the story. The answer is B. [[B]]",0,,True,rationale_cot_3shot,,1
8aca0f1443b6ec3a,4f7d54a31ef376ed,3369fe579c21baab,OpenToM,attitude,Emotion/Attitude,Attitude,A,C,"Let's reason step by step: Nora did not witness Spencer's act and he moved the jacket to keep it organized for everyone, including herself. Given this context, Nora's attitude towards Spencer's action would be neutral since she didn't know about it. This points to option C. [[C]]",0,,True,rationale_cot_3shot,,1
849ff177b2f9d920,1df5ab82808e2438,e7fc0bb115325542,OpenToM,location-cg,Belief,Location False Beliefs,B,B,"Based on the story, Natalie moved the bottle (and thus the lettuce) to a more hidden and secure storage space. Since the story states that Natalie's action took place under Kingston's oblivious gaze, we can infer that Natalie did not inform him of her actions. Therefore, from Natalie's perspective, the lettuce is still in its initial location by the end of the story. [[B]]",1,,True,rationale_cot_3shot,,1
3dc1e24051ff313f,4ae20894382e77a7,b1e09ef1afd84cd7,OpenToM,attitude,Emotion/Attitude,Attitude,C,C,"Let's reason step by step: Given that Aubrey adores dresses and believes they bring out her inner beauty, and considering Titus's thoughtful action, Aubrey would likely have a positive attitude towards Titus's action. This points to option C. [[C]]",1,,True,rationale_cot_3shot,,1
ac547af448f7d0ba,14ec12913b0724f1,1934c5a0229653ec,OpenToM,attitude,Emotion/Attitude,Attitude,A,A,Let's reason step by step: I track Hailey's reaction to Zoe's action based on the story. Hailey notices the skirt but decides to leave it alone and doesn't take it. This indicates that Hailey's attitude towards Zoe's action is neutral. This points to option A. [[A]],1,,True,rationale_cot_3shot,,1
5e6e7198455c8ed1,ad7f907bddac7a8e,2d185ad562cd78d0,OpenToM,attitude,Emotion/Attitude,Attitude,A,A,"Based on the story, Timothy's reaction shows a sense of surprise and disappointment. This indicates a negative attitude towards Sean's action. [[A]]",1,,True,rationale_cot_3shot,,1
347c88c1a87f892c,e32a6ffe741039d5,d77e62e20fa8f933,OpenToM,location-cg,Belief,Location False Beliefs,B,B,"Based on the story, Melanie moved the tie to her own closet, so it is no longer in its initial location. The answer is B. [[B]]",1,,True,rationale_cot_3shot,,1
07dedc847e45c593,4b4e0aaccafbdbae,3e24140f211f37e7,OpenToM,attitude,Emotion/Attitude,Attitude,A,C,"Let's reason step by step: Given the context, Luis left the study without any reaction or comment, indicating he did not express an attitude. However, since the question asks about Luis's attitude, and considering the neutral stance often implies a lack of strong emotion, the most fitting answer is C. [[C]]",0,,True,rationale_cot_3shot,,1
ff6cfaccd4ff9be3,296c66d3769daa68,5b606103b75b877b,OpenToM,location-cg,Belief,Location False Beliefs,B,B,[[B]],1,,True,rationale_cot_3shot,,1
b13af1cc7769391d,d3c4bf6f2848138a,974714a00bb273b4,OpenToM,attitude,Emotion/Attitude,Attitude,C,B,"Based on the story, Malcolm's reaction indicates a negative attitude towards Ali's action. Therefore, the answer is B. [[B]]",0,,True,rationale_cot_3shot,,1
c7df3eb511086b48,1b379268202b2692,be09509315099ed1,OpenToM,location-cg,Belief,Location False Beliefs,B,B,[[B]],1,,True,rationale_cot_3shot,,1
9aadcdcfa3b51e34,67fe6011367897a1,27316b2ecf7398ee,OpenToM,attitude,Emotion/Attitude,Attitude,C,A,"Based on the story, Edward's reaction is not explicitly stated, but we can infer from his quick exit and his dislike for asparagus that his attitude towards Violet's action would be negative. Therefore, the answer is A. [[A]]",0,,True,rationale_cot_3shot,,1
ad4c2bd9680f57f2,5cfb9b8b2906f1ef,7534c8f04ab1a99a,OpenToM,location-cg,Belief,Location False Beliefs,B,B,"Based on the story provided, Mateo moved the stockings to the bedroom drawer. Therefore, from Mateo's perspective, the answer is:

[[B]]",1,,True,rationale_cot_3shot,,1
9a94e442fee8eb55,450d25081b92037d,7463514c14e9092c,OpenToM,attitude,Emotion/Attitude,Attitude,C,B,"Let's reason step by step: Given that Hazel was unaware of Bryce's actions, her initial reaction would be neutral. This points to option B. [[B]]",0,,True,rationale_cot_3shot,,1
d52c7f3c8386f6b1,bcd888f410fc0681,18db6ce55fee148f,OpenToM,location-cg,Belief,Location False Beliefs,B,B,"Based on the story, Madison watched Reagan move the banana and seal it away. This implies the banana was moved. Therefore, the correct answer is:

[[B]]",1,,True,rationale_cot_3shot,,1
d508f84e0bcf8edf,047577d09e64fdb7,82992ababa3aeff0,OpenToM,location-cg,Belief,Location False Beliefs,A,A,"Based on the story, Jacob leaves the room before Jaiden moves the corn. Therefore, from Jacob's perspective, the corn is still in its initial location by the end of the story. The answer is A. [[A]]",1,,True,rationale_cot_3shot,,1
0e492c5aff3adad5,20ea444ff7143042,4bee8c2ec2d5aa70,OpenToM,attitude,Emotion/Attitude,Attitude,B,A,"Let's reason step by step: Given the context, Myles would likely appreciate Nathaniel's consideration. This points to option A. [[A]]",0,,True,rationale_cot_3shot,,1
cf5e5b571fc68c38,50eb29a108a6dae9,2a60db49a330ab1c,OpenToM,location-cg,Belief,Location False Beliefs,B,B,"Based on the story, Brielle moved the green pepper from the crate to the trash can. Therefore, from her perspective, the green pepper is not in its initial location by the end of the story. The correct answer is B. [[B]]",1,,True,rationale_cot_3shot,,1
73ac870479fec73f,43e6a192c377e333,28170e259f6a0b52,OpenToM,attitude,Emotion/Attitude,Attitude,C,A,"Let's reason step by step: Based on the story, Isabella never witnessed Omar's actions, so she wouldn't know about his decision to move the melon. However, since the story doesn't provide any direct indication of Isabella's reaction or attitude towards Omar's action, we can assume her attitude would be neutral if she wasn't aware of it. This points to option A. [[",0,,True,rationale_cot_3shot,,1
7cb03ebaa684fa5d,e860df14072d6dbf,2b04a440d3f1181f,OpenToM,location-cg,Belief,Location False Beliefs,B,B,[[B]],1,,True,rationale_cot_3shot,,1
50296f9c9769c8c0,91f1ef0e69cdf3ee,55892381c54b8d17,OpenToM,location-cg,Belief,Location False Beliefs,B,B,[[B]],1,,True,rationale_cot_3shot,,1
73c4513745bb4d28,50c56067d6fb4737,e1f3bff078f79656,OpenToM,location-cg,Belief,Location False Beliefs,A,A,"Based on the story, we can infer that Asher left the pantry without knowing that Cristian moved the carrots to his own refrigerator. Therefore, from Asher's perspective, the carrots remain in their initial location. The correct answer is:

[[A]]",1,,True,rationale_cot_3shot,,1
69f315e6f4506ea4,5bf81afb0c5af7b6,3c35301b737fe777,OpenToM,location-cg,Belief,Location False Beliefs,B,B,[[B]],1,,True,rationale_cot_3shot,,1
bb44cfcc3b5b13b2,9b828b49129a11af,2f75e2d622cbc89c,OpenToM,location-cg,Belief,Location False Beliefs,B,B,"Based on the story, the correct answer is B. [[B]]",1,,True,rationale_cot_3shot,,1
10da416a56ab94e4,4ac33a595480c266,26136348268979ef,OpenToM,location-cg,Belief,Location False Beliefs,A,B,"Based on the story, Cash exits the room immediately upon seeing the orange, and he remains blissfully oblivious to its new position. Therefore, the orange is not in its initial location by the end of the story. The answer is B. [[B]]",0,,True,rationale_cot_3shot,,1
45b872081b6ee54a,925077f9a1c533fe,c3c4ee8071bf6b1b,OpenToM,attitude,Emotion/Attitude,Attitude,B,C,"Based on the story, Athena's reaction is described as ""silent"" and she ""stood silently, observing every move."" Despite Quinn's action, there's no indication of a positive reaction. Therefore, the most fitting answer is C. [[C]]",0,,True,rationale_cot_3shot,,1
771ea8b06ac2e65e,22320db33ff2febe,9a2e9aef0e39cacd,OpenToM,location-cg,Belief,Location False Beliefs,B,B,"Based on the story provided, Nevaeh had been watching Carson's every move and silently taking note of his devious actions. This implies Nevaeh would be aware of Carson's action of moving the socks. Therefore, Nevaeh would know the socks are not in their initial location. The answer is B. [[B]]",1,,True,rationale_cot_3shot,,1
7e8f28900144a0d6,ad659680944071c4,4816945f3cf105c7,OpenToM,location-cg,Belief,Location False Beliefs,A,B,"Based on the story, we can infer that Emma left the hall because she disliked the boots and did not want to be near them. Since Andy moved the boots to the closet without Emma's knowledge, from Emma's perspective, the boots are not in their initial location by the end of the story. Therefore, the answer is B. [[B]]",0,,True,rationale_cot_3shot,,1
2fe6cc55c7f6c07a,da8aced791276453,b07dd20ebe06c82a,OpenToM,attitude,Emotion/Attitude,Attitude,A,A,"Given Marco's description of Christian's actions and the outcome, Marco's attitude towards Christian's action can be inferred as positive. Therefore, the answer is A. [[A]]",1,,True,rationale_cot_3shot,,1
a509f2adb417ec24,1d257b5daf8f3ef7,44a0ed4e892bcf7f,OpenToM,location-cg,Belief,Location False Beliefs,B,B,[[B]],1,,True,rationale_cot_3shot,,1
0e1cc2616ce4a0c9,030b1edca3e2aa64,f2cfa8affb7e1a85,OpenToM,location-cg,Belief,Location False Beliefs,B,B,[[B]],1,,True,rationale_cot_3shot,,1
a809bac3883e5c97,bf5d02117ccec5ba,d64e855813ab97b5,OpenToM,attitude,Emotion/Attitude,Attitude,A,B,"Let's reason step by step: Given the context, Valentina's actions and thoughts align with option B. [[B]]",0,,True,rationale_cot_3shot,,1
62a6f0ae1b70480b,0a153ac4004f315c,31a8a4cb976834fe,OpenToM,location-cg,Belief,Location False Beliefs,B,B,[[B]],1,,True,rationale_cot_3shot,,1
02cbdc87006d4769,700f747be09dbce5,fc265e6caa39f273,OpenToM,location-cg,Belief,Location False Beliefs,B,B,"Based on the story provided, Emmanuel silently witnessed Elijah moving the dress to a friend's house. This implies that Emmanuel did not see the dress in its initial location. Therefore, the correct answer is:

[[B]]",1,,True,rationale_cot_3shot,,1
ba0b9fbaffe693a3,903537cb732b9b75,9930d485c3833f5a,OpenToM,location-cg,Belief,Location False Beliefs,B,B,[[B]],1,,True,rationale_cot_3shot,,1
10f0af8519af3975,7a506c02c146ed3e,f5b6708165f4b3ce,OpenToM,location-cg,Belief,Location False Beliefs,B,B,"Based on the story, Easton moved the sweatshirt to his bedroom dresser. Therefore, from Easton's perspective, the sweatshirt is not in its initial location by the end of the story. The correct answer is B. [[B]]",1,,True,rationale_cot_3shot,,1
5a4954264ab12168,7a504b2a8ba7ee00,4d2c68edf75e77d9,OpenToM,location-cg,Belief,Location False Beliefs,A,A,"Based on the story provided, Levi did not witness Grady moving the undershirt. Therefore, from Levi's perspective, the undershirt remains in its initial location. The answer is A. [[A]]",1,,True,rationale_cot_3shot,,1
b9d4adcf8f5809d0,5253b4f69a7e3883,12f52832071ea932,OpenToM,attitude,Emotion/Attitude,Attitude,B,B,"Let's reason step by step: Given the context, Robert's reaction is based on Claire's action and the outcome. Since Claire's action was to make their enjoyment of the watermelon better, and considering Robert's description of how he and Claire felt about the situation, Robert's attitude is positive. This points to option B. [[B]]",1,,True,rationale_cot_3shot,,1
d5d6299cb9a8f924,2f77003a1a2e473e,29917930cc7ff042,OpenToM,attitude,Emotion/Attitude,Attitude,A,A,"Let's reason step by step: Given the context, Avery's reaction to Addison's action can be inferred from the story. Avery had a fondness for caps and saw Addison's action as an attempt to get rid of the cap. This implies a negative attitude towards Addison's action. [[A]]",1,,True,rationale_cot_3shot,,1
1773ab3482918d71,109247b57bb6fe9d,720628427bde1b5a,OpenToM,location-cg,Belief,Location False Beliefs,B,B,"Based on the story provided, Lucy moved the raincoat from the bathroom to her own closet. Therefore, from Lucy's perspective, the raincoat is not in its initial location by the end of the story. The correct answer is B. [[B]]",1,,True,rationale_cot_3shot,,1
8b3f07dff6106035,f83fc94f1e3a0067,fc5c7b7f6896649b,OpenToM,location-cg,Belief,Location False Beliefs,B,B,"Based on the story provided, Gianna moves the tomato to her refrigerator, so from her perspective, the tomato is not in its initial location by the end of the story. The answer is B. [[B]]",1,,True,rationale_cot_3shot,,1
0cefefb40448926a,0b2f55ad9302007f,4aa6f423f00e9a7a,OpenToM,location-cg,Belief,Location False Beliefs,B,B,"Based on the story provided, Aubree witnesses Amari grabbing the coat and bringing it to her bedroom closet. This implies the coat is moved from its initial location. Therefore, the correct answer is:

[[B]]",1,,True,rationale_cot_3shot,,1
30cb9a4f7aa33f06,7337401f5e69c925,70bdcd3583139a7e,OpenToM,attitude,Emotion/Attitude,Attitude,A,A,"Let's reason step by step: Given the story, Emery's reaction to Jesse's action is not explicitly stated, but we can infer from the context. Emery had no fondness for dresses and did not witness Jesse's kind act. Therefore, Emery's attitude towards Jesse's action is most likely negative. [[A]]",1,,True,rationale_cot_3shot,,1
208e50c09b50c2f9,910c6ccab250f627,8ccf28807b2f0e81,OpenToM,attitude,Emotion/Attitude,Attitude,B,A,"Let's reason step by step: Given the context, Axel's reaction to Anna's action can be inferred from the details provided. Since Axel left the bathroom without any protest or discussion about Anna's actions, and he didn't seem to mind the cucumber being moved, his attitude is neutral. This points to option A. [[A]]",0,,True,rationale_cot_3shot,,1
9bba2d8238d50ca2,35642dec4292603a,356f2402cb7f0153,OpenToM,location-cg,Belief,Location False Beliefs,B,B,"Based on the story provided, Jeremy couldn't help but observe Ethan moving the cucumber to the center of the table. Therefore, from Jeremy's perspective, the cucumber is not in its initial location by the end of the story. The answer is B. [[B]]",1,,True,rationale_cot_3shot,,1
47a48f9fd8430068,6722451d967666bf,3c63f3f547432545,OpenToM,attitude,Emotion/Attitude,Attitude,C,A,"Let's reason step by step: Given the context, Kyle left the garage with a smile on his face, indicating a positive attitude towards Jackson's action. This points to option A. [[A]]",0,,True,rationale_cot_3shot,,1
6b43fbd3cd4b4c74,6ce7e61470a793a8,72f6d48f21772346,OpenToM,location-cg,Belief,Location False Beliefs,B,B,"Based on the story provided, Sadie moved the orange from the suitcase to the fruit storage. Therefore, from Sadie's perspective, the orange is not in its initial location by the end of the story. The correct answer is B. [[B]]",1,,True,rationale_cot_3shot,,1
f7ddfbf4c0ed1248,8bf6058722016ae6,7378c98c4ee45263,OpenToM,location-cg,Belief,Location False Beliefs,A,B,[[B]],0,,True,rationale_cot_3shot,,1
0d5199bf2cd83656,e475e5b505b62da7,15201046505a3012,OpenToM,attitude,Emotion/Attitude,Attitude,B,B,"Let's reason step by step: Given the context, Ayden's reaction to Jonathan's action can be inferred from the story. Since Ayden despises lettuce but Jonathan moved it to a place where Ayden could choose from other vegetables, Ayden's attitude would likely be positive towards Jonathan's action. This points to option B. [[B]]",1,,True,rationale_cot_3shot,,1
0652b211991748ea,dc9376f5e3a6ba87,135a084bd8839ed5,OpenToM,location-cg,Belief,Location False Beliefs,B,B,"Let's reason step by step: According to the story, Brantley moved the pineapple from the closet shelf to the kitchen counter. This means the pineapple was not in its initial location by the end of the story. Therefore, the correct answer is B. [[B]]",1,,True,rationale_cot_3shot,,1
70923e36fb4324b4,a385eec89bba4c38,e3b5f960a5d47617,OpenToM,location-cg,Belief,Location False Beliefs,B,B,[[B]],1,,True,rationale_cot_3shot,,1
8b5422dc4900a865,d1f9b22894f78742,e1860691146c24c2,OpenToM,attitude,Emotion/Attitude,Attitude,C,C,"Let's reason step by step: Given the context, Atticus would likely feel positive about Logan's action because Logan took the initiative to make Atticus' life easier. This shows care and consideration. This points to option C. [[C]]",1,,True,rationale_cot_3shot,,1
827bc2c5791c1c21,1f2d538a11e409c1,ec2e6613d1bb5196,OpenToM,location-cg,Belief,Location False Beliefs,B,B,"Based on the story, the answer is B. [[B]]",1,,True,rationale_cot_3shot,,1
0f06a8300411e387,a8e3eaf8a43e6f54,7b5d2fcd4d528396,OpenToM,attitude,Emotion/Attitude,Attitude,B,B,"Based on the story, Hugo's reaction is described as ""puzzled by her strong distaste for something he adored."" This indicates a negative attitude towards Hazel's action. Therefore, the answer is B. [[B]]",1,,True,rationale_cot_3shot,,1
cb1cdf4d5f0854cf,8746983558a72b59,d68d37afd61ba74f,OpenToM,location-cg,Belief,Location False Beliefs,B,B,[[B]],1,,True,rationale_cot_3shot,,1
0bac0e70270cba2a,85fa271a3b84687d,87d7c22771661f5e,OpenToM,location-cg,Belief,Location False Beliefs,A,B,"Based on the story, Kenneth exits the room immediately upon seeing the pineapple, and he wants nothing to do with it. Therefore, the pineapple is not in its initial location by the end of the story. The correct answer is B. [[B]]",0,,True,rationale_cot_3shot,,1
4429afc2ebc3b8e5,8f1544225c2c04b5,78d5705a1cc675ac,OpenToM,location-cg,Belief,Location False Beliefs,B,B,[[B]],1,,True,rationale_cot_3shot,,1
f2a5c25c3c0ed0e1,71b89c5402ed38ce,a517367b79b1da6e,OpenToM,location-cg,Belief,Location False Beliefs,B,B,"Based on the story provided, Beau's perspective is that Desmond moved the watermelon from its initial location (master bedroom) to the kitchen. Therefore, the correct answer is:

[[B]]",1,,True,rationale_cot_3shot,,1
4fab0a123f9cf5b3,b9593bc60dc868c5,5d5e370961ee100d,OpenToM,location-cg,Belief,Location False Beliefs,B,B,[[B]],1,,True,rationale_cot_3shot,,1
e1c01acbb6519c9c,edd4cb75106a1950,becce94c12546baf,OpenToM,location-cg,Belief,Location False Beliefs,A,B,"Let's reason step by step: From Aria's perspective, she left the kitchen without seeing the belt being moved. This means she did not witness Audrey moving the belt. Therefore, Aria would assume the belt remains in its initial location. This points to option B. [[B]]",0,,True,rationale_cot_3shot,,1
e75dce9610d9c04e,bc06431e8bb4c018,5c31f34980d16864,OpenToM,location-cg,Belief,Location False Beliefs,B,B,"Based on the story, Arianna moved the cabbage to the trash can, so from her perspective, the cabbage is not in its initial location by the end of the story. The answer is B. [[B]]",1,,True,rationale_cot_3shot,,1
a552b46d7c4ca28b,77c91e1e1ce4db0b,6056152176f87591,OpenToM,attitude,Emotion/Attitude,Attitude,A,C,"Based on the story, Maya's reaction is implied to be negative due to her dislike of spinach. Therefore, the answer is C. [[C]]",0,,True,rationale_cot_3shot,,1
8bd2d2dbe27ae7e0,77c374ca08e5b921,16da8b4f50581c2d,OpenToM,location-cg,Belief,Location False Beliefs,A,A,"Based on the story provided, Judah leaves the room before Brooks discards the peach. Therefore, from Judah's perspective, the peach is still in its initial location by the end of the story. The correct answer is:

[[A]]",1,,True,rationale_cot_3shot,,1
5af0307ec5c63c9b,1c4e1867ac62bfcf,1bad8ecfccecb33b,OpenToM,location-cg,Belief,Location False Beliefs,B,B,"Based on the story, Isaac was watching Wyatt move the shoes to a higher shelf. This means Isaac would know that the shoes are not in their initial location by the end of the story. Therefore, the correct answer is B. [[B]]",1,,True,rationale_cot_3shot,,1
eb82826e65b3892b,dbce4b5baccae30f,79b8e22aa3e04dba,OpenToM,location-cg,Belief,Location False Beliefs,B,B,[[B]],1,,True,rationale_cot_3shot,,1
b88f3be6b78d2027,45567ca7d1e5e239,f80fdde6df3288a5,OpenToM,attitude,Emotion/Attitude,Attitude,A,B,"Let's reason step by step: Given the context, Kenneth did not witness Jonathan's action. Since Kenneth doesn't know about Jonathan's move, he would likely remain neutral. This points to option B. [[B]]",0,,True,rationale_cot_3shot,,1
fd82dbaa375c9525,637d53c0494f0225,b40734413a69cb8b,OpenToM,attitude,Emotion/Attitude,Attitude,B,C,"Let's reason step by step: Given the context that Joseph couldn't stand the sight of turnips and he left the room without uttering a word after seeing the turnip in the bathtub, it implies he would be negatively affected by Zane's action. This points to option C. [[C]]",0,,True,rationale_cot_3shot,,1
833a6d5e1b14d2cb,9dea2f09fbdb0e16,49391c4badf44758,OpenToM,location-cg,Belief,Location False Beliefs,B,B,[[B]],1,,True,rationale_cot_3shot,,1
c31253dee4c3667c,8be986e58d90fcf2,e14e56c38c8d4c42,OpenToM,attitude,Emotion/Attitude,Attitude,A,C,"Let's reason step by step: Given the context, Walter's reaction is not explicitly stated, but we can infer from the story that Walter is unaware of Mila's actions. Walter's initial reaction is not provided, but since he is not aware of Mila's actions, his attitude towards her action would be neutral. This points to option C. [[C]]",0,,True,rationale_cot_3shot,,1
e896f0e9cb335c73,27ada5e5f865b6c2,21faf8f0121f873e,OpenToM,attitude,Emotion/Attitude,Attitude,C,C,"Let's reason step by step: Given the context, Kyler finds out about Simon's action after Kyler has already left the front yard. Since Kyler doesn't know about Simon's actions, he would likely have a neutral attitude towards Simon's action. This points to option C. [[C]]",1,,True,rationale_cot_3shot,,1
a9ef35a6d5979ff5,05a0be97420d959f,0376d39e909c0a32,OpenToM,location-cg,Belief,Location False Beliefs,B,B,[[B]],1,,True,rationale_cot_3shot,,1
d982754ec7e7e080,ee57eda00fc22e19,f97c9951b64cfa15,OpenToM,location-cg,Belief,Location False Beliefs,A,B,[[B]],0,,True,rationale_cot_3shot,,1
8933106f7274214d,094af5beb048dc67,0435b6233e202be4,OpenToM,attitude,Emotion/Attitude,Attitude,B,B,"Let's reason step by step: Given the context that Abraham simply loved broccoli and Ivy despised it, and considering Abraham's reaction to Ivy's action, the most likely answer is that he would be negative towards her action. This points to option B. [[B]]",1,,True,rationale_cot_3shot,,1
9699fcea2b2e715d,0228caab7ab5cb12,d0e2c14726a63fb3,OpenToM,attitude,Emotion/Attitude,Attitude,A,C,"Based on the story, Ashton's reaction to Maddox's action would be negative because he left the lounge in mock disgust and was unaware of Maddox's sneaky maneuver. Therefore, the answer is C. [[C]]",0,,True,rationale_cot_3shot,,1
3fac9c212d8afeb2,c8509e41a520ae4a,e3a23704ba96b883,OpenToM,location-cg,Belief,Location False Beliefs,B,B,"Based on the story provided, Finnegan moved the crate of beans to the trash can, so the beans were not in their initial location by the end of the story. The answer is B. [[B]]",1,,True,rationale_cot_3shot,,1
23203bba12ffb010,215d6403cb20b849,8d0372e8811537fd,OpenToM,attitude,Emotion/Attitude,Attitude,C,B,"Let's reason step by step: I track who has access to which information in the story, then check what the relevant character would infer given only what they observed. This points to option B. [[B]]",0,,True,rationale_cot_3shot,,1
db3eec147ed9a787,1440a62eb49a4263,3b50cab4250ada30,OpenToM,location-cg,Belief,Location False Beliefs,B,B,[[B]],1,,True,rationale_cot_3shot,,1
90a2f12dfcd90497,99df0bb443a3c9e5,ef8eabdcc218a748,OpenToM,attitude,Emotion/Attitude,Attitude,C,B,"Let's reason step by step: From the story, we understand that Zachary left the study after seeing the grapes and was unaware of Beckett's actions. He was blissfully unaware of Beckett's actions, indicating his attitude towards Beckett's action was neutral. This points to option B. [[B]]",0,,True,rationale_cot_3shot,,1
40d8a6666c2e60d6,eb7e17f8a95e3d15,14d081dba0dcfcb4,OpenToM,location-cg,Belief,Location False Beliefs,B,B,[[B]],1,,True,rationale_cot_3shot,,1
560262640e933b65,d2a71e09ba5444df,901f781b7765f9b6,OpenToM,attitude,Emotion/Attitude,Attitude,A,B,"Let's reason step by step: Given the context, Lukas's reaction to Liam's action can be inferred from his behavior. Initially, he quickly left without acknowledging the tomato. Later, he re-entered the hallway but did not touch the tomato again. This suggests a neutral attitude. This points to option B. [[B]]",0,,True,rationale_cot_3shot,,1
82e87af22f33f57c,af3f101a0ba40f18,21faf8f0121f873e,OpenToM,location-cg,Belief,Location False Beliefs,A,B,"Based on the story, Kyler left the front yard before Simon moved the strawberry. Therefore, from Kyler's perspective, the strawberry is not in its initial location by the end of the story. The answer is B. [[B]]",0,,True,rationale_cot_3shot,,1
fd72161fd041d0d7,f768ff9f460fa3b5,162eb1b528ea1b7c,OpenToM,location-cg,Belief,Location False Beliefs,A,A,"Based on the story, Seth left the sunroom without knowing about Major's action. Therefore, from Seth's perspective, the socks are still in their initial location by the end of the story. The correct answer is A. [[A]]",1,,True,rationale_cot_3shot,,1
ee35b63712f06a00,6769305588917619,0376d39e909c0a32,OpenToM,location-cg,Belief,Location False Beliefs,A,A,"Based on the story, we can infer that Easton left the playroom before Kyler could move the pear. Therefore, from Easton's perspective, the pear is still in its initial location by the end of the story. The answer is A. [[A]]",1,,True,rationale_cot_3shot,,1
a012a7d26c022ef1,3a24671876f0b398,ce77279b86fec7a1,OpenToM,attitude,Emotion/Attitude,Attitude,A,A,"Let's reason step by step: Given the context, Remington was not present to witness Riley's action. Since he had a fondness for lettuce and Riley moved it, it implies that Remington would likely be neutral about it. This points to option A. [[A]]",1,,True,rationale_cot_3shot,,1
6088ef715afc88fb,397f7da373f4776b,1875530c620a3802,OpenToM,location-cg,Belief,Location False Beliefs,B,B,[[B]],1,,True,rationale_cot_3shot,,1
5ccbebd194bfe757,2d72db1dbfbe3dc3,14d081dba0dcfcb4,OpenToM,location-cg,Belief,Location False Beliefs,B,B,"Based on the story provided, Emiliano initially notices the sweater in the treasure chest. However, since Dylan moved the sweater to the common storage area, from Emiliano's perspective, the correct answer is:

[[B]]",1,,True,rationale_cot_3shot,,1
b0d520f0e6cf3b0c,dff98f7d9ad41015,d73fe6db0999db91,OpenToM,location-cg,Belief,Location False Beliefs,B,B,[[B]],1,,True,rationale_cot_3shot,,1
b564e34457b5e0ad,4295bbcaa28e0a53,101d3ac195fa0dae,OpenToM,attitude,Emotion/Attitude,Attitude,A,C,"Based on the story, Adan's reaction to Gideon's action is that he left the kitchen without knowing what happened. This implies his attitude towards Gideon's action is neutral. [[C]]",0,,True,rationale_cot_3shot,,1
f77d130e9b52a0d6,3a9dd21cdadaf2b4,8c0443b06abb4654,OpenToM,attitude,Emotion/Attitude,Attitude,B,B,"Based on the story, Brady's initial reaction was indifference, but since he left without seeing the scarf, we can assume his current attitude towards Christopher's action is neutral. Therefore, the answer is B. [[B]]",1,,True,rationale_cot_3shot,,1
2f5fa8ef1d8a5d46,12ba7d336a8bf388,2181a8735d0e2b14,OpenToM,attitude,Emotion/Attitude,Attitude,B,A,"Let's reason step by step: Based on the story, Manuel's reaction to Ariana's action is described as ""Manuel silently observed Ariana's actions, unsure of what to make of it."" This indicates a neutral attitude. [[A]]",0,,True,rationale_cot_3shot,,1
0634a364abb41c03,b111ae5a26811454,598e39950a837298,OpenToM,location-cg,Belief,Location False Beliefs,A,B,"Based on the story provided, Eric did not witness Grayson's actions. Therefore, we can assume that the strawberry remains in its initial location by the end of the story. [[B]]",0,,True,rationale_cot_3shot,,1
805487a919623a0c,d7807d4be01833d2,37dbbc5b574c5948,OpenToM,attitude,Emotion/Attitude,Attitude,A,A,"Let's reason step by step: Given the context, Walter's reaction to Atticus's action can be inferred from Walter's fondness for t-shirts and his appreciation of the gesture. This points to option A. [[A]]",1,,True,rationale_cot_3shot,,1
ecbd456f94abf68c,eabdce9d08f53332,c75d9a5c7900f686,OpenToM,location-cg,Belief,Location False Beliefs,B,B,[[B]],1,,True,rationale_cot_3shot,,1
5bd8c561997bdfa9,536b1671c49c1c75,78bf34b0d0cee5c1,OpenToM,attitude,Emotion/Attitude,Attitude,C,C,"Let's reason step by step: Given the context, Madelyn would be surprised and possibly upset that Emmett moved the cherries without her knowledge. This points to option C. [[C]]",1,,True,rationale_cot_3shot,,1
80bd12eae01e5c6d,30ca92c90915527c,0435b6233e202be4,OpenToM,location-cg,Belief,Location False Beliefs,B,B,"Based on the story provided, Ivy removes the broccoli from the box and throws it into the trash can. Therefore, from Ivy's perspective, the broccoli is not in its initial location by the end of the story. The answer is B. [[B]]",1,,True,rationale_cot_3shot,,1
5b7ac8e8a4fffa10,c6bf95150bc2fe13,c657547d7c10b0b8,OpenToM,location-cg,Belief,Location False Beliefs,B,B,"Based on the story provided, Ximena moved the green pepper to the compost bin. Therefore, from Ximena's perspective, the green pepper is not in its initial location by the end of the story. The correct answer is B. [[B]]",1,,True,rationale_cot_3shot,,1
5b6be96cef55321f,ed418d36f6bc621f,58ab56849781428d,OpenToM,location-cg,Belief,Location False Beliefs,A,B,"Based on the story provided, Isabella left the bathroom without the tomato. Therefore, from Isabella's perspective, the tomato is not in its initial location by the end of the story. The correct answer is B. [[B]]",0,,True,rationale_cot_3shot,,1
d8b614b3d22bc0e2,39b8a1b19cb478f1,3e24140f211f37e7,OpenToM,location-cg,Belief,Location False Beliefs,A,B,"Based on the story provided, Luis left the study and did not return to retrieve the coat. Therefore, from Luis's perspective, the coat is not in its initial location by the end of the story. The answer is B. [[B]]",0,,True,rationale_cot_3shot,,1
84ff9c90f36f2fba,734482f143061b2d,cf8411f35aafe146,OpenToM,location-cg,Belief,Location False Beliefs,B,B,"Based on the story, Sadie moved the banana, so from Sadie's perspective, the banana is not in its initial location by the end of the story. The answer is B. [[B]]",1,,True,rationale_cot_3shot,,1
bb2c172911d5a26d,09decda496199492,d8507993183f4de4,OpenToM,location-cg,Belief,Location False Beliefs,B,B,"Based on the story provided, Tatum moved the stockings to the donation center, so from Tatum's perspective, the answer is:

B. No

[[B]]",1,,True,rationale_cot_3shot,,1
d412e67a6577ead4,1e87d69b9ac64f3a,07f6e2d815f94e8a,OpenToM,location-cg,Belief,Location False Beliefs,B,B,[[B]],1,,True,rationale_cot_3shot,,1
23ac655d44023929,8ddb0e8ae993b907,39e372eea69ce4a1,OpenToM,location-cg,Belief,Location False Beliefs,B,B,"Based on the story, Alexander moved the persimmons to the kitchen counter. Therefore, from Alexander's perspective, the persimmons are not in their initial location by the end of the story. The answer is B. [[B]]",1,,True,rationale_cot_3shot,,1
f9c2673b0837c473,f8a4a9ae234d7f2d,1a79867b99752a63,OpenToM,attitude,Emotion/Attitude,Attitude,B,C,"Based on the story, Kennedy's reaction to Antonio's action is not explicitly stated, but since he left the study without investigating further, it can be inferred that he did not disapprove of Antonio's actions. Therefore, the most likely answer is neutral. [[C]]",0,,True,rationale_cot_3shot,,1
303dae918f4aef7d,06eef0e3fada9c5a,7fc8dc93f6ad3213,OpenToM,location-cg,Belief,Location False Beliefs,A,B,"Based on the story, Anderson left the closet without seeing Paxton move the socks to the trash can. Therefore, Anderson would still perceive the socks as being in their initial location. The correct answer is:

[[B]]",0,,True,rationale_cot_3shot,,1
f449b52ab98f1c4f,f6ad10fcc18ba1ce,8e1ab6eeaa4bfe44,OpenToM,attitude,Emotion/Attitude,Attitude,C,B,"Based on the story, Liliana hadn't witnessed Jett's action and she had a strange affection for ties. Therefore, her attitude towards Jett's action would be neutral since she wouldn't know about it. [[B]]",0,,True,rationale_cot_3shot,,1
a2528d6eb495033f,c77ff7792db2e984,9b47a08f3c5c6d47,OpenToM,location-cg,Belief,Location False Beliefs,B,B,[[B]],1,,True,rationale_cot_3shot,,1
292e4a1245d792cd,4c22d54ca42345e6,a39c1ba8fec5537b,OpenToM,location-cg,Belief,Location False Beliefs,B,B,[[B]],1,,True,rationale_cot_3shot,,1
c28267a452b9e0cf,2c0352cdabc19d38,37dbbc5b574c5948,OpenToM,location-cg,Belief,Location False Beliefs,A,B,"Based on the story, Walter's perspective is that the t-shirt is in his wardrobe, which Atticus moved from its initial location. Therefore, the correct answer is:

[[B]]",0,,True,rationale_cot_3shot,,1
49e88eba3f839e8d,63508566c355cd29,1ec3a182ad9302a4,OpenToM,attitude,Emotion/Attitude,Attitude,A,C,"Let's reason step by step: Given the context, Henry left the room before Kade moved the spinach, so he wouldn't have known about Kade's actions. This means Henry's attitude towards Kade's action is neutral since he wasn't aware of it. This points to option C. [[C]]",0,,True,rationale_cot_3shot,,1
ab77da08b0bc4c52,9e0c337ea32ef36b,f1f5dc13b3df4ecd,OpenToM,location-cg,Belief,Location False Beliefs,B,B,"Based on the story provided, Hugo moved the corn from its initial location (the box on the table) to the pantry. Therefore, from Hugo's perspective, the corn is not in its initial location by the end of the story. The answer is B. [[B]]",1,,True,rationale_cot_3shot,,1
b695eb0662023318,21a347a30c718ecb,3208aaf1717b4373,OpenToM,attitude,Emotion/Attitude,Attitude,B,B,"Let's reason step by step: Damon was surprised to find the persimmon, but since he was unaware of Richard's actions, his initial reaction would be neutral. This points to option B. [[B]]",1,,True,rationale_cot_3shot,,1
90cf0f9efdc65284,9f15c01ab963883a,1b5162dc9f0f1eec,OpenToM,attitude,Emotion/Attitude,Attitude,A,A,"Based on the story, Bradley had been silently watching Cristian's actions and had a silent reaction. Since the story doesn't explicitly state Bradley's reaction, we can assume he might be surprised or disappointed. Given the options, the most fitting answer is neutral. [[A]]",1,,True,rationale_cot_3shot,,1
f68b51ad2f7d97f2,6e6f720f2ba14a57,7b8dd26c1f47cd9c,OpenToM,location-cg,Belief,Location False Beliefs,B,B,"Based on the story, Emiliano watches Antonio take the raincoat and store it in a dusty box. This implies the raincoat is not in its initial location by the end of the story. Therefore, the answer is B. [[B]]",1,,True,rationale_cot_3shot,,1
717264cdc59b33bc,866100aba3004a8e,ae5167ff1787d672,OpenToM,location-cg,Belief,Location False Beliefs,B,B,"Based on the story provided, Sophie moved the asparagus from the basket to the center of the table. Therefore, from Sophie's perspective, the asparagus is not in its initial location by the end of the story. The answer is B. [[B]]",1,,True,rationale_cot_3shot,,1
b0fdf2e33bd1ac79,5c3320e1c11f3294,cdc5f70cf6088573,OpenToM,location-cg,Belief,Location False Beliefs,A,B,[[B]],0,,True,rationale_cot_3shot,,1
394b336ae069ca3f,deb4bf0e99560cf9,ab34d02832050858,OpenToM,location-cg,Belief,Location False Beliefs,B,B,"Based on the story, Emilia moved the sweatshirt to her own room. Therefore, from Emilia's perspective, the sweatshirt is not in its initial location by the end of the story. The correct answer is B. [[B]]",1,,True,rationale_cot_3shot,,1
4caf94c6d5e241d4,aeac39509c90e3b7,f502de9238c8682c,OpenToM,attitude,Emotion/Attitude,Attitude,A,C,"Let's reason step by step: Analyzing the story, Emery watches Nathaniel move the tie to a donation box, but there's no clear indication of his attitude. He's simply observing. This points to option C. [[C]]",0,,True,rationale_cot_3shot,,1
009e453bfcbe6179,d97d6316f8427b46,30bc36f4e155d81f,OpenToM,location-cg,Belief,Location False Beliefs,B,B,"Based on the story, Max took all the stockings to a donation center, so from Max's perspective, the answer is:

[[B]]",1,,True,rationale_cot_3shot,,1
3314d98ae24995c2,efc5bdcbb147d6db,20f8d2e6ae34e714,OpenToM,attitude,Emotion/Attitude,Attitude,B,A,"Let's reason step by step: Given the context, Garrett is described as someone who ""couldn't get enough of onions"" and he is unaware of the onion's existence. This implies he would be indifferent or neutral towards Luna's action. This points to option A. [[A]]",0,,True,rationale_cot_3shot,,1
4353f14a12cc500e,d999ae481ab1bcc3,92200c9126771f92,OpenToM,location-cg,Belief,Location False Beliefs,B,B,[[B]],1,,True,rationale_cot_3shot,,1
28df36838e9f0824,bc415425dddc32f9,b40734413a69cb8b,OpenToM,location-cg,Belief,Location False Beliefs,B,A,"Based on the story provided, Zane initially placed the turnip in the dining room table. However, the story states that Joseph was unaware of this action and had already left the room. Therefore, by the end of the story, the turnip is still in the dining room table according to Zane's perspective. 

The answer is A. [[A]]",0,,True,rationale_cot_3shot,,1
80e14d36ad0f90f9,997d73bd7fe1717a,ed5fdf020f365057,OpenToM,location-cg,Belief,Location False Beliefs,B,B,"Based on the story, Braxton's stoic expression and the fact that he did not intervene suggests he might not have wanted the carrots moved. However, the story clearly states that Jude moved the carrot. Therefore, the most logical answer is:

[[B]]",1,,True,rationale_cot_3shot,,1
00118b19b1c1a366,ee8b3d4127304981,c5d034f68fb3da8f,OpenToM,location-cg,Belief,Location False Beliefs,B,B,"Based on the story, Maria couldn't understand why Clara would act so selfishly and Clara had moved the tie to her bedroom closet. Therefore, the tie is not in its initial location by the end of the story. The answer is B. [[B]]",1,,True,rationale_cot_3shot,,1
090b45c70144425d,ec87541241daeb18,edae9e410c883843,OpenToM,attitude,Emotion/Attitude,Attitude,C,A,"Let's reason step by step: Given the context, Kevin's reaction was neutral. He didn't show any emotion, and he was simply watching Luna leave. This points to option A. [[A]]",0,,True,rationale_cot_3shot,,1
e8fbc561e27f0531,132b956e575b869d,81dedd63b0b07a87,OpenToM,location-cg,Belief,Location False Beliefs,B,B,[[B]],1,,True,rationale_cot_3shot,,1
78b3106b4ea6f7c5,a8c1e557480e846d,401437d3de44702d,OpenToM,attitude,Emotion/Attitude,Attitude,C,C,"Based on the story, Walker's reaction indicates a negative attitude towards Leah's action. Therefore, the answer is C. [[C]]",1,,True,rationale_cot_3shot,,1
47cdacac407fdf17,70c36da68c5253d4,fc265e6caa39f273,OpenToM,attitude,Emotion/Attitude,Attitude,B,A,"Let's reason step by step: Given Emmanuel's character and the context provided, Emmanuel's reaction to Elijah's action can be inferred as neutral (A). Emmanuel's face betrayed no emotion, indicating a neutral attitude. [[A]]",0,,True,rationale_cot_3shot,,1
f211365cfd5eea2d,c4f5d06fa8352039,869a50bf2b7eb7b8,OpenToM,location-cg,Belief,Location False Beliefs,B,B,"Based on the story provided, Ruben took the sweater and placed it in a donation bin. Therefore, from Ruben's perspective, the sweater is not in its initial location by the end of the story. The correct answer is B. [[B]]",1,,True,rationale_cot_3shot,,1
3c2ba0dde6d0f636,e0a99e8338b8356a,9733711c4bd3d12f,OpenToM,attitude,Emotion/Attitude,Attitude,B,A,"Given the context that Isaiah despises green pepper and would be horrified by its presence, the correct answer is:

[[A]]",0,,True,rationale_cot_3shot,,1
98ec552d26fdd38c,2fcdcc4d9a9db722,b7575e54e8efbaca,OpenToM,attitude,Emotion/Attitude,Attitude,A,A,"Let's reason step by step: Reed's reaction to Olivia's action can be inferred from the context provided. Reed had no interest in the random trousers and was not interested in wearing them. He left the laundry room without any interaction with the trousers. Given this, Reed would likely feel negative about Olivia's action. This points to option A. [[A]]",1,,True,rationale_cot_3shot,,1
cbf50aac7987dafe,4e0c1d8e7048a65e,be36560e7783be69,OpenToM,location-cg,Belief,Location False Beliefs,B,B,"Based on the story provided, Payton moves the pineapple to the trash can, so from Payton's perspective, the pineapple is not in its initial location by the end of the story. The answer is B. [[B]]",1,,True,rationale_cot_3shot,,1
269344fa67b4883d,f63d91b0b2b12251,d9055b8cb6aa47f2,OpenToM,location-cg,Belief,Location False Beliefs,A,A,"Based on the story, Athena didn't know where the slacks were moved. Therefore, from Athena's perspective, the slacks are still in their initial location. The correct answer is A. [[A]]",1,,True,rationale_cot_3shot,,1
e522b6942f622c74,2a2278cadc354915,d6bed3185af6437d,OpenToM,attitude,Emotion/Attitude,Attitude,C,C,"Let's reason step by step: Calvin's initial reaction and attitude towards Jude's action can be inferred from the story. Calvin shared the same sentiment as Jude about ties and saw no need for them. Calvin's actions show he is not bothered by the tie, and he left the garage without it. This indicates his attitude towards Jude's action. This points to option C. [[C]]",1,,True,rationale_cot_3shot,,1
8c0ea70de52b164d,0a8fb73a87f39c9e,4b259bd0c14e6e88,OpenToM,location-cg,Belief,Location False Beliefs,B,B,"Based on the story provided, Marshall hid the stockings in a locked storage box, so they are not in their initial location. The correct answer is B. [[B]]",1,,True,rationale_cot_3shot,,1
fd1348489355f5b8,835492631d50d5ef,ffe3b2473766190f,OpenToM,location-cg,Belief,Location False Beliefs,B,B,[[B]],1,,True,rationale_cot_3shot,,1
9fee1b8cdd284c57,0b5f73011735ba5e,d12db53c58db040a,OpenToM,attitude,Emotion/Attitude,Attitude,B,C,"Let's reason step by step: Given the context, Claire's reaction to Abraham's action can be inferred from the story. Abraham mistakenly thought Claire liked belts, so he moved the belt to the trash bin. Since Claire didn't like belts and was watching him do this, she would likely be upset or annoyed. This points to option C. [[C]]",0,,True,rationale_cot_3shot,,1
dc7a04932a769b4b,e1fdc548c71eec9a,492bb509a76dbbe1,OpenToM,location-cg,Belief,Location False Beliefs,B,B,"Based on the story provided, Caiden had been watching Tanner's every move and was aware of his actions. Since Tanner moved the underclothes to the trash bin, from Caiden's perspective, the underclothes are not in its initial location by the end of the story. Therefore, the answer is B. [[B]]",1,,True,rationale_cot_3shot,,1
ae67b446c184da4c,1a6c61dd45ecdb01,e289a1f05f9bc33c,OpenToM,attitude,Emotion/Attitude,Attitude,A,A,Let's reason step by step: I track Emilia's reaction and attitude towards Marcus's action. This points to option A. [[A]],1,,True,rationale_cot_3shot,,1
f826c17e424f0a2c,cdcb9c0afb3b95a1,8b4704e64854c22f,OpenToM,location-cg,Belief,Location False Beliefs,B,B,"Based on the story, Alexis had been watching Mason move the shirt to the trash can. This implies she knows the shirt is no longer in its initial location. Therefore, the correct answer is:

[[B]]",1,,True,rationale_cot_3shot,,1
b2ca1ea570e35d51,9ee381c5dfdf6d6b,a3e6cccd6f3d410e,OpenToM,attitude,Emotion/Attitude,Attitude,C,A,"Based on the story, Daniel's reaction was not mentioned directly, but we can infer from the context that he left without saying anything, indicating he didn't react positively. This points to option A. [[A]]",0,,True,rationale_cot_3shot,,1
b9dd1c99015f72df,eb2a6cd1356d7b0f,d934fdfab3658015,OpenToM,location-cg,Belief,Location False Beliefs,B,B,[[B]],1,,True,rationale_cot_3shot,,1
afe4fa6eb3ee6112,f32383d166393fc7,c197ad5a7bfb9c35,OpenToM,location-cg,Belief,Location False Beliefs,B,B,"Based on the story provided, Benjamin hid the lime in his pocket, so from Benjamin's perspective, the lime is not in its initial location by the end of the story. Therefore, the answer is B. [[B]]",1,,True,rationale_cot_3shot,,1
af00755810098304,859dbf2311f7f31c,76c4dffff6bf3236,OpenToM,location-cg,Belief,Location False Beliefs,A,B,"Based on the story, Peyton left the garage before Alejandro moved the broccoli. Therefore, from Peyton's perspective, the broccoli is not in its initial location by the end of the story. The answer is B. [[B]]",0,,True,rationale_cot_3shot,,1
26f8cf5bc3ed6d27,e59e1f256cc1749a,0435b6233e202be4,OpenToM,location-cg,Belief,Location False Beliefs,B,B,"Based on the story, Abraham was delighted to find the broccoli and he didn't want it to be removed. Therefore, the broccoli would remain in its initial location. The answer is B. [[B]]",1,,True,rationale_cot_3shot,,1
ba5aff8d64197033,a32fe6cca9bb00b8,9dc13e980759cfd6,OpenToM,attitude,Emotion/Attitude,Attitude,A,A,"Let's reason step by step: Given the context, Russell sees Richard's action as selfish and unkind. This indicates a negative attitude. [[A]]",1,,True,rationale_cot_3shot,,1
daadb15afc41f432,de6e31e753accdec,bde9687a10e0c777,OpenToM,attitude,Emotion/Attitude,Attitude,B,C,"Based on the story, Karter's reaction to Xavier's action is clearly described as ""Karter, however, quickly exited the front yard, not giving the spinach a second glance."" This indicates a negative attitude. Therefore, the correct answer is C. [[C]]",0,,True,rationale_cot_3shot,,1
725df7676f7bd94a,89e74174f446dbfb,f199502d2636a3f2,OpenToM,attitude,Emotion/Attitude,Attitude,A,C,"Let's reason step by step: I track Luna's reaction to Israel's action. Luna stands silently and says nothing, indicating a neutral attitude. This points to option C. [[C]]",0,,True,rationale_cot_3shot,,1
92ecef34c078ecfc,9d07aa1753f29a59,2c90b8f996b16e45,OpenToM,location-cg,Belief,Location False Beliefs,B,B,"Based on the story provided, Johnny took the coat and deposited it in a donation bin. Therefore, from Johnny's perspective, the coat is not in its initial location. The correct answer is B. [[B]]",1,,True,rationale_cot_3shot,,1
b549a2a5c9db5bde,e9aaf5cc31b2bde0,08a6d7c84bed92ec,OpenToM,location-cg,Belief,Location False Beliefs,B,B,"Based on the story, Julius moved the sweet potatoes to Mario's plate. Therefore, from Julius's perspective, the sweet potatoes are not in their initial location by the end of the story. The correct answer is B. [[B]]",1,,True,rationale_cot_3shot,,1
a8f4309d10d20c3b,ca7803b243ac7ef0,7e0c1f4994356d58,OpenToM,location-cg,Belief,Location False Beliefs,B,B,"Based on the story provided, Brady reaches into the treasure chest, grabs the radish, and moves it to the nearby trash bin. Therefore, from Brady's perspective, the radish is not in its initial location by the end of the story. The correct answer is B. [[B]]",1,,True,rationale_cot_3shot,,1
9655aa822df13338,faabfbe7d1a2bf22,19a1fc0daf1421af,OpenToM,location-cg,Belief,Location False Beliefs,B,B,[[B]],1,,True,rationale_cot_3shot,,1
5480b2a64f9847aa,81bfa02818802f8f,1875530c620a3802,OpenToM,attitude,Emotion/Attitude,Attitude,C,C,"Let's reason step by step: Given the context, Bryan's reaction is influenced by Zion's behavior. Since Zion moved the strawberry to the trash bin, Bryan's reaction would be negative due to his dislike of the fruit. This points to option C. [[C]]",1,,True,rationale_cot_3shot,,1
ae2181ee3a5d3e8b,0aedcc668e400122,6e21054ca7567d82,OpenToM,location-cg,Belief,Location False Beliefs,B,B,"Based on the story, Brooks saw Brantley discard the belt in the trash bin, so the belt is not in its initial location by the end of the story. The answer is B. [[B]]",1,,True,rationale_cot_3shot,,1
78b2482e8b02a35d,9aef27195905afdb,03f6d502cb25945c,OpenToM,location-cg,Belief,Location False Beliefs,B,B,"Based on the story, Sophie moved the cherry from the bucket to Chloe's favorite dessert plate. Therefore, from Sophie's perspective, the cherry is not in its initial location by the end of the story. The correct answer is B. [[B]]",1,,True,rationale_cot_3shot,,1
2a9fb89751b372e3,c93bfb386ccca1d4,0dbb8cbd8258296c,OpenToM,location-cg,Belief,Location False Beliefs,B,B,[[B]],1,,True,rationale_cot_3shot,,1
11513412ead5319b,98baaeeb606d0814,d9097113e5ac8490,OpenToM,location-cg,Belief,Location False Beliefs,A,B,"Based on the story provided, Harrison left the room after seeing the persimmon in the cupboard. Cyrus moved the persimmon from the cupboard to the table, so from Harrison's perspective, the persimmon is not in its initial location by the end of the story. Therefore, the answer is B. [[B]]",0,,True,rationale_cot_3shot,,1
97ac7d3859bacaf1,d163ce7e37a382e9,4ab9308f4936b84c,OpenToM,location-cg,Belief,Location False Beliefs,B,B,[[B]],1,,True,rationale_cot_3shot,,1
b2509fec8b32c7f8,5f06c3e1714c1c16,0909cfb03df3babc,OpenToM,attitude,Emotion/Attitude,Attitude,B,C,"Let's reason step by step: Given the context, Aidan's reaction to Raymond's action can be inferred from the story. Since Aidan found the sight of cabbage repulsive and left the cellar without seeing Raymond's actions, he would likely have a negative attitude towards Raymond's action. This points to option C. [[C]]",0,,True,rationale_cot_3shot,,1
20feabffd80a451a,de6f97d423b4b895,9bd900fbe8342033,OpenToM,location-cg,Belief,Location False Beliefs,B,B,"Based on the story, Tucker moved the pants to a pile designated for donations. Therefore, from Tucker's perspective, the pants are not in their initial location. The answer is B. [[B]]",1,,True,rationale_cot_3shot,,1
e23411ed0e91099c,6077520a37e9d19c,901f781b7765f9b6,OpenToM,location-cg,Belief,Location False Beliefs,B,B,[[B]],1,,True,rationale_cot_3shot,,1
7f089aca6c87a3f3,d661531bf1830add,7c5935bc0953e7c2,OpenToM,location-cg,Belief,Location False Beliefs,A,B,"Based on the story, Javier quickly turned around and left the kitchen upon noticing the plum. Luis moved the plum to the dining table, so from Javier's perspective, the plum is not in its initial location by the end of the story. The answer is B. [[B]]",0,,True,rationale_cot_3shot,,1
ff4d18cd0b64829c,b8b834d2d400029b,1734f9c55438e564,OpenToM,location-cg,Belief,Location False Beliefs,A,B,"Based on the story, Elias left the basement without the turnip, so from Elias's perspective, the turnip is not in its initial location by the end of the story. The correct answer is B. [[B]]",0,,True,rationale_cot_3shot,,1
71c43886454950a4,0cca9b0aacfff78f,2daa8e132b446ad8,OpenToM,location-cg,Belief,Location False Beliefs,B,B,[[B]],1,,True,rationale_cot_3shot,,1
f8af6c860dd04a07,65bb16f27b3129b9,cff0548a8777ee29,OpenToM,attitude,Emotion/Attitude,Attitude,A,A,"Given the context that Lillian left the front yard without the sweet potato and was unaware of Landon's actions, her attitude towards Landon's action would be negative due to the fact that he moved the sweet potato without her knowledge. 

The correct answer is: [[A]]",1,,True,rationale_cot_3shot,,1
bb40244d679cb570,eb90d5b6a4e4bb6b,e7fc0bb115325542,OpenToM,attitude,Emotion/Attitude,Attitude,A,A,"Let's reason step by step: I track who has access to which information in the story, then check what the relevant character would infer given only what they observed. This points to option A. [[A]]",1,,True,rationale_cot_3shot,,1
c2be12abc9cb0528,11bd0893034d9dc0,24e1bf97fb560c53,OpenToM,location-cg,Belief,Location False Beliefs,B,B,[[B]],1,,True,rationale_cot_3shot,,1
50835d309193b467,3b8d76bc6baf111f,03e2bc0fa2f900ea,OpenToM,location-cg,Belief,Location False Beliefs,B,B,[[B]],1,,True,rationale_cot_3shot,,1
8bf4f55cd4cad7c5,cee394fa45a5703c,5eb85e774daf85d0,OpenToM,location-cg,Belief,Location False Beliefs,B,B,"Based on the story provided, Alexander had been silently observing Angel moving the lettuce from the bathtub to the trash can. Therefore, from Alexander's perspective, the lettuce is not in its initial location by the end of the story. The answer is B. [[B]]",1,,True,rationale_cot_3shot,,1
975635157b094504,5487954b8b221c17,610a67aa1dea593e,OpenToM,location-cg,Belief,Location False Beliefs,B,B,"Based on the story provided, Angelo moved the belt from the closet to the home entrance. Therefore, from Angelo's perspective, the belt is not in its initial location by the end of the story. The correct answer is B. [[B]]",1,,True,rationale_cot_3shot,,1
d4cba28052cb0546,997515fefabb9778,12f52832071ea932,OpenToM,location-cg,Belief,Location False Beliefs,B,B,"Based on the story provided, Robert watches Claire move the crate of watermelon to the outdoor patio table. Therefore, from Robert's perspective, the watermelon is not in its initial location by the end of the story. The answer is B. [[B]]",1,,True,rationale_cot_3shot,,1
9234c91ea59e37b1,1658733a97f10a1a,3369fe579c21baab,OpenToM,location-cg,Belief,Location False Beliefs,A,B,"Based on the story provided, Nora left the laundry room and did not witness Spencer moving the jacket to the coat closet. Therefore, from Nora's perspective, the jacket is not in its initial location by the end of the story. The answer is B. [[B]]",0,,True,rationale_cot_3shot,,1
aba1ffa4945ce3bd,d780cee5e1c3bd6a,da48dce6f80a7f4f,OpenToM,location-cg,Belief,Location False Beliefs,B,B,"Based on the story provided, King witnesses Asher taking the pajamas and making his way to his own bedroom. This implies the pajamas are not in their initial location by the end of the story. Therefore, the answer is B. [[B]]",1,,True,rationale_cot_3shot,,1
454bf743fee4da74,cac097428e5a5e98,0aab5a5e0ba3a2a3,OpenToM,location-cg,Belief,Location False Beliefs,A,B,"Based on the story, Reed exits the crawlspace immediately after noticing the socks, without seeing Ariana move them. Therefore, from Reed's perspective, the socks are still in their initial location. The correct answer is:

[[B]]",0,,True,rationale_cot_3shot,,1
6e5b23a59b5cc816,3fa58cd46ae43feb,89f73aa139137740,OpenToM,location-cg,Belief,Location False Beliefs,B,B,[[B]],1,,True,rationale_cot_3shot,,1
71d574029f6caf80,099a2eac563ec866,e6de775da4937ccd,OpenToM,location-cg,Belief,Location False Beliefs,B,B,"Based on the story, Fabian witnesses Peyton moving the cap to a neighbor's house. Therefore, from Fabian's perspective, the cap is not in its initial location. The correct answer is B. [[B]]",1,,True,rationale_cot_3shot,,1
6188cf5f76ae5a7a,dc15c2a49cad13f7,8d61ac5ca82bb8de,OpenToM,location-cg,Belief,Location False Beliefs,B,B,"Let's reason step by step: According to the story, Jax moved the cabbage from the box to the garbage bin. Therefore, the cabbage is not in its initial location by the end of the story. The answer is B. [[B]]",1,,True,rationale_cot_3shot,,1
4242019c7f21336e,3dd32fa9876b894d,03f6d502cb25945c,OpenToM,attitude,Emotion/Attitude,Attitude,C,C,"Let's reason step by step: I track the character's perspective and their reaction to Sophie's action. Given the context, Chloe would be surprised and pleased by Sophie's thoughtful gesture. This points to option C. [[C]]",1,,True,rationale_cot_3shot,,1
ab93481411229311,44075cf0172779f0,ce1106197e412e59,OpenToM,location-cg,Belief,Location False Beliefs,A,A,"Based on the story provided, we can infer that James left the basement without seeing Preston move the bananas. Therefore, from James's perspective, the bananas are still in their initial location. The correct answer is:

[[A]]",1,,True,rationale_cot_3shot,,1
dfdd75381e0ad2b3,b87e16ca67734da0,a935d1742c3dda04,OpenToM,location-cg,Belief,Location False Beliefs,B,B,[[B]],1,,True,rationale_cot_3shot,,1
d17977f61c3f1381,a38a7f2eb2e689b7,035a73e2c137f0ad,OpenToM,attitude,Emotion/Attitude,Attitude,C,B,"Based on the story, Jayden left the garden without knowing about Jeremy's action. Since Jayden was unaware of Jeremy's move, he wouldn't have an attitude towards it. This points to option B. [[B]]",0,,True,rationale_cot_3shot,,1
957ac039fcc7ad42,e12dd6d1f07ea3f7,95d740d6fab832f1,OpenToM,location-cg,Belief,Location False Beliefs,B,B,[[B]],1,,True,rationale_cot_3shot,,1
b361c6f7c03f6c92,da37df7ffc049839,4df411d0a8b7de69,OpenToM,location-cg,Belief,Location False Beliefs,B,B,[[B]],1,,True,rationale_cot_3shot,,1
ec6f3f5d7e8e2b84,d37ea654b465ea4c,4d2c68edf75e77d9,OpenToM,attitude,Emotion/Attitude,Attitude,C,C,"Let's reason step by step: Given the context, Levi did not witness Grady's action and since he left without any indication of disapproval, we can assume his attitude. This points to option C. [[C]]",1,,True,rationale_cot_3shot,,1
fc2d91e079c6bc0a,8aa188948e0072e3,d14dd6462b5316e2,OpenToM,location-cg,Belief,Location False Beliefs,A,B,"Based on the story, Aubrey quickly exits the porch before Liam can move the pajamas. This means from Aubrey's perspective, the pajamas are not in their initial location by the end of the story. Therefore, the answer is B. [[B]]",0,,True,rationale_cot_3shot,,1
b576606be5446489,c086d7ef3c7d41dd,0c33d925687cffaa,OpenToM,location-cg,Belief,Location False Beliefs,A,B,"Based on the story provided, we can infer that Cesar left the room without seeing Edwin move the stockings. Therefore, the stockings would still be in their initial location by the end of the story. The answer is B. [[B]]",0,,True,rationale_cot_3shot,,1
b34690d917ad011f,5f5035816e8d1504,0c33d925687cffaa,OpenToM,attitude,Emotion/Attitude,Attitude,A,B,"Let's reason step by step: Given the context, Cesar left the room without seeing Edwin's actions, and since there's no indication of any negative reaction, and considering the context of friendship, the most likely answer is neutral. [[B]]",0,,True,rationale_cot_3shot,,1
42b05c096077bfb2,8bdc24b851b9914d,3072d3550d46b197,OpenToM,location-cg,Belief,Location False Beliefs,A,B,"Based on the story provided, we can conclude that the underclothes are not in their initial location by the end of the story. This is because Nolan moved them to his bedroom drawer. Therefore, the correct answer is:

[[B]]",0,,True,rationale_cot_3shot,,1
7531e85c9c114d38,882b90341ea7b407,a935d1742c3dda04,OpenToM,location-cg,Belief,Location False Beliefs,B,B,"Based on the story, Adrian saw Owen moving the cabbage to the fridge, so from Adrian's perspective, the cabbage is not in its initial location. Therefore, the answer is B. [[B]]",1,,True,rationale_cot_3shot,,1
ef6f2aed403da040,2b71d216b66a825a,68d2df8d7c77bd62,OpenToM,location-cg,Belief,Location False Beliefs,B,B,[[B]],1,,True,rationale_cot_3shot,,1
c604039ae8d23a31,833848347ecb1853,9930d485c3833f5a,OpenToM,location-cg,Belief,Location False Beliefs,B,B,"Based on the story provided, Aaron is silently watching Bella move the coat to the trash can. This implies that by the end of the story, the coat is in the trash can, not in its initial location. Therefore, the answer is B. [[B]]",1,,True,rationale_cot_3shot,,1
9c12f1e2d94751ba,cd6a82382ab93dff,d12db53c58db040a,OpenToM,location-cg,Belief,Location False Beliefs,B,B,"Based on the story provided, Abraham moved the belt to the trash bin. Therefore, from Abraham's perspective, the belt is not in its initial location by the end of the story. The correct answer is B. [[B]]",1,,True,rationale_cot_3shot,,1
33a202137429b3ac,554fbb64f30076da,07904b9b47d951bc,OpenToM,location-cg,Belief,Location False Beliefs,B,B,"Based on the story, Levi was quietly observing Carter moving the persimmon to the compost bin. This implies that Levi knew the persimmon was moved. Therefore, the persimmon was not in its initial location by the end of the story from Levi's perspective. The answer is B. [[B]]",1,,True,rationale_cot_3shot,,1
cd15bc47b0a3898d,bd8ab775b8eec166,17b1961f163d2b98,OpenToM,location-cg,Belief,Location False Beliefs,B,B,[[B]],1,,True,rationale_cot_3shot,,1
028c365a65c3f05c,b951029e85136f68,f6015d00fd8fe193,OpenToM,location-cg,Belief,Location False Beliefs,B,B,[[B]],1,,True,rationale_cot_3shot,,1
b02e4baf18755d4b,6ca0a61a4c33b066,0acbb13c0a5fffbc,OpenToM,location-cg,Belief,Location False Beliefs,A,B,"Based on the story provided, John left the cellar without a second glance, and Savannah moved the potato to the pantry. Since John didn't witness Savannah's actions, the potato ended up in the pantry according to John's perspective. Therefore, the answer is:

[[B]]",0,,True,rationale_cot_3shot,,1
b709a48294849d0f,2ab1d4984221d6bd,aed0e9cc091d5361,OpenToM,location-cg,Belief,Location False Beliefs,A,B,"Based on the story, we can conclude that Richard left the back yard and headed towards the master bedroom, so the hat is no longer in its initial location. Therefore, the correct answer is B. [[B]]",0,,True,rationale_cot_3shot,,1
94697185046a2e88,bef81596184b03cf,197671324befd5cd,OpenToM,location-cg,Belief,Location False Beliefs,B,B,[[B]],1,,True,rationale_cot_3shot,,1
cba99c082c40378f,08891f2187608cf8,7fc8dc93f6ad3213,OpenToM,attitude,Emotion/Attitude,Attitude,A,C,"Let's reason step by step: Given the context, Anderson's reaction to Paxton's action is based on the information provided, which states that Anderson was unaware of the socks' relocation. This implies a neutral attitude. [[C]]",0,,True,rationale_cot_3shot,,1
b5044455b0eaf031,fc815fc09d83adba,90a604ebef19cc00,OpenToM,location-cg,Belief,Location False Beliefs,A,B,"Based on the story, Paxton moves the pajamas to the garbage can, so from his perspective, the pajamas are not in their initial location by the end of the story. The correct answer is B. [[B]]",0,,True,rationale_cot_3shot,,1
fb270e066da34aac,2a11d0a198ac1077,4ec22d4dfb6be5bd,OpenToM,location-cg,Belief,Location False Beliefs,B,B,"Based on the story provided, Kaleb witnesses Reid moving the shirt to a recycling bin. Therefore, from Kaleb's perspective, the shirt is not in its initial location. The answer is B. [[B]]",1,,True,rationale_cot_3shot,,1
83915532dd82eac4,9a88f890e22f4cf2,c2ec701ffe9f9ca9,OpenToM,location-cg,Belief,Location False Beliefs,A,B,"Based on the story provided, Beckett exits the room and leaves the sweet potato out. Therefore, from Beckett's perspective, the sweet potato is not in its initial location by the end of the story. The correct answer is B. [[B]]",0,,True,rationale_cot_3shot,,1
45f02749f895be7b,3ffaa6b54a84db8c,3a0efd3c91f43d96,OpenToM,attitude,Emotion/Attitude,Attitude,A,C,"Let's reason step by step: I track the characters' attitudes and actions in the story. Ezekiel's reaction to Ezra's action is crucial. Given that Ezekiel finds belts uncomfortable and unnecessary, and he dislikes them, his reaction to Ezra moving the belt to his own wardrobe would be negative. This points to option C. [[C]]",0,,True,rationale_cot_3shot,,1
902cf381d1245add,83e13ae32ea4d085,c7c8425bc1181996,OpenToM,location-cg,Belief,Location False Beliefs,A,B,"Based on the story provided, Ashton left the hallway and headed towards the master bedroom, taking the jacket with him. Therefore, from Ashton's perspective, the jacket is not in its initial location by the end of the story. The correct answer is B. [[B]]",0,,True,rationale_cot_3shot,,1
3a98db4e2eeef5c3,82b8f9b52be87496,017e5cc2122af34f,OpenToM,location-cg,Belief,Location False Beliefs,B,B,[[B]],1,,True,rationale_cot_3shot,,1
f7be23df1d9c6fe6,a1c2fcde302107d4,005059a2cc5b0fa3,OpenToM,location-cg,Belief,Location False Beliefs,B,B,[[B]],1,,True,rationale_cot_3shot,,1
4863dc43977b8c49,59e4437b49d9e618,2af3557c82395248,OpenToM,location-cg,Belief,Location False Beliefs,B,B,[[B]],1,,True,rationale_cot_3shot,,1
a5d2b51df95894d3,9f0192461b93bd87,c9015b266797c7ae,OpenToM,attitude,Emotion/Attitude,Attitude,A,A,"Given the context provided, Amir's reaction to Diego's action can be inferred as positive because he watches curiously and does not express disapproval. This indicates that Amir appreciates Diego's action. [[A]]",1,,True,rationale_cot_3shot,,1
2d3a03d8bb47037f,7797e6128db4a1e6,e63f0256ef22dfc0,OpenToM,location-cg,Belief,Location False Beliefs,B,B,[[B]],1,,True,rationale_cot_3shot,,1
ada58a854830de81,76eaceed48336deb,87763daae240a423,OpenToM,attitude,Emotion/Attitude,Attitude,A,A,"Let's reason step by step: I track Benjamin's perspective in the story. Benjamin was initially surprised and puzzled by Theodore's actions, but since the story ends with Benjamin being left perplexed, it suggests a negative reaction. This points to option A. [[A]]",1,,True,rationale_cot_3shot,,1
4e8dcdf475094c3f,f58af5cb35f18968,51009dd9eee44551,OpenToM,location-cg,Belief,Location False Beliefs,B,B,[[B]],1,,True,rationale_cot_3shot,,1
0ae19661b421804b,c2ea99461ba82262,8e34015a2ee36a5c,OpenToM,location-cg,Belief,Location False Beliefs,A,B,"Based on the story, Axel left the kitchen, and Lorenzo moved the eggplant to a different shelf. This means from Axel's perspective, the eggplant is not in its initial location. Therefore, the answer is B. [[B]]",0,,True,rationale_cot_3shot,,1
26e028967890c7c1,ed84605fb0607923,fb3f37ddd315169e,OpenToM,location-cg,Belief,Location False Beliefs,A,B,"Based on the story provided, Cayden moves away from the celery and puts it in the attic. Therefore, from Cayden's perspective, the celery is not in its initial location by the end of the story. The correct answer is B. [[B]]",0,,True,rationale_cot_3shot,,1
b532a54ad6252a72,eb4eabb933cca372,b838cc15c14a75a9,OpenToM,location-cg,Belief,Location False Beliefs,B,B,"Based on the story, Jason was watching Adrian move the stockings to the living room rack. This means the stockings were not in their initial location by the end of the story. Therefore, the answer is B. [[B]]",1,,True,rationale_cot_3shot,,1
8b7cace47c8329bd,f40b4d063cba51f8,f4885422b20bd492,OpenToM,location-cg,Belief,Location False Beliefs,B,B,"Based on the story provided, Joshua moved the sweet potatoes to his own pantry. Therefore, from Joshua's perspective, the sweet potatoes are not in their initial location by the end of the story. The correct answer is:

[[B]]",1,,True,rationale_cot_3shot,,1
9dc8e5095b27a34f,0934980475105ee0,b7575e54e8efbaca,OpenToM,location-cg,Belief,Location False Beliefs,A,B,"Let's reason step by step: Reed left the laundry room, completely unaware of Olivia's action. This means the trousers were still in the bucket by Reed's perspective. This points to option B. [[B]]",0,,True,rationale_cot_3shot,,1
59b1529f43263c45,2927373f4662686d,c657547d7c10b0b8,OpenToM,location-cg,Belief,Location False Beliefs,A,B,"Based on the story, Weston exited the closet to fetch ingredients, so the green pepper was not in its initial location by the end of the story. Therefore, the answer is B. [[B]]",0,,True,rationale_cot_3shot,,1
f34e083ce95ae3e5,6386fb10fe55df2e,f502de9238c8682c,OpenToM,location-cg,Belief,Location False Beliefs,B,B,"Based on the story, Emery watched Nathaniel move the tie to a donation box. Therefore, from Emery's perspective, the tie is not in its initial location. The correct answer is B. [[B]]",1,,True,rationale_cot_3shot,,1
44c3583c1ebb44c3,0df7905726dfd331,da48dce6f80a7f4f,OpenToM,location-cg,Belief,Location False Beliefs,B,B,"Based on the story provided, Asher took the basket of pajamas and moved it to his own bedroom. Therefore, from Asher's perspective, the pajamas are not in their initial location by the end of the story. The answer is B. [[B]]",1,,True,rationale_cot_3shot,,1
580883e88c78fc8c,8ddd41b878336e8f,44f1ba074dbf6cff,OpenToM,location-cg,Belief,Location False Beliefs,A,B,"Based on the story provided, we can infer that Amari left the office with the t-shirt, and Allison moved it to the trash can. Therefore, from Amari's perspective, the t-shirt is not in its initial location by the end of the story. The answer is B. [[B]]",0,,True,rationale_cot_3shot,,1
7a09403bef4dba8b,3b6173881b34b323,ef66bcc8ca6ac99b,OpenToM,attitude,Emotion/Attitude,Attitude,A,A,"Let's reason step by step: Given the context, Jake would be positively affected by Eli's thoughtful action. This points to option A. [[A]]",1,,True,rationale_cot_3shot,,1
c421662eabdcdea8,1e3e57217acdad12,d934fdfab3658015,OpenToM,attitude,Emotion/Attitude,Attitude,A,A,"Based on the story, George's reaction shows understanding and admiration for Joseph's resolve. Therefore, the most appropriate answer is:

[[A]]",1,,True,rationale_cot_3shot,,1
9297d06fa3a9fcb4,e9f14a630f5a805b,94b254d746bfe9da,OpenToM,attitude,Emotion/Attitude,Attitude,B,C,"Based on the story, Hunter's reaction to Paul's action can be inferred as negative because he left the room before Paul's actions and the story mentions that Hunter despises pants. Therefore, the answer is C. [[C]]",0,,True,rationale_cot_3shot,,1
2dcde89a9c2fc5d9,e3e906eee350fb07,aa7d0147b37bb2c3,OpenToM,location-cg,Belief,Location False Beliefs,B,B,"Based on the story, Arianna witnesses Gabriella taking the orange and moving it to her own refrigerator. This implies the orange is not in its initial location by the end of the story. Therefore, the answer is B. [[B]]",1,,True,rationale_cot_3shot,,1
0d13051b65b5a57d,ac82888db6c2ac4a,a4923d94ceaa3af3,OpenToM,location-cg,Belief,Location False Beliefs,B,B,"Based on the story provided, Raelynn moved the crate of sweet potatoes to the center of the table. Therefore, from Raelynn's perspective, the sweet potatoes are not in their initial location by the end of the story. The correct answer is B. [[B]]",1,,True,rationale_cot_3shot,,1
1f0c21f6c4eecf3d,e673137b712e08d2,81dedd63b0b07a87,OpenToM,location-cg,Belief,Location False Beliefs,B,B,[[B]],1,,True,rationale_cot_3shot,,1
0b34c232bca8c5e2,9d1293d8317d784c,a0e9c0279c5dcfee,OpenToM,location-cg,Belief,Location False Beliefs,B,B,"Based on the story, Cesar moved the persimmons to the compost bin. Therefore, from Cesar's perspective, the persimmon is not in its initial location by the end of the story. The answer is B. [[B]]",1,,True,rationale_cot_3shot,,1
460892c6ca88e009,2e5c7c3dc72236a3,29917930cc7ff042,OpenToM,location-cg,Belief,Location False Beliefs,B,B,[[B]],1,,True,rationale_cot_3shot,,1
f7c60894d6939f33,849a7f87593a31c6,3f8487bace10b89b,OpenToM,location-cg,Belief,Location False Beliefs,B,B,[[B]],1,,True,rationale_cot_3shot,,1
78106ac7c97b40f5,7bfe56e7239613fd,bf6dbf8481b505e1,OpenToM,location-cg,Belief,Location False Beliefs,B,B,"Based on the story provided, Jax initially finds the pumpkin in the bathtub. Jasper then moves the pumpkin to the dining table. Since the question asks from Jax's perspective, we consider the situation as seen by Jax. Therefore, the answer is B. [[B]]",1,,True,rationale_cot_3shot,,1
ed25623e5f1fcd61,a181e5b7498e741e,529029836dd9595c,OpenToM,location-cg,Belief,Location False Beliefs,B,B,"Based on the story provided, Madelyn moved the underclothes to the trash bin, so from her perspective, the underclothes are not in their initial location by the end of the story. The correct answer is:

[[B]]",1,,True,rationale_cot_3shot,,1
25af66bc8c9ec091,6308793a3b509f84,aa843351a413fa54,OpenToM,location-cg,Belief,Location False Beliefs,A,A,"Based on the story provided, we can infer that Camden did not witness Donovan moving the persimmon. Therefore, from Camden's perspective, the persimmon remains in its initial location. The answer is A. [[A]]",1,,True,rationale_cot_3shot,,1
937d0e9fb110c304,976547afeec444d9,974714a00bb273b4,OpenToM,location-cg,Belief,Location False Beliefs,B,B,"Based on the story provided, the correct answer is B. [[B]]",1,,True,rationale_cot_3shot,,1
90383d6f4e4eb218,750a29833a5f802d,ac0c82cd252d7385,OpenToM,attitude,Emotion/Attitude,Attitude,C,A,"Let's reason step by step: Given Isabella's character and her initial reaction, we can infer that she would likely feel positive towards Angel's action. This is because Isabella is described as a considerate person who respects others' preferences. This points to option A. [[A]]",0,,True,rationale_cot_3shot,,1
f95849941fae63c3,b01757e651504c18,14e143b3c0591401,OpenToM,location-cg,Belief,Location False Beliefs,B,B,[[B]],1,,True,rationale_cot_3shot,,1
e287c88620db2541,27279d0787c1468b,de897fdb3367e169,OpenToM,location-cg,Belief,Location False Beliefs,B,B,"Based on the story provided, Ezekiel moved the pants to his own closet, so from his perspective, the pants are not in its initial location. The answer is B. [[B]]",1,,True,rationale_cot_3shot,,1
0c94531e685b54a8,4ca05967ee014781,bd1bc50811bc555c,OpenToM,location-cg,Belief,Location False Beliefs,B,B,[[B]],1,,True,rationale_cot_3shot,,1
b02628631b978f65,b79846697c32f25f,887090949e983316,OpenToM,attitude,Emotion/Attitude,Attitude,B,A,"Based on the story, Russell's reaction suggests a negative attitude towards Ximena's action. He was perplexed and confused by her motives. Therefore, the answer is A. [[A]]",0,,True,rationale_cot_3shot,,1
c093438d7053943f,58e66b9e3b3b580d,c8f67772aa3b366d,OpenToM,location-cg,Belief,Location False Beliefs,B,B,"Based on the story, Cora moved the lemon to the fridge container. Therefore, from Cora's perspective, the lemon is not in its initial location by the end of the story. The answer is B. [[B]]",1,,True,rationale_cot_3shot,,1
1378a1f8e84a3aeb,195e0078078c4ee6,3bbc95a6cbac32c4,OpenToM,location-cg,Belief,Location False Beliefs,B,B,[[B]],1,,True,rationale_cot_3shot,,1
bb11cc9ea47914d8,adf79761b0843383,d4b1070ab1840755,OpenToM,location-cg,Belief,Location False Beliefs,B,B,[[B]],1,,True,rationale_cot_3shot,,1
31ebf1d86f395edf,90b363f11413a5e7,7c5935bc0953e7c2,OpenToM,attitude,Emotion/Attitude,Attitude,A,A,"Based on the story, Javier's reaction to Luis's action is clear. He left the kitchen without uttering a word, indicating a negative attitude. Therefore, the correct answer is A. [[A]]",1,,True,rationale_cot_3shot,,1
8e54e01fe1b9dee4,2d46da5f57de66b8,2fbb71fc8255a4ee,OpenToM,attitude,Emotion/Attitude,Attitude,C,C,"Based on the story provided, Adriel's reaction to Kennedy's action can be inferred as negative. Therefore, the answer is C. [[C]]",1,,True,rationale_cot_3shot,,1
2db70f5e5adb529c,937cd296f86a3783,a517367b79b1da6e,OpenToM,attitude,Emotion/Attitude,Attitude,B,B,"Based on the story, Beau's reaction to Desmond's action is clearly positive. Therefore, the answer is B. [[B]]",1,,True,rationale_cot_3shot,,1
629fc6731f2ad6a7,ea7cc0092fef0f54,7417b9a1e87aa9af,OpenToM,attitude,Emotion/Attitude,Attitude,B,B,"Based on the story, Jameson's reaction would be negative because he detests boots. Therefore, the answer is B. [[B]]",1,,True,rationale_cot_3shot,,1
05c46d9848f18d4a,d6a8f406870501d7,0d82327dabbfadd6,OpenToM,location-cg,Belief,Location False Beliefs,B,B,[[B]],1,,True,rationale_cot_3shot,,1
806468b5ac5f9905,e161da3d89b2c5c5,559b016be3930060,OpenToM,attitude,Emotion/Attitude,Attitude,C,B,"Let's reason step by step: Given the context, Reed left the garage without witnessing Rylee's act of showing the tangerine. Since Reed didn't see Rylee's action, he wouldn't have any emotional reaction to it. This points to option B. [[B]]",0,,True,rationale_cot_3shot,,1
641f5c7c7ecb260c,55409098f06327b8,8e34015a2ee36a5c,OpenToM,attitude,Emotion/Attitude,Attitude,C,C,"Based on the story, Axel had left the kitchen because he disliked eggplant and didn't want to bring it home. Lorenzo's action of moving the eggplant to a different shelf suggests that Axel wouldn't approve of this. Therefore, the answer is C. [[C]]",1,,True,rationale_cot_3shot,,1
d3f9990b3c66ff58,35db4e534bb25b0a,7d582071a07e77c2,OpenToM,location-cg,Belief,Location False Beliefs,B,B,[[B]],1,,True,rationale_cot_3shot,,1
4cbcb9377ec7e804,487fdae3dd92052c,ece6d8f49b971cc9,OpenToM,location-cg,Belief,Location False Beliefs,B,B,"Based on the story, Matthew watches Grant place the banana in the pantry, indicating the banana is moved from its initial location. Therefore, the correct answer is B. [[B]]",1,,True,rationale_cot_3shot,,1
120f18b3c3a62a6c,39f8a54019215ce3,3e3cebb262db322c,OpenToM,location-cg,Belief,Location False Beliefs,B,B,"Based on the story, from Jaxon's perspective, the correct answer is B. [[B]]",1,,True,rationale_cot_3shot,,1
e0ff8bef7b71ba88,8dd8a51e37aeb678,fa0ad4a59cad13d5,OpenToM,location-cg,Belief,Location False Beliefs,B,B,"Based on the story provided, Noel was observing Valentina pick up the coat and take it to a donation center. This implies that by the end of the story, the coat is no longer in its initial location (the bathtub). Therefore, the correct answer is:

[[B]]",1,,True,rationale_cot_3shot,,1
679e55bed91490bd,434bcf51b91b1759,0c4ddad263e3177d,OpenToM,attitude,Emotion/Attitude,Attitude,B,B,"Based on the story, Victoria seems uninterested in the undershirt and exits the office without saying anything. This indicates her attitude towards Rylee's action. Therefore, the answer is B. [[B]]",1,,True,rationale_cot_3shot,,1
d4eb3a838777e0cf,725ebdaf0e100af1,547a8a61c36c002a,OpenToM,attitude,Emotion/Attitude,Attitude,C,C,"Based on the story, Ayden's reaction was that he didn't witness Asher's actions and he didn't like the idea of Asher getting rid of the slacks. Therefore, the correct answer is C. [[C]]",1,,True,rationale_cot_3shot,,1
524a1ef757d3409c,86a6d33bbee5715e,fdabbbf9aaa80732,OpenToM,location-cg,Belief,Location False Beliefs,B,B,[[B]],1,,True,rationale_cot_3shot,,1
fb0eb5fe0a5dcc7b,e54d54d46a4ecf01,c742e9c0ed5a4461,OpenToM,attitude,Emotion/Attitude,Attitude,A,B,"Let's reason step by step: Since Isaiah is unaware of Aubrey's actions, he would maintain his neutral attitude. This points to option B. [[B]]",0,,True,rationale_cot_3shot,,1
d02dba5e669b5e07,9408a33c38c0cf81,cdc49ce93ec735f1,OpenToM,location-cg,Belief,Location False Beliefs,A,B,"Based on the story, Samantha left the pantry without looking back, meaning the pumpkin was still in its initial location by the end of the story. Therefore, the answer is B. [[B]]",0,,True,rationale_cot_3shot,,1
b70d58a819319741,380aeef7178d2c9b,ef8eabdcc218a748,OpenToM,location-cg,Belief,Location False Beliefs,B,B,[[B]],1,,True,rationale_cot_3shot,,1
63371d12bcd0c70d,5610543412db2f0a,f34780903857a8ac,OpenToM,location-cg,Belief,Location False Beliefs,B,B,"Based on the story provided, Damian moved the melon to the dining table. Therefore, from Damian's perspective, the melon is not in its initial location by the end of the story. The correct answer is:

[[B]]",1,,True,rationale_cot_3shot,,1
c7a385a4bf23f338,3528f636da83ba91,a14ffa96c0b0ef48,OpenToM,location-cg,Belief,Location False Beliefs,A,A,"Based on the story, Natalia exits the playroom before Julian moves the sweater. Therefore, Natalia would still see the sweater in its initial location by the end of the story. The answer is A. [[A]]",1,,True,rationale_cot_3shot,,1
4f7eadc9a1ca5248,255692080cf78750,7fcf29c9551b75cf,OpenToM,location-cg,Belief,Location False Beliefs,B,B,"Based on the story, Maddox moved the apple to Eva's desk. Therefore, from Maddox's perspective, the apple is not in its initial location by the end of the story. The correct answer is B. [[B]]",1,,True,rationale_cot_3shot,,1
e21a44a56900a645,896a6e5887311e8d,7417b9a1e87aa9af,OpenToM,location-cg,Belief,Location False Beliefs,A,B,"Based on the story provided, we can infer that Jameson was unaware of Felix's actions. Therefore, the boots remained in their initial location. The correct answer is:

[[B]]",0,,True,rationale_cot_3shot,,1
1734a7101909c18c,5f7448da5aabeb8b,4569c7d9d6fa1de5,OpenToM,location-cg,Belief,Location False Beliefs,A,A,"Based on the story, we can infer that Antonio left the raincoat in the crate as he was curious about it and admired it. Cyrus moved the raincoat to the trash bin, but this action was from Antonio's perspective. Therefore, from Antonio's perspective, the raincoat is still in its initial location by the end of the story. The answer is A. [[A]]",1,,True,rationale_cot_3shot,,1
14495401462dec2f,c751c34d38467412,4da072c6042237be,OpenToM,location-cg,Belief,Location False Beliefs,A,B,"Based on the story provided, Marcos left the patio after noticing the trousers in the suitcase. Since James moved the trousers to his closet without Marcos knowing, we can infer that Marcos would not be aware of the trousers' new location. Therefore, the correct answer is:

[[B]]",0,,True,rationale_cot_3shot,,1
7c639d52d273f494,2f070ad52b9e1f96,eb2a1cc60fc85f97,OpenToM,location-cg,Belief,Location False Beliefs,A,A,"Based on the story, Caleb left the pantry just a moment too soon, meaning he was unaware of Noel's actions. Therefore, the eggplant would still be in its initial location by the end of the story. The answer is [[A]].",1,,True,rationale_cot_3shot,,1
4d0724fb8e8539fc,ed90ae74fee15aaa,e7c3a3d157fe3717,OpenToM,attitude,Emotion/Attitude,Attitude,A,C,"Let's reason step by step: Given the context that Sophie left the sunroom without knowing Frank's action, she would likely have a neutral attitude towards it. This points to option C. [[C]]",0,,True,rationale_cot_3shot,,1
ff8319a79cafb9a2,851d72c63d6966c6,6070af6cc2df6cc3,OpenToM,location-cg,Belief,Location False Beliefs,B,B,[[B]],1,,True,rationale_cot_3shot,,1
1b6f68a59700246e,f0b88ce3e9ccdc4e,509d97ffb8b68096,OpenToM,location-cg,Belief,Location False Beliefs,A,B,[[B]],0,,True,rationale_cot_3shot,,1
3dd078baadcbc1b4,4c8b717dfccbda8c,71431319a2fe6399,OpenToM,attitude,Emotion/Attitude,Attitude,A,A,"Based on the story, Alexander's reaction to Madeline's action can be inferred as positive because she made his life easier and showed goodwill. Therefore, the answer is A. [[A]]",1,,True,rationale_cot_3shot,,1
cfa1e5dfccaf8faa,ecf012da3e11c34e,d78454d12dc728f3,OpenToM,attitude,Emotion/Attitude,Attitude,C,C,"Let's reason step by step: Given the context that Logan was unaware of Aubrey's kind act, and considering the context of their shared love for sweaters, the most likely answer is that Logan would feel positive about Aubrey's action. This is because Aubrey moved the sweater to make it more accessible for both of them, showing thoughtfulness and consideration. This points to option C. [[",1,,True,rationale_cot_3shot,,1
50757a19eb5c691a,47114eba0caf3dc2,4003e9f89556a9bb,OpenToM,attitude,Emotion/Attitude,Attitude,B,A,"Let's reason step by step: Given the context, Dylan left the staircase before Camden could move the tangerine, so Dylan wouldn't have seen Camden's action. Therefore, Dylan's attitude towards Camden's action cannot be determined. However, since the question asks about Dylan's attitude, we need to infer based on the given options. This points to option A. [[A]]",0,,True,rationale_cot_3shot,,1
5550bfcd1a340fb2,1fc5bda793b4aa46,ff8f672a1c31168d,OpenToM,location-cg,Belief,Location False Beliefs,B,B,"Based on the story, Jackson observed Gunner removing the stockings and disposing of them. This implies that by the end of the story, the stockings are no longer in their initial location. Therefore, the answer is B. [[B]]",1,,True,rationale_cot_3shot,,1
b5158dc94c1100e2,78a1c854c91d136f,b213b8e0bfc9587a,OpenToM,location-cg,Belief,Location False Beliefs,B,B,"Based on the story provided, Knox moved the peach to his own fridge, so from Knox's perspective, the peach is not in its initial location. The correct answer is B. [[B]]",1,,True,rationale_cot_3shot,,1
9dc732f1fa5d263a,68a149d03eba1886,07f6e2d815f94e8a,OpenToM,attitude,Emotion/Attitude,Attitude,A,B,"Let's reason step by step: Kaiden witnesses Colt taking the trousers to the garbage can, indicating his reaction is likely negative. This points to option B. [[B]]",0,,True,rationale_cot_3shot,,1
ce57391d4dab535f,81de8cced2f7223f,5732036d352d6cde,OpenToM,attitude,Emotion/Attitude,Attitude,C,A,"Let's reason step by step: Given the context, Jared would likely feel positive towards Erik's action because Erik was trying to share the celery with him. This points to option A. [[A]]",0,,True,rationale_cot_3shot,,1
c593f9248f2b022f,89cfb4a211635d89,78057fcc1b4755f8,OpenToM,location-cg,Belief,Location False Beliefs,B,B,[[B]],1,,True,rationale_cot_3shot,,1
eea9b0e2164c6041,6caae7b78ca063b1,eb2a1cc60fc85f97,OpenToM,attitude,Emotion/Attitude,Attitude,C,C,"Given the context provided, Caleb's reaction to Noel's action would most likely be negative due to the intention behind the prank. Therefore, the answer is C. [[C]]",1,,True,rationale_cot_3shot,,1
6d484102c50caaaf,d36e11f9a1a95b90,7701c7aa6259aeac,OpenToM,attitude,Emotion/Attitude,Attitude,B,A,"Let's reason step by step: Given the context, Tucker's reaction to Justin's action is clearly negative. This points to option A. [[A]]",0,,True,rationale_cot_3shot,,1
5988156fe70c1429,67e8031097366c35,9dda08168167e492,OpenToM,attitude,Emotion/Attitude,Attitude,B,A,"Let's reason step by step: Given Hazel's dislike for slippers, her reaction to Mary's action would be negative. This points to option A. [[A]]",0,,True,rationale_cot_3shot,,1
27908195b3e137f9,54ce24781df80fb2,2b30604374a6339f,OpenToM,attitude,Emotion/Attitude,Attitude,B,C,"Based on the story, Dean's reaction suggests he disapproves of Anna's action. Therefore, the most appropriate answer is C. [[C]]",0,,True,rationale_cot_3shot,,1
ed9973e381114c8e,c4d1f99cfde9334a,a4923d94ceaa3af3,OpenToM,location-cg,Belief,Location False Beliefs,A,B,"Based on the story provided, Edgar left the cellar and attended to other matters without moving the sweet potatoes. Therefore, from Edgar's perspective, the sweet potatoes are not in their initial location by the end of the story. The answer is B. [[B]]",0,,True,rationale_cot_3shot,,1
fa419c8a07e1aa94,5dc2e26f222f5ffe,c86c0f79c1a963f1,OpenToM,location-cg,Belief,Location False Beliefs,B,B,[[B]],1,,True,rationale_cot_3shot,,1
342a3b9af66720cb,8da8090778181d6c,3c030e36203c7d47,OpenToM,location-cg,Belief,Location False Beliefs,B,B,[[B]],1,,True,rationale_cot_3shot,,1
e4fdbcc08e22cf1f,5ca8570e8ce6ec12,22145446816d6acb,OpenToM,attitude,Emotion/Attitude,Attitude,C,A,"Let's reason step by step: Given the context, Giovanni's reaction is based on his lack of knowledge about Mary's actions. He was unaware of her decision to move the turnip. This implies a neutral attitude towards her action. [[A]]",0,,True,rationale_cot_3shot,,1
bc0270b635abaa21,4273c5b393aa4b64,03f6d502cb25945c,OpenToM,location-cg,Belief,Location False Beliefs,A,B,"Based on the story provided, Chloe is unaware of Sophie's actions. Therefore, the cherry remains in its initial location by the end of the story. The answer is B. [[B]]",0,,True,rationale_cot_3shot,,1
32c2a3caf50e378d,07eccf3b0cfdfd5a,ce3ca36a3df4777e,OpenToM,attitude,Emotion/Attitude,Attitude,C,B,"Based on the story, Calvin's reaction would likely be negative due to Oliver's selfish act. Therefore, the answer is B. [[B]]",0,,True,rationale_cot_3shot,,1
0bbe0acf911c0c49,3fa0fcabb9001a79,31a8a4cb976834fe,OpenToM,attitude,Emotion/Attitude,Attitude,A,B,"Let's reason step by step: Given the story, Charlotte's reaction to Dante's action can be inferred from her initial reaction to the raincoat in the bathtub. Since she found it ""odd"" and ""unsettling,"" it's reasonable to assume her attitude towards Dante's action would be negative. This points to option B. [[B]]",0,,True,rationale_cot_3shot,,1
7a5885ad51af6740,3469c261543095d6,5fd3eee9b727e2bc,OpenToM,location-cg,Belief,Location False Beliefs,B,B,"Based on the story provided, Ella initially moved the lemon from the bottle to the dining table. Therefore, from Ella's perspective, the lemon is not in its initial location by the end of the story. The correct answer is:

[[B]]",1,,True,rationale_cot_3shot,,1
54c3ad8392e82c41,d96409f85f23db43,b2622dcff6f1ca37,OpenToM,attitude,Emotion/Attitude,Attitude,A,A,"Based on the story, Graham's reaction is not explicitly stated, but given his strong dislike for stockings, it's most likely that he would have a negative attitude towards Nathaniel's action. Therefore, the answer is A. [[A]]",1,,True,rationale_cot_3shot,,1
24673921ead0950c,2ed663e62c58056b,78579b4b51fda7b9,OpenToM,location-cg,Belief,Location False Beliefs,B,B,[[B]],1,,True,rationale_cot_3shot,,1
40f03163469b0751,55ed2ba913170b8d,ef66c4cd6df01564,OpenToM,location-cg,Belief,Location False Beliefs,B,B,"Based on the story provided, Karson observes Grace moving the underpants to the clothing store rack. This implies that from Karson's perspective, the underpants are not in its initial location by the end of the story. Therefore, the answer is B. [[B]]",1,,True,rationale_cot_3shot,,1
af6958fbd6ec073f,36865312cc125b22,292e41ce7f196cf9,OpenToM,location-cg,Belief,Location False Beliefs,B,B,[[B]],1,,True,rationale_cot_3shot,,1
77caf433e6e20e48,e574e001b204f11c,d7fb30b3164311cd,OpenToM,location-cg,Belief,Location False Beliefs,B,B,"Based on the story provided, Aria quietly observed Waylon moving the tangerine to the compost bin. This implies that the tangerine was not in its initial location by the end of the story. Therefore, the correct answer is:

[[B]]",1,,True,rationale_cot_3shot,,1
f9710d75bf9c1c03,9f5143cdca266425,f56f7453df18dc3d,OpenToM,location-cg,Belief,Location False Beliefs,A,B,"Based on the story, Alejandro left the bathroom before Skylar moved the persimmon. Therefore, from Alejandro's perspective, the persimmon is not in its initial location by the end of the story. The answer is B. [[B]]",0,,True,rationale_cot_3shot,,1
05d91d18216af173,1137113ce73d52cf,bae054f3a46b6f38,OpenToM,location-cg,Belief,Location False Beliefs,B,B,[[B]],1,,True,rationale_cot_3shot,,1
821549b707807a96,2286042ca1aabdc6,c376c4a561414e22,OpenToM,location-cg,Belief,Location False Beliefs,A,B,[[B]],0,,True,rationale_cot_3shot,,1
3902ebd5951fbf4f,f393a46bab753c23,31f3a322ac3404ca,OpenToM,attitude,Emotion/Attitude,Attitude,C,A,Let's reason step by step: I track Madison's reaction to Jay's action in the story. This points to option A. [[A]],0,,True,rationale_cot_3shot,,1
8b79585fd696c0c8,1cc4872b33518bbd,4ec22d4dfb6be5bd,OpenToM,location-cg,Belief,Location False Beliefs,B,B,"Based on the story provided, Reid moved the shirt to a recycling bin. Therefore, from Reid's perspective, the shirt is not in its initial location. The correct answer is B. [[B]]",1,,True,rationale_cot_3shot,,1
4b3944939dcc3d83,fe4a261fc0c94317,6a8cd21a96013f31,OpenToM,location-cg,Belief,Location False Beliefs,A,B,"Based on the story, Vincent had left the patio just moments before Eleanor moved the sweater to the donation box. Therefore, from Vincent's perspective, the sweater is not in its initial location by the end of the story. The answer is B. [[B]]",0,,True,rationale_cot_3shot,,1
e0dec8f848435179,e42987bdc1d8b526,d7fb30b3164311cd,OpenToM,attitude,Emotion/Attitude,Attitude,A,A,"Based on the story, Aria would likely react negatively to Waylon's action. Therefore, the answer is A. [[A]]",1,,True,rationale_cot_3shot,,1
f78a744f1332ec20,9f932c7311e644cf,f20cd61bdefadcd2,OpenToM,location-cg,Belief,Location False Beliefs,A,B,"Based on the story provided, Kayden left the kitchen immediately upon seeing the melon. Therefore, from Kayden's perspective, the melon is not in its initial location by the end of the story. The correct answer is B. [[B]]",0,,True,rationale_cot_3shot,,1
a5264fb8910b94ff,ffe8a8546dab42d6,9a3cc08f2379bc33,OpenToM,location-cg,Belief,Location False Beliefs,B,B,[[B]],1,,True,rationale_cot_3shot,,1
1baf87cfe08efdb3,a98d9e80a8328aa5,7eac048407d63077,OpenToM,attitude,Emotion/Attitude,Attitude,C,B,"Let's reason step by step: Given the context that Amari dislikes spinach but is observing Elliot's actions, the most likely answer is that she is watching and possibly disapproving of his actions. However, since the question asks for her attitude, and considering the neutral observation, the best answer is:

[[B]]",0,,True,rationale_cot_3shot,,1
a53f4d2a9cf42e97,60735bebf79e889f,1138654286d2537a,OpenToM,location-cg,Belief,Location False Beliefs,B,B,"Based on the story, Riley moved the scarf from the drawer to the wall hook. Therefore, from Riley's perspective, the scarf is not in its initial location by the end of the story. The correct answer is B. [[B]]",1,,True,rationale_cot_3shot,,1
ed21bc03172da96d,b2be61e5c0f02aab,4bfe5dceceadc644,OpenToM,location-cg,Belief,Location False Beliefs,A,B,"Based on the story provided, Esteban had already left the basement before Abel moved his raincoat. Therefore, from Esteban's perspective, the raincoat is not in its initial location by the end of the story. The correct answer is:

[[B]]",0,,True,rationale_cot_3shot,,1
a402045a29d5ae7a,2bc771f3e86fb532,dfb77c459a695545,OpenToM,location-cg,Belief,Location False Beliefs,B,B,"Based on the story provided, Leonel moved the coat from the bathtub to the center of the coat rack. Therefore, from Leonel's perspective, the coat is not in its initial location by the end of the story. The correct answer is B. [[B]]",1,,True,rationale_cot_3shot,,1
8bd6293e2c03f535,a908e92696340a1e,f3646107e79ea1c6,OpenToM,location-cg,Belief,Location False Beliefs,B,B,"Based on the story, Maxwell moved the persimmon from its initial location (suitcase) to the center of the table. Therefore, the persimmon is not in its initial location by the end of the story. The answer is B. [[B]]",1,,True,rationale_cot_3shot,,1
3fbd185020fe93a1,30e7f96849f3649e,de4146c5be1e3efc,OpenToM,location-cg,Belief,Location False Beliefs,B,B,[[B]],1,,True,rationale_cot_3shot,,1
93ff8e3b27697b2d,cc92c17998e64fcd,3ecafe99b1ff604e,OpenToM,location-cg,Belief,Location False Beliefs,B,B,[[B]],1,,True,rationale_cot_3shot,,1
5a0410d8fb1c5cae,ba1913897fac91fd,68be7568ee643dbc,OpenToM,location-cg,Belief,Location False Beliefs,B,B,"Based on the story, Adan is silently observing the stockings being moved and is clearly uncomfortable with the display. However, the question asks from Adan's perspective if the stockings are in their initial location by the end of the story. Since Adan is watching the stockings being moved, it implies that they are not in their initial location. Therefore, the answer is B. [[B]]",1,,True,rationale_cot_3shot,,1
08bc637ed194a222,2b5067465f2b9a27,931030b6f18bb9e0,OpenToM,location-cg,Belief,Location False Beliefs,B,B,"Based on the story, Gregory moved the underpants to his own dresser drawer. Therefore, from Gregory's perspective, the underpants are not in their initial location by the end of the story. The correct answer is B. [[B]]",1,,True,rationale_cot_3shot,,1
cb01a9342862671e,ee07b74e7e71e00d,899f389ce3013b74,OpenToM,attitude,Emotion/Attitude,Attitude,C,C,"Let's reason step by step: From the story, we understand that Jaden was silently observing Tucker's move and the potato became the unexpected centerpiece. This implies Jaden was likely surprised or amused by Tucker's action. This points to option C. [[C]]",1,,True,rationale_cot_3shot,,1
939ce904d9ff033f,c01bb3fc83935f8d,12f52832071ea932,OpenToM,location-cg,Belief,Location False Beliefs,B,B,"Based on the story, Claire moved the crate of watermelon to the outdoor patio table. Therefore, from Claire's perspective, the watermelon is not in its initial location by the end of the story. The answer is B. [[B]]",1,,True,rationale_cot_3shot,,1
46b3cb5726cc8cbb,049afe7aa2e112bb,8d0372e8811537fd,OpenToM,location-cg,Belief,Location False Beliefs,B,A,"Based on the story, Tanner silently observed Israel moving the t-shirt to the trash bin. Since Tanner did not say anything and his face showed no anger or disappointment, it implies he accepted Israel's action. Therefore, from Tanner's perspective, the t-shirt would still be in its initial location by the end of the story. [[A]]",0,,True,rationale_cot_3shot,,1
b58c794d2046ba53,6ae7e01d394b6ddc,6a8cd21a96013f31,OpenToM,location-cg,Belief,Location False Beliefs,B,B,[[B]],1,,True,rationale_cot_3shot,,1
f699b6e852e754d1,3321da5c2f057e55,20f7b03855153d4f,OpenToM,location-cg,Belief,Location False Beliefs,B,B,"Based on the story provided, Marcos moved the trousers to the store window, so from Marcos's perspective, the trousers are not in their initial location by the end of the story. Therefore, the answer is B. [[B]]",1,,True,rationale_cot_3shot,,1
5d1130dd07e002b7,a051c6c531954ce5,9836fcbbeccdf843,OpenToM,location-cg,Belief,Location False Beliefs,B,B,[[B]],1,,True,rationale_cot_3shot,,1
800e5e5a500ea47c,04c57e6ed75596f3,9dda08168167e492,OpenToM,location-cg,Belief,Location False Beliefs,B,B,"Based on the story, Mary moved the slippers from the drawer to the coffee table. Therefore, from Mary's perspective, the slippers are not in their initial location by the end of the story. The correct answer is B. [[B]]",1,,True,rationale_cot_3shot,,1
30c5c23630064afd,1e2a5c34894b8c24,e2ab87cfc31f17ef,OpenToM,location-cg,Belief,Location False Beliefs,A,A,"Based on the story, from Santiago's perspective, the correct answer is that the celery is still in its initial location by the end of the story. Santiago never witnessed Hector moving the celery, so he would assume the celery remains in the treasure chest. Therefore, the answer is A. [[A]]",1,,True,rationale_cot_3shot,,1
0bc4a669f40788f1,118630f9bdf7b96b,71431319a2fe6399,OpenToM,location-cg,Belief,Location False Beliefs,B,B,"Based on the story provided, Madeline moved the sweatshirt from the bucket to Alexander's closet. Therefore, from Madeline's perspective, the sweatshirt is not in its initial location by the end of the story. The correct answer is B. [[B]]",1,,True,rationale_cot_3shot,,1
9cc7bc568ce20137,ece66dfde02efda3,41fb975fec7bd0d5,OpenToM,location-cg,Belief,Location False Beliefs,B,A,"Based on the story, we can infer that Ayden silently observed Edwin's gesture and did not change the location of the celery. Therefore, the celery remains in its initial location by the end of the story. The answer is A. [[A]]",0,,True,rationale_cot_3shot,,1
cecedf8ebf246dc9,ae123618ecbba077,5eb85e774daf85d0,OpenToM,attitude,Emotion/Attitude,Attitude,B,A,"Based on the story, Alexander's reaction is not explicitly stated, but his silent observation and the fact that he had been watching Angel's actions suggests he might not be happy about it. However, since the options provided do not include ""positive,"" the most fitting answer is:

[[A]]",0,,True,rationale_cot_3shot,,1
b82c3f8f9e634f60,f06627ab792780a7,8394e528ca65bb16,OpenToM,location-cg,Belief,Location False Beliefs,B,B,[[B]],1,,True,rationale_cot_3shot,,1
cc078498ae326f50,ad757a59defc2085,356f2402cb7f0153,OpenToM,location-cg,Belief,Location False Beliefs,B,B,[[B]],1,,True,rationale_cot_3shot,,1
db43ac51bdaed946,d1a6691da80d7cd1,720628427bde1b5a,OpenToM,attitude,Emotion/Attitude,Attitude,B,A,"Let's reason step by step: Given the context, Reid's reaction to Lucy moving the raincoat to her closet is clearly expressed as a frown. This indicates a negative attitude. This points to option A. [[A]]",0,,True,rationale_cot_3shot,,1
53984eb584f63e4f,7a2dd1f4c6318f07,a7e668d08633fa06,OpenToM,location-cg,Belief,Location False Beliefs,B,B,[[B]],1,,True,rationale_cot_3shot,,1
5621e862557b06f2,ce39ceae47eebbe6,c41e31d86cc13606,OpenToM,attitude,Emotion/Attitude,Attitude,B,A,"Based on the story, Chance observes Romeo's action but does not express an immediate reaction. However, the context suggests a mix of curiosity and confusion, indicating a neutral attitude rather than a negative or positive one. Therefore, the answer is A. [[A]]",0,,True,rationale_cot_3shot,,1
5f4609e71fdf62b1,6dc996adb94b3e66,59b8c0f20a1d8fd4,OpenToM,location-cg,Belief,Location False Beliefs,A,B,"Based on the story, Messiah left the closet without the eggplant. Therefore, the eggplant was not in its initial location by the end of the story. The answer is B. [[B]]",0,,True,rationale_cot_3shot,,1
664b772ea30aea57,b1b343a7a83b329d,6a45edb723b7e806,OpenToM,attitude,Emotion/Attitude,Attitude,B,B,"Let's reason step by step: Given the context, Liliana's reaction to Madeline's action is not mentioned directly, but we can infer her attitude based on the information provided. Since the story does not explicitly state her reaction, and considering the typical human response, it's more likely that she would feel negatively about it. This points to option B. [[B]]",1,,True,rationale_cot_3shot,,1
ac92e8e63ba0d9d5,972a51078d962004,cdc49ce93ec735f1,OpenToM,location-cg,Belief,Location False Beliefs,B,B,[[B]],1,,True,rationale_cot_3shot,,1
9c0a5f2dae4dfbf0,a905c640c262c37c,51c0f415f18b4873,OpenToM,attitude,Emotion/Attitude,Attitude,B,B,"Based on the story, Frank's reaction is clearly one of surprise and disappointment. He stands there in disbelief, his eyes wide with astonishment. This indicates a negative attitude towards Maxwell's action. Therefore, the correct answer is B. [[B]]",1,,True,rationale_cot_3shot,,1
d9e1ab2853f15060,faac52da1e6a2c7f,896d69729a6f7aed,OpenToM,location-cg,Belief,Location False Beliefs,A,B,"Based on the story, Jesse left the garage before Tate could move the grapefruit. Therefore, from Jesse's perspective, the grapefruit is not in its initial location by the end of the story. The answer is B. [[B]]",0,,True,rationale_cot_3shot,,1
fcb00a9e764d9abe,60e3ebb10dcddf8d,e191c8e9a5f42528,OpenToM,location-cg,Belief,Location False Beliefs,B,B,[[B]],1,,True,rationale_cot_3shot,,1
99d9540931e5199b,70e77782e534504a,d4b595d788d51448,OpenToM,location-cg,Belief,Location False Beliefs,B,B,[[B]],1,,True,rationale_cot_3shot,,1
4a0daf8c95038b5f,bbccd990e6170f0e,a5c2c554e060b16f,OpenToM,location-cg,Belief,Location False Beliefs,A,B,"Based on the story, Hailey left the grapefruit in the cupboard initially. Leilani moved it to her own room, but this action was not noticed by Hailey. Therefore, from Hailey's perspective, the grapefruit is still in its initial location by the end of the story. The answer is B. [[B]]",0,,True,rationale_cot_3shot,,1
fee2e077e0699395,6080011845c64821,f6015d00fd8fe193,OpenToM,location-cg,Belief,Location False Beliefs,B,B,[[B]],1,,True,rationale_cot_3shot,,1
45a802359e633964,a39934b8e3bd0273,b5577d9104d2e5d5,OpenToM,location-cg,Belief,Location False Beliefs,B,B,"Based on the story, Tyler did not want the lettuce present. Since Henry moved the lettuce to the refrigerator drawer, we can infer that the lettuce is not in its initial location by the end of the story. Therefore, the answer is B. [[B]]",1,,True,rationale_cot_3shot,,1
b5e48426fa2a548f,58b08b4b713dd6c6,7c27e3846cde5249,OpenToM,location-cg,Belief,Location False Beliefs,B,B,[[B]],1,,True,rationale_cot_3shot,,1
ce721a03e326685c,f4fc8430bf809efc,18d79b737cf28590,OpenToM,location-cg,Belief,Location False Beliefs,B,B,[[B]],1,,True,rationale_cot_3shot,,1
2b5db172a4ff1871,323db35ece609411,a42ed0f61d2525f0,OpenToM,location-cg,Belief,Location False Beliefs,A,A,"Based on the story provided, Aaliyah was not witness to Nathan moving the boots to the display case. Therefore, from Aaliyah's perspective, the boots are still in their initial location. The answer is A. [[A]]",1,,True,rationale_cot_3shot,,1
8ae81829c129a4be,b225e58851afa2f6,4da072c6042237be,OpenToM,attitude,Emotion/Attitude,Attitude,A,C,"Based on the story, Marcos is described as being ""repulsed"" by the sight of trousers and ""quickly exited the patio"" upon noticing the suitcase. This indicates a strong negative reaction. Therefore, the most likely answer is:

[[C]]",0,,True,rationale_cot_3shot,,1
06c877ab2196c172,8454050309ab8fc0,aaffccfbdd3b7ab9,OpenToM,location-cg,Belief,Location False Beliefs,A,B,"Based on the story provided, we can infer that Camila left the room without seeing the hat. Therefore, the hat is not in its initial location by the end of the story. The correct answer is B. [[B]]",0,,True,rationale_cot_3shot,,1
9bfd1f5cc974e438,7218ed53e5598948,b0d17b6afd61917c,OpenToM,location-cg,Belief,Location False Beliefs,B,B,[[B]],1,,True,rationale_cot_3shot,,1
1c311de8b2f620e5,c94a849310ff05eb,162eb1b528ea1b7c,OpenToM,location-cg,Belief,Location False Beliefs,B,B,[[B]],1,,True,rationale_cot_3shot,,1
04fc0d8ab955553d,1ddbc1fdafbca1e5,87b16f0a38dc118b,OpenToM,attitude,Emotion/Attitude,Attitude,C,C,"Based on the story, Dean's reaction suggests a negative attitude towards Gavin's action. [[C]]",1,,True,rationale_cot_3shot,,1
198dffe530c55cd0,a9e07cc537814d13,2578ce08edca4a53,OpenToM,location-cg,Belief,Location False Beliefs,B,B,[[B]],1,,True,rationale_cot_3shot,,1
40208ddefdc0bbd8,e54baba19670b27f,abb7e7527cf984c3,OpenToM,attitude,Emotion/Attitude,Attitude,B,A,"Let's reason step by step: Given the context, Leilani would likely feel negative about Brody's action as she despises beans. This points to option A. [[A]]",0,,True,rationale_cot_3shot,,1
e69197e8c27af4c3,34fff13beacf0654,d763e425b82733a5,OpenToM,location-cg,Belief,Location False Beliefs,B,B,[[B]],1,,True,rationale_cot_3shot,,1
e9f4c80f3fd117cd,562d2929c163ec5e,21989e92660579f0,OpenToM,attitude,Emotion/Attitude,Attitude,C,C,"Let's reason step by step: I track the characters' actions and emotions in the story, then check their reactions. This points to option C. [[C]]",1,,True,rationale_cot_3shot,,1
184ee1b260917369,ab9360d893469e03,dfe31db2aa532361,OpenToM,attitude,Emotion/Attitude,Attitude,B,C,"Given the context that Maverick was unphased by the presence of the pumpkin and was unaware of Olivia's actions, the most likely answer is:

[[C]]",0,,True,rationale_cot_3shot,,1
a2f2516aea6f5054,92cf46af12ab9ed5,abf63b435b1a92b1,OpenToM,location-cg,Belief,Location False Beliefs,A,B,"Based on the story, Justin never saw Jason move the raincoat. Therefore, from Justin's perspective, the raincoat remains in its initial location by the end of the story. The answer is B. [[B]]",0,,True,rationale_cot_3shot,,1
0168dea77b2f9956,e51cf3d13ce6ba7b,90071ffe63fd12b5,OpenToM,location-cg,Belief,Location False Beliefs,B,B,"Based on the story provided, Jayden moved the tie to a donation box, so from Jayden's perspective, the tie is not in its initial location. The correct answer is B. [[B]]",1,,True,rationale_cot_3shot,,1
893237b142f682b9,be44c00b526ac0ad,4ab9308f4936b84c,OpenToM,attitude,Emotion/Attitude,Attitude,B,C,"Based on the story, Nathan's reaction to Landon's action is clearly negative. Therefore, the answer is C. [[C]]",0,,True,rationale_cot_3shot,,1
9731aab602421e33,91b13786c1c30b48,ce4e62c030f53271,OpenToM,location-cg,Belief,Location False Beliefs,B,B,"Based on the story provided, Blake moved the turnip to the center of the table. Therefore, from Blake's perspective, the turnip is not in its initial location by the end of the story. The answer is B. [[B]]",1,,True,rationale_cot_3shot,,1
9235efd169e6c5fe,088093b751db85d2,11556950c0e692fb,OpenToM,location-cg,Belief,Location False Beliefs,B,B,[[B]],1,,True,rationale_cot_3shot,,1
5cd24cca2d761d9c,eb6949f2511c0874,78d5705a1cc675ac,OpenToM,attitude,Emotion/Attitude,Attitude,A,C,"Let's reason step by step: Based on the story, Dakota witnesses Natalie's action but remains unaware of the truth about his feelings towards asparagus. This implies a neutral attitude towards Natalie's action. This points to option C. [[C]]",0,,True,rationale_cot_3shot,,1
1539ddb8110c3eac,3a8bc3bac090553a,1a79867b99752a63,OpenToM,location-cg,Belief,Location False Beliefs,A,B,"Based on the story provided, Kennedy exits the study before Antonio moves the suit. Therefore, from Kennedy's perspective, the suit is not in its initial location by the end of the story. The answer is B. [[B]]",0,,True,rationale_cot_3shot,,1
1095be43cead7f3a,1170dbf11270fe35,5e4653f67117c3f0,OpenToM,location-cg,Belief,Location False Beliefs,B,B,"Based on the story provided, Emma moved the carrot to the nearby market or festival. Therefore, from Emma's perspective, the carrot is not in its initial location by the end of the story. The answer is B. [[B]]",1,,True,rationale_cot_3shot,,1
db2ed90a27a2e68d,7f6f9b0c208f067b,ce1106197e412e59,OpenToM,attitude,Emotion/Attitude,Attitude,B,A,"Let's reason step by step: Given the context, James left the basement and didn't witness Preston's actions. Since James doesn't know about Preston's move, he wouldn't have any reaction or attitude towards it. This points to option A. [[A]]",0,,True,rationale_cot_3shot,,1
448fc0be810d2400,40cd5f8f9454e0d3,ce3ca36a3df4777e,OpenToM,location-cg,Belief,Location False Beliefs,B,B,[[B]],1,,True,rationale_cot_3shot,,1
5ba811baa3d8a0a5,89738dfc2b8aa0e0,a7e668d08633fa06,OpenToM,attitude,Emotion/Attitude,Attitude,B,A,"Let's reason step by step: Given the context, Carter was initially surprised and amused by the radish, but he didn't object to Beau's action. This indicates a neutral attitude. [[A]]",0,,True,rationale_cot_3shot,,1
2c5944da17532463,2a61194eb9198893,e289a1f05f9bc33c,OpenToM,location-cg,Belief,Location False Beliefs,A,B,"Based on the story, Emilia leaves the kitchen immediately upon seeing the apple, and she doesn't know that Marcus moved it. Therefore, the apple is not in its initial location by the end of the story. The answer is B. [[B]]",0,,True,rationale_cot_3shot,,1
43d16284d7320fd3,4d5cc94c01dac9b7,0f8548995a80bc4e,OpenToM,attitude,Emotion/Attitude,Attitude,A,C,"Based on the story, Armani's reaction suggests a negative attitude towards Samuel's action. Therefore, the answer is C. [[C]]",0,,True,rationale_cot_3shot,,1
58a621f41b97b48a,ac90d60df23e3856,de4146c5be1e3efc,OpenToM,location-cg,Belief,Location False Beliefs,B,A,"Based on the story, Abigail saw Hayden move the trousers to the closet, but she didn't react or change their location. Therefore, from Abigail's perspective, the trousers are still in the initial location. The answer is A. [[A]]",0,,True,rationale_cot_3shot,,1
a2fbef9645281d38,5b3590626d7fb2c0,0aab5a5e0ba3a2a3,OpenToM,attitude,Emotion/Attitude,Attitude,C,A,"Let's reason step by step: Reed's reaction is based on the information provided about his initial reaction and preferences. Reed despises socks and finds them itchy and unnecessary. He also wanted to distance himself from the socks. Given this context, Reed's attitude towards Ariana's action would be negative. [[A]]",0,,True,rationale_cot_3shot,,1
bfb2253b505eacd8,d462e506350e485e,f7734857eba22bbc,OpenToM,location-cg,Belief,Location False Beliefs,B,B,[[B]],1,,True,rationale_cot_3shot,,1
5aee49cbe7b4a55d,2f09e474804f2ee2,ef66bcc8ca6ac99b,OpenToM,location-cg,Belief,Location False Beliefs,A,B,"Based on the story, Jake left the patio, so the corn was not in its initial location by the end of the story. The correct answer is B. [[B]]",0,,True,rationale_cot_3shot,,1
9ce1c2a2c5490f7c,171530e35dec6355,ebd16cb13f8d39da,OpenToM,attitude,Emotion/Attitude,Attitude,A,A,"Let's reason step by step: Given the context, Andrew's reaction to Leo's action is neutral because he was unaware of the change. This points to option A. [[A]]",1,,True,rationale_cot_3shot,,1
968323150684adda,1ee8992e7ab42a4a,ed5fdf020f365057,OpenToM,location-cg,Belief,Location False Beliefs,B,B,[[B]],1,,True,rationale_cot_3shot,,1
4accfe0faaee3411,c5330ff727501f50,589e1948b8328a5a,OpenToM,location-cg,Belief,Location False Beliefs,B,B,[[B]],1,,True,rationale_cot_3shot,,1
e56cb9bc41108f9c,d075b72b589bfcaa,95b01f8eecd40e91,OpenToM,location-cg,Belief,Location False Beliefs,B,B,[[B]],1,,True,rationale_cot_3shot,,1
1590372d34d483f2,82a2cac1a3223682,f3646107e79ea1c6,OpenToM,attitude,Emotion/Attitude,Attitude,B,C,"Based on the story, Ariel dislikes persimmons and finds their texture unpleasant and flavor too tangy. Therefore, her reaction would be negative. 

The answer is: [[C]]",0,,True,rationale_cot_3shot,,1
4802fd07a2b439ef,c57c848f5bb3a2ac,7fcf29c9551b75cf,OpenToM,attitude,Emotion/Attitude,Attitude,C,B,"Let's reason step by step: Given the context, Eva would likely feel positive about Maddox's action because he moved the apple to her desk with good intentions. This points to option B. [[B]]",0,,True,rationale_cot_3shot,,1
bc6fb3f589debd75,e8ca237e173b259f,88e9b09e2c218ba2,OpenToM,location-cg,Belief,Location False Beliefs,A,B,"Based on the story, Colin left the master bedroom just moments before Sage moved the jacket. Therefore, by the end of the story, the jacket would not be back in its initial location. The answer is [[B]].",0,,True,rationale_cot_3shot,,1
197ef180a4a082fe,cbe842c77247c575,3bbc95a6cbac32c4,OpenToM,attitude,Emotion/Attitude,Attitude,A,B,"Let's reason step by step: Abraham left the kitchen, seemingly unaffected by the cherry's existence, indicating his attitude towards Bryce's action. This points to option B. [[B]]",0,,True,rationale_cot_3shot,,1
c2206ecb7d835e97,e6433d94ea303350,017e5cc2122af34f,OpenToM,location-cg,Belief,Location False Beliefs,A,B,"Based on the story provided, Felix exited the den without interacting with the watermelon. Therefore, from Felix's perspective, the watermelon is not in its initial location by the end of the story. The correct answer is:

[[B]]",0,,True,rationale_cot_3shot,,1
7d6f0fecca2dc377,830dcc1b7b63c80b,d0183ef4050db4b9,OpenToM,location-cg,Belief,Location False Beliefs,B,B,"Based on the story provided, Ali moved the sweet potatoes to his own plate or bowl. Therefore, from Ali's perspective, the sweet potatoes are not in their initial location by the end of the story. The answer is B. [[B]]",1,,True,rationale_cot_3shot,,1
e1f88338ef6fe625,22cd2ff0ea3d5f96,0d1873f8d77c0d36,OpenToM,attitude,Emotion/Attitude,Attitude,A,B,"Let's reason step by step: Given the context, Nicholas was initially curious about the radish in the bottle. However, he was unaware of Daniel's action when he returned to the crawlspace. This means Nicholas would likely be surprised and possibly upset by Daniel's move. This points to option B. [[B]]",0,,True,rationale_cot_3shot,,1
279a761fa35dbce4,c1c0af26d9d821e1,1b9999fd66e3014f,OpenToM,location-cg,Belief,Location False Beliefs,B,B,"Based on the story provided, we can infer that Piper would see the peas moved by Holden. Therefore, the correct answer is:

[[B]]",1,,True,rationale_cot_3shot,,1
8a6aa47451879efe,a36459361004d727,5762f9c525e8c0da,OpenToM,location-cg,Belief,Location False Beliefs,B,B,"Based on the story provided, Matteo moved the orange to his own fridge. Therefore, from Matteo's perspective, the orange is not in its initial location by the end of the story. The correct answer is:

[[B]]",1,,True,rationale_cot_3shot,,1
32c6384e6c5454db,dd45db68a84cbe23,4514f14f7a31d3da,OpenToM,location-cg,Belief,Location False Beliefs,A,B,"Based on the story, Lincoln left the staircase without moving the shirt. Therefore, from Lincoln's perspective, the shirt is not in its initial location by the end of the story. The answer is B. [[B]]",0,,True,rationale_cot_3shot,,1
0e021326e9be1bc1,42b3435d6c06d76a,1ae80352668c11d1,OpenToM,location-cg,Belief,Location False Beliefs,B,B,[[B]],1,,True,rationale_cot_3shot,,1
8494e221edb0fc9e,bfa959b6ebb54f28,6cade4d60691d60c,OpenToM,location-cg,Belief,Location False Beliefs,B,B,[[B]],1,,True,rationale_cot_3shot,,1
df20d2d4f2cd52fb,0f54d5285c677ade,5e42930432469df9,OpenToM,location-cg,Belief,Location False Beliefs,B,B,"Based on the story, Jasper moved the bottle of grapes to the dining table. Therefore, from Jasper's perspective, the grapes are not in their initial location by the end of the story. The answer is B. [[B]]",1,,True,rationale_cot_3shot,,1
cc496c81bc3462cd,0a5058506e80e5f1,26136348268979ef,OpenToM,attitude,Emotion/Attitude,Attitude,A,A,"Let's reason step by step: Based on the story, Cash's reaction when he saw the orange in the laundry room was to immediately leave the room without looking at it again. This indicates his negative attitude towards Charlotte's action. Therefore, the answer is A. [[A]]",1,,True,rationale_cot_3shot,,1
460b84b7a022b8be,270a3e90ca002612,3835ee17b29ea493,OpenToM,location-cg,Belief,Location False Beliefs,B,B,"Based on the story provided, Julian initially saw the radishes in the suitcase. However, Marshall moved the suitcase to the kitchen counter without Julian's explicit consent or knowledge. Therefore, from Julian's perspective, the radishes are not in their initial location by the end of the story. 

The answer is: [[B]]",1,,True,rationale_cot_3shot,,1
0c0a136a57dfc73c,479684cb2317d631,c2e52fd0e5ac0714,OpenToM,location-cg,Belief,Location False Beliefs,B,B,"Based on the story, Silas remains silent and unsure of what to make of Donovan's behavior, indicating he does not intervene or change the situation. Therefore, we can infer that the peas remain in their initial location. The answer is B. [[B]]",1,,True,rationale_cot_3shot,,1
9041509e2377c427,c2dc03f4b9afcf35,003f5641c3a44c75,OpenToM,attitude,Emotion/Attitude,Attitude,A,B,"Based on the story, Major's reaction is not explicitly stated, but his silence suggests he does not react negatively. Therefore, the most fitting answer is B. [[B]]",0,,True,rationale_cot_3shot,,1
c3bcf230c7192100,a1b2d9d4de3cb48a,38bfd6597ce64424,OpenToM,location-cg,Belief,Location False Beliefs,A,A,"Based on the story, we can infer that Sage left the sunroom without ever suspecting that the watermelon had been relocated. Therefore, from Sage's perspective, the watermelon is still in its initial location. The correct answer is A. [[A]]",1,,True,rationale_cot_3shot,,1
f28bc8d51a26da9c,bc939214984b67f1,931030b6f18bb9e0,OpenToM,location-cg,Belief,Location False Beliefs,B,B,"Based on the story, Kevin is watching Gregory move the underpants to his drawer. This implies that by the end of the story, the underpants are in Gregory's drawer. Therefore, Kevin's perspective is that the underpants are not in their initial location. The answer is B. [[B]]",1,,True,rationale_cot_3shot,,1
513d8497891d53fe,8a279feb859905eb,aa1352074262282c,OpenToM,location-cg,Belief,Location False Beliefs,A,A,"Based on the story provided, Rylee exits the hall without noticing the belt being moved by Kylie. Therefore, from Rylee's perspective, the belt is still in its initial location by the end of the story. The correct answer is:

[[A]]",1,,True,rationale_cot_3shot,,1
cc7987dde13fd03f,7bcc63482cc5df0e,bf6dbf8481b505e1,OpenToM,location-cg,Belief,Location False Beliefs,B,B,[[B]],1,,True,rationale_cot_3shot,,1
05aae020dfd127f0,45b2dbe9c2aad024,89d3656ee4faa6f1,OpenToM,location-cg,Belief,Location False Beliefs,B,B,"Let's reason step by step: From Kaleb's perspective, he saw Damian move the grapefruit but didn't know the final destination. This means the grapefruit could be in the sealed container or back in its original place. Given the context, Kaleb might assume Damian put it in a sealed container. Therefore, the answer is B. [[B]]",1,,True,rationale_cot_3shot,,1
34a091d5b13e3957,5dcbba87df698977,2d00054874f9b0cf,OpenToM,location-cg,Belief,Location False Beliefs,A,A,"Based on the story provided, Jaxson leaves the hallway without moving the tie. Therefore, from Jaxson's perspective, the tie remains in its initial location. The answer is A. [[A]]",1,,True,rationale_cot_3shot,,1
0c7d922b9b98f66b,81e6db708c6e2728,b58a65f3e12ac12d,OpenToM,attitude,Emotion/Attitude,Attitude,C,B,"Let's reason step by step: Given that Max left the attic without saying a word and heading towards the playroom, we can infer that Max's attitude towards Troy's action is neutral. This is because Max didn't express any emotion or reaction about Troy's decision. Therefore, the correct answer is B. [[B]]",0,,True,rationale_cot_3shot,,1
0037805b83589d27,6c0ec60378a1d7c2,d05a12610572138d,OpenToM,location-cg,Belief,Location False Beliefs,B,B,"Based on the story provided, Blake took the banana away from its initial location. Therefore, the correct answer is:

[[B]]",1,,True,rationale_cot_3shot,,1
e4d6f16c41062fbc,7ea8cd7d702d84a5,3d4042579c5c4c19,OpenToM,location-cg,Belief,Location False Beliefs,B,B,"Based on the story provided, Finnegan moved the underclothes to his own closet. Therefore, from Finnegan's perspective, the underclothes are not in their initial location by the end of the story. The answer is B. [[B]]",1,,True,rationale_cot_3shot,,1
918727406661bee8,8dd0a234bc744922,94b254d746bfe9da,OpenToM,location-cg,Belief,Location False Beliefs,A,B,[[B]],0,,True,rationale_cot_3shot,,1
4fda8431d92dc2eb,9bb43cf7d784b453,f35801aefdac80c6,OpenToM,attitude,Emotion/Attitude,Attitude,B,A,"Based on the story, Hailey's reaction would be negative towards Angel's action. Therefore, the answer is A. [[A]]",0,,True,rationale_cot_3shot,,1
654a4f62795fd869,16c4ca976feaa915,61397f58de466a29,OpenToM,location-cg,Belief,Location False Beliefs,B,B,"Based on the story, Adriel moved the spinach from the basket to the dining table. Therefore, from Adriel's perspective, the spinach is not in its initial location by the end of the story. The correct answer is B. [[B]]",1,,True,rationale_cot_3shot,,1
b5811fca93387db8,b3938bfbded31641,4569c7d9d6fa1de5,OpenToM,location-cg,Belief,Location False Beliefs,B,B,[[B]],1,,True,rationale_cot_3shot,,1
c4fc7e304189fa26,65dad2feeba5418b,b0d3b59be331ed6f,OpenToM,attitude,Emotion/Attitude,Attitude,A,C,"Based on the story, Landon witnesses Reid's strange behavior and the sound of the slippers hitting the trash bin, indicating a negative reaction. Therefore, the answer is C. [[C]]",0,,True,rationale_cot_3shot,,1
e23f3cdeb96123ea,2942ae97f283f829,c376c4a561414e22,OpenToM,location-cg,Belief,Location False Beliefs,B,B,[[B]],1,,True,rationale_cot_3shot,,1
e4e30f6e0bdd6d0e,4b6fd5e4e77c8d99,78bf34b0d0cee5c1,OpenToM,location-cg,Belief,Location False Beliefs,A,B,"Based on the story, Madelyn initially finds the cherries in the basement bucket. However, Emmett moves the bucket to his kitchen counter, and Madelyn remains unaware of this change. Therefore, from Madelyn's perspective, the cherries are still in the basement bucket. The answer is B. [[B]]",0,,True,rationale_cot_3shot,,1
4b33ded96c74e466,e5fca30cf1d356f3,4003e9f89556a9bb,OpenToM,location-cg,Belief,Location False Beliefs,B,B,[[B]],1,,True,rationale_cot_3shot,,1
5a2825e5df923ec9,2f54ce1885343c5a,4003e9f89556a9bb,OpenToM,location-cg,Belief,Location False Beliefs,A,A,"Based on the story, Dylan left the staircase before Camden could move the tangerine. Therefore, from Dylan's perspective, the tangerine would still be in its initial location by the end of the story. The answer is [[A]].",1,,True,rationale_cot_3shot,,1
052188c8a2421817,c3ce02c2d5da6a28,43a97b6d89b298e2,OpenToM,location-cg,Belief,Location False Beliefs,B,B,[[B]],1,,True,rationale_cot_3shot,,1
fc38eb685b6f0594,d33c7b69a0bcfc3f,60d465fa461e97cf,OpenToM,attitude,Emotion/Attitude,Attitude,C,A,"Based on the story, Marshall watches Jonathan complete the task without hesitation and with determination, showing no outward sign of disapproval. Marshall even ponders the situation, indicating he is considering his feelings. However, the text does not explicitly state a positive or negative attitude. Therefore, the most fitting answer is neutral. [[A]]",0,,True,rationale_cot_3shot,,1
da09e796a0c447a7,16c8e211681b4309,71aa24e3b63b2b09,OpenToM,attitude,Emotion/Attitude,Attitude,B,C,"Let's reason step by step: Given the context, Martin's reaction to Isaiah's action can be inferred from the description of their relationship and the situation. Isaiah's action was impulsive and inconsiderate, which suggests Martin's reaction would be negative. This points to option C. [[C]]",0,,True,rationale_cot_3shot,,1
1480175fed57d0e3,62531d28c4c67d1e,abb7e7527cf984c3,OpenToM,location-cg,Belief,Location False Beliefs,B,B,"Based on the story, Leilani's perspective is that Brody moved the beans to the trash can. Therefore, from Leilani's perspective, the beans are not in their initial location by the end of the story. The answer is B. [[B]]",1,,True,rationale_cot_3shot,,1
b8afc967df7a882e,eb1a96d92aba8b10,44e4e458bb776aff,OpenToM,attitude,Emotion/Attitude,Attitude,A,C,"Let's reason step by step: Given the context, Ali's reaction is described as ""his expression unreadable."" However, since he is described as someone who ""simply couldn't bear the feel of socks against his skin,"" it suggests a strong dislike for socks. Therefore, his neutral expression implies a neutral attitude towards Leilani's action. This points to option C. [[C]]",0,,True,rationale_cot_3shot,,1
458520ec0ec3f082,dc9d833cb7dd88d8,3398adfcedb31686,OpenToM,location-cg,Belief,Location False Beliefs,A,A,"Let's reason step by step: We need to consider Nicolas's actions and the sequence of events. Nicolas left the attic to take a phone call, so he did not move the grapefruit. Therefore, the grapefruit remained in its initial location. This points to option A. [[A]]",1,,True,rationale_cot_3shot,,1
8874b8716db38a46,932084c649eea959,76c4dffff6bf3236,OpenToM,location-cg,Belief,Location False Beliefs,B,B,[[B]],1,,True,rationale_cot_3shot,,1
d3d09e73f6c1b52d,3f7a6e38fc231c2a,3547bcbbed493cb1,OpenToM,location-cg,Belief,Location False Beliefs,B,B,[[B]],1,,True,rationale_cot_3shot,,1
c416f58ea1309a53,9fd72f730419a68d,b26cf77090b10095,OpenToM,location-cg,Belief,Location False Beliefs,A,B,"Based on the story provided, Leah had already left the cellar before Vincent moved the cabbage. Therefore, from Leah's perspective, the cabbage is not in its initial location by the end of the story. The correct answer is:

[[B]]",0,,True,rationale_cot_3shot,,1
21d7dba845218024,4cba198428df4cff,2578ce08edca4a53,OpenToM,attitude,Emotion/Attitude,Attitude,B,C,"Let's reason step by step: Given the context, Lincoln's reaction is not clear-cut. He misses Athena's clever move but does not express any strong emotion. This suggests a neutral attitude. [[C]]",0,,True,rationale_cot_3shot,,1
cec365bfc62d1944,9e1a5186a797e6fb,c86c0f79c1a963f1,OpenToM,attitude,Emotion/Attitude,Attitude,C,A,"Let's reason step by step: Given the context, Ricardo left the dining room before Adrian moved the skirt, and there's no indication that Ricardo was upset about Adrian's action. This suggests Ricardo's attitude is likely to be neutral. [[A]]",0,,True,rationale_cot_3shot,,1
1cb3818b5e51c744,afd8f8dcb1cf9cdf,2f75e2d622cbc89c,OpenToM,location-cg,Belief,Location False Beliefs,A,B,"Based on the story provided, Marcus abruptly turned around and exited the garage, seemingly uninterested in the enigmatic orange. Therefore, the orange was not in its initial location by the end of the story. The correct answer is:

[[B]]",0,,True,rationale_cot_3shot,,1
38f9e9e5af2a398a,500f141fdb3f2019,0d82327dabbfadd6,OpenToM,location-cg,Belief,Location False Beliefs,B,B,"Based on the story provided, Carlos observes Jaiden moving the tomato to the fridge drawer. This action indicates that the tomato is no longer in its initial location by the end of the story. Therefore, the correct answer is:

[[B]]",1,,True,rationale_cot_3shot,,1
e68715908a46a316,c49b07e3ed9d8614,b58a65f3e12ac12d,OpenToM,location-cg,Belief,Location False Beliefs,B,B,"Based on the story, Troy moved the jacket from the attic to a donation pile. Therefore, from Troy's perspective, the jacket is not in its initial location by the end of the story. The answer is B. [[B]]",1,,True,rationale_cot_3shot,,1
7aea12ec9598de75,f2a03450c734a3d1,51831b91eafede11,OpenToM,location-cg,Belief,Location False Beliefs,B,B,[[B]],1,,True,rationale_cot_3shot,,1
8b5cd38acb3a566d,8d7945e8ca872f5e,c986ccd644df3b43,OpenToM,location-cg,Belief,Location False Beliefs,B,B,"Based on the story, Raelynn saw Alexandra move the celery from the bucket to another container. Therefore, from Raelynn's perspective, the celery is not in its initial location by the end of the story. The answer is B. [[B]]",1,,True,rationale_cot_3shot,,1
22507c5ad0c328ab,3b115a21a60e0287,92e785451ba152e9,OpenToM,location-cg,Belief,Location False Beliefs,A,B,"Based on the story, Emerson left the room without taking the oranges, so they remained in their initial location. Therefore, the correct answer is B. [[B]]",0,,True,rationale_cot_3shot,,1
10ed47fae9606bd1,f3f2397ede475ca4,1567dec6ae107fdc,OpenToM,attitude,Emotion/Attitude,Attitude,A,B,"Based on the story, Caiden's reaction to Cristian's action is described as ""puzzled"" and he ""couldn't understand why Cristian would go to such lengths for a fruit he despised."" This indicates a negative attitude. Therefore, the answer is B. [[B]]",0,,True,rationale_cot_3shot,,1
63c1622f49eee04d,38e3d2894340950c,c9d336dffffccc7e,OpenToM,location-cg,Belief,Location False Beliefs,B,B,"Based on the story, Luna moved the hat from the pantry to a display case. Therefore, from Luna's perspective, the hat is not in its initial location by the end of the story. The correct answer is B. [[B]]",1,,True,rationale_cot_3shot,,1
254686459dc3355d,5ba730537d563461,319bd6d8246a2be6,OpenToM,attitude,Emotion/Attitude,Attitude,C,B,"Let's reason step by step: Given the context, Clara would be surprised and possibly annoyed by Alexander's action. This points to option B. [[B]]",0,,True,rationale_cot_3shot,,1
42a7a842e4610454,025167859bc2a532,a0b5df5e75dde77c,OpenToM,attitude,Emotion/Attitude,Attitude,C,A,"Based on the story, Angel's reaction to Delilah's action would be positive because Angel adores slippers and would appreciate Delilah's effort to keep them out of sight. Therefore, the answer is A. [[A]]",0,,True,rationale_cot_3shot,,1
91e498c30d485a71,1e6bfa0100be595e,920fae16c2758c91,OpenToM,attitude,Emotion/Attitude,Attitude,C,C,"Based on the story, Mason's expression betrayed a mix of confusion and intrigue, which suggests a neutral attitude. Therefore, the answer is C. [[C]]",1,,True,rationale_cot_3shot,,1
d92995eff4bf503f,844b762e7222f2dd,78057fcc1b4755f8,OpenToM,location-cg,Belief,Location False Beliefs,A,B,[[B]],0,,True,rationale_cot_3shot,,1
a163ab8c183320d2,8607ee5b60bf072d,2181a8735d0e2b14,OpenToM,location-cg,Belief,Location False Beliefs,B,B,[[B]],1,,True,rationale_cot_3shot,,1
dc9c2ee641384c19,72d7ccf50ba773d4,6e21054ca7567d82,OpenToM,location-cg,Belief,Location False Beliefs,B,B,"Based on the story provided, Brantley discarded the belt in the trash bin, so the belt is not in its initial location by the end of the story. The answer is B. [[B]]",1,,True,rationale_cot_3shot,,1
239fe406dcd83dd9,45abbe88fc901a5a,b213b8e0bfc9587a,OpenToM,location-cg,Belief,Location False Beliefs,A,B,"Based on the story provided, Caiden left the living room and let Knox enjoy the peach all to himself. However, Knox moved the peach to his own fridge. Therefore, from Caiden's perspective, the peach is not in its initial location by the end of the story. The answer is B. [[B]]",0,,True,rationale_cot_3shot,,1
bca83a058b9091f8,732e68af31659039,10eca098a4f7d6a9,OpenToM,attitude,Emotion/Attitude,Attitude,C,C,"Let's reason step by step: I track the actions and reactions of Jordan in the story. Jordan initially watches in silence, unsure of Robert's intentions, but ultimately feels relieved. This indicates a positive attitude towards Robert's action. This points to option C. [[C]]",1,,True,rationale_cot_3shot,,1
582a610cd545d2ea,9f7599396dcd73f7,7588730c8c218ac9,OpenToM,location-cg,Belief,Location False Beliefs,B,B,"Based on the story provided, Ximena moves the green pepper to the kitchen counter. Therefore, from Ximena's perspective, the green pepper is not in its initial location by the end of the story. The answer is B. [[B]]",1,,True,rationale_cot_3shot,,1
6912c93ce1d9fe6c,b67c79f5b0ae9b0b,017e5cc2122af34f,OpenToM,attitude,Emotion/Attitude,Attitude,A,A,"Based on the story, Felix's reaction to Genesis's action is not mentioned directly, but since he didn't protest or show any negative feelings about her action, we can assume his attitude is positive. Therefore, the answer is A. [[A]]",1,,True,rationale_cot_3shot,,1
8a711e4922f2316e,7cdfbcc8303399b7,4b97b3597797c5cc,OpenToM,attitude,Emotion/Attitude,Attitude,A,B,"Based on the story, Jaylen's reaction to Emerson's action shows a positive attitude. Emerson made an effort to accommodate Jaylen's dislike of peas, which indicates a positive gesture. Therefore, the answer is B. [[B]]",0,,True,rationale_cot_3shot,,1
c7dc11928fabfb63,aa435b2651da2006,6aa5640a274e7b1d,OpenToM,location-cg,Belief,Location False Beliefs,B,B,[[B]],1,,True,rationale_cot_3shot,,1
5b92fe77c88a4201,91f33b2f19efd589,723e6bacc103d084,OpenToM,attitude,Emotion/Attitude,Attitude,C,B,"Let's reason step by step: I track the actions and Mia's reaction in the story. Mia was unaware of Axel's actions, so her attitude would remain neutral. This points to option B. [[B]]",0,,True,rationale_cot_3shot,,1
664971cd14869175,f6a0e3057a3c51b0,216b933729857a8a,OpenToM,attitude,Emotion/Attitude,Attitude,C,C,"Let's reason step by step: Given the context, Madelyn had an insatiable fondness for tangerines, so her reaction to James moving the tangerine to the compost bin would likely be negative. This points to option C. [[C]]",1,,True,rationale_cot_3shot,,1
3b658fc6fc01e5ca,6ffd4350c220d963,8e454b31a5a28b8b,OpenToM,location-cg,Belief,Location False Beliefs,A,B,"Based on the story, Kevin left the sunroom after finding the pineapple in the treasure chest. Mackenzie moved the pineapple to the dining table, but since Kevin didn't notice or react to this, we can assume he still sees the pineapple in its initial location. Therefore, the answer is B. [[B]]",0,,True,rationale_cot_3shot,,1
21dd9c8c160e186c,e710bac4a531ca70,f17a3bb336e86c28,OpenToM,location-cg,Belief,Location False Beliefs,B,B,[[B]],1,,True,rationale_cot_3shot,,1
fe4fd32363bcfc40,274a48fb3db857ce,126a3045a192c9e0,OpenToM,location-cg,Belief,Location False Beliefs,B,B,"Based on the story, we can infer that Ibrahim was watching Natalia's actions and understood her intention. Since he didn't move the tomato, it implies it remained in its initial location. Therefore, the answer is B. [[B]]",1,,True,rationale_cot_3shot,,1
a9ed2ff6ecc08bce,eb365499e0455f1a,26015f06fa4a0046,OpenToM,location-cg,Belief,Location False Beliefs,B,B,[[B]],1,,True,rationale_cot_3shot,,1
4f8ba60747c04f5c,0d1f1144330e10fd,49391c4badf44758,OpenToM,attitude,Emotion/Attitude,Attitude,B,C,"Let's reason step by step: Given the context, Walter's initial reaction was to leave without investigating further, indicating he might not be too happy about Riley's action. However, Riley's intention was to help him, suggesting Walter might appreciate her effort. Since the story doesn't explicitly state Walter's reaction, we can infer a neutral attitude. [[C]]",0,,True,rationale_cot_3shot,,1
fd98de905bd451b2,f8bc29a197b0126a,307fecbbd14e4de3,OpenToM,location-cg,Belief,Location False Beliefs,B,B,"Based on the story, Tate stealthily moved the underpants from the drawer to the bathroom counter. Therefore, from Tate's perspective, the underpants are not in their initial location by the end of the story. The answer is B. [[B]]",1,,True,rationale_cot_3shot,,1
194743edaca174b5,d43bdd1efb504440,176c3e5e1f218090,OpenToM,attitude,Emotion/Attitude,Attitude,C,B,"Let's reason step by step: Given the context, Sadie finds Kayden's action neutral since she was unaware of it. This points to option B. [[B]]",0,,True,rationale_cot_3shot,,1
fcba850a6a43a719,86f7db49c9dffeb0,a56efe134972e8f3,OpenToM,location-cg,Belief,Location False Beliefs,B,B,[[B]],1,,True,rationale_cot_3shot,,1
5c8f7940a0b22c94,ab01ae98a21f36dd,abb7e7527cf984c3,OpenToM,location-cg,Belief,Location False Beliefs,B,B,"Based on the story, Brody moved the suitcase of beans to the nearby trash can. Therefore, from Brody's perspective, the beans are not in their initial location. The correct answer is B. [[B]]",1,,True,rationale_cot_3shot,,1
984b273e8f3a4254,9b4ce35d7b3c2b15,5e55dbf2669c254d,OpenToM,location-cg,Belief,Location False Beliefs,A,A,"Based on the story provided, Chance's perspective is that the orange is still in its initial location by the end of the story. He left the staircase without knowing Jaden's actions. Therefore, the correct answer is:

[[A]]",1,,True,rationale_cot_3shot,,1
f3f6e9dcba494372,b37c61b73d44f66a,58abf82cdc906d80,OpenToM,location-cg,Belief,Location False Beliefs,B,B,"Based on the story, Aria moved the hat to the trash can, so from Aria's perspective, the hat is not in its initial location. The correct answer is B. [[B]]",1,,True,rationale_cot_3shot,,1
1e15a88d34142556,b52f41bf50ab4d8c,4ec578af43cb3f47,OpenToM,attitude,Emotion/Attitude,Attitude,A,A,"Based on the story, Xander's reaction shows that he was bewildered but also intrigued by Audrey's actions. Therefore, the most fitting answer is:

[[A]]",1,,True,rationale_cot_3shot,,1
5a208825955ff28b,78226b636e205a25,5c3e6489c133697d,OpenToM,attitude,Emotion/Attitude,Attitude,C,C,"Based on the story, Luke is unaware of Brian's action and would likely feel negative about it since he dislikes raincoats. Therefore, the answer is C. [[C]]",1,,True,rationale_cot_3shot,,1
e1af1f7ea509590d,b253755fa8c797ad,5b1e7f22551979f6,OpenToM,location-cg,Belief,Location False Beliefs,A,B,"Based on the story provided, Cyrus returns to the attic and doesn't know about Ella's actions. Therefore, from Cyrus's perspective, the hat remains in its initial location. The answer is B. [[B]]",0,,True,rationale_cot_3shot,,1
81f3cf8451a3f18e,b47b625609dfa80d,7b8dd26c1f47cd9c,OpenToM,attitude,Emotion/Attitude,Attitude,A,A,"Based on the story, Emiliano's reaction to Antonio's action is perplexed and he wonders why someone would go to such lengths to hide a raincoat. This indicates a negative attitude towards Antonio's action. Therefore, the answer is A. [[A]]",1,,True,rationale_cot_3shot,,1
f514d2e0729689b0,f9151122033e1e7d,c8f67772aa3b366d,OpenToM,attitude,Emotion/Attitude,Attitude,C,B,"Let's reason step by step: Given the context, Jack's reaction is not explicitly stated, but we can infer from Cora's actions and her intentions. She moved the lemon to minimize any discomfort Jack might feel. This implies that Jack's attitude towards Cora's action is likely positive. [[B]]",0,,True,rationale_cot_3shot,,1
d646eda8beee08de,c1d8827e82078500,9a3cc08f2379bc33,OpenToM,location-cg,Belief,Location False Beliefs,A,B,"Based on the story provided, Sarah left the garden and did not return. Since Kendrick moved the jacket to Sarah's closet after she left, from Sarah's perspective, the jacket is not in its initial location by the end of the story. Therefore, the answer is B. [[B]]",0,,True,rationale_cot_3shot,,1
bfe6cc27dfc867ed,7093f7a44c7d23c6,7c0d55ab09df1086,OpenToM,attitude,Emotion/Attitude,Attitude,B,C,"Let's reason step by step: Given the context, Sophie would be surprised and pleased by Leon's kind action. This points to option C. [[C]]",0,,True,rationale_cot_3shot,,1
2256aa0b731fd265,769a49cc18b8aee1,5ac6979047900c11,OpenToM,attitude,Emotion/Attitude,Attitude,A,A,"Based on the story, Arthur's reaction is not explicitly stated, but the context suggests he was aware of Joshua's action and it was done in a selfless manner. Given the context, the most likely answer is:

[[A]]",1,,True,rationale_cot_3shot,,1
32e34e4747e86f1e,47e9f957f839b7ad,0909cfb03df3babc,OpenToM,location-cg,Belief,Location False Beliefs,B,B,"Based on the story, Raymond moves the cabbage to the trash bin, so the cabbage is not in its initial location by the end of the story. The correct answer is B. [[B]]",1,,True,rationale_cot_3shot,,1
f2ee7bcf1662d55a,204cb028b4406e48,3bbc95a6cbac32c4,OpenToM,location-cg,Belief,Location False Beliefs,A,B,"Based on the story, Abraham left the kitchen without touching the cherry. Therefore, the cherry was not in its initial location by the end of the story. The correct answer is B. [[B]]",0,,True,rationale_cot_3shot,,1
709000a078d95be9,da355f5e177186d5,526f5cc903c725a7,OpenToM,location-cg,Belief,Location False Beliefs,B,B,"Based on the story, Erik moved the apple to the trash can, so from his perspective, the apple is not in its initial location. The correct answer is B. [[B]]",1,,True,rationale_cot_3shot,,1
f15d04614cd3a848,ab56e6f32931f8a6,4ab9308f4936b84c,OpenToM,location-cg,Belief,Location False Beliefs,B,B,"Based on the story, Nathan moved the t-shirt to his own closet, so the t-shirt is no longer in its initial location. The answer is [[B]].",1,,True,rationale_cot_3shot,,1
b93dec908bf48b80,938a05b00fa4bc42,5673afe57ebeb70f,OpenToM,attitude,Emotion/Attitude,Attitude,B,C,"Let's reason step by step: Given the context, Jonah left the pantry without knowing about Austin's actions. This implies that Jonah would likely have a neutral attitude towards Austin's action. This points to option C. [[C]]",0,,True,rationale_cot_3shot,,1
362236883e74807e,dd4b70ae9da3474b,002f347de9897829,OpenToM,attitude,Emotion/Attitude,Attitude,B,C,"Let's reason step by step: Given the context, Robert's reaction is based on his lack of knowledge about Nora's actions. Since he didn't know about the move, his attitude would be neutral. This points to option C. [[C]]",0,,True,rationale_cot_3shot,,1
f712e5c2e00625e1,b12baa19d498ab3b,6da5cfb9a117181f,OpenToM,location-cg,Belief,Location False Beliefs,B,B,"Based on the story, Archer moved the sweater to Camden's closet. Therefore, from Archer's perspective, the correct answer is:

[[B]]",1,,True,rationale_cot_3shot,,1
b0d486958a6562a7,3664d8b0356db1ec,7588730c8c218ac9,OpenToM,location-cg,Belief,Location False Beliefs,B,B,"Based on the story provided, we can infer that the green pepper was initially in the box. Ximena moved it to the kitchen counter. Therefore, from Israel's perspective, the green pepper is not in its initial location by the end of the story. The answer is B. [[B]]",1,,True,rationale_cot_3shot,,1
100e26bfb56b768e,46a4355b1a33dc94,d8f76edc028b5a92,OpenToM,location-cg,Belief,Location False Beliefs,A,B,"Based on the story, we can infer that Hayden moved the shoes to the entrance shoe rack, so from his perspective, the shoes are not in their initial location. Therefore, the answer is B. [[B]]",0,,True,rationale_cot_3shot,,1
1d09f1b48ba3efad,c338bd275e6ed0ca,828d565a10cd4041,OpenToM,attitude,Emotion/Attitude,Attitude,B,A,"Let's reason step by step: Eva's reaction to Benjamin's action is crucial here. She finds the cabbage repulsive, but she doesn't witness Benjamin's kind gesture. Given that she doesn't know about his action, her attitude would be neutral. This points to option A. [[A]]",0,,True,rationale_cot_3shot,,1
e0d2ad1b69c61620,9901e46af860c892,51c0f415f18b4873,OpenToM,location-cg,Belief,Location False Beliefs,B,B,"Based on the story provided, Maxwell took the container of cherries and moved it to his own refrigerator. Therefore, from Maxwell's perspective, the cherry is not in its initial location by the end of the story. The answer is B. [[B]]",1,,True,rationale_cot_3shot,,1
f102428ada3187cf,450b4ba0acbfc757,5b2ea8016217bef9,OpenToM,location-cg,Belief,Location False Beliefs,A,B,[[B]],0,,True,rationale_cot_3shot,,1
6893ca3118113148,38ca9989ff2b4840,3147dc1de416ed21,OpenToM,location-cg,Belief,Location False Beliefs,A,B,"Based on the story provided, we can conclude that from Brooks's perspective, the onion is not in its initial location by the end of the story. Therefore, the correct answer is:

[[B]]",0,,True,rationale_cot_3shot,,1
93bdb2824c619c96,528aae070ea3820a,9dc13e980759cfd6,OpenToM,location-cg,Belief,Location False Beliefs,A,B,"Based on the story, Russell saw the tangerine and left without taking it. Therefore, from Russell's perspective, the tangerine is not in its initial location by the end of the story. The correct answer is B. [[B]]",0,,True,rationale_cot_3shot,,1
1691dfbb67146c22,63a529ca14962e31,003f5641c3a44c75,OpenToM,location-cg,Belief,Location False Beliefs,B,B,"Based on the story provided, the answer is B. [[B]]",1,,True,rationale_cot_3shot,,1
a8566de72dfb4e79,92f7321569f28623,fc5c7b7f6896649b,OpenToM,location-cg,Belief,Location False Beliefs,B,B,"Based on the story provided, Ryder observes Gianna moving the tomato to her refrigerator. This implies that Ryder sees the tomato in Gianna's refrigerator at the end of the story. Therefore, the answer is:

[[B]]",1,,True,rationale_cot_3shot,,1
4e4cda74a93fad8c,f491971b7c50ff18,b1cf61f81bcf4d72,OpenToM,attitude,Emotion/Attitude,Attitude,B,A,"Let's reason step by step: Ethan saw Violet moving the persimmon to her bedside table, but there's no indication that he disapproves of her actions. He simply saw her do it. This points to option A. [[A]]",0,,True,rationale_cot_3shot,,1
a8c9c2352a4a1921,844e37ba87076995,71aa24e3b63b2b09,OpenToM,location-cg,Belief,Location False Beliefs,B,B,"Based on the story provided, Martin had seen Isaiah move the basket to the waste disposal area. Therefore, from Martin's perspective, the persimmons are not in their initial location by the end of the story. The answer is B. [[B]]",1,,True,rationale_cot_3shot,,1
939850b51e8c338e,96cd849babf2c74d,e4e18e5ba80adf92,OpenToM,location-cg,Belief,Location False Beliefs,A,A,"Based on the story provided, we can infer that Jaxon left the drawer containing the stockings untouched because he was unaware of Bennett's actions. Therefore, the stockings remain in their initial location by Jaxon's perspective. The answer is:

[[A]]",1,,True,rationale_cot_3shot,,1
096ee169200a4483,b75754f8d40e646f,82ca2116aa383403,OpenToM,location-cg,Belief,Location False Beliefs,B,B,[[B]],1,,True,rationale_cot_3shot,,1
e52a5af1e998ed58,9a428630b3d5c2cf,5d5e370961ee100d,OpenToM,location-cg,Belief,Location False Beliefs,B,B,"Based on the story, Enzo's reaction to Alejandro's bold move is not specified, but the logical conclusion is that the pineapple is not in its initial location. Therefore, the answer is B. [[B]]",1,,True,rationale_cot_3shot,,1
46733417a0e53cb3,8006353df38d7a43,d9055b8cb6aa47f2,OpenToM,attitude,Emotion/Attitude,Attitude,B,B,"Let's reason step by step: Given the context, Athena's reaction to Dante's action can be inferred from her actions and words in the story. Since she was searching for a spare pair of slacks and appreciated the convenience they provided, and she didn't expect any praise or recognition, her attitude would be positive. This points to option B. [[B]]",1,,True,rationale_cot_3shot,,1
71b8a6a29dc66e05,aecd55a3a2eb93de,604a14367eeb02bf,OpenToM,location-cg,Belief,Location False Beliefs,B,B,[[B]],1,,True,rationale_cot_3shot,,1
21792316b27d00cc,312e24f23928e2ab,d05a12610572138d,OpenToM,attitude,Emotion/Attitude,Attitude,B,B,"Let's reason step by step: I track the character's perspective and emotions in the story. Avery's reaction to Blake's action is described as ""watching in silence"" and ""the act seemingly inconsequential yet somewhat intriguing."" This indicates a neutral attitude. This points to option B. [[B]]",1,,True,rationale_cot_3shot,,1
49c34d388c79fde2,ead4abcb1057a81c,862d19c88e039be3,OpenToM,location-cg,Belief,Location False Beliefs,B,B,[[B]],1,,True,rationale_cot_3shot,,1
a019ad5c7d85ec72,ad33e55439de98bf,fa329f44f3dad80a,OpenToM,attitude,Emotion/Attitude,Attitude,B,B,"Let's reason step by step: Given the context provided, Adalynn's reaction to Josephine's action can be inferred based on Adalynn's known preference for jeans. Since Adalynn loves jeans and Josephine moved them to her closet, Adalynn would likely be surprised and pleased by this gesture. This points to option B. [[B]]",1,,True,rationale_cot_3shot,,1
73d71b72e21d9bd2,5097758abf204a06,21989e92660579f0,OpenToM,location-cg,Belief,Location False Beliefs,B,B,"Based on the story, Leonardo moved the cherry from the treasure chest to the kitchen. Therefore, from Leonardo's perspective, the cherry is not in its initial location by the end of the story. The answer is B. [[B]]",1,,True,rationale_cot_3shot,,1
0eeb247a07778b06,23cc1819b7b903f0,0cb5673c59e47e86,OpenToM,location-cg,Belief,Location False Beliefs,B,B,[[B]],1,,True,rationale_cot_3shot,,1
8ba6fa97d7299f7a,e7fe480ca0fa1f94,9f811bf18fe19b4b,OpenToM,location-cg,Belief,Location False Beliefs,B,B,"Based on the story provided, Edwin mistakenly believed that Kyle despised green peppers and took the green pepper without Kyle knowing. However, the story does not explicitly state whether he put it back or not. Given the context, the most logical inference is that Edwin took the green pepper and kept it, making the correct answer:

[[B]]",1,,True,rationale_cot_3shot,,1
7a03cb7178f0aad1,acbb4c0de1a60639,5eb85e774daf85d0,OpenToM,location-cg,Belief,Location False Beliefs,B,B,"Based on the story provided, Angel moved the lettuce from the bathtub to the trash can. Therefore, from Angel's perspective, the lettuce is not in its initial location by the end of the story. The correct answer is B. [[B]]",1,,True,rationale_cot_3shot,,1
20bb3cf8e22612ed,f697622b84c84521,af1de30064009804,OpenToM,location-cg,Belief,Location False Beliefs,B,B,"Based on the story, Pedro was silently observing Damien's actions and knew exactly what Damien did. Therefore, the corn was moved by Damien. The correct answer is B. [[B]]",1,,True,rationale_cot_3shot,,1
37f1bf8f31ad356d,701e829a12feb5b6,47412df7821ab203,OpenToM,attitude,Emotion/Attitude,Attitude,C,C,"Let's reason step by step: Given the context, Jeremiah's reaction is based on his lack of knowledge about Ali's actions. Since he doesn't witness Ali's compassionate action, his attitude can be inferred as neutral. This points to option C. [[C]]",1,,True,rationale_cot_3shot,,1
5b1cc717329d40c8,9e6fcabd6838aacf,1ec3a182ad9302a4,OpenToM,location-cg,Belief,Location False Beliefs,A,B,"Based on the story, Henry left the room before Kade moved the spinach. Therefore, from Henry's perspective, the spinach is not in its initial location by the end of the story. The answer is B. [[B]]",0,,True,rationale_cot_3shot,,1
9de2ff5d3f06448a,97f28901566f0f0f,0c4ddad263e3177d,OpenToM,location-cg,Belief,Location False Beliefs,B,B,[[B]],1,,True,rationale_cot_3shot,,1
13e6b4e87d67a44f,bb2408af0e0495a1,bf6dbf8481b505e1,OpenToM,attitude,Emotion/Attitude,Attitude,A,A,"Let's reason step by step: I track the actions and emotions expressed in the story. Jasper's action of moving the pumpkin to the dining table is described as ""carefully"" and ""precious treasure,"" indicating a positive attitude. This points to option A. [[A]]",1,,True,rationale_cot_3shot,,1
fd5e829ccaee791b,398d6ddf046e16e4,aaffccfbdd3b7ab9,OpenToM,location-cg,Belief,Location False Beliefs,B,B,[[B]],1,,True,rationale_cot_3shot,,1
1dc831d850c1ac29,5e87cbc67300af1e,7417b9a1e87aa9af,OpenToM,location-cg,Belief,Location False Beliefs,B,B,[[B]],1,,True,rationale_cot_3shot,,1
adf79b0126279c57,84b30a799801bd40,035a73e2c137f0ad,OpenToM,location-cg,Belief,Location False Beliefs,A,A,"Based on the story, we can infer that Jayden left the garden without knowing about the relocation of the peas. Therefore, from Jayden's perspective, the peas are still in their initial location. The answer is A. [[A]]",1,,True,rationale_cot_3shot,,1
1d9f1a79f19e889c,d8c53f573d278b14,18d79b737cf28590,OpenToM,location-cg,Belief,Location False Beliefs,B,B,"Based on the story, Jaylen stands in silence after Marcos moves the boots, and there's no indication that Jaylen wants the boots back in the bathtub. Therefore, we can assume that the boots are not in their initial location by the end of the story. The answer is B. [[B]]",1,,True,rationale_cot_3shot,,1
0edf4f659ef2c3a7,57118dc4aaaaed3b,1099786105398811,OpenToM,attitude,Emotion/Attitude,Attitude,B,B,"Let's reason step by step: Kameron's reaction is influenced by her feelings about celery and her observation of Romeo's actions. Since Kameron enjoys celery, she would likely feel negative about Romeo's action. This points to option B. [[B]]",1,,True,rationale_cot_3shot,,1
68b7211b026bf662,f6abc7b371a8fc7a,3208aaf1717b4373,OpenToM,location-cg,Belief,Location False Beliefs,B,B,[[B]],1,,True,rationale_cot_3shot,,1
ff2d47b3b7a64b2a,69962354f08c1143,cdc49ce93ec735f1,OpenToM,attitude,Emotion/Attitude,Attitude,A,A,Let's reason step by step: I track Samantha's reaction and feelings towards Abraham's action. This points to option A. [[A]],1,,True,rationale_cot_3shot,,1
251553997d175880,4b5ee4215bafa21e,547a8a61c36c002a,OpenToM,location-cg,Belief,Location False Beliefs,B,B,"Based on the story, we can infer that Asher moved the slacks from their initial location (the cupboard) to the trash bin. Therefore, from Asher's perspective, the slacks are not in their initial location by the end of the story. The correct answer is B. [[B]]",1,,True,rationale_cot_3shot,,1
39602c6f09a8ade0,0d19fe25db6ecea9,69ef9df0461acfbf,OpenToM,location-cg,Belief,Location False Beliefs,B,B,[[B]],1,,True,rationale_cot_3shot,,1
37e255d492fcd938,0d4160a066c7d817,d7e2ba58fd85d627,OpenToM,location-cg,Belief,Location False Beliefs,B,B,[[B]],1,,True,rationale_cot_3shot,,1
b9d40a04bbcedf0c,45ac0e815be1de62,e3fb3f37900e9a18,OpenToM,location-cg,Belief,Location False Beliefs,B,B,"Based on the story, Nehemiah moved the slacks to his bedroom, so from Nehemiah's perspective, the slacks are not in their initial location by the end of the story. The answer is B. [[B]]",1,,True,rationale_cot_3shot,,1
596aa1d75135a395,af892e00870d8704,d4b1070ab1840755,OpenToM,attitude,Emotion/Attitude,Attitude,C,A,"Let's reason step by step: Given the context, Layla's reaction to Milo's action is based on her knowledge of his behavior and his dislike for corn. This points to option A. [[A]]",0,,True,rationale_cot_3shot,,1
78fb21a5f0293180,f2ab517a2c857011,8b4704e64854c22f,OpenToM,attitude,Emotion/Attitude,Attitude,C,B,"Let's reason step by step: I track who has access to which information in the story, then check what the relevant character would infer given only what they observed. Alexis was watching Mason move the shirt to the trash can and was bewildered by it. This indicates a negative reaction. [[B]]",0,,True,rationale_cot_3shot,,1
177aa2f011aa4fa0,190d9c147ea93dc5,a4e917bcc4075e1f,OpenToM,attitude,Emotion/Attitude,Attitude,A,B,"Let's reason step by step: Given the context, Matthew is unaware of Landon's secret mission. He left the crawlspace without a word, indicating he did not express any reaction or sentiment about Landon's action. This suggests a neutral attitude. [[B]]",0,,True,rationale_cot_3shot,,1
06ef407ad3aefe2e,9d6015ec580fd03b,ffe3b2473766190f,OpenToM,location-cg,Belief,Location False Beliefs,A,B,"Based on the story, Lydia's perspective is that the peas are moved to her tableware, so they are not in their initial location. Therefore, the correct answer is B. [[B]]",0,,True,rationale_cot_3shot,,1
717f39ef2cf37eb0,3977b7285d5d76d8,ab07df84ee429b41,OpenToM,location-cg,Belief,Location False Beliefs,A,B,"Based on the story provided, Jonathan exits the den before Brian moves the persimmons. Therefore, Jonathan would not see the persimmons in their new location. The correct answer is:

[[B]]",0,,True,rationale_cot_3shot,,1
e11cc7fbbe895ae6,6de7ae03d56804de,a0b5df5e75dde77c,OpenToM,location-cg,Belief,Location False Beliefs,B,A,"Based on the story, we can infer that Angel saw the slippers and was delighted by them, but there's no indication that Angel moved the slippers or wanted them to stay in the cellar. Therefore, the slippers were initially in the crate by the end of the story according to Angel's perspective. The answer is A. [[A]]",0,,True,rationale_cot_3shot,,1
f7ad2bdac0b28b4f,7cf14ca359300830,33e4b82672fe01e2,OpenToM,attitude,Emotion/Attitude,Attitude,A,C,"Let's reason step by step: Given the context that Connor and Cayden share a dislike for bananas and that Cayden moved the banana, Connor's reaction would likely be negative due to Cayden's action. This points to option C. [[C]]",0,,True,rationale_cot_3shot,,1
ffd49dd05b034ee3,6459f06d70923bd0,3c35301b737fe777,OpenToM,attitude,Emotion/Attitude,Attitude,C,A,"Let's reason step by step: Given the context, Zoe was initially surprised and curious about Jeremy's actions, but she didn't explicitly express her attitude. However, since she didn't react negatively, and considering the context of her and Jeremy's shared dislike for coats, the most likely answer is neutral. [[A]]",0,,True,rationale_cot_3shot,,1
050dff2fa74c1cec,70a1d9c8406bf6d6,20f7b03855153d4f,OpenToM,attitude,Emotion/Attitude,Attitude,C,C,"Let's reason step by step: Given the context, Gideon unexpectedly left the patio without knowing that Marcos had moved the trousers to the store window. This implies Gideon would be surprised and possibly upset upon finding out. Therefore, the most likely answer is C. [[C]]",1,,True,rationale_cot_3shot,,1
a95e7fc31b43b18a,e5cd1bdee527c71b,c5d034f68fb3da8f,OpenToM,location-cg,Belief,Location False Beliefs,B,B,[[B]],1,,True,rationale_cot_3shot,,1
44246c1254403908,9fff1cadd17332dd,559b016be3930060,OpenToM,location-cg,Belief,Location False Beliefs,B,B,"Based on the story provided, Rylee moved the tangerine from the treasure chest to the center of the table. Therefore, from Rylee's perspective, the tangerine is not in its initial location by the end of the story. The correct answer is B. [[B]]",1,,True,rationale_cot_3shot,,1
7188b6700ebf93b1,afc8bb4d6bb391ad,1780ce076c25e99f,OpenToM,attitude,Emotion/Attitude,Attitude,B,A,"Let's reason step by step: Given the context, Mila left the garden in a hurry without seeing Jonah's action. This implies she would likely feel negative about it. [[A]]",0,,True,rationale_cot_3shot,,1
08f212f2b1d31987,6722696f206ad887,d763e425b82733a5,OpenToM,location-cg,Belief,Location False Beliefs,A,B,"Based on the story, Sophia left the back yard without seeing the pajamas moved by Ava. Therefore, from Sophia's perspective, the pajamas are not in their initial location by the end of the story. The answer is B. [[B]]",0,,True,rationale_cot_3shot,,1
6cbb92535d93cb2c,86d4be98c2b92bdc,5993c5c70eb4e621,OpenToM,location-cg,Belief,Location False Beliefs,B,B,[[B]],1,,True,rationale_cot_3shot,,1
ed2ef7f20464cfa4,b3ecf35f5dc944ae,44cb8084a4c5dea0,OpenToM,location-cg,Belief,Location False Beliefs,B,B,"Based on the story, Jorge saw Clayton pick up the potato and store it safely away from his reach. This implies the potato was moved. Therefore, the correct answer is:

[[B]]",1,,True,rationale_cot_3shot,,1
614031df30acde79,279dc2ecf824278f,a56efe134972e8f3,OpenToM,location-cg,Belief,Location False Beliefs,A,A,"Let's reason step by step: We need to focus on Armani's perspective and actions. According to the story, Armani was the first to spot the cucumber and left the garage immediately. This means Armani did not move the cucumber or change its location. Therefore, from Armani's perspective, the cucumber remains in its initial location. This points to option A. [[A]]",1,,True,rationale_cot_3shot,,1
6e47a6bbfcb48490,fc23c6e7473aebd4,216b933729857a8a,OpenToM,location-cg,Belief,Location False Beliefs,B,B,"Based on the story, James moved the tangerine to the compost bin. Therefore, from James's perspective, the tangerine is not in its initial location by the end of the story. The answer is B. [[B]]",1,,True,rationale_cot_3shot,,1
fb73cda6c814c463,f7e183a2001ca6a3,6aa5640a274e7b1d,OpenToM,location-cg,Belief,Location False Beliefs,A,B,[[B]],0,,True,rationale_cot_3shot,,1
d5d4b3fd94c33f7d,adc2d9af0cfca302,8394e528ca65bb16,OpenToM,attitude,Emotion/Attitude,Attitude,B,A,"Let's reason step by step: Given the context, Maximus left the back yard before Jaden moved the pants to his closet, so he wouldn't know about Jaden's action. This means Maximus would have a neutral attitude towards Jaden's action. [[A]]",0,,True,rationale_cot_3shot,,1
477a15593e1859da,0e0bf74d24cb90af,5d5b1e5520410fc9,OpenToM,location-cg,Belief,Location False Beliefs,B,B,[[B]],1,,True,rationale_cot_3shot,,1
ecbe8768d63f8d67,be7ded33781f7ce7,e781ec6d6fbba392,OpenToM,location-cg,Belief,Location False Beliefs,B,B,[[B]],1,,True,rationale_cot_3shot,,1
41d340b2630c29dd,48551a28a76e67c8,66b6081dcaed6d2e,OpenToM,location-cg,Belief,Location False Beliefs,A,A,"Based on the story provided, Reid exited the kitchen without engaging in any potential skirt-related arguments, indicating he did not witness the skirt's removal. Therefore, we can assume the skirt was still in its initial location by the end of the story from Reid's perspective. The answer is:

[[A]]",1,,True,rationale_cot_3shot,,1
e839bcc02766392c,2e532f727c8606a3,bd1bc50811bc555c,OpenToM,attitude,Emotion/Attitude,Attitude,A,A,Let's reason step by step: I track Anderson's reaction to Simon's action. This points to option A. [[A]],1,,True,rationale_cot_3shot,,1
136aea8a47553c34,fbc361fae90030e0,7999ef517a2dc6f1,OpenToM,location-cg,Belief,Location False Beliefs,B,B,[[B]],1,,True,rationale_cot_3shot,,1
65e83926356679b3,fda432e190fe7b2c,b07dd20ebe06c82a,OpenToM,location-cg,Belief,Location False Beliefs,B,B,"Based on the story, Christian moved the underpants to the closet compartment, so the underpants are not in their initial location by the end of the story. The answer is B. [[B]]",1,,True,rationale_cot_3shot,,1
d51a81e91db4e0a0,1da8f8c1a93c1f6b,63c139b2ae468012,OpenToM,location-cg,Belief,Location False Beliefs,B,B,"Based on the story, Daniel moved the sweatshirt to the wardrobe center. Therefore, from Daniel's perspective, the sweatshirt is not in its initial location. The correct answer is B. [[B]]",1,,True,rationale_cot_3shot,,1
79a3a93e0c26c445,72d20c220786824d,1ae80352668c11d1,OpenToM,location-cg,Belief,Location False Beliefs,A,B,"Based on the story provided, Sawyer left the plum in the box initially. Since the garbage collector took the plum, we can conclude that from Sawyer's perspective, the plum is not in its initial location by the end of the story. Therefore, the answer is B. [[B]]",0,,True,rationale_cot_3shot,,1
c04d78bbbb4f52bf,bc2d32a98393eafe,6070af6cc2df6cc3,OpenToM,attitude,Emotion/Attitude,Attitude,B,A,"Let's reason step by step: Given the context, Justin's reaction is most likely to be negative due to Mark's selfish behavior. This points to option A. [[A]]",0,,True,rationale_cot_3shot,,1
afc00885927b042b,cf56f502351d224a,aa7d0147b37bb2c3,OpenToM,location-cg,Belief,Location False Beliefs,B,B,"Based on the story provided, Gabriella picks up the orange and moves it to her own refrigerator, indicating it is not in its initial location by the end of the story. Therefore, the correct answer is:

[[B]]",1,,True,rationale_cot_3shot,,1
bb96d50468b4c215,6651258128482987,ff8f672a1c31168d,OpenToM,location-cg,Belief,Location False Beliefs,B,B,[[B]],1,,True,rationale_cot_3shot,,1
a71304106f92cabd,bb1a0849fdf84e6d,126a3045a192c9e0,OpenToM,location-cg,Belief,Location False Beliefs,B,B,[[B]],1,,True,rationale_cot_3shot,,1
908bb0e1bf8e39e4,b0540f19e53d8e5c,c41e31d86cc13606,OpenToM,location-cg,Belief,Location False Beliefs,B,B,"Based on the story provided, we can infer that the tangerine was taken by Romeo, so from Chance's perspective, the tangerine is not in its initial location by the end of the story. Therefore, the answer is B. [[B]]",1,,True,rationale_cot_3shot,,1
c2f14ff8ccb1cd6a,5534652da0a49a45,5f8c64148bd438b7,OpenToM,location-cg,Belief,Location False Beliefs,B,B,"Based on the story provided, Parker moved the grapefruit to the dining table centerpiece, so from Parker's perspective, the grapefruit is not in its initial location by the end of the story. Therefore, the answer is B. [[B]]",1,,True,rationale_cot_3shot,,1
457d60c93b520f66,cfb54e417e51590f,41fb975fec7bd0d5,OpenToM,location-cg,Belief,Location False Beliefs,B,B,"Based on the story, Edwin moved the celery to the refrigerator. Therefore, from Edwin's perspective, the celery is not in its initial location by the end of the story. The correct answer is B. [[B]]",1,,True,rationale_cot_3shot,,1
788d714f4f947774,6a3e9044e7405863,58abf82cdc906d80,OpenToM,attitude,Emotion/Attitude,Attitude,B,B,"Let's reason step by step: Given the context, Kyler's reaction to Aria's action would be negative because Aria moved the hat to make sure Kyler wouldn't see it. This points to option B. [[B]]",1,,True,rationale_cot_3shot,,1
8bac1456f890c19b,5894737a7c9a444c,6a2ae6945035a7cc,OpenToM,attitude,Emotion/Attitude,Attitude,A,A,"Let's reason step by step: Ava's reaction to Phoenix's action can be inferred from the context provided. Ava is described as being ""silent"" and ""filled with surprise,"" which suggests a negative reaction. This points to option A. [[A]]",1,,True,rationale_cot_3shot,,1
cd0e7c9a09034552,cd6b418215992f2a,d68d37afd61ba74f,OpenToM,attitude,Emotion/Attitude,Attitude,C,B,"Based on the story, Victoria's reaction and thoughts indicate a negative attitude towards Finnegan's actions. Therefore, the answer is B. [[B]]",0,,True,rationale_cot_3shot,,1
338b1aea989bf8b9,843d5f7f3693bb18,ae5167ff1787d672,OpenToM,attitude,Emotion/Attitude,Attitude,A,B,"Let's reason step by step: Given the context, Maximiliano left the lounge without seeing Sophie's action, and there's no indication he had any negative feelings about it. This points to option B. [[B]]",0,,True,rationale_cot_3shot,,1
369c5d4fc14cccc7,5d75de6cb96efa40,0ed9927faf15d2d3,OpenToM,attitude,Emotion/Attitude,Attitude,C,A,"Let's reason step by step: Given the context, Madison dislikes grapes due to Daniel's strong dislike. Daniel's action of moving the grapes to the living room is seen as a mischievous and potentially annoying act. This points to option A. [[A]]",0,,True,rationale_cot_3shot,,1
9b32c75f5f8550e5,a54e2b02164589b4,51c0f415f18b4873,OpenToM,location-cg,Belief,Location False Beliefs,B,B,"Based on the story provided, Frank's perspective is that Maxwell moved the cherry to his own refrigerator. Therefore, the correct answer is:

[[B]]",1,,True,rationale_cot_3shot,,1
1500c0688245ac51,cc4db6d2f5fbd435,002f347de9897829,OpenToM,location-cg,Belief,Location False Beliefs,B,B,[[B]],1,,True,rationale_cot_3shot,,1
904e9d2449ce6b5d,8f5cd7d9956adaca,0559e56b867b0e25,OpenToM,location-cg,Belief,Location False Beliefs,B,B,[[B]],1,,True,rationale_cot_3shot,,1
ddc45c179c5ba299,df043b50fc80feba,7c0d55ab09df1086,OpenToM,location-cg,Belief,Location False Beliefs,A,B,"Based on the story, Sophie did not see the pajamas moved by Leon. Therefore, from Sophie's perspective, the pajamas are still in their initial location. The answer is B. [[B]]",0,,True,rationale_cot_3shot,,1
47bf7ceab96b9c5e,138bb2e05b79b0f2,78057fcc1b4755f8,OpenToM,attitude,Emotion/Attitude,Attitude,B,C,"Let's reason step by step: From the story, we understand that Kendrick and Ari share an unusual hatred for lime. Since Kendrick saw the lime and immediately left the workshop without exchanging words, it implies he did not approve of Ari's action. This indicates a negative attitude towards Ari's action. [[C]]",0,,True,rationale_cot_3shot,,1
73e14b9e6c70be68,4f05d7a140ca12ab,005059a2cc5b0fa3,OpenToM,location-cg,Belief,Location False Beliefs,B,B,[[B]],1,,True,rationale_cot_3shot,,1
b750674ec873c7e9,7abee9e08990d2a4,ffe3b2473766190f,OpenToM,attitude,Emotion/Attitude,Attitude,A,A,Let's reason step by step: I track Lydia's reaction and feelings based on the story. Lydia is described as delighted when she finds the peas in the treasure chest. Jax's action of moving the peas to her tableware would further enhance her joy. This points to option A. [[A]],1,,True,rationale_cot_3shot,,1
8dd487f0e9ebccf8,46d903d6465054e4,d77e62e20fa8f933,OpenToM,attitude,Emotion/Attitude,Attitude,C,C,"Let's reason step by step: Given the context, Leo is unaware of Melanie's actions. He is confused and disappointed that the tie is missing. This indicates a negative attitude towards Melanie's action. [[C]]",1,,True,rationale_cot_3shot,,1
168745d4ba74db87,9f128005cf2bae7e,29cd4bf1cb16b4e0,OpenToM,location-cg,Belief,Location False Beliefs,A,B,"Based on the story, we can infer that Evelyn was the one who moved the broccoli to the rear of the patio, making it hidden from sight. Therefore, from Evelyn's perspective, the broccoli is not in its initial location by the end of the story. The correct answer is B. [[B]]",0,,True,rationale_cot_3shot,,1
dfc73f64893bdbc8,5b2ae1eb7b12f752,c0e981c4ed35a366,OpenToM,attitude,Emotion/Attitude,Attitude,A,C,"Let's reason step by step: Given the context, Gunner witnesses Noah's action but we don't have direct information about his reaction. However, since he didn't object or express any negative feelings, the most likely answer is neutral. [[C]]",0,,True,rationale_cot_3shot,,1
643ddef7d4b31b91,b2edc2ab952e0d40,4936ff462054be95,OpenToM,attitude,Emotion/Attitude,Attitude,C,B,"Based on the story, Andy's reaction is clearly shown as he ""remained oblivious to Xavier's sneaky action"" and ""remained oblivious to Xavier's action of moving celery from basket to Xavier's own refrigerator."" Given that Andy despises celery, his attitude towards Xavier's action would be negative. Therefore, the answer is B. [[B]]",0,,True,rationale_cot_3shot,,1
5e65ccd4563c5db8,860fd21b77873fda,fb9885c69f336d54,OpenToM,location-cg,Belief,Location False Beliefs,B,B,[[B]],1,,True,rationale_cot_3shot,,1
53a96d02465e290a,a11bf0a84e90f144,492bb509a76dbbe1,OpenToM,location-cg,Belief,Location False Beliefs,B,B,"Based on the story provided, Tanner moves the underclothes to the trash bin, so from Tanner's perspective, the underclothes are not in their initial location by the end of the story. The answer is B. [[B]]",1,,True,rationale_cot_3shot,,1
0e177860da9664cb,01945b26dcb73d07,68d59308ff7c2925,OpenToM,attitude,Emotion/Attitude,Attitude,C,C,"Let's reason step by step: Skylar's reaction to Patrick's action can be inferred from the context provided. Skylar was unaware of Patrick's kind gesture, and the story implies that Skylar would likely appreciate Patrick's thoughtful action. This points to option C. [[C]]",1,,True,rationale_cot_3shot,,1
2a323601b247d89a,25db16f6234d19e8,7eac048407d63077,OpenToM,location-cg,Belief,Location False Beliefs,B,B,[[B]],1,,True,rationale_cot_3shot,,1
c9f0a98937d4e3b8,842095675a8af908,4aa6f423f00e9a7a,OpenToM,location-cg,Belief,Location False Beliefs,B,B,[[B]],1,,True,rationale_cot_3shot,,1
7e9f71b891644fbc,6a34448560138d23,87b16f0a38dc118b,OpenToM,location-cg,Belief,Location False Beliefs,A,B,"Based on the story provided, Dean returns to the porch and finds the pear missing. Therefore, from Dean's perspective, the pear is not in its initial location by the end of the story. The answer is B. [[B]]",0,,True,rationale_cot_3shot,,1
91e018c2b22fde99,442bf1854e4fae8e,83d0bd5e10498607,OpenToM,location-cg,Belief,Location False Beliefs,B,B,[[B]],1,,True,rationale_cot_3shot,,1
52e5b44a5bf20274,4c8b272e1c7368ee,57078caac82929a5,OpenToM,attitude,Emotion/Attitude,Attitude,C,B,"Let's reason step by step: Given the context, Kevin was initially uninterested in celery but was intrigued by Jameson's discovery. However, Kevin's actions show he was not bothered by Jameson moving the celery. This indicates a neutral attitude. [[B]]",0,,True,rationale_cot_3shot,,1
0106e173195ec819,3860af0eeceb9adb,ea02bb578daebc49,OpenToM,location-cg,Belief,Location False Beliefs,B,B,[[B]],1,,True,rationale_cot_3shot,,1
eaa9cb7333ebbf3e,fa1d46fd9070fb2c,0cb5673c59e47e86,OpenToM,attitude,Emotion/Attitude,Attitude,A,C,"Let's reason step by step: Given the context, Ronan left the staircase without giving the onion a second thought. This implies that he wouldn't have been aware of Seth's action. Therefore, his attitude towards Seth's action would be neutral. [[C]]",0,,True,rationale_cot_3shot,,1
a87bdb783de753d5,0c54b4e7ef5bd495,1d97e4598f6de11f,OpenToM,location-cg,Belief,Location False Beliefs,B,B,[[B]],1,,True,rationale_cot_3shot,,1
74abeb669f0bfb56,95f64dee48092826,befab7d31839361a,OpenToM,location-cg,Belief,Location False Beliefs,B,B,"Based on the story, Melanie moved the t-shirt to her own wardrobe. Therefore, from Melanie's perspective, the t-shirt is not in its initial location by the end of the story. The correct answer is B. [[B]]",1,,True,rationale_cot_3shot,,1
cf8bce7de3c6b42a,2d59ef2ed9390b99,88e9b09e2c218ba2,OpenToM,attitude,Emotion/Attitude,Attitude,A,C,"Based on the story, Colin's reaction to Sage's action can be inferred as negative because he detests jackets. Therefore, the answer is C. [[C]]",0,,True,rationale_cot_3shot,,1
22f20b4eb940dd85,82da008d1f59c11b,0146c4a444935954,OpenToM,attitude,Emotion/Attitude,Attitude,C,C,"Based on the story, Elena would likely feel negative about Levi's action. This is because she had taken the coat out of the box and was surprised to find it there. Levi's action of moving the coat to the trash can without her knowledge would be seen as disrespectful and hurtful. Therefore, the answer is C. [[C]]",1,,True,rationale_cot_3shot,,1
30f31e2705027def,17e26bf22e4af3d4,035a73e2c137f0ad,OpenToM,location-cg,Belief,Location False Beliefs,B,B,[[B]],1,,True,rationale_cot_3shot,,1
ceab8d9bb94706a8,d5d77d264babb342,7e0c1f4994356d58,OpenToM,attitude,Emotion/Attitude,Attitude,C,B,"Based on the story, Robert's reaction to Brady's action is clearly negative. Therefore, the answer is B. [[B]]",0,,True,rationale_cot_3shot,,1
16e78093f503cbdb,e6c1c277e31ff7fe,e14e56c38c8d4c42,OpenToM,location-cg,Belief,Location False Beliefs,B,B,[[B]],1,,True,rationale_cot_3shot,,1
c811903a4b14400b,6a631298795882f0,082af9e620236db5,OpenToM,attitude,Emotion/Attitude,Attitude,A,B,"Let's reason step by step: Given the context, Jaden is observing Eden's action without clear information about the reasons. He is uncertain of Eden's intentions. This leads to a neutral attitude. [[B]]",0,,True,rationale_cot_3shot,,1
2dd1d833791d4a7f,362b57dda9f3055b,e5f911c11e41f79c,OpenToM,location-cg,Belief,Location False Beliefs,A,B,[[B]],0,,True,rationale_cot_3shot,,1
0be73659b8e8eb2c,c437b963072724ec,87763daae240a423,OpenToM,location-cg,Belief,Location False Beliefs,B,B,[[B]],1,,True,rationale_cot_3shot,,1
c4f55ef3f753d65d,2d294abe8c1194fa,7ff712e1eb02f871,OpenToM,location-cg,Belief,Location False Beliefs,B,B,[[B]],1,,True,rationale_cot_3shot,,1
86aabdf4a4b84220,6f50640c5b2f9fe5,ec2e6613d1bb5196,OpenToM,location-cg,Belief,Location False Beliefs,B,B,"Based on the story, Eliana observed Gianna moving the shoes from the crate to the trash can. Therefore, from Eliana's perspective, the shoes are not in their initial location by the end of the story. The answer is B. [[B]]",1,,True,rationale_cot_3shot,,1
f3b523fd16718454,3d9b232bc770d691,8d98c9db708d1600,OpenToM,location-cg,Belief,Location False Beliefs,A,B,[[B]],0,,True,rationale_cot_3shot,,1
be2c20f5f2769110,1b33169da9cc0b9e,d24cfea538c66933,OpenToM,location-cg,Belief,Location False Beliefs,A,B,"Based on the story, Damien was unaware of Grady's actions. Therefore, from Damien's perspective, the pajamas are still in their initial location. The correct answer is:

[[B]]",0,,True,rationale_cot_3shot,,1
13872db140e8587a,c2ccc0cf224b246c,b90629753ca5f352,OpenToM,location-cg,Belief,Location False Beliefs,B,B,"Based on the story, Elizabeth moved the spinach from the cupboard to the trash can. Therefore, from Elizabeth's perspective, the spinach is not in its initial location by the end of the story. The correct answer is B. [[B]]",1,,True,rationale_cot_3shot,,1
ee93ba1392e5ac9c,1b5526aceb5fe75e,7701c7aa6259aeac,OpenToM,location-cg,Belief,Location False Beliefs,B,B,[[B]],1,,True,rationale_cot_3shot,,1
c1eb0283b9c6af56,5db6d0da060c0cac,2c1b7bb33349b577,OpenToM,location-cg,Belief,Location False Beliefs,B,B,[[B]],1,,True,rationale_cot_3shot,,1
9d39928491e92880,1ea7fb3105f7b965,e3a23704ba96b883,OpenToM,location-cg,Belief,Location False Beliefs,B,B,"Based on the story provided, Lucas stands there, silently witnessing Finnegan's action, and the beans are disposed of. This implies the beans are not in their initial location by the end of the story. Therefore, the answer is B. [[B]]",1,,True,rationale_cot_3shot,,1
23ad8012fd9bf0fe,4b3a4270d0903819,5b2ea8016217bef9,OpenToM,attitude,Emotion/Attitude,Attitude,A,C,"Based on the story, Andre never witnessed Declan's action and left the sunroom without any reaction. This implies Andre's attitude towards Declan's action is unknown or neutral since he didn't experience it. Therefore, the answer is C. [[C]]",0,,True,rationale_cot_3shot,,1
d32e1e3698f234ed,24775f1f61384159,e42c0d1c2da1db4a,OpenToM,attitude,Emotion/Attitude,Attitude,C,C,Let's reason step by step: I track Sage's reaction to Leah's action based on the story. This points to option C. [[C]],1,,True,rationale_cot_3shot,,1
82c290ee28c72bd7,2b198ca220dc268a,6a2ae6945035a7cc,OpenToM,location-cg,Belief,Location False Beliefs,B,B,[[B]],1,,True,rationale_cot_3shot,,1
77f919ae990249b1,afd6edab69bd3f90,ece6d8f49b971cc9,OpenToM,attitude,Emotion/Attitude,Attitude,C,A,"Based on the story, Matthew's curiosity and confusion suggest he might be slightly curious or even slightly positive about Grant's actions, but not necessarily negative. However, without clear evidence of Matthew's direct reaction, the closest inference is neutral. [[A]]",0,,True,rationale_cot_3shot,,1
ae47bd38ac3002ae,0698d8dc0877ba10,68d2df8d7c77bd62,OpenToM,attitude,Emotion/Attitude,Attitude,A,B,"Let's reason step by step: Given Russell's character and the context, he would likely be unaware of Javier's action and might not be disappointed. This points to option B. [[B]]",0,,True,rationale_cot_3shot,,1
51bb2911f65fd858,5c4f5cdf9a79f6de,48ac790576979b49,OpenToM,attitude,Emotion/Attitude,Attitude,C,A,"Let's reason step by step: Based on the story, Sebastian quickly exited the room after seeing the scarf, clearly uninterested in the accessory. This indicates his attitude towards Hunter's action. This points to option A. [[A]]",0,,True,rationale_cot_3shot,,1
fd56d6417ded80e4,06b9d7c7bdfc61b9,5e59b4b627867849,OpenToM,location-cg,Belief,Location False Beliefs,B,B,"Based on the story, Spencer despises slippers and would not want them near him. Since Fabian moved the slippers to the shoe rack, we can infer that Spencer's perspective is that the slippers are not in their initial location. Therefore, the answer is B. [[B]]",1,,True,rationale_cot_3shot,,1
1dce8393f3232eef,5b451228702013f7,79c73730359fc6f5,OpenToM,attitude,Emotion/Attitude,Attitude,B,C,"Based on the story, Marcos' reaction is described as ""curiosity piqued by Abraham's peculiar actions"" and he ""savored every bite with pure delight."" This implies that Marcos would likely have a positive attitude towards Abraham's action. 

The answer is: [[C]]",0,,True,rationale_cot_3shot,,1
1375d74ddbc4b8c6,bbcb605b77d915b7,e80317b6214fef1e,OpenToM,location-cg,Belief,Location False Beliefs,A,B,"Based on the story provided, Natalie left the garden without touching the carrot. Therefore, the carrot is not in its initial location by the end of the story from Natalie's perspective. The answer is B. [[B]]",0,,True,rationale_cot_3shot,,1
03f15d7efbb255ae,5954a542bd706a29,33e4b82672fe01e2,OpenToM,location-cg,Belief,Location False Beliefs,B,B,"Based on the story, Connor witnesses Cayden moving the banana to the trash can. This implies the banana is not in its initial location by the end of the story. Therefore, the answer is B. [[B]]",1,,True,rationale_cot_3shot,,1
82126f4a44e7a6b2,4d6d57c8ed989fdc,4db8536a651cc32c,OpenToM,location-cg,Belief,Location False Beliefs,B,B,"Based on the story, Mario was watching Travis move the pear from the bucket to the center of the table. This indicates that by the end of the story, the pear is not in its initial location. Therefore, the correct answer is B. [[B]]",1,,True,rationale_cot_3shot,,1
baa76296c6e23f19,8f6cc6f9103b16b5,c56634f92fea1fcb,OpenToM,location-cg,Belief,Location False Beliefs,B,B,[[B]],1,,True,rationale_cot_3shot,,1
ee9f7dc92c6c7e98,ba4418ac2a734024,2fbb71fc8255a4ee,OpenToM,location-cg,Belief,Location False Beliefs,B,B,"Based on the story provided, Kennedy places the plum on the coffee table downstairs, so from Kennedy's perspective, the plum is not in its initial location by the end of the story. The correct answer is B. [[B]]",1,,True,rationale_cot_3shot,,1
aa4618017b9f5295,b79464754f6c8bbe,a39c1ba8fec5537b,OpenToM,attitude,Emotion/Attitude,Attitude,C,C,"Let's reason step by step: Given the context, Katherine would likely feel negative about Skyler's action. This is because she left the plum in the first place, and now Skyler has moved it away. This points to option C. [[C]]",1,,True,rationale_cot_3shot,,1
d5904f1df772ae67,12fdeb9735072ded,05d55d4a3690ca6b,OpenToM,attitude,Emotion/Attitude,Attitude,B,C,"Based on the context provided, Jake's reaction indicates a negative attitude towards Dean's actions. Therefore, the answer is C. [[C]]",0,,True,rationale_cot_3shot,,1
8f0d2f27b8366dbe,9cc8007829b2faf0,2f75e2d622cbc89c,OpenToM,attitude,Emotion/Attitude,Attitude,A,A,"Based on the story, Marcus abruptly turned around and exited the garage, seemingly uninterested in the enigmatic orange. This indicates his attitude towards Iker's action. The correct answer is A. [[A]]",1,,True,rationale_cot_3shot,,1
e6483c86d59bf0fe,0be4f2625edc3eab,fb3f37ddd315169e,OpenToM,attitude,Emotion/Attitude,Attitude,C,B,"Based on the story, Cayden's reaction to Dakota's action is that Cayden turned around and made their way up to the attic, indicating a negative attitude towards Dakota's action. Therefore, the answer is B. [[B]]",0,,True,rationale_cot_3shot,,1
ced9684adea6096c,fee28ded1f20b89a,dfe31db2aa532361,OpenToM,location-cg,Belief,Location False Beliefs,A,B,"Based on the story provided, Maverick's perspective is that he left the pumpkin on the porch without moving it. Therefore, the correct answer is:

[[B]]",0,,True,rationale_cot_3shot,,1
fc4c95d6ef22aa13,adc672cb23c5d068,908654182c9a2441,OpenToM,location-cg,Belief,Location False Beliefs,B,B,[[B]],1,,True,rationale_cot_3shot,,1
dfa0cb4e25f54d60,f5bd70ece8b07f95,b336214cf030434c,OpenToM,location-cg,Belief,Location False Beliefs,B,B,"Based on the story provided, Mila moved the persimmon to the trash bin, and it was left there. Therefore, from Mila's perspective, the persimmon is not in its initial location by the end of the story. The correct answer is B. [[B]]",1,,True,rationale_cot_3shot,,1
84ce473b6c4b9447,d24f71a13807a9d0,1dcff9f63346e76e,OpenToM,location-cg,Belief,Location False Beliefs,A,B,"Based on the story provided, Kyle had no idea about Kason's action. Therefore, from Kyle's perspective, the eggplant remains in its initial location. The correct answer is B. [[B]]",0,,True,rationale_cot_3shot,,1
eaf84ec8cbdbf92f,2919a8a79f5ac27c,3b50cab4250ada30,OpenToM,location-cg,Belief,Location False Beliefs,A,B,"Based on the story provided, Hailey leaves the cellar, taking the peas with her. Therefore, from Hailey's perspective, the peas are not in their initial location by the end of the story. The correct answer is B. [[B]]",0,,True,rationale_cot_3shot,,1
9de07a5e817c7504,4b4751e0668b599e,acfc6701eb4dbf2a,OpenToM,attitude,Emotion/Attitude,Attitude,B,C,"Let's reason step by step: Knox left the patio without knowing about Ellie's action. Since he was unaware of Ellie's move, his attitude towards it would be neutral. This points to option C. [[C]]",0,,True,rationale_cot_3shot,,1
da44214976ab1c15,0ca0ce667a55b4f9,4936ff462054be95,OpenToM,location-cg,Belief,Location False Beliefs,A,B,"Based on the story, we can infer that Andy was unaware of Xavier's actions. Therefore, from Andy's perspective, the celery is still in its initial location. The correct answer is B. [[B]]",0,,True,rationale_cot_3shot,,1
c14fa2522dda2d90,a0a47b9e99f20ff9,d6bed3185af6437d,OpenToM,location-cg,Belief,Location False Beliefs,B,A,"Based on the story, Jude moved the tie to the closet, and his action went unnoticed by Calvin. Therefore, from Jude's perspective, the tie is in its initial location by the end of the story. The answer is A. [[A]]",0,,True,rationale_cot_3shot,,1
9f0321110894098b,8a340b13b635fd6c,d6bed3185af6437d,OpenToM,location-cg,Belief,Location False Beliefs,A,B,"Based on the story, Calvin exits the garage immediately upon seeing the tie, and Jude moves the tie to the closet without Calvin noticing. Therefore, Calvin would still see the tie in its initial location by the end of the story. The correct answer is B. [[B]]",0,,True,rationale_cot_3shot,,1
853fd8837906062c,c656d441656be96e,6734a04b4f2cacc9,OpenToM,location-cg,Belief,Location False Beliefs,A,B,"Based on the story, Hector quickly exited the room upon noticing the shirt, and Juan moved the shirt to the gift-wrapping station without Hector's knowledge. Therefore, Hector would not see the shirt in its initial location. The correct answer is B. [[B]]",0,,True,rationale_cot_3shot,,1
1babc6f8fab69563,89fbfc195c9f18f0,22145446816d6acb,OpenToM,location-cg,Belief,Location False Beliefs,B,B,"Based on the story, Mary moved the turnip to the compost bin, so from Mary's perspective, the turnip is not in its initial location by the end of the story. The correct answer is B. [[B]]",1,,True,rationale_cot_3shot,,1
d7661dcd61972e08,841f17e6cdad97e1,e3fb3f37900e9a18,OpenToM,location-cg,Belief,Location False Beliefs,B,B,"Based on the story, Harrison left the attic, and Nehemiah moved the slacks to his bedroom. Therefore, from Harrison's perspective, the slacks are not in their initial location by the end of the story. The answer is B. [[B]]",1,,True,rationale_cot_3shot,,1
8bda8d96b72a42bf,61ca214201970cc6,d48e454b479adfda,OpenToM,attitude,Emotion/Attitude,Attitude,A,B,"Let's reason step by step: Given the context that Remington despises skirts and finds them confining and unnecessary, and he didn't witness Karson's action, his attitude would be negative. This points to option B. [[B]]",0,,True,rationale_cot_3shot,,1
05ee5095bf14dbbd,ad368f1440eacb89,f4885422b20bd492,OpenToM,location-cg,Belief,Location False Beliefs,B,B,"Based on the story provided, we can infer that Luke was quietly observing Joshua's actions and knew what he was doing. Therefore, the sweet potato was not in its initial location by the end of the story. The answer is B. [[B]]",1,,True,rationale_cot_3shot,,1
eafba423497e5cbb,9d6e9b73bd0836f0,3e3cebb262db322c,OpenToM,location-cg,Belief,Location False Beliefs,B,B,"Based on the story, Aidan was silently observing Jaxon's actions and knowing Jaxon's behavior, we can infer that Aidan would not appreciate Jaxon's move. Therefore, the underclothes are not in their initial location by the end of the story. The answer is B. [[B]]",1,,True,rationale_cot_3shot,,1
aac81c3ac1dcfb3c,9d20200d051f96db,899f389ce3013b74,OpenToM,location-cg,Belief,Location False Beliefs,B,B,[[B]],1,,True,rationale_cot_3shot,,1
c928fc12979d5d72,84a6391a50f4d36f,65fef4cf11e0716a,OpenToM,attitude,Emotion/Attitude,Attitude,C,B,"Let's reason step by step: I track Jaden's reaction to Dawson's action in the story. Given the context, Jaden despises cherries and finds them ""tart"" and ""cringe"" with every bite. Dawson's action of moving the cherry to his own fridge shows that Jaden disapproves of Dawson's behavior. This points to option B. [[B]]",0,,True,rationale_cot_3shot,,1
1c50312d6ae5df97,6e708b7f285241cc,9eb8d374debd912e,OpenToM,location-cg,Belief,Location False Beliefs,B,B,"Based on the story, Grant moved the tangerine to the compost bin. Therefore, from Grant's perspective, the tangerine is not in its initial location by the end of the story. The correct answer is B. [[B]]",1,,True,rationale_cot_3shot,,1
b8d433cf0f0bd7eb,cb1731a470599a8b,827af9a242833ba2,OpenToM,location-cg,Belief,Location False Beliefs,B,B,[[B]],1,,True,rationale_cot_3shot,,1
4048037edd8e9c39,f9ad84761c45d686,fa0ad4a59cad13d5,OpenToM,attitude,Emotion/Attitude,Attitude,A,A,"Let's reason step by step: Noel was initially curious and observed Valentina's actions, but the context suggests a positive attitude towards her action. This points to option A. [[A]]",1,,True,rationale_cot_3shot,,1
d65af8e0d9714c44,0f59e43344ae2c93,0ed9927faf15d2d3,OpenToM,location-cg,Belief,Location False Beliefs,B,B,[[B]],1,,True,rationale_cot_3shot,,1
5881b53968b77305,53d0495ebdb54b77,1567dec6ae107fdc,OpenToM,location-cg,Belief,Location False Beliefs,B,B,"Based on the story provided, Cristian places the pineapple in his personal fridge, so it is no longer in its initial location by the end of the story. Therefore, the answer is B. [[B]]",1,,True,rationale_cot_3shot,,1
d20e4cfec3958357,1f7050a35f4fdbf3,2ffc62294b2e9533,OpenToM,location-cg,Belief,Location False Beliefs,A,B,"Based on the story provided, Ian left the pantry without seeing Jack place the basket on his pantry shelf. Therefore, from Ian's perspective, the asparagus is not in its initial location by the end of the story. The correct answer is:

[[B]]",0,,True,rationale_cot_3shot,,1
e71974502a97f5f4,20227e959c601c60,fdabbbf9aaa80732,OpenToM,attitude,Emotion/Attitude,Attitude,A,C,"Let's reason step by step: Given the context, Brooklyn would likely be surprised and possibly confused by Sean's action, but since the story doesn't provide clear evidence of her reaction, we can assume a neutral attitude. This points to option C. [[C]]",0,,True,rationale_cot_3shot,,1
67d62d9fe2a84d46,c253625ecf95f9fd,896d69729a6f7aed,OpenToM,attitude,Emotion/Attitude,Attitude,A,C,"Let's reason step by step: Jesse noticed the grapefruit and left Tate alone with it, indicating a neutral attitude towards Tate's action. This points to option C. [[C]]",0,,True,rationale_cot_3shot,,1
8eb77de870f21f08,2b7aa97047315a6b,c56634f92fea1fcb,OpenToM,location-cg,Belief,Location False Beliefs,A,B,[[B]],0,,True,rationale_cot_3shot,,1
35e861428c7522eb,6a028c8ff195f0f4,1b5162dc9f0f1eec,OpenToM,location-cg,Belief,Location False Beliefs,B,B,"Based on the story, Cristian moved the raincoat from the drawer to the coat rack. Therefore, from Cristian's perspective, the raincoat is not in its initial location. The correct answer is B. [[B]]",1,,True,rationale_cot_3shot,,1
b386fe3666f4caab,8a1926db96622588,1934c5a0229653ec,OpenToM,location-cg,Belief,Location False Beliefs,B,B,[[B]],1,,True,rationale_cot_3shot,,1
3f7bde7fd1717a5a,3e12af0feacd7c7b,f502de9238c8682c,OpenToM,location-cg,Belief,Location False Beliefs,B,B,[[B]],1,,True,rationale_cot_3shot,,1
fcb098ed65ced2cc,d4c36de41bf178f0,5c3e6489c133697d,OpenToM,location-cg,Belief,Location False Beliefs,B,B,"Based on the story, Brian moved the raincoat from the box to Luke's backpack. Therefore, from Brian's perspective, the raincoat is not in its initial location by the end of the story. The correct answer is B. [[B]]",1,,True,rationale_cot_3shot,,1
6ad5711d4e07d4b2,f3e3896abda09e80,3c63f3f547432545,OpenToM,location-cg,Belief,Location False Beliefs,A,B,"Based on the story, Kyle left the garage without knowing about Jackson's actions. Therefore, from Kyle's perspective, the pajamas are still in their initial location. The answer is B. [[B]]",0,,True,rationale_cot_3shot,,1
d6741f5e9435f533,6d0545816a6b927d,982841c160b7e98d,OpenToM,attitude,Emotion/Attitude,Attitude,A,C,"Based on the story, Emily's reaction to Aaliyah's action is described as ""Unbeknownst to Emily, Aaliyah carried out this action quietly, as if it were her own little secret."" This implies that Emily did not approve of or understand Aaliyah's actions. Therefore, the most likely answer is:

[[C]]",0,,True,rationale_cot_3shot,,1
9bfbca958d953971,74d2056a05530ff7,b213b8e0bfc9587a,OpenToM,attitude,Emotion/Attitude,Attitude,B,A,"Let's reason step by step: Given the context, Caiden left the living room and let Knox enjoy the peach all to himself, indicating he was okay with Knox's action. However, Caiden didn't know about Knox's secret move to his fridge. Since Caiden's attitude is based on the fact that he left the peach to Knox, and he didn't know about the move, we can assume his initial attitude was neutral. This points to option A. [[A]]",0,,True,rationale_cot_3shot,,1
712bfcd86f8e6fa1,7a6fe96d51eac5cd,c07218336361b786,OpenToM,attitude,Emotion/Attitude,Attitude,A,B,"Let's reason step by step: Given the context, Leon was initially unaware of Luke's actions and his intention to dispose of the tie. Since Leon did not witness Luke's actions, his attitude towards Luke's action remains unknown. However, since the question asks for Leon's attitude, and we don't have direct evidence of his reaction, we must infer based on the information provided. Leon's initial action (leaving the back yard) suggests a lack of interest or concern, which might imply a neutral attitude towards Luke's action. 

Therefore, the most likely answer is B. [[B]]",0,,True,rationale_cot_3shot,,1
ad72196732ca5260,f51212fcb91760a4,ab07df84ee429b41,OpenToM,attitude,Emotion/Attitude,Attitude,A,A,"Let's reason step by step: Given the context, Jonathan was initially overwhelmed by the sight of persimmons in the bathtub. Brian's action of moving the persimmons to the dining table suggests he was trying to make the experience more accessible and enjoyable for both of them. Since Jonathan was unaware of Brian's actions, we can assume his initial reaction would be positive or neutral. However, without explicit information about Jonathan's reaction, the most reasonable inference is that he would be positive. This points to option A. [[A]]",1,,True,rationale_cot_3shot,,1
5ad75efb493cd570,eba6b06b786b6953,5e4653f67117c3f0,OpenToM,attitude,Emotion/Attitude,Attitude,B,A,"Let's reason step by step: Given the context, Jack's reaction to Emma's action can be inferred from the details provided. Jack is described as ""despising"" carrots, and he watches Emma's actions with curiosity. However, the text does not explicitly state Jack's attitude towards Emma's action. Since the options are limited, we need to choose the most appropriate one based on the information given. This points to option A. [[A]]",0,,True,rationale_cot_3shot,,1
479c2c4f868d858b,b872cfac2ee19262,f119d8eb7742a9ea,OpenToM,attitude,Emotion/Attitude,Attitude,B,C,"Let's reason step by step: Given the context, Cade initially detests lemons due to their sour taste. Since he left the room before Arianna moved the lemon, his reaction to her action is unknown. However, since the question asks about Cade's attitude, and considering the typical human reaction, the most likely answer is that Cade would be negative towards Arianna's action. 

The answer is: [[C]]",0,,True,rationale_cot_3shot,,1
8c1181298584e7b1,758d8384b1f69e2b,0559e56b867b0e25,OpenToM,attitude,Emotion/Attitude,Attitude,A,B,"Let's reason step by step: Given the context, Jaxon left the garden before Grace displayed the apple. This implies Jaxon was not present when Grace moved the apple to the table center. Since we don't have direct information about Jaxon's reaction, we can assume his attitude based on the information provided. Option B (negative) seems the most fitting as Jaxon left without seeing Grace's action. [[B]]",0,,True,rationale_cot_3shot,,1
52ca2037dc14e50b,4b9469a5cde56698,9836fcbbeccdf843,OpenToM,attitude,Emotion/Attitude,Attitude,B,C,"Let's reason step by step: I track the actions and emotions of the characters involved. Andy observes Juan moving the tangerine to the center, but Andy's reaction is not explicitly stated. However, since Andy is described as having a ""negativistic nature"" and Juan's action is seen as ""unorganized,"" it suggests Andy might be feeling negative about it. This points to option C. [[C]]",0,,True,rationale_cot_3shot,,1
3aea9ea7ffd4f777,f85b17125195abce,3e3cebb262db322c,OpenToM,attitude,Emotion/Attitude,Attitude,C,C,"Let's reason step by step: Given the context, Aidan is described as someone who shares a common interest with Jaxon in underclothes. Jaxon's action of moving the underclothes to the top shelf could be seen as an attempt to show off his collection. Since Aidan shares the same interest, he might not react negatively. However, without more specific information about Aidan's personality, we can assume a neutral reaction. 

This points to option C. [[C]]",1,,True,rationale_cot_3shot,,1
dadb94f0a173bc40,e78530101140632b,90a604ebef19cc00,OpenToM,attitude,Emotion/Attitude,Attitude,A,C,"Let's reason step by step: Given the context, Paxton's initial reaction was positive towards the pajamas. He was excited to find them and eager to wear them. Therefore, his attitude towards Jaxson's action would likely remain positive or at least neutral. However, the story doesn't provide explicit information about his reaction after discovering the pajamas are gone. Thus, the most likely answer is neutral. [[C]]",0,,True,rationale_cot_3shot,,1
a2aeffdda66a4445,d2a3f12bea3afe68,e5f911c11e41f79c,OpenToM,attitude,Emotion/Attitude,Attitude,B,B,"Let's reason step by step: Given the context, Liam's reaction to Vivian's action is unknown because he was unaware of her actions. However, since the story states that Liam had a strange love for socks and was excited about the container, it implies he might appreciate the organization. But without direct evidence, we can assume his attitude based on the given options. This points to option B. [[B]]",1,,True,rationale_cot_3shot,,1
23fd667aede1917c,70227cf5e0233e58,5fd3eee9b727e2bc,OpenToM,attitude,Emotion/Attitude,Attitude,A,B,"Let's reason step by step: Given the context, Ali witnesses Ella's action but there's no direct indication of his reaction. However, since Ella's intention was to show off the lemon and create a visually appealing tablescape, and considering the context of the story, it's reasonable to assume that Ali might be neutral or even slightly positive about it. This is because he didn't express any negativity. 

However, without explicit confirmation, we can't definitively say his attitude is positive. Therefore, the most likely answer is B. [[B]]",0,,True,rationale_cot_3shot,,1
dd5e32987e03113d,e6973f5198893f4c,de897fdb3367e169,OpenToM,location-cg,Belief,Location False Beliefs,B,B,"Based on the story, Isaiah had been quietly observing Ezekiel's actions and felt confused about what he did. However, the question asks from Isaiah's perspective if the pants are in its initial location by the end of the story. Since the story doesn't explicitly state where the pants are at the end, we can assume Isaiah sees the pants in Ezekiel's closet, meaning they are not in their initial location. Thus, the answer is B. [[B]]",1,,True,rationale_cot_3shot,,1
98b28df62a2d540f,b7af0b2a44d842ef,c376c4a561414e22,OpenToM,attitude,Emotion/Attitude,Attitude,B,A,"Let's reason step by step: Given the context, Zander left the playroom without knowing about Mateo's actions. Since the story doesn't provide explicit information about Zander's reaction, we can assume he is unaware of Mateo's move. However, since the question asks for Zander's attitude, and typically, such actions are seen positively, the most likely answer is neutral. This is because Zander might be indifferent to the change, not knowing about it. [[A]]",0,,True,rationale_cot_3shot,,1
80e1bdd2e333f328,40ba501f79013105,135a084bd8839ed5,OpenToM,attitude,Emotion/Attitude,Attitude,B,B,"Let's reason step by step: Given the context, Dallas had initially forgotten about the pineapple and was surprised to find it in the closet. His quick exit suggests he didn't want to deal with it. Moving the pineapple to the kitchen counter implies he wanted to make it more visible, showing he was accommodating. However, his thoughts remain a mystery. This neutrality (B) best fits the scenario. [[B]]",1,,True,rationale_cot_3shot,,1
e10aab014530a904,6f01a1a0a610fbb7,7d582071a07e77c2,OpenToM,attitude,Emotion/Attitude,Attitude,A,A,"Let's reason step by step: Given the context, Cruz would be surprised and possibly annoyed by Kyler's action since he did not expect Kyler to move the orange. However, without direct evidence of his reaction, we can assume he might be neutral or even positive if he doesn't want to cause trouble. But based on the story, the most fitting answer is that Cruz would be neutral. [[A]]",1,,True,rationale_cot_3shot,,1
f4e1b0d7fe79fdf2,a2639b655c0eadd5,dfb77c459a695545,OpenToM,attitude,Emotion/Attitude,Attitude,A,C,"Let's reason step by step: Given the context, Natalia left the room without seeing Leonel move the coat. She was initially unsure about her feelings towards coats. Since she didn't witness the action, her attitude towards Leonel's action remains unknown. However, since the question asks for Natalia's attitude, and we don't have direct information about her reaction, we can assume a neutral stance based on the lack of information. This points to option C. [[C]]",0,,True,rationale_cot_3shot,,1
9b1102cc89ecebe8,4eefb548895e0fc7,435d2a9427aec5ef,OpenToM,attitude,Emotion/Attitude,Attitude,C,B,"Let's reason step by step: Based on the story, Cruz's reaction to the tie in the bathtub and his subsequent action show that he is not aware of Adalynn's intention to move the tie. Given this context, Cruz's attitude towards Adalynn's action can be inferred as negative because he was not pleased with the tie in the bathtub and wanted to distance himself from it. This points to option B. [[B]]",0,,True,rationale_cot_3shot,,1
