item_id,prompt_hash,story_id,source,task,category,ability,answer,pred,raw,correct,n_options,marker_found,condition,seed,exemplar_seed
ae638be658d02b41,a2c3dca45439dc37,32fe648a151c3cf0,ToMi,location-belief,Belief,Location False Beliefs,D,D,[[D]],1,,True,rationale_cot_3shot,,2
0b72e3c7ac8e226e,e3e73e2a7a2fa25c,ddb5982c30a50cd4,ToMi,location-belief,Belief,Location False Beliefs,D,D,Let's track the information provided in the story: The banana is initially described as being in the bathtub. This matches option D. [[D]],1,,True,rationale_cot_3shot,,2
18394b0cb65b4bf7,6200e5b379fd86b5,3d471f58785bc7cf,ToMi,location-belief,Belief,Location False Beliefs,C,C,"Let's track the information provided in the story: The grapes are initially described as being ""in the crate."" This point directly answers the question. Therefore, the correct answer is C. [[C]]",1,,True,rationale_cot_3shot,,2
d22332222bdd8a68,0975b2568fefc2aa,a4a37b64be62ab30,ToMi,location-belief,Belief,Location False Beliefs,D,D,[[D]],1,,True,rationale_cot_3shot,,2
b2433b6f0fbfad08,6eb2f4f2856d3340,f389674a9238c678,ToMi,location-belief,Belief,Location False Beliefs,B,B,"Let's reason step by step: I track who has access to which information in the story, then check what the relevant character would infer given only what they observed. This points to option B. [[B]]",1,,True,rationale_cot_3shot,,2
7387fa6ac5a42faf,25254ee39253a6c9,48e35d6bb8526966,ToMi,location-belief,Belief,Location False Beliefs,B,B,"Let's reason step by step: I track who has access to which information in the story, then check what the relevant character would infer given only what they observed. This points to option B. [[B]]",1,,True,rationale_cot_3shot,,2
4df2b6892d936fc4,5d113338795b92f0,4c9927bba64e3866,ToMi,location-belief,Belief,Location False Beliefs,B,B,Let's track the information: Liam moved the lettuce to the treasure_chest. This means Liam will look for the lettuce in the treasure_chest. The correct answer is B. [[B]],1,,True,rationale_cot_3shot,,2
0a454bd46209d079,0e9025d263650c3b,11805a163885e65a,ToMi,location-belief,Belief,Location False Beliefs,D,C,"Let's track the information: Initially, the persimmon is in the bucket. Hunter moves the persimmon to the container. This means Sophia, who exits the room after Hunter, would still think the persimmon is in the bucket since Hunter moved it but hasn't found a new location yet. Therefore, the answer is C. [[C]]",0,,True,rationale_cot_3shot,,2
2b7bcca56bb88659,18ebff5aef46870e,11f5067063a88519,ToMi,location-belief,Belief,Location False Beliefs,B,B,"Let's reason step by step: In the story, Hunter exits the master bedroom after Lily moves the jeans to the bathtub. This implies that Hunter did not witness Lily moving the jeans. Therefore, Hunter would still think that Lily searches for the jeans in the treasure chest. [[B]]",1,,True,rationale_cot_3shot,,2
0f8650b2310b11e0,846f20643eeed29a,4cb8fc241b2a123a,ToMi,location-belief,Belief,Location False Beliefs,A,A,"Let's track the information: Emily moves the orange from the bathtub to the drawer. Given this action, the most logical place Emily will look for the orange is the drawer. [[A]]",1,,True,rationale_cot_3shot,,2
33012d7d658b47f2,43822c2057fdd990,669dc28d688b4c5c,ToMi,location-belief,Belief,Location False Beliefs,D,D,"Let's reason step by step: I track who has access to which information in the story, then check what the relevant character would infer given only what they observed. This points to option D. [[D]]",1,,True,rationale_cot_3shot,,2
1359f53d2f722570,68a930cf729422d1,ef2795be4a20a160,ToMi,location-belief,Belief,Location False Beliefs,B,B,"Let's reason step by step: I track who has access to which information in the story, then check what the relevant character would infer given only what they observed. This points to option B. [[B]]",1,,True,rationale_cot_3shot,,2
448d0e89cb2ca451,eecba916da4f8ea9,d8b30db7e2e1768c,ToMi,location-belief,Belief,Location False Beliefs,C,C,"Let's track the information provided in the story: The lemon is initially described as being in an ""envelope."" This matches option C. [[C]]",1,,True,rationale_cot_3shot,,2
b9cdbe19290400f8,e982803aa0cd0e7f,741856004e36fe94,ToMi,location-belief,Belief,Location False Beliefs,D,D,"Let's track the information: Amelia looks for the scarf in the sunroom initially, but then James moves the scarf to the container. This means Amelia will look in the container. [[D]]",1,,True,rationale_cot_3shot,,2
759e1dd06067b06a,330ea390feb1e371,454a63abe5bf9e7b,ToMi,location-belief,Belief,Location False Beliefs,D,D,"Let's reason step by step: I track who has access to which information in the story, then check what the relevant character would infer given only what they observed. This points to option D. [[D]]",1,,True,rationale_cot_3shot,,2
e242d2a9bf8d4307,10ab342fc759693c,02640dc17ac13ed8,ToMi,location-belief,Belief,Location False Beliefs,A,A,"Let's reason step by step: Initially, Logan thinks James searches in the basket since that's the last known location of the trousers. However, James moves the trousers to the drawer. Given this information, Logan would still think the trousers are in the basket initially, but he might update his thinking based on James's action. This points to option A. [[A]]",1,,True,rationale_cot_3shot,,2
c2b9eb380190477c,0f2a5208c467294d,a24e064ca7ac6dd1,ToMi,location-belief,Belief,Location False Beliefs,D,D,"Let's track the information: Initially, the watermelon is in the cupboard. Then, Jayden moves it to the drawer. This means Jayden knows the watermelon is now in the drawer. Therefore, the correct answer is D. [[D]]",1,,True,rationale_cot_3shot,,2
9eab682e55fbe4b8,cadbe4011cd245cc,e3ab7f0be0729326,ToMi,location-belief,Belief,Location False Beliefs,B,D,"Let's reason step by step: Initially, Jayden was the one who moved the broccoli to the treasure chest. However, the question asks about where Jayden will look for the broccoli, considering he hates pears. This implies he won't look in the places where pears might be. This points to option D. [[D]]",0,,True,rationale_cot_3shot,,2
e9bec100ca556f6e,c621d895d984658b,ad56209a5f46bb43,ToMi,location-belief,Belief,Location False Beliefs,B,B,"Let's reason step by step: I track who has access to which information in the story, then check what the relevant character would infer given only what they observed. This points to option B. [[B]]",1,,True,rationale_cot_3shot,,2
4248f2d1365c02e5,38025d21ed0029a8,5b40c515da1dcff7,ToMi,location-belief,Belief,Location False Beliefs,B,B,"Let's reason step by step: I track who has access to which information in the story, then check what the relevant character would infer given only what they observed. This points to option B. [[B]]",1,,True,rationale_cot_3shot,,2
6abc3b4113b61782,a2354e512622d68f,a797f731dfeccb39,ToMi,location-belief,Belief,Location False Beliefs,A,A,[[A]],1,,True,rationale_cot_3shot,,2
62dab41fc91bfe33,59f891f044f75b5a,003c9e5da7264edd,ToMi,location-belief,Belief,Location False Beliefs,D,C,"Let's track the information provided in the story: Ava moves the strawberry from the container to the envelope. This implies that at the beginning, the strawberry was in the container. However, since the options do not include ""container,"" we need to choose the closest match. The correct answer based on the story is C. [[C]]",0,,True,rationale_cot_3shot,,2
7f89a8a08a9f7de4,b07eb331ecccc7c3,72f5e76267f509c5,ToMi,location-belief,Belief,Location False Beliefs,D,D,[[D]],1,,True,rationale_cot_3shot,,2
4fb9c9114eb973bb,4ef480a4edac0b71,fa7e58c9860b3903,ToMi,location-belief,Belief,Location False Beliefs,D,D,"Let's track the information: Initially, the shoes are in the drawer. Then Chloe moves them to the bottle. Given this sequence, the most recent and relevant information is that Chloe put the shoes in the bottle. Therefore, Emma will look for the shoes in the bottle. [[D]]",1,,True,rationale_cot_3shot,,2
e32e55c683af17ce,d49dafb804fdf927,139b9f32bdf78ba0,ToMi,location-belief,Belief,Location False Beliefs,A,A,[[A]],1,,True,rationale_cot_3shot,,2
88c126f3ee800249,c84394166246ead2,1c5bfd64041daf74,ToMi,location-belief,Belief,Location False Beliefs,C,B,"Let's reason step by step: I track who has access to which information in the story, then check what the relevant character would infer given only what they observed. This points to option B. [[B]]",0,,True,rationale_cot_3shot,,2
e55c762b9aaefa6b,b2eeb641e81360aa,4cb8fc241b2a123a,ToMi,location-belief,Belief,Location False Beliefs,A,A,"Let's track the information provided in the story: Initially, the orange is mentioned to be in the bathtub. This matches with option A. [[A]]",1,,True,rationale_cot_3shot,,2
fd5c64e0b318beb4,71d5171159cded8c,40fc803d8e679131,ToMi,location-belief,Belief,Location False Beliefs,C,C,"Let's track the information: Mason and Charlotte both enter the cellar, Charlotte moves the green_pepper to the box. Given this, the most logical inference is that Charlotte thinks Mason will search for the green pepper in the box. [[C]]",1,,True,rationale_cot_3shot,,2
a333e9b9f0ee6bce,bf136fce9dee2adf,e5f015074453d195,ToMi,location-belief,Belief,Location False Beliefs,A,A,"Let's reason step by step: I track who has access to which information in the story, then check what the relevant character would infer given only what they observed. This points to option A. [[A]]",1,,True,rationale_cot_3shot,,2
4fdb0fbd25ba7a41,7547810b307b6cb6,41c6107ada559354,ToMi,location-belief,Belief,Location False Beliefs,C,C,"Let's reason step by step: I track who has access to which information in the story, then check what the relevant character would infer given only what they observed. Ava moves the banana to the envelope, so the banana is now in the envelope. This points to option C. [[C]]",1,,True,rationale_cot_3shot,,2
33ab7e21ed169847,f696e452e506183a,dc93bff093ad7183,ToMi,location-belief,Belief,Location False Beliefs,A,A,"Let's reason step by step: From the story, we know that Aiden moved the radish to the cupboard. This means Aiden knows the radish is in the cupboard. This points to option A. [[A]]",1,,True,rationale_cot_3shot,,2
68d055f7196350fb,4c51386553b7c233,bd8321660a38a8b1,ToMi,location-belief,Belief,Location False Beliefs,C,C,"Let's track the information: Mia exits the living room, but there's no indication that she knows about Aiden's actions. However, the last sentence states that ""Aiden moved the cabbage to the pantry."" Given this information, the most logical inference is that Mia thinks Aiden searched for the cabbage in the pantry. [[C]]",1,,True,rationale_cot_3shot,,2
482492764d86697e,0ea8d08df487ce56,15386ad6e67da6d1,ToMi,location-belief,Belief,Location False Beliefs,B,B,"Let's reason step by step: Initially, James was searching in the basket. Owen moved the strawberry to the bucket but before that, James was in the attic looking for the strawberry in the basket. Therefore, Owen thinks that James searches in the basket. [[B]]",1,,True,rationale_cot_3shot,,2
6e3ebbc1c14a6ffb,716cee4ddbd5266e,8d0a220cc20f95e8,ToMi,location-belief,Belief,Location False Beliefs,B,B,"Let's track the information: Oliver and Amelia both enter the laundry, but Oliver exits without seeing the cap. Amelia moves the cap to the crate. Given this, Oliver would assume Amelia is still searching in the bathtub. [[B]]",1,,True,rationale_cot_3shot,,2
8e853398f0bcb684,7a144b1b124cdae8,aa46d0ca83835394,ToMi,location-belief,Belief,Location False Beliefs,C,C,"Let's track the information flow: Initially, the peach is in the suitcase. Then, Charlotte moves it to the basket. No other location for the peach is mentioned. Therefore, the correct answer is C. [[C]]",1,,True,rationale_cot_3shot,,2
bee52ebfc650cd2a,14b466a42bafb870,d8b30db7e2e1768c,ToMi,location-belief,Belief,Location False Beliefs,B,B,"Let's track the information: The lemon was initially in the envelope but was moved to the basket. This means the lemon is now in the basket. Therefore, the correct answer is B. [[B]]",1,,True,rationale_cot_3shot,,2
af8ede7c813210f0,99f3b4e704644c27,08044fc183d8e925,ToMi,location-belief,Belief,Location False Beliefs,B,B,"Let's track the information provided in the story: Aria moved the cap to the crate. This means Aria placed the cap in the crate. Therefore, Aria will look for the cap in the crate. The correct answer is B. [[B]]",1,,True,rationale_cot_3shot,,2
b129acc9c290ce0b,68f018223bab568a,bd8321660a38a8b1,ToMi,location-belief,Belief,Location False Beliefs,D,D,[[D]],1,,True,rationale_cot_3shot,,2
22896c999af5bddb,5434db9e6fe5ccfc,341aa9bfe1976def,ToMi,location-belief,Belief,Location False Beliefs,D,D,"Let's track the information provided in the story: The pineapple was initially in the bottle. This leads us to the correct answer, which is D. [[D]]",1,,True,rationale_cot_3shot,,2
a2506b5c3b994514,58f7cb68c5a05397,2a276818eb3cdb8c,ToMi,location-belief,Belief,Location False Beliefs,A,A,"Let's track the information provided: James thinks Nathan searches for the lettuce because he moved it from the bathtub to the suitcase. This leads to the conclusion that James thinks Nathan searches for the lettuce in the suitcase. Therefore, the answer is [[A]].",1,,True,rationale_cot_3shot,,2
ffdac4ca2c97bfcf,59639ec975715b1f,5f6705bd9d5150f6,ToMi,location-belief,Belief,Location False Beliefs,C,C,[[C]],1,,True,rationale_cot_3shot,,2
f3fd6e9240cba022,500a72c844dac698,11805a163885e65a,ToMi,location-belief,Belief,Location False Beliefs,D,D,"Let's reason step by step: I track who has access to which information in the story, then check what the relevant character would infer given only what they observed. This points to option D. [[D]]",1,,True,rationale_cot_3shot,,2
bd3a513e6d682d2d,0227ec8b2ebecfc7,02640dc17ac13ed8,ToMi,location-belief,Belief,Location False Beliefs,B,B,"Let's track the information provided in the story: James moved the trousers to the drawer. This means James knows the trousers are now in the drawer. Therefore, the correct answer is B. [[B]]",1,,True,rationale_cot_3shot,,2
01a72476e6c30988,df8a3687332dde52,2fb00015db8b0d53,ToMi,location-belief,Belief,Location False Beliefs,B,B,"Let's reason step by step: I track who has access to which information in the story, then check what the relevant character would infer given only what they observed. This points to option B. [[B]]",1,,True,rationale_cot_3shot,,2
5ac9f4dd335ef00c,77dfe0072a712a6c,6999973ea98d74e2,ToMi,location-belief,Belief,Location False Beliefs,B,B,[[B]],1,,True,rationale_cot_3shot,,2
9dc1556ff290957a,cc52b3cb566e2426,825bdefd00270bfa,ToMi,location-belief,Belief,Location False Beliefs,D,D,Let's track the information provided in the story: The onion is initially found in the bathtub. This leads to the conclusion that the correct answer is D. [[D]],1,,True,rationale_cot_3shot,,2
c68d5a64d26efa21,0c038da645188975,053069b0a6c0acc4,ToMi,location-belief,Belief,Location False Beliefs,A,A,"Let's track the information: Initially, William looks for the coat in the cupboard. However, Noah moves the coat to an envelope. Given this information, the most likely answer is:

[[A]]",1,,True,rationale_cot_3shot,,2
cb02708db487543e,00c822c8c63412a1,5bfdc1b4f6c475fd,ToMi,location-belief,Belief,Location False Beliefs,C,C,[[C]],1,,True,rationale_cot_3shot,,2
2b9e646f93370f29,37ce037d1b9815e3,d9c1f8f5027aede4,ToMi,location-belief,Belief,Location False Beliefs,D,D,"Let's reason step by step: I track who has access to which information in the story, then check what the relevant character would infer given only what they observed. This points to option D. [[D]]",1,,True,rationale_cot_3shot,,2
993c0ba3e2fae4a7,24f24099a326ccb4,e7bcc4f0a148da64,ToMi,location-belief,Belief,Location False Beliefs,A,A,[[A]],1,,True,rationale_cot_3shot,,2
96cd1de5f799981a,0eae0002b65d4e9b,a3b412b7b056852a,ToMi,location-belief,Belief,Location False Beliefs,B,B,"Let's reason step by step: I track who has access to which information in the story, then check what the relevant character would infer given only what they observed. This points to option B. [[B]]",1,,True,rationale_cot_3shot,,2
1434337e0b618b4d,c792410709eb238b,4bd67a351c785497,ToMi,location-belief,Belief,Location False Beliefs,C,C,"Let's track the information provided in the story: Ava moved the dress from the pantry to the basket. This indicates that at the beginning, the dress was in the pantry. Therefore, the correct answer is C. [[C]]",1,,True,rationale_cot_3shot,,2
66775cad20a62ab0,8bf4e3ed9c3292be,683d466f65357ad7,ToMi,location-belief,Belief,Location False Beliefs,D,D,[[D]],1,,True,rationale_cot_3shot,,2
fb7f70f3e939bd19,c82fa517a2eb7700,2c2979c6a83476f6,ToMi,location-belief,Belief,Location False Beliefs,B,B,"Let's reason step by step: I track who has access to which information in the story, then check what the relevant character would infer given only what they observed. This points to option B. [[B]]",1,,True,rationale_cot_3shot,,2
399c9a5f1c1b49ea,b767b0ec41bc745c,2be3e8f81fb9804c,ToMi,location-belief,Belief,Location False Beliefs,B,B,"Let's track the information: Isla enters the bathroom, then exits it. Lily moves the onion to the bathtub. Given this sequence, Isla will look for the onion in the bathtub. [[B]]",1,,True,rationale_cot_3shot,,2
2d93d4a8c37ec622,08175ca749f86127,f5415aa2644ad52d,ToMi,location-belief,Belief,Location False Beliefs,A,A,"Let's reason step by step: I track who has access to which information in the story, then check what the relevant character would infer given only what they observed. This points to option A. [[A]]",1,,True,rationale_cot_3shot,,2
5d1cb8055fec9133,5ed6a554eff70bd5,28821affed52200f,ToMi,location-belief,Belief,Location False Beliefs,D,D,Let's track the information provided in the story: The cap is initially in the envelope. This matches option D. [[D]],1,,True,rationale_cot_3shot,,2
c73621231719fd13,526d1167c8095934,e6a21849572ac99a,ToMi,location-belief,Belief,Location False Beliefs,B,B,"Let's reason step by step: From the story, we know that ""The eggplant is in the treasure_chest."" This directly answers the question. The correct answer is B. [[B]]",1,,True,rationale_cot_3shot,,2
888f00fd25c3559e,81f9d02234e79b09,6b5fb33fdb6986fc,ToMi,location-belief,Belief,Location False Beliefs,D,D,"Let's track the information: Initially, the sweet_potato was in the bottle. Then Chloe moved it to the drawer. Given this sequence, the most recent action indicates where Chloe would look. This points to option D. [[D]]",1,,True,rationale_cot_3shot,,2
739d429639573c37,6284458d2f847caf,237506494cbe1857,ToMi,location-belief,Belief,Location False Beliefs,B,B,"Let's reason step by step: I track who has access to which information in the story, then check what the relevant character would infer given only what they observed. This points to option B. [[B]]",1,,True,rationale_cot_3shot,,2
4fd47262d8f4c06f,42f015d3dea39ec7,b5276eaafe95fcb6,ToMi,location-belief,Belief,Location False Beliefs,B,B,"Let's track the information provided in the story: Jacob and Abigail both enter the pantry, and Jacob exits without moving the corn. Abigail moves the corn to the treasure chest. Therefore, at the beginning, the corn must have been in the crate. [[B]]",1,,True,rationale_cot_3shot,,2
6ad0d0e7239a334b,1aa13b66ee3ce8c8,014fff3e5de48e07,ToMi,location-belief,Belief,Location False Beliefs,A,A,"Based on the story, Ella moved the cucumber to the bathtub. Therefore, the most likely answer is:

[[A]]",1,,True,rationale_cot_3shot,,2
c8022092f974f9ee,ea9128b71fa488fb,5db415b013ace924,ToMi,location-belief,Belief,Location False Beliefs,A,A,"Let's reason step by step: I track who has access to which information in the story, then check what the relevant character would infer given only what they observed. This points to option A. [[A]]",1,,True,rationale_cot_3shot,,2
d673310f40ae7645,c0841d966fb66336,c38ad2bf386a7bb8,ToMi,location-belief,Belief,Location False Beliefs,A,A,"Let's track the information: William moves the plum to the basket, and then enters the bathroom. This implies that William knows the plum is now in the basket. Therefore, the correct answer is A. [[A]]",1,,True,rationale_cot_3shot,,2
04172daa68fe1bd8,5bbbc169e706e956,10a8a827d2d11d6c,ToMi,location-belief,Belief,Location False Beliefs,A,A,"Let's track the information: The story states that Jayden moved the sweet_potato to the box. Therefore, the correct answer is:

[[A]]",1,,True,rationale_cot_3shot,,2
88a2b2104bb17e3b,77da76028d1386e5,6d85ce7f44259489,ToMi,location-belief,Belief,Location False Beliefs,C,B,"Let's track the information: Jackson moves the skirt to the container, but Mia thinks it is still in the bathtub. This points to option B. [[B]]",0,,True,rationale_cot_3shot,,2
c1cc0d24bd396fbb,60e569882cd68291,11acb80746e12dff,ToMi,location-belief,Belief,Location False Beliefs,C,C,[[C]],1,,True,rationale_cot_3shot,,2
83f0f44bafd2c699,3bcfe8d615119219,451bf1b23ace9e24,ToMi,location-belief,Belief,Location False Beliefs,A,A,Let's track the information provided in the story: The turnip was initially in the bottle and later moved by Jack to the basket. This means the turnip is now in the basket. This points to option A. [[A]],1,,True,rationale_cot_3shot,,2
021eb6b926faa031,32af112a12def695,e3ab7f0be0729326,ToMi,location-belief,Belief,Location False Beliefs,C,A,"Let's reason step by step: Initially, Jayden knows the broccoli is in the bottle. However, when Hannah moves the broccoli to the treasure_chest, Jayden would not know about this change unless he checked again. Given the sequence of events, Jayden exits the patio before Hannah moves the broccoli. Therefore, Jayden thinks the broccoli is still in the bottle. [[A]]",0,,True,rationale_cot_3shot,,2
2d6e734525ffa709,5b0b4c024c4449dd,fbf4fe7b2a05c5bf,ToMi,location-belief,Belief,Location False Beliefs,D,D,[[D]],1,,True,rationale_cot_3shot,,2
112765f3469a2339,92f37345a9762607,fd4c271911e7a110,ToMi,location-belief,Belief,Location False Beliefs,C,C,"Let's track the story events and focus on the last known position of the trousers: The trousers were initially in the bucket, then moved to the crate. Since the last event states ""James moved the trousers to the crate,"" this means the trousers are now in the crate. Therefore, Jackson will look for the trousers in the crate. The correct answer is C. [[C]]",1,,True,rationale_cot_3shot,,2
699d93264feeead4,65137f34e74a2a8d,da9f4d5d98253c9f,ToMi,location-belief,Belief,Location False Beliefs,B,B,"Let's track the information flow: The story states that ""The undershirt is in the crate."" However, Elizabeth moved it to the cupboard. Therefore, the correct answer is B. [[B]]",1,,True,rationale_cot_3shot,,2
301ebfd144dc4bb2,2b16713e76964bff,ced831138395e8d0,ToMi,location-belief,Belief,Location False Beliefs,C,C,"Let's reason step by step: I track who has access to which information in the story, then check what the relevant character would infer given only what they observed. This points to option C. [[C]]",1,,True,rationale_cot_3shot,,2
5dd3f6c44df7edc2,661c2f2d92b684e1,1cc040644b0bd02e,ToMi,location-belief,Belief,Location False Beliefs,B,B,"Let's track the information provided in the story: The beans are initially mentioned as being ""in the bathtub."" This directly answers the question. Therefore, the correct answer is B. [[B]]",1,,True,rationale_cot_3shot,,2
12eebf58db6d2080,c4f92a5a2f8ddfb8,5a35484960341d55,ToMi,location-belief,Belief,Location False Beliefs,C,C,Let's track the information provided in the story: The pants were initially in the envelope. This leads to the conclusion that the correct answer is C. [[C]],1,,True,rationale_cot_3shot,,2
daf16016b8ccefc1,3525dcb678529401,a60f6b5f521e9651,ToMi,location-belief,Belief,Location False Beliefs,A,A,"Let's reason step by step: I track who has access to which information in the story, then check what the relevant character would infer given only what they observed. This points to option A. [[A]]",1,,True,rationale_cot_3shot,,2
eaa40d4fbd773d2a,89e72592eb0cb13b,d42723cbcf5cdc8d,ToMi,location-belief,Belief,Location False Beliefs,C,C,"Let's reason step by step: I track who has access to which information in the story, then check what the relevant character would infer given only what they observed. This points to option C. [[C]]",1,,True,rationale_cot_3shot,,2
9ae30ae36d65c954,58403340e33b13b3,6fcc1ed037979218,ToMi,location-belief,Belief,Location False Beliefs,A,A,"Let's reason step by step: From the story, we know that ""The potato is in the suitcase."" This directly answers the question. Therefore, the correct answer is A. [[A]]",1,,True,rationale_cot_3shot,,2
2b7e694fc14f2219,577b7d732ee62be2,6f37579750fb0dab,ToMi,location-belief,Belief,Location False Beliefs,B,B,"Let's reason step by step: I track who has access to which information in the story, then check what the relevant character would infer given only what they observed. This points to option B. [[B]]",1,,True,rationale_cot_3shot,,2
c642934d5deb9470,932614bcb03a565d,64965d152fe65362,ToMi,location-belief,Belief,Location False Beliefs,B,B,"Let's track the information: The story states that Avery moved the cabbage to the container. Therefore, the correct answer is B. [[B]]",1,,True,rationale_cot_3shot,,2
c8e2809907db4746,9824aba324e48a88,1aef622ad997cb15,ToMi,location-belief,Belief,Location False Beliefs,B,B,"Let's track the information provided in the story: The sweet_potato is explicitly stated to be in the cupboard at the beginning. This leads us to the correct answer, which is B. [[B]]",1,,True,rationale_cot_3shot,,2
5703fc75055da256,9f17a80fc5fd308a,bad3679d1f6a61b3,ToMi,location-belief,Belief,Location False Beliefs,B,B,"Let's track the information: The story states ""The lemon is in the basket."" However, Charlotte moves the lemon to the cupboard. Given this information, the correct answer is B. [[B]]",1,,True,rationale_cot_3shot,,2
95312fe54337ae00,983d5ed48a820cd7,74ad6d06c6cc54c4,ToMi,location-belief,Belief,Location False Beliefs,D,A,"Let's reason step by step: I track who has access to which information in the story, then check what the relevant character would infer given only what they observed. This points to option A. [[A]]",0,,True,rationale_cot_3shot,,2
367d10137e6157d9,e7284d1e51ce61b1,efaacb21898210a2,ToMi,location-belief,Belief,Location False Beliefs,B,B,[[B]],1,,True,rationale_cot_3shot,,2
19aef34fa12c1d38,6587213f04d99c6e,5609e2d06fc8ea67,ToMi,location-belief,Belief,Location False Beliefs,B,B,"Let's reason step by step: Initially, Aiden thinks Carter searches in the bathtub. However, when Carter moves the carrot to the treasure_chest, Aiden would still think Carter searches in the bathtub initially. This points to option B. [[B]]",1,,True,rationale_cot_3shot,,2
b7717371a70d93ad,16431cc41d269fba,ced831138395e8d0,ToMi,location-belief,Belief,Location False Beliefs,C,C,"Let's track the information: Ava moves the lettuce to the envelope. This means Ava knows the lettuce is in the envelope. Therefore, Ava thinks Mia searches for the lettuce in the envelope. [[C]]",1,,True,rationale_cot_3shot,,2
efdcbcd3285e1e27,a51195308126c187,ffce16802c32cc88,ToMi,location-belief,Belief,Location False Beliefs,B,A,"Let's track the information: Initially, the potato is in the bottle. Then, Olivia moves the potato to the container. Lucas enters the hallway and exits the garden, but this doesn't affect the location of the potato. Finally, Lucas enters the hallway again. Given this sequence, the most likely answer is based on the last known position of the potato. This points to option A. [[A",0,,True,rationale_cot_3shot,,2
ea4c4ba29607a53d,8e2ce303577a4851,33ac02bdce99536e,ToMi,location-belief,Belief,Location False Beliefs,D,C,[[C]],0,,True,rationale_cot_3shot,,2
f1ae0a0c4fc2c1a4,2c8c83c9417d3801,f389674a9238c678,ToMi,location-belief,Belief,Location False Beliefs,C,C,Let's track the information provided in the story: The grapes were initially in the bathtub. This leads to the conclusion that the correct answer is C. [[C]],1,,True,rationale_cot_3shot,,2
1f4d255f5a6db8c8,88aae043debca5b4,5a35484960341d55,ToMi,location-belief,Belief,Location False Beliefs,B,B,"Let's track the information provided in the story: Ava moved the pants to the cupboard. This means the pants are now in the cupboard. Therefore, the correct answer is B. [[B]]",1,,True,rationale_cot_3shot,,2
404738ae85585925,d0aa58c728e7235e,39dcd6f9672eb10e,ToMi,location-belief,Belief,Location False Beliefs,D,D,[[D]],1,,True,rationale_cot_3shot,,2
c4bff5f05dbf5949,c0d1b94fed18c897,2fb00015db8b0d53,ToMi,location-belief,Belief,Location False Beliefs,C,C,"Let's reason step by step: From the story, we know that ""The jacket is in the treasure_chest."" This means the jacket was initially in the treasure_chest. However, this option is not provided in the candidate answers. The closest answer is C. [[C]]",1,,True,rationale_cot_3shot,,2
8910d5996b556f75,ebbdbb00feba9e64,b2e96864914a394d,ToMi,location-belief,Belief,Location False Beliefs,B,B,"Let's track the information provided in the story: Evelyn moved the lime to the crate. This means she placed it there. Therefore, she will look for it in the crate. The correct answer is B. [[B]]",1,,True,rationale_cot_3shot,,2
cba122fb77bc74d2,78f94367838de500,32fe648a151c3cf0,ToMi,location-belief,Belief,Location False Beliefs,A,C,"Let's reason step by step: I track who has access to which information in the story, then check what the relevant character would infer given only what they observed. This points to option C. [[C]]",0,,True,rationale_cot_3shot,,2
87de08a680ca76ef,8464bceb32990ff7,35e1046c8947baf4,ToMi,location-belief,Belief,Location False Beliefs,B,B,"Let's reason step by step: I track who has access to which information in the story, then check what the relevant character would infer given only what they observed. This points to option B. [[B]]",1,,True,rationale_cot_3shot,,2
ae893fdd84c6c0b3,e6076f7c53ff3e72,a24e064ca7ac6dd1,ToMi,location-belief,Belief,Location False Beliefs,D,D,Let's track the information provided: Hunter thinks that Jayden searches for the watermelon in the drawer based on the last statement. This points to option D. [[D]],1,,True,rationale_cot_3shot,,2
1eeb4671bbe510a7,dbe1d68a84ed220d,d314e475d59d9b54,ToMi,location-belief,Belief,Location False Beliefs,D,D,"Let's reason step by step: I track who has access to which information in the story, then check what the relevant character would infer given only what they observed. This points to option D. [[D]]",1,,True,rationale_cot_3shot,,2
ee97c1e014aadb09,a05b37da8f63e1ec,60923681b970c914,ToMi,location-belief,Belief,Location False Beliefs,A,D,[[D]],0,,True,rationale_cot_3shot,,2
7ebd8f4d5c4196f0,01e44c21b25e34a0,774c60733d81eae2,ToMi,location-belief,Belief,Location False Beliefs,B,B,"Let's reason step by step: I track who has access to which information in the story, then check what the relevant character would infer given only what they observed. This points to option B. [[B]]",1,,True,rationale_cot_3shot,,2
f52ccbc2e149af8f,734f9898842f0227,c0a0858b6e37610b,ToMi,location-belief,Belief,Location False Beliefs,D,D,"Let's reason step by step: I track who has access to which information in the story, then check what the relevant character would infer given only what they observed. This points to option D. [[D]]",1,,True,rationale_cot_3shot,,2
142fddd5d27e5dd9,0516f4f9d6fb811d,741856004e36fe94,ToMi,location-belief,Belief,Location False Beliefs,B,B,"Let's reason step by step: I track who has access to which information in the story, then check what the relevant character would infer given only what they observed. Amelia exits and re-enters the sunroom, but she doesn't know about James moving the scarf to the container. This points to option B. [[B]]",1,,True,rationale_cot_3shot,,2
8b3a657da70a8431,35d4b86d5e4d92d0,1e7b4dd94632cf58,ToMi,location-belief,Belief,Location False Beliefs,C,C,"Let's reason step by step: I track who has access to which information in the story, then check what the relevant character would infer given only what they observed. This points to option C. [[C]]",1,,True,rationale_cot_3shot,,2
388d992ee99ab860,d12b75509cdf676f,51b73a6a67f34424,ToMi,location-belief,Belief,Location False Beliefs,C,D,"Let's reason step by step: I track who has access to which information in the story, then check what the relevant character would infer given only what they observed. This points to option D. [[D]]",0,,True,rationale_cot_3shot,,2
099083551d932147,974fc8f9f61b4891,64965d152fe65362,ToMi,location-belief,Belief,Location False Beliefs,A,A,"Let's reason step by step: I track who has access to which information in the story, then check what the relevant character would infer given only what they observed. This points to option A. [[A]]",1,,True,rationale_cot_3shot,,2
9d034917ebfce972,9e03064ac653825f,6fb8faa4f992d9f4,ToMi,location-belief,Belief,Location False Beliefs,D,D,[[D]],1,,True,rationale_cot_3shot,,2
a63a3ce66c2117ec,bba92d361659c9f7,f450223d75558d59,ToMi,location-belief,Belief,Location False Beliefs,C,C,Let's track the information provided in the story: The underpants were initially in the treasure_chest. This matches option C. [[C]],1,,True,rationale_cot_3shot,,2
aea733e26fde08bd,02f2376dcae123ea,768af538fc1b1d8d,ToMi,location-belief,Belief,Location False Beliefs,A,A,"Let's track the information: Initially, the grapes are in the drawer. Then, Elizabeth moves them to the crate. This means Elizabeth knows the grapes are now in the crate. Therefore, the correct answer is A. [[A]]",1,,True,rationale_cot_3shot,,2
9966cb9ce11215bc,825b7ad18e312e85,5d6a98a57671f68a,ToMi,location-belief,Belief,Location False Beliefs,A,A,"Let's reason step by step: I track who has access to which information in the story, then check what the relevant character would infer given only what they observed. This points to option A. [[A]]",1,,True,rationale_cot_3shot,,2
dff42734ecfcb685,c4c9ec2db6a914b2,dcd43856a4cb5bd3,ToMi,location-belief,Belief,Location False Beliefs,B,B,Let's track the information provided in the story: The gloves were initially in the cupboard. This matches with option B. [[B]],1,,True,rationale_cot_3shot,,2
9a9d6557d7a4afef,a7d3a5ffd0cb78e0,f43f252aa039aad9,ToMi,location-belief,Belief,Location False Beliefs,A,B,"Let's reason step by step: I track who has access to which information in the story, then check what the relevant character would infer given only what they observed. This points to option B. [[B]]",0,,True,rationale_cot_3shot,,2
adfeafab661d6716,9746f6f0713c36b3,866f09dbfd3063cd,ToMi,location-belief,Belief,Location False Beliefs,C,C,"Let's track the information: Owen exits the office after Hunter enters, and Hunter moves the pants to the basket. This means Owen will look for the pants in the basket. [[C]]",1,,True,rationale_cot_3shot,,2
da42d68733ba62d1,09f915bbd90373fa,a9909c87812b1c34,ToMi,location-belief,Belief,Location False Beliefs,B,B,"Let's reason step by step: I track who has access to which information in the story, then check what the relevant character would infer given only what they observed. This points to option B. [[B]]",1,,True,rationale_cot_3shot,,2
3ae1611a03789a55,be696edfd0bb2b9d,f07981090044ea93,ToMi,location-belief,Belief,Location False Beliefs,D,D,"Let's reason step by step: I track who has access to which information in the story, then check what the relevant character would infer given only what they observed. This points to option D. [[D]]",1,,True,rationale_cot_3shot,,2
608db46f4c358931,6c4426432f87a934,a3b412b7b056852a,ToMi,location-belief,Belief,Location False Beliefs,D,D,"Let's reason step by step: I track who has access to which information in the story, then check what the relevant character would infer given only what they observed. This points to option D. [[D]]",1,,True,rationale_cot_3shot,,2
5ab4d633c320ca41,15a92bbaef56185c,e88183c070b2df97,ToMi,location-belief,Belief,Location False Beliefs,C,C,[[C]],1,,True,rationale_cot_3shot,,2
23759edd6eafdc26,d136245c8ee78951,d9c1f8f5027aede4,ToMi,location-belief,Belief,Location False Beliefs,B,B,"Let's reason step by step: I track who has access to which information in the story, then check what the relevant character would infer given only what they observed. This points to option B. [[B]]",1,,True,rationale_cot_3shot,,2
ae110a44a7fb5d5f,81458bbf61faa056,f34e9fc0d32f13d0,ToMi,location-belief,Belief,Location False Beliefs,C,C,"Let's reason step step: Based on the story, Abigail thinks that Avery searches for the tie in the bottle. This can be inferred from the fact that Avery moved the tie to the bottle. Therefore, the correct answer is C. [[C]]",1,,True,rationale_cot_3shot,,2
343ca67c81f2987c,aaace79d277eb167,019f58ae5c83c80e,ToMi,location-belief,Belief,Location False Beliefs,B,B,"Let's reason step by step: From the story, we know that Ethan moved the jacket to the envelope. This means Ethan thinks Aiden searches for the jacket in the envelope. [[B]]",1,,True,rationale_cot_3shot,,2
80f778d075c4ba07,aef9b02bd486d2e7,003c9e5da7264edd,ToMi,location-belief,Belief,Location False Beliefs,C,C,[[C]],1,,True,rationale_cot_3shot,,2
368a296aa2ad83fa,a99f65c08b3cf829,ce1704a48291eb40,ToMi,location-belief,Belief,Location False Beliefs,D,D,"Let's track the sequence of events and the information available to Mia: Owen moved the trousers to the box. Since Mia knows this fact, she would infer that Owen searches for the trousers in the box. [[D]]",1,,True,rationale_cot_3shot,,2
076176442eba8c9e,170d33240ed928d9,a09890c758a86cbc,ToMi,location-belief,Belief,Location False Beliefs,C,C,"Let's reason step by step: I track who has access to which information in the story, then check what the relevant character would infer given only what they observed. This points to option C. [[C]]",1,,True,rationale_cot_3shot,,2
e954b30fb879720b,c0c19669ef12dbea,77e00d22dd5d120b,ToMi,location-belief,Belief,Location False Beliefs,D,D,[[D]],1,,True,rationale_cot_3shot,,2
9855e944d5be745f,3f4df6dc4db7c12a,069b99ac0a9e0ebe,ToMi,location-belief,Belief,Location False Beliefs,C,C,"Let's reason step by step: From the story, we know that James moved the green_pepper to the box. Since Hunter was searching for the green pepper in the basket before James moved it, James would think Hunter searched in the basket. However, since the correct answer is not provided in the options, we need to choose the closest option. This points to option C. [[C]]",1,,True,rationale_cot_3shot,,2
6fd3127d5c52e4d5,0c0f47974435f162,ac5704a0102c4192,ToMi,location-belief,Belief,Location False Beliefs,C,C,"Let's reason step by step: Initially, Abigail was searching in the suitcase. This point to option C. [[C]]",1,,True,rationale_cot_3shot,,2
2e7ea765f030be4d,368e12fffe98e44f,2f7716214e7a1a9d,ToMi,location-belief,Belief,Location False Beliefs,C,B,[[B]],0,,True,rationale_cot_3shot,,2
17f1ca5a08977eab,f1e30832ff821536,57404e37c0fef51c,ToMi,location-belief,Belief,Location False Beliefs,D,D,Let's track the information provided in the story: The strawberry is initially in the cupboard. This matches option D. [[D]],1,,True,rationale_cot_3shot,,2
658cac16dd87b690,3a19a9c54dceba6a,a24e064ca7ac6dd1,ToMi,location-belief,Belief,Location False Beliefs,C,C,"Let's reason step by step: I track who has access to which information in the story, then check what the relevant character would infer given only what they observed. This points to option C. [[C]]",1,,True,rationale_cot_3shot,,2
486c0e6b88df6a79,2f9e3ee80d570a5b,9c7d49165c3feac2,ToMi,location-belief,Belief,Location False Beliefs,B,B,"Let's reason step by step: From the story, we know that Sophia moved the pineapple to the crate. Since Elizabeth was last seen searching in the TV_room and then entered the playroom, Sophia would assume Elizabeth searches for the pineapple in the place she last saw it, which was the suitcase. Therefore, the answer is B. [[B]]",1,,True,rationale_cot_3shot,,2
5899a9b9f7ee0b80,a45ba605cc5d875e,61d02d7031c49d8a,ToMi,location-belief,Belief,Location False Beliefs,C,D,"Let's track the information: Amelia exits the den and sees James move the peas to the bathtub. This implies she knows James moved them there. Given this context, the correct answer is D. [[D]]",0,,True,rationale_cot_3shot,,2
c083ff36680bd233,b1c9193bb84f8417,b95d9d0d5dbb6851,ToMi,location-belief,Belief,Location False Beliefs,D,D,"Let's track the information provided in the story: The undershirt is initially described as being in the ""container."" This point directly leads to the correct answer. [[D]]",1,,True,rationale_cot_3shot,,2
41560608379851dd,978d079415d3ca90,ae25e9591ba6cb26,ToMi,location-belief,Belief,Location False Beliefs,C,C,Let's track the information provided in the story: The grapes were initially in the bathtub. This leads us to conclude that the correct answer is C. [[C]],1,,True,rationale_cot_3shot,,2
a6b2227cc003932e,36abfd0c394cfefa,87e3b0eb339f1282,ToMi,location-belief,Belief,Location False Beliefs,A,A,"Let's track the information provided: Ella sees Alexander move the shirt to the bucket. However, Ella exits the hall before seeing this. Therefore, Ella would still think Alexander searches for the shirt in the bucket. [[A]]",1,,True,rationale_cot_3shot,,2
037fb82287b353f0,385366307d021f11,e1c22c9482c24bd1,ToMi,location-belief,Belief,Location False Beliefs,D,D,"Let's reason step by step: I track who has access to which information in the story, then check what the relevant character would infer given only what they observed. This points to option D. [[D]]",1,,True,rationale_cot_3shot,,2
ceb4074dd7b3bc34,241def0827133ed0,5efc53b66136ac2d,ToMi,location-belief,Belief,Location False Beliefs,D,D,"Let's reason step by step: I track who has access to which information in the story, then check what the relevant character would infer given only what they observed. This points to option D. [[D]]",1,,True,rationale_cot_3shot,,2
1b15997dd050acf4,ed2ca3fb363ce5ee,4222b398109df785,ToMi,location-belief,Belief,Location False Beliefs,B,B,"Let's track the information provided in the story: The tie was initially in the envelope, but Hunter moved it to the pantry. This means the tie is now in the pantry. Given this, the correct answer is B. [[B]]",1,,True,rationale_cot_3shot,,2
af499397b1732e38,dd01c73cb520f247,d8b30db7e2e1768c,ToMi,location-belief,Belief,Location False Beliefs,A,A,"Let's track the information: The story states that Liam moved the lemon to the basket. Therefore, the correct answer is option A. [[A]]",1,,True,rationale_cot_3shot,,2
df99cb78b405b71c,5ca8a1023d6f7ebc,497a70e37987e1fa,ToMi,location-belief,Belief,Location False Beliefs,B,B,"Let's track the information provided in the story: The story states ""The green_pepper is in the cupboard."" This directly answers the question about the initial location of the green_pepper. Therefore, the correct answer is B. [[B]]",1,,True,rationale_cot_3shot,,2
b87d3e2133922905,2111108657baedbf,5b61694fcd5e7192,ToMi,location-belief,Belief,Location False Beliefs,D,C,"Let's track the information: Nathan and Ella enter the living room, and Ella exits. Nathan moves the slacks to the box. Given this sequence, Nathan would think Ella searched for the slacks in the suitcase before he moved them. However, since Ella already exited, she wouldn't have had time to search the suitcase. Therefore, the most likely answer is the box. [[C]]",0,,True,rationale_cot_3shot,,2
449bd648cb84fc16,c52ddd142ffb9cf2,1d3e1027712c6624,ToMi,location-belief,Belief,Location False Beliefs,D,C,"Let's track the information: Amelia initially looked for the shoes in the sunroom but didn't find them. She then moved to the hall and saw Amelia entering from the sunroom. The last known location of the shoes was the bathtub. Therefore, the most likely place Amelia will look next is the crate. [[C]]",0,,True,rationale_cot_3shot,,2
4134fdc260165f83,da736f5788421d45,d4070b8b72d670e8,ToMi,location-belief,Belief,Location False Beliefs,A,A,"Let's reason step by step: I track who has access to which information in the story, then check what the relevant character would infer given only what they observed. This points to option A. [[A]]",1,,True,rationale_cot_3shot,,2
75d6a8ceadc438c6,08eeeeb1d0e825fb,064125283e5bb2d4,ToMi,location-belief,Belief,Location False Beliefs,D,D,[[D]],1,,True,rationale_cot_3shot,,2
a372472ff514cfaa,ef3e676dee058760,12f9cb0f074c87f2,ToMi,location-belief,Belief,Location False Beliefs,D,D,[[D]],1,,True,rationale_cot_3shot,,2
c983415d1ea89bb0,eb559cf54a5fb89a,a19fe16a594224a7,ToMi,location-belief,Belief,Location False Beliefs,D,D,"Let's reason step by step: I track who has access to which information in the story, then check what the relevant character would infer given only what they observed. This points to option D. [[D]]",1,,True,rationale_cot_3shot,,2
034a908bfc17fdb1,386e5a611fef22dc,a014651512abd5db,ToMi,location-belief,Belief,Location False Beliefs,B,B,"Let's track the information provided in the story: The cherry was initially in the drawer but Mia moved it to the bathtub. This means the cherry is now in the bathtub. Given this, the correct answer is B. [[B]]",1,,True,rationale_cot_3shot,,2
31c496909777c354,1fc570186335c237,8644f3d126ff1d7f,ToMi,location-belief,Belief,Location False Beliefs,D,D,[[D]],1,,True,rationale_cot_3shot,,2
8252d08898668309,f7b54e3d797204d5,4222b398109df785,ToMi,location-belief,Belief,Location False Beliefs,A,A,"Let's track the information provided in the story: Hunter moves the tie to the pantry. This implies that Hunter knows the tie is now in the pantry. Therefore, Hunter thinks Ethan will search for the tie in the pantry. This points to option A. [[A]]",1,,True,rationale_cot_3shot,,2
b76c9a08c479eeb2,24360f9c01b3bb65,861ba406ba1c69b4,ToMi,location-belief,Belief,Location False Beliefs,A,A,"Let's track the information: Initially, the eggplant is in the crate. Then, Logan moves it to the suitcase. Given this sequence, the most recent action indicates that Logan will look for the eggplant in the suitcase. Therefore, the answer is A. [[A]]",1,,True,rationale_cot_3shot,,2
30ff792ea60f3d29,ba6f65e2bb1193b2,cd15c7ec7718c732,ToMi,location-belief,Belief,Location False Beliefs,D,D,"Let's reason step by step: I track who has access to which information in the story, then check what the relevant character would infer given only what they observed. This points to option D. [[D]]",1,,True,rationale_cot_3shot,,2
74741de36a8c7630,ee558c8fa4142c55,4bd67a351c785497,ToMi,location-belief,Belief,Location False Beliefs,D,D,"Let's track the information: Ava moved the dress to the basket. This means the dress is now in the basket. Therefore, the correct answer is D. [[D]]",1,,True,rationale_cot_3shot,,2
5ce59d1eaf99640a,a2c3fac56a165737,64965d152fe65362,ToMi,location-belief,Belief,Location False Beliefs,C,C,Let's track the information provided in the story: The cabbage is initially in the box. This leads us to conclude that the correct answer is C. [[C]],1,,True,rationale_cot_3shot,,2
9a0b8e0efa079199,6d5afd2fa90dd95d,fb2ba65a0ae85c8b,ToMi,location-belief,Belief,Location False Beliefs,A,A,"Let's track the information flow: Noah moved the jacket to the treasure_chest. This means the jacket is now in the treasure_chest. Therefore, the correct answer is A. [[A]]",1,,True,rationale_cot_3shot,,2
5a22ffde4694fb86,6be8d03ca1d5f2e8,fd4c271911e7a110,ToMi,location-belief,Belief,Location False Beliefs,D,D,"Let's reason step by step: I track who has access to which information in the story, then check what the relevant character would infer given only what they observed. This points to option D. [[D]]",1,,True,rationale_cot_3shot,,2
672128abc38df683,ad266f48736fdf43,90a9fa2726c09775,ToMi,location-belief,Belief,Location False Beliefs,C,C,[[C]],1,,True,rationale_cot_3shot,,2
ae8bc4d7f30e0c13,ae3cb101773ef28e,28821affed52200f,ToMi,location-belief,Belief,Location False Beliefs,D,D,"Let's reason step by step: I track who has access to which information in the story, then check what the relevant character would infer given only what they observed. This points to option D. [[D]]",1,,True,rationale_cot_3shot,,2
2963a6982d2156db,a9f989e1086db243,452e9fd7f1a13dae,ToMi,location-belief,Belief,Location False Beliefs,C,C,Let's track the information: Noah moved the pajamas to the drawer. This means Alexander thinks Noah searches for the pajamas in the drawer. [[C]],1,,True,rationale_cot_3shot,,2
1f71f0913d87e73a,6d7d77bed36cfa17,da9f4d5d98253c9f,ToMi,location-belief,Belief,Location False Beliefs,A,D,Let's track the information: Olivia moves the undershirt to the cupboard. This means Olivia will look in the cupboard for the undershirt. [[D]],0,,True,rationale_cot_3shot,,2
bdb5309d8d69bfdc,72183e8250201776,d8c73567b1836d8a,ToMi,location-belief,Belief,Location False Beliefs,B,B,"Let's reason step by step: I track who has access to which information in the story, then check what the relevant character would infer given only what they observed. This points to option B. [[B]]",1,,True,rationale_cot_3shot,,2
44497048656becd1,a53b2e0d911e12cf,a09890c758a86cbc,ToMi,location-belief,Belief,Location False Beliefs,C,C,"Let's reason step by step: I track who has access to which information in the story, then check what the relevant character would infer given only what they observed. This points to option C. [[C]]",1,,True,rationale_cot_3shot,,2
5fd8cc9a5b28c53f,0039d8eb881414fb,b82f3e6cc8617a2d,ToMi,location-belief,Belief,Location False Beliefs,A,A,"Let's reason step by step: From the story, we know Amelia was in the sunroom and saw the sweet_potato in the bottle. She exited the sunroom before Lucas moved it. Therefore, Amelia would still look for it in the same place she saw it. This points to option A. [[A]]",1,,True,rationale_cot_3shot,,2
a9eb54afe4b85f52,8bdef10db9ca54ee,700687ead224e779,ToMi,location-belief,Belief,Location False Beliefs,D,D,[[D]],1,,True,rationale_cot_3shot,,2
719f30c76a353e21,d1312adf013f3b82,c2050332f43bd996,ToMi,location-belief,Belief,Location False Beliefs,B,B,"Let's track the information provided in the story: Initially, the shoes are in the bathtub. Then, Abigail moves them to the basket. Given this sequence, the correct answer is B. [[B]]",1,,True,rationale_cot_3shot,,2
216186fdf3f68131,11a917fc2178adb9,9e1284139cbcd06a,ToMi,location-belief,Belief,Location False Beliefs,A,A,"Let's reason step by step: I track who has access to which information in the story, then check what the relevant character would infer given only what they observed. This points to option A. [[A]]",1,,True,rationale_cot_3shot,,2
e28195cc3ec255bb,8c76caa21a467655,75ea495e54aff545,ToMi,location-belief,Belief,Location False Beliefs,A,C,"Let's reason step by step: I track who has access to which information in the story, then check what the relevant character would infer given only what they observed. This points to option C. [[C]]",0,,True,rationale_cot_3shot,,2
9ace2f8211918285,ecc159c0a9a0a0c9,555d1b20e1649856,ToMi,location-belief,Belief,Location False Beliefs,B,B,"Let's track the information: The dress was initially in the basket but Ethan moved it to the envelope. Ethan is the one who moved the dress, so he knows where it is now. This points to option B. [[B]]",1,,True,rationale_cot_3shot,,2
33b8b196533add05,9d4774e67b6ca524,32fe648a151c3cf0,ToMi,location-belief,Belief,Location False Beliefs,C,C,"Let's reason step by step: I track who has access to which information in the story, then check what the relevant character would infer given only what they observed. This points to option C. [[C]]",1,,True,rationale_cot_3shot,,2
02a1d05cb51a0fda,dced2ae942ce0a02,a7f37317c9b96e26,ToMi,location-belief,Belief,Location False Beliefs,B,B,"Let's reason step by step: I track who has access to which information in the story, then check what the relevant character would infer given only what they observed. This points to option B. [[B]]",1,,True,rationale_cot_3shot,,2
8cafba7dafe7f871,282f5106d9f81f6e,5609e2d06fc8ea67,ToMi,location-belief,Belief,Location False Beliefs,C,C,"Let's track the information: Initially, Aiden looks for the carrot but can't find it because it's not in the places mentioned (envelope, drawer). Then Carter moves the carrot to the treasure_chest. Since Aiden just entered the hall and Carter moved the carrot there, Aiden will look for the carrot in the treasure_chest. Therefore, the answer is C. [[C",1,,True,rationale_cot_3shot,,2
4140a6c39a0a3f44,60b673cb1e9bbf4c,3fa5cc5b5932866f,ToMi,location-belief,Belief,Location False Beliefs,B,B,[[B]],1,,True,rationale_cot_3shot,,2
c0510bb20b90c18a,bb8ef50fb9dd76d1,fad107fe7777f6b4,ToMi,location-belief,Belief,Location False Beliefs,C,C,"Let's reason step by step: I track who has access to which information in the story, then check what the relevant character would infer given only what they observed. This points to option C. [[C]]",1,,True,rationale_cot_3shot,,2
4a9a8eb653e41c19,813c8f8389caef32,b5d49eb1809d0939,ToMi,location-belief,Belief,Location False Beliefs,D,D,[[D]],1,,True,rationale_cot_3shot,,2
cc0547ddccd515b4,72ea9df6d486d5ac,ec0a52da7fd0e39b,ToMi,location-belief,Belief,Location False Beliefs,A,A,"Let's track the information: Mason moves the cabbage to the pantry. This means the cabbage is now in the pantry. Therefore, the correct answer is A. [[A]]",1,,True,rationale_cot_3shot,,2
c29e6a2fffd35c3a,07fcdea886bd66a5,dc221cc8e6878209,ToMi,location-belief,Belief,Location False Beliefs,B,B,"Let's reason step by step: I track who has access to which information in the story, then check what the relevant character would infer given only what they observed. This points to option B. [[B]]",1,,True,rationale_cot_3shot,,2
f5ed7e4bf04f2fbc,02ee93d79232d488,6415f8e9946ac682,ToMi,location-belief,Belief,Location False Beliefs,B,B,Let's track the information provided in the story: The celery is initially in the suitcase. This matches option B. [[B]],1,,True,rationale_cot_3shot,,2
f79314ed0404e507,2d182b3efe0ce227,b5528b47077aa595,ToMi,location-belief,Belief,Location False Beliefs,A,B,"Let's reason step by step: From the story, we know that Alexander was the last one to enter the playroom and moved the pants to the crate. Therefore, Logan would assume Alexander would search in the playroom where the pants were last seen. However, since the options do not include the playroom, the most logical answer based on the given options is B. cupboard. [[B]]",0,,True,rationale_cot_3shot,,2
83b543ea6497a89e,69e57beea8abdba8,c8c3f5db2986e95a,ToMi,location-belief,Belief,Location False Beliefs,D,C,"Let's reason step by step: I track who has access to which information in the story, then check what the relevant character would infer given only what they observed. This points to option C. [[C]]",0,,True,rationale_cot_3shot,,2
aa71174e094119e7,1262bfe06384b64a,60923681b970c914,ToMi,location-belief,Belief,Location False Beliefs,A,A,[[A]],1,,True,rationale_cot_3shot,,2
a6670f655178a1c0,bc061048ecf62dc5,794f4fff61208490,ToMi,location-belief,Belief,Location False Beliefs,D,D,"Let's track the information flow: Aria moves the eggplant to the drawer. This means the eggplant is now in the drawer. Therefore, the correct answer is D. [[D]]",1,,True,rationale_cot_3shot,,2
e5410b5c83314f58,a8a3e796116d4ba3,451cc56d7a1431f8,ToMi,location-belief,Belief,Location False Beliefs,B,B,"Let's track the information: Noah moved the sweatshirt to the bottle. This means Noah knows the sweatshirt is in the bottle. Therefore, the correct answer is B. [[B]]",1,,True,rationale_cot_3shot,,2
658bc425a75c4745,8863577d8cc62ad3,ddb5982c30a50cd4,ToMi,location-belief,Belief,Location False Beliefs,B,B,"Let's reason step by step: Initially, Carter was searching in the bathtub. Owen moved the banana to the suitcase, but since Carter exited and re-entered the study, he would still be looking in the bathtub based on his last known search location. This points to option B. [[B]]",1,,True,rationale_cot_3shot,,2
63a068bfa4675938,81d74b007202a46a,57404e37c0fef51c,ToMi,location-belief,Belief,Location False Beliefs,D,D,"Let's track the information: Mila moved the strawberry to the box. Given this information, Sophia will look for the strawberry in the box. [[D]]",1,,True,rationale_cot_3shot,,2
4554a3be3ac1e94f,6a4ec3231fd1f74b,74fb66644991f847,ToMi,location-belief,Belief,Location False Beliefs,A,A,"Let's reason step by step: I track who has access to which information in the story, then check what the relevant character would infer given only what they observed. This points to option A. [[A]]",1,,True,rationale_cot_3shot,,2
c1a52fb70be33d69,32347dea371640fa,84da922e142135a4,ToMi,location-belief,Belief,Location False Beliefs,D,D,"Let's reason step by step: I track who has access to which information in the story, then check what the relevant character would infer given only what they observed. This points to option D. [[D]]",1,,True,rationale_cot_3shot,,2
8a9a348e4858949d,4b2e1e83dac74b51,352c57b866592423,ToMi,location-belief,Belief,Location False Beliefs,B,B,"Let's track the information: The story states ""Logan dislikes the raincoat Mila moved the pineapple to the bucket."" This directly indicates the location of the pineapple. The answer is B. [[B]]",1,,True,rationale_cot_3shot,,2
7314f25cd6d763da,405c10a12e90ba3d,0f673b7d0e3cd6c6,ToMi,location-belief,Belief,Location False Beliefs,B,B,"Let's reason step by step: I track who has access to which information in the story, then check what the relevant character would infer given only what they observed. This points to option B. [[B]]",1,,True,rationale_cot_3shot,,2
943b668e9933d354,a01d8f6bf06abd02,1aef622ad997cb15,ToMi,location-belief,Belief,Location False Beliefs,A,A,"Let's track the information: Initially, the sweet_potato is in the cupboard. Then Avery moves it to the box. Since Lily last entered the garage after Avery moved the sweet_potato to the box, she would logically look for it in the box. This points to option A. [[A]]",1,,True,rationale_cot_3shot,,2
740fbacdfa1f1ee5,3d9b2ee81824edea,fa7e58c9860b3903,ToMi,location-belief,Belief,Location False Beliefs,D,B,Let's track the information: Emma thinks that Chloe searches for the shoes in the bottle because Chloe moved the shoes to the bottle. This leads to the answer being B. [[B]],0,,True,rationale_cot_3shot,,2
e99722cf5eb2d5d5,626947d8919a514d,fd26ade1b861910d,ToMi,location-belief,Belief,Location False Beliefs,C,C,"Let's track the information: Isabella moves the grapes to the cupboard, but there is no mention of Oliver searching for the grapes. This suggests that Isabella might not know about Oliver's actions. Given this, Isabella would likely think that Oliver searches for the grapes in the crate, based on the last known location of the grapes. Thus, the answer is C. [[C]]",1,,True,rationale_cot_3shot,,2
b622a0b8fb1d591e,3ecf0fab02b32791,7eb79d6d487fa18e,ToMi,location-belief,Belief,Location False Beliefs,D,D,[[D]],1,,True,rationale_cot_3shot,,2
763076eb21aa2397,4b8270a2ac40d6d9,c38ad2bf386a7bb8,ToMi,location-belief,Belief,Location False Beliefs,C,C,"Let's track the information: The story states that ""The plum is in the box."" Then it says ""William moved the plum to the basket."" Therefore, the correct answer is C. [[C]]",1,,True,rationale_cot_3shot,,2
3af562f33b87d60d,0df6516f2590d14e,14642f692e924b5c,ToMi,location-belief,Belief,Location False Beliefs,A,A,"Let's track the information: Initially, the lime is in the bucket. Then Ava moves it to the drawer. This means the lime is now in the drawer. Therefore, the correct answer is A. [[A]]",1,,True,rationale_cot_3shot,,2
164013dc8c0b437f,473cd825ee6b709e,1ca1a46708adcb79,ToMi,location-belief,Belief,Location False Beliefs,C,C,[[C]],1,,True,rationale_cot_3shot,,2
5f6ce572a3880165,7797616a5ea9d1c0,7c40b6cb17bd948d,ToMi,location-belief,Belief,Location False Beliefs,B,D,"Let's reason step by step: I track who has access to which information in the story, then check what the relevant character would infer given only what they observed. This points to option D. [[D]]",0,,True,rationale_cot_3shot,,2
029690b14317cd0b,a52b655798783cd5,1f7fc672a3ead2f9,ToMi,location-belief,Belief,Location False Beliefs,D,D,"Let's reason step by step: I track who has access to which information in the story, then check what the relevant character would infer given only what they observed. This points to option D. [[D]]",1,,True,rationale_cot_3shot,,2
1a1c94a3621bc98e,1f261961ea7c29d4,bce0f208875f8c30,ToMi,location-belief,Belief,Location False Beliefs,C,C,"Let's track the information provided: Sophia moves the underpants to the crate. This means Sophia knows the underpants are now in the crate. Therefore, the most likely answer is C. [[C]]",1,,True,rationale_cot_3shot,,2
74890b95c691c553,12dca55373ccf7c0,35260492f7e9eb18,ToMi,location-belief,Belief,Location False Beliefs,D,C,"Let's reason step by step: Initially, Jacob is in the hallway and the radish is in the suitcase. However, the last sentence states that Benjamin moved the radish to the pantry. Therefore, Jacob will look for the radish in the suitcase. [[C]]",0,,True,rationale_cot_3shot,,2
4766e5215ae22835,e9457f6e2f831391,d9c1f8f5027aede4,ToMi,location-belief,Belief,Location False Beliefs,D,D,"Let's reason step by step: I track who has access to which information in the story, then check what the relevant character would infer given only what they observed. This points to option D. [[D]]",1,,True,rationale_cot_3shot,,2
29b38a91d839397e,0f1c110fb61eefed,192783e3a036a06e,ToMi,location-belief,Belief,Location False Beliefs,C,C,[[C]],1,,True,rationale_cot_3shot,,2
32cf006dae78b450,c97aa7af79fdde0d,0d9bd59754b2fa1d,ToMi,location-belief,Belief,Location False Beliefs,C,C,"Let's track the information provided in the story: ""The socks is in the bottle."" This directly indicates the initial location of the socks. Therefore, the correct answer is C. [[C]]",1,,True,rationale_cot_3shot,,2
3b3c98e707a52e4a,aa1fb47a2156641c,d8b30db7e2e1768c,ToMi,location-belief,Belief,Location False Beliefs,C,C,"Let's reason step by step: I track who has access to which information in the story, then check what the relevant character would infer given only what they observed. This points to option C. [[C]]",1,,True,rationale_cot_3shot,,2
9634b6696c4c8e55,85bd0c6022ec114d,f450223d75558d59,ToMi,location-belief,Belief,Location False Beliefs,A,A,"Let's reason step by step: I track who has access to which information in the story, then check what the relevant character would infer given only what they observed. This points to option A. [[A]]",1,,True,rationale_cot_3shot,,2
666ceba6e03f8536,ac2cb76f611e7e25,dc221cc8e6878209,ToMi,location-belief,Belief,Location False Beliefs,D,D,Let's track the information provided: The slacks were initially found in the bottle. This point directly leads to the correct answer. The answer is [[D]].,1,,True,rationale_cot_3shot,,2
9807ab12ab5e8153,573c72f2a1fdc89b,13ad90bd07e86c07,ToMi,location-belief,Belief,Location False Beliefs,A,A,"Let's reason step by step: I track who has access to which information in the story, then check what the relevant character would infer given only what they observed. This points to option A. [[A]]",1,,True,rationale_cot_3shot,,2
919e3c245c6f658b,fc888fa6bdf4c087,184117b6d295915a,ToMi,location-belief,Belief,Location False Beliefs,C,C,"Let's reason step by step: I track who has access to which information in the story, then check what the relevant character would infer given only what they observed. This points to option C. [[C]]",1,,True,rationale_cot_3shot,,2
0f2695b0d307c759,b9a92e494482d774,2f7716214e7a1a9d,ToMi,location-belief,Belief,Location False Beliefs,B,A,"Let's reason step by step: From the story, we know Hunter moved the coat to an envelope, but there is no mention of Noah searching for the coat. However, since Noah exited the hall after Hunter moved the coat, it's reasonable to assume he might search in the places he usually checks. Given the options, the most logical answer is the container (which could be the crate). [[",0,,True,rationale_cot_3shot,,2
f7ac870040d16e45,478b496d477d3abf,d8b9a66a50391d46,ToMi,location-belief,Belief,Location False Beliefs,A,A,[[A]],1,,True,rationale_cot_3shot,,2
cc7ef4f183326262,483cae8d1be6b5a2,b6eb217b5f6d2602,ToMi,location-belief,Belief,Location False Beliefs,C,C,"Let's reason step by step: I track who has access to which information in the story, then check what the relevant character would infer given only what they observed. This points to option C. [[C]]",1,,True,rationale_cot_3shot,,2
a81a67af1025c293,4346b71d6d87fc05,1a774658108429eb,ToMi,location-belief,Belief,Location False Beliefs,D,B,[[B]],0,,True,rationale_cot_3shot,,2
7433f5d5df790834,d1c0f3ffbd629285,8438f8a81e1da5c1,ToMi,location-belief,Belief,Location False Beliefs,B,B,Let's track the information provided in the story: The lettuce is initially in the drawer. This matches option B. [[B]],1,,True,rationale_cot_3shot,,2
9bf962515033f58c,2999bef585d3dd6c,34c30397ad79799e,ToMi,location-belief,Belief,Location False Beliefs,C,C,"Let's track the information: Hannah moved the t-shirt to the container. This means Hannah knows the t-shirt is in the container. Therefore, the correct answer is C. [[C]]",1,,True,rationale_cot_3shot,,2
4960e639312712a8,46d79134c293cd5c,7f114aabc6ba2902,ToMi,location-belief,Belief,Location False Beliefs,D,D,[[D]],1,,True,rationale_cot_3shot,,2
600100c432c6ac3d,45b16ed157e91fcf,45cb94846f11ecae,ToMi,location-belief,Belief,Location False Beliefs,C,C,"Let's track the information provided in the story: The grapes were moved from the envelope to the box. Given this, the grapes are now in the box. This leads us to the correct answer being C. [[C]]",1,,True,rationale_cot_3shot,,2
4281e4fbc4d7a3db,745afdb2e4044737,87ec52c2ea12eb19,ToMi,location-belief,Belief,Location False Beliefs,B,B,"Let's reason step by step: I track who has access to which information in the story, then check what the relevant character would infer given only what they observed. This points to option B. [[B]]",1,,True,rationale_cot_3shot,,2
670afc09d3135b8f,2bfc10672f38e850,5b61694fcd5e7192,ToMi,location-belief,Belief,Location False Beliefs,A,A,"Let's reason step by step: Ella saw the slacks in the suitcase and did not move them. This means she would still look there. However, since Ella exited the living room before Nathan moved the slacks to the box, she would not know about the change. Therefore, Ella will look in the suitcase. [[A]]",1,,True,rationale_cot_3shot,,2
aa8e4ec9a3f432cf,b373c112a52b26ca,44e709eba1d75329,ToMi,location-belief,Belief,Location False Beliefs,D,D,"Let's track the information: Initially, the spinach is in the box. Then James moves it to the suitcase. Given this sequence, the most recent information indicates that the spinach is now in the suitcase. Therefore, the answer is D. [[D]]",1,,True,rationale_cot_3shot,,2
4767840789c5d763,ad9b278ad971785c,88486afc40ad955f,ToMi,location-belief,Belief,Location False Beliefs,C,C,"Let's track the information: Isabella moves the skirt to the envelope, and Ella exits the TV_room without finding the skirt. Given this, Isabella would logically think Ella searched for the skirt in the envelope. [[C]]",1,,True,rationale_cot_3shot,,2
02ab56f0cd92e9cc,b7cfa14f2d3d583a,8f6749762b9c10a5,ToMi,location-belief,Belief,Location False Beliefs,A,A,[[A]],1,,True,rationale_cot_3shot,,2
564d03ff8fa26c75,91e6352dd1e9c353,8d5c5656b8edb10d,ToMi,location-belief,Belief,Location False Beliefs,C,C,[[C]],1,,True,rationale_cot_3shot,,2
9faedac9c284e465,16c3ca964e7e0c7e,925ff81767ac46a3,ToMi,location-belief,Belief,Location False Beliefs,D,D,"Let's reason step by step: I track who has access to which information in the story, then check what the relevant character would infer given only what they observed. This points to option D. [[D]]",1,,True,rationale_cot_3shot,,2
7f3af69224a0d433,42bcaca1e742c2cb,8f6749762b9c10a5,ToMi,location-belief,Belief,Location False Beliefs,D,D,[[D]],1,,True,rationale_cot_3shot,,2
1953a42a9a25b1e7,3fca692f514ea48e,b6eb217b5f6d2602,ToMi,location-belief,Belief,Location False Beliefs,D,D,"Let's reason step by step: I track who has access to which information in the story, then check what the relevant character would infer given only what they observed. This points to option D. [[D]]",1,,True,rationale_cot_3shot,,2
7daf686617eaa92a,cdfb83d6d023bdf2,15386ad6e67da6d1,ToMi,location-belief,Belief,Location False Beliefs,C,C,"Let's reason step by step: Initially, James thinks the strawberry is in the basket (C). However, when Owen moves the strawberry to the bucket, James would still think the strawberry is in the basket. Therefore, the correct answer is C. [[C]]",1,,True,rationale_cot_3shot,,2
47e5c1a5a630fd48,2db1cc2c73b58d49,efaacb21898210a2,ToMi,location-belief,Belief,Location False Beliefs,A,A,"Let's reason step by step: I track who has access to which information in the story, then check what the relevant character would infer given only what they observed. This points to option A. [[A]]",1,,True,rationale_cot_3shot,,2
443862c8a5562da7,80b70592569c5ff7,fd8d29861987ab2c,ToMi,location-belief,Belief,Location False Beliefs,D,D,[[D]],1,,True,rationale_cot_3shot,,2
1276d6c495738777,7c5947cfa56dbeea,f454c7b9fdecd8e3,ToMi,location-belief,Belief,Location False Beliefs,B,B,"Let's reason step by step: I track who has access to which information in the story, then check what the relevant character would infer given only what they observed. This points to option B. [[B]]",1,,True,rationale_cot_3shot,,2
ee717778bebc5fbb,85b91afc19693f79,c0a0858b6e37610b,ToMi,location-belief,Belief,Location False Beliefs,A,A,"Let's track the information provided in the story: Benjamin moved the peas to the bottle. This means Benjamin knows the peas are now in the bottle. Therefore, the correct answer is A. [[A]]",1,,True,rationale_cot_3shot,,2
9744c78e95187cce,387363c5e377598d,302fd7f445871221,ToMi,location-belief,Belief,Location False Beliefs,B,B,"Let's track the information: Initially, it is mentioned that ""The tomato is in the suitcase."" Therefore, the correct answer is B. [[B]]",1,,True,rationale_cot_3shot,,2
9e7d80c29400366e,0275523150342441,741856004e36fe94,ToMi,location-belief,Belief,Location False Beliefs,B,B,"Let's reason step by step: I track who has access to which information in the story, then check what the relevant character would infer given only what they observed. This points to option B. [[B]]",1,,True,rationale_cot_3shot,,2
11426125e30632a1,20106bd80c9f3a01,dd56c89eaedea631,ToMi,location-belief,Belief,Location False Beliefs,A,A,"Let's track the information provided: Aria moved the carrot to the bucket. Given this statement, the correct answer is A. [[A]]",1,,True,rationale_cot_3shot,,2
307ff545006ea309,c3fb22518c5bbe0a,b93df2b41bb7d8c6,ToMi,location-belief,Belief,Location False Beliefs,A,A,"Let's reason step by step: I track who has access to which information in the story, then check what the relevant character would infer given only what they observed. This points to option A. [[A]]",1,,True,rationale_cot_3shot,,2
aadd2b8d48a658b6,63d7a27e9a34001b,606715f827e6f618,ToMi,location-belief,Belief,Location False Beliefs,C,C,Let's track the information provided in the story: The lime is in the box. This directly indicates the correct answer. The answer is C. [[C]],1,,True,rationale_cot_3shot,,2
968c0697455716fc,fc94c1dd6e07f90a,08879de12f2ee971,ToMi,location-belief,Belief,Location False Beliefs,A,A,[[A]],1,,True,rationale_cot_3shot,,2
5f36890feacfa26b,6f9156c79bf629ee,7eb79d6d487fa18e,ToMi,location-belief,Belief,Location False Beliefs,C,C,"Let's track the information: Aria moves the strawberry to the suitcase, and Aria thinks about Mason searching for the strawberry. This points to option C. [[C]]",1,,True,rationale_cot_3shot,,2
541d70610b251577,d13a09a89153b825,2a276818eb3cdb8c,ToMi,location-belief,Belief,Location False Beliefs,B,B,"Let's track the information: Nathan moved the lettuce to the suitcase. Given this information, the correct answer is B. [[B]]",1,,True,rationale_cot_3shot,,2
887bb08e2c8a7eb3,8ef662ba4029cf66,a5cf03553a880f4f,ToMi,location-belief,Belief,Location False Beliefs,A,A,"Let's track the information: Initially, the lettuce is in the container. Then, Emma moves it to an envelope. Given Emma's last action was moving the lettuce to an envelope, this implies she knows it's there. Therefore, the correct answer is A. [[A]]",1,,True,rationale_cot_3shot,,2
6daef372cde87008,187bb1af613352b0,ec93b8c7a2658e14,ToMi,location-belief,Belief,Location False Beliefs,D,D,[[D]],1,,True,rationale_cot_3shot,,2
a5073ebcedf39d73,4a4d12ca9e6c083a,5649f3a07bb9002d,ToMi,location-belief,Belief,Location False Beliefs,C,C,"Let's reason step by step: I track who has access to which information in the story, then check what the relevant character would infer given only what they observed. This points to option C. [[C]]",1,,True,rationale_cot_3shot,,2
1c690730420147fa,ccd52348c5c0280d,e70c6a325496070c,ToMi,location-belief,Belief,Location False Beliefs,D,D,"Let's reason step by step: I track who has access to which information in the story, then check what the relevant character would infer given only what they observed. This points to option D. [[D]]",1,,True,rationale_cot_3shot,,2
c8263519fcaf1034,60d60ed40b2ac827,cd4c8cb84dda927c,ToMi,location-belief,Belief,Location False Beliefs,C,C,"Let's reason step by step: I track who has access to which information in the story, then check what the relevant character would infer given only what they observed. This points to option C. [[C]]",1,,True,rationale_cot_3shot,,2
8978170882db84a9,897206708398f52e,3ee2444b0ed1759e,ToMi,location-belief,Belief,Location False Beliefs,D,D,"Let's reason step by step: I track who has access to which information in the story, then check what the relevant character would infer given only what they observed. This points to option D. [[D]]",1,,True,rationale_cot_3shot,,2
474418d88cfed0f6,0ed39ccac2f8be4f,cd4c8cb84dda927c,ToMi,location-belief,Belief,Location False Beliefs,D,D,"Let's reason step by step: I track who has access to which information in the story, then check what the relevant character would infer given only what they observed. This points to option D. [[D]]",1,,True,rationale_cot_3shot,,2
3cc6199a67d98912,1a68675f6862a58c,bdc97ba52e748a31,ToMi,location-belief,Belief,Location False Beliefs,B,B,Let's track the sequence of events and the information available to Owen: Owen thinks that Mia searches for the pumpkin in the suitcase because that was the last known location of the pumpkin before Owen left the den. This points to option B. [[B]],1,,True,rationale_cot_3shot,,2
8fd9d354fc5e38a3,43c292656db8f7f7,fbb356e7e8b88c31,ToMi,location-belief,Belief,Location False Beliefs,C,C,"Let's reason step by step: I track who has access to which information in the story, then check what the relevant character would infer given only what they observed. This points to option C. [[C]]",1,,True,rationale_cot_3shot,,2
cfd55f1ae848f68d,6b8471eac47cad5a,5e9027339dcdfc13,ToMi,location-belief,Belief,Location False Beliefs,A,A,"Let's reason step by step: I track who has access to which information in the story, then check what the relevant character would infer given only what they observed. This points to option A. [[A]]",1,,True,rationale_cot_3shot,,2
4de795df0c1882d8,882f08b918ab0fb6,6999973ea98d74e2,ToMi,location-belief,Belief,Location False Beliefs,A,A,"Let's track the information: Initially, the pear is in the cupboard. Jacob moves the pear to the bottle. Given this sequence, Jacob will look for the pear in the bottle. [[A]]",1,,True,rationale_cot_3shot,,2
b4d8a72908a18c9d,1707fc583ef88697,4ee6686742ece8ef,ToMi,location-belief,Belief,Location False Beliefs,D,D,[[D]],1,,True,rationale_cot_3shot,,2
7dfebac5a800750d,33554f5b6e0c7f55,91ba05cfb5511fc6,ToMi,location-belief,Belief,Location False Beliefs,C,C,[[C]],1,,True,rationale_cot_3shot,,2
96fcde0fdbef5f04,faceba27b77f5ba9,a6062b860e2c30d6,ToMi,location-belief,Belief,Location False Beliefs,A,A,"Let's reason step by step: Initially, Mason thinks the green_pepper is in the treasure_chest. However, Liam moves the green_pepper to the box. Given this information, Mason would still think the green_pepper is in the treasure_chest until he finds out otherwise. This points to option A. [[A]]",1,,True,rationale_cot_3shot,,2
f418d31f9a2c94d5,860a3c5ff0a8666c,e54fae60b96cee4a,ToMi,location-belief,Belief,Location False Beliefs,B,B,"Let's track the information provided in the story: Evelyn and Olivia both entered the backyard, and the broccoli was initially in the bottle. This implies that the broccoli was in the bottle at the beginning. This points to option B. [[B]]",1,,True,rationale_cot_3shot,,2
597a99493ee321dc,3fe964e50177499e,4c4b02a5cb04f0e6,ToMi,location-belief,Belief,Location False Beliefs,B,B,"Let's track the information provided in the story: Initially, the watermelon is in the suitcase. Then, Jackson moves it to the crate. This means the watermelon is now in the crate. Therefore, the correct answer is B. [[B]]",1,,True,rationale_cot_3shot,,2
8452e641b839d932,66d9fe69c03f66a3,7024e1fe1cce3a02,ToMi,location-belief,Belief,Location False Beliefs,C,C,"Let's reason step by step: I track who has access to which information in the story, then check what the relevant character would infer given only what they observed. This points to option C. [[C]]",1,,True,rationale_cot_3shot,,2
5fb80b6d1a99a8e1,fa12e598b39ef5d1,ac4180de96ad8b74,ToMi,location-belief,Belief,Location False Beliefs,C,C,[[C]],1,,True,rationale_cot_3shot,,2
1bde7a3f5133c40c,f55237db88e3f3e1,641a2ee71f3a103a,ToMi,location-belief,Belief,Location False Beliefs,A,A,[[A]],1,,True,rationale_cot_3shot,,2
9af026803266bc9c,4d994d396f103879,9d0dbbd4f916effe,ToMi,location-belief,Belief,Location False Beliefs,D,D,"Based on the story, James moved the pineapple to the suitcase. Therefore, the most likely answer is:

[[D]]",1,,True,rationale_cot_3shot,,2
892aa3e07a9f63a6,5a4199e8254a163a,294f456aa01cbc4d,ToMi,location-belief,Belief,Location False Beliefs,D,D,"Let's reason step by step: From the story, we know Jacob moved the sweater to the crate. Therefore, Jacob would think Emily searches for the sweater in the crate. [[D]]",1,,True,rationale_cot_3shot,,2
bf5e0b68e54f9b40,d2e941033f76a761,fc80f90bb4bd0ac8,ToMi,location-belief,Belief,Location False Beliefs,C,C,"Let's reason step by step: I track who has access to which information in the story, then check what the relevant character would infer given only what they observed. This points to option C. [[C]]",1,,True,rationale_cot_3shot,,2
5807065b47d1e902,8a4db4bf7ea02bcd,542ca940cae1ff37,ToMi,location-belief,Belief,Location False Beliefs,B,B,"Let's track the information provided in the story: Initially, the watermelon is in the drawer, but Lily moves it to the basket. This means the watermelon is now in the basket. Therefore, the correct answer is B. [[B]]",1,,True,rationale_cot_3shot,,2
c665138a74ac419e,4f5d28e55c66595c,87e3b0eb339f1282,ToMi,location-belief,Belief,Location False Beliefs,A,A,[[A]],1,,True,rationale_cot_3shot,,2
6c6687e8f02a8d62,a0e839e0525fca29,87ec52c2ea12eb19,ToMi,location-belief,Belief,Location False Beliefs,A,A,"Let's reason step by step: From the story, we know that Liam moved the sweater from the cupboard to the basket. Since Lily last saw the sweater in the playroom and Liam moved it to the basket, Lily will likely look in the basket. However, since the correct answer is not provided in the options, the closest answer is A. [[A]]",1,,True,rationale_cot_3shot,,2
6871a78b9b7f26da,380ef71859650e0e,f1605950a2f32293,ToMi,location-belief,Belief,Location False Beliefs,B,B,"Based on the story provided, Avery just exited the living room and was looking for the jeans. Given that the jeans are mentioned to be in the bathtub, Avery will likely continue to look there. However, since the options do not include the bathtub, the most logical choice from the given options is:

[[B]]",1,,True,rationale_cot_3shot,,2
9a809992fd957871,c19a977617347bb9,549820ed1872c2f7,ToMi,location-belief,Belief,Location False Beliefs,D,B,"Let's reason step by step: I track who has access to which information in the story, then check what the relevant character would infer given only what they observed. This points to option B. [[B]]",0,,True,rationale_cot_3shot,,2
321a32e07f6af59f,397e93a222417fc3,ba323ccd238bc4fd,ToMi,location-belief,Belief,Location False Beliefs,C,C,"Let's track the information: Initially, the cucumber is in the drawer. James moves it to the suitcase. Since Jacob last saw the cucumber in the suitcase (before James moved it), James would think Jacob searches for it in the suitcase. [[C]]",1,,True,rationale_cot_3shot,,2
b38f48c148dd9287,886c11f463c1ec4c,41c6107ada559354,ToMi,location-belief,Belief,Location False Beliefs,B,B,"Let's reason step by step: Ava moved the banana to the envelope, so she will look for it in the envelope. This points to option B. [[B]]",1,,True,rationale_cot_3shot,,2
c41daa1de1719d47,c7648898ddb4f9fc,4c9927bba64e3866,ToMi,location-belief,Belief,Location False Beliefs,B,B,"Based on the story provided, Jack did not find any lettuce in the closet. He only saw the lettuce in the suitcase. Therefore, Jack would still look for the lettuce in the suitcase. The correct answer is [[B]].",1,,True,rationale_cot_3shot,,2
13580580e0731614,50e62bf024f986dc,6b43bf7459803848,ToMi,location-belief,Belief,Location False Beliefs,D,D,Let's track the information: Mia thinks that Isabella searches for the pajamas in the suitcase. This can be inferred from the last sentence of the story. [[D]],1,,True,rationale_cot_3shot,,2
0e9bb27bb800c06d,4699bb41e68d7ac4,d283a59c0aa95545,ToMi,location-belief,Belief,Location False Beliefs,D,D,[[D]],1,,True,rationale_cot_3shot,,2
18d7b2eb595319c1,3d6c7317498c10cf,6f37579750fb0dab,ToMi,location-belief,Belief,Location False Beliefs,D,D,"Let's reason step by step: I track who has access to which information in the story, then check what the relevant character would infer given only what they observed. This points to option D. [[D]]",1,,True,rationale_cot_3shot,,2
67d8808f33928ca7,091a944741ed4d0d,39dcd6f9672eb10e,ToMi,location-belief,Belief,Location False Beliefs,D,D,"Let's reason step by step: I track who has access to which information in the story, then check what the relevant character would infer given only what they observed. This points to option D. [[D]]",1,,True,rationale_cot_3shot,,2
bcd3f425b6b1bcb9,5f437ecd3b2f7234,9ddd8eb7b9bab026,ToMi,location-belief,Belief,Location False Beliefs,A,C,[[C]],0,,True,rationale_cot_3shot,,2
22a02194afa5b2e5,8de59db76f4d5b68,5373d1170aef2a45,ToMi,location-belief,Belief,Location False Beliefs,D,D,"Let's reason step by step: I track who has access to which information in the story, then check what the relevant character would infer given only what they observed. This points to option D. [[D]]",1,,True,rationale_cot_3shot,,2
c0ff420492dfd6d4,4ee655da962ad15d,6c67028d3ce69f48,ToMi,location-belief,Belief,Location False Beliefs,A,A,"Let's track the information: Initially, the broccoli is in the container. Then, Carter moves it to the drawer. This means the broccoli is now in the drawer. Therefore, the correct answer is A. [[A]]",1,,True,rationale_cot_3shot,,2
1f673acf4c54d933,fce0b27a03997f11,bce0f208875f8c30,ToMi,location-belief,Belief,Location False Beliefs,D,D,[[D]],1,,True,rationale_cot_3shot,,2
4a7c70a8d4c2ac40,e04176be27c2025a,6999973ea98d74e2,ToMi,location-belief,Belief,Location False Beliefs,D,D,"Let's reason step by step: From the story, we know that Jackson was the last to see the pear, and it was in the cupboard. When Jackson exited, Jacob moved the pear to the bottle. Since Jackson did not witness Jacob moving the pear, he would still think Jacob searches for the pear in the cupboard. [[D]]",1,,True,rationale_cot_3shot,,2
bce504b8379f09a7,474c8ff1d69ac8d7,43bd46504c000d7e,ToMi,location-belief,Belief,Location False Beliefs,C,C,[[C]],1,,True,rationale_cot_3shot,,2
0fa7c35a684bd435,0fffe67583c7875c,5337537a85685044,ToMi,location-belief,Belief,Location False Beliefs,C,C,[[C]],1,,True,rationale_cot_3shot,,2
2ea224f3f9f2d3b5,ff4f6e63b259f671,e602cdcbe4d51a04,ToMi,location-belief,Belief,Location False Beliefs,B,B,"Let's track the information provided in the story: Aiden and Chloe both enter the closet, and Aiden exits without moving anything. Chloe moves the lettuce from the container to the bottle. Therefore, at the beginning, the lettuce was in the container. [[B]]",1,,True,rationale_cot_3shot,,2
183c5308713ad700,67cd6569ad934c52,5cd556c85ee3ee83,ToMi,location-belief,Belief,Location False Beliefs,B,B,"Let's track the information provided in the story: The celery is initially described as being ""in the container."" This point directly answers the question. Therefore, the correct answer is B. [[B]]",1,,True,rationale_cot_3shot,,2
4eb32f5f1d0b8f0a,024253b34b809a33,02640dc17ac13ed8,ToMi,location-belief,Belief,Location False Beliefs,B,B,"Let's track the information: Initially, Logan enters the den and sees the trousers in the basket. Then James moves the trousers to the drawer. Given this sequence, the most logical inference is that Logan will look for the trousers in the drawer. [[B]]",1,,True,rationale_cot_3shot,,2
812dc27495214305,4e7e93634e64d5c6,cabe4a059bd5b2bb,ToMi,location-belief,Belief,Location False Beliefs,A,A,"Let's reason step by step: I track who has access to which information in the story, then check what the relevant character would infer given only what they observed. This points to option A. [[A]]",1,,True,rationale_cot_3shot,,2
504a3ad87e927b22,d44c526bf8bebea1,a08114fac6afbf43,ToMi,location-belief,Belief,Location False Beliefs,A,A,"Let's track the information: Initially, the carrot is in the cupboard. Then Charlotte moves it to an envelope. This means the carrot is now in the envelope. Therefore, the correct answer is A. [[A]]",1,,True,rationale_cot_3shot,,2
17f4c267985072f9,7941985aec0754ed,bdc97ba52e748a31,ToMi,location-belief,Belief,Location False Beliefs,A,B,"Let's reason step by step: I track who has access to which information in the story, then check what the relevant character would infer given only what they observed. Mia moves the pumpkin from the suitcase to the bathtub, so she would think Owen searches for it in the bathtub. This points to option B. [[B]]",0,,True,rationale_cot_3shot,,2
8f43e630d8c97cba,50f0b4b98d158208,7eb79d6d487fa18e,ToMi,location-belief,Belief,Location False Beliefs,D,D,"Let's reason step by step: I track who has access to which information in the story, then check what the relevant character would infer given only what they observed. This points to option D. [[D]]",1,,True,rationale_cot_3shot,,2
109a5e65feaa14af,f7f3ff8e97697e62,3cf743c98a846035,ToMi,location-belief,Belief,Location False Beliefs,C,C,"Let's reason step by step: I track who has access to which information in the story, then check what the relevant character would infer given only what they observed. This points to option C. [[C]]",1,,True,rationale_cot_3shot,,2
2ef234708199f8ef,efca979789b8fc67,dcd43856a4cb5bd3,ToMi,location-belief,Belief,Location False Beliefs,A,A,Let's track the information Benjamin has access to: Benjamin thinks that Lily searches for the gloves in the cupboard because that's where Benjamin saw Lily move the gloves. This points to option A. [[A]],1,,True,rationale_cot_3shot,,2
a1544e71a1038130,478dac1c4d60b586,51b73a6a67f34424,ToMi,location-belief,Belief,Location False Beliefs,D,D,"Let's reason step by step: I track who has access to which information in the story, then check what the relevant character would infer given only what they observed. This points to option D. [[D]]",1,,True,rationale_cot_3shot,,2
ba24e339a6ac14ac,0f86b52da8404e73,f454c7b9fdecd8e3,ToMi,location-belief,Belief,Location False Beliefs,B,B,Let's track the information provided in the story: The pumpkin is initially in the treasure_chest. This leads to the conclusion that the correct answer is B. [[B]],1,,True,rationale_cot_3shot,,2
358218deeb26e9ee,57d35e7a623120d0,35260492f7e9eb18,ToMi,location-belief,Belief,Location False Beliefs,B,B,"Let's reason step by step: From the story, we know that Jacob dislikes the socks and Jacob entered the hallway. However, the sentence ""The radish is in the suitcase"" indicates that Jacob was looking for the radish in the suitcase. Therefore, the correct answer is B. [[B]]",1,,True,rationale_cot_3shot,,2
794fe90e41bc156a,e9f80a1f4b261b0c,2c2979c6a83476f6,ToMi,location-belief,Belief,Location False Beliefs,C,C,[[C]],1,,True,rationale_cot_3shot,,2
20371d2f3d89d62a,498221a0b0eafca6,32d4f52395d79179,ToMi,location-belief,Belief,Location False Beliefs,A,A,"Let's reason step by step: I track who has access to which information in the story, then check what the relevant character would infer given only what they observed. This points to option A. [[A]]",1,,True,rationale_cot_3shot,,2
fb0914d0ffd2055b,9ce6487a4cedb7b5,75e7a5cb99114d52,ToMi,location-belief,Belief,Location False Beliefs,C,C,"Let's track the information: Initially, the gloves are in the treasure_chest, but then Abigail moves them to the box. Given this sequence, the correct answer is C. [[C]]",1,,True,rationale_cot_3shot,,2
be119a243e065064,629e6414b452e1b5,c6129e09658a3737,ToMi,location-belief,Belief,Location False Beliefs,C,C,[[C]],1,,True,rationale_cot_3shot,,2
36e22a5de4ecefc1,7bb41422e5a4e77f,260cf8a6fb6c7e9f,ToMi,location-belief,Belief,Location False Beliefs,A,A,[[A]],1,,True,rationale_cot_3shot,,2
9911644ec9fc3702,0110aa1294a38c18,cc160e406d2770e2,ToMi,location-belief,Belief,Location False Beliefs,A,A,"Let's track the information: Initially, the melon is in the basket. Then Mason moves it to the suitcase. Since Jacob saw the melon in the basket initially and later saw it in the suitcase, Jacob might remember it was in the suitcase. This points to option A. [[A]]",1,,True,rationale_cot_3shot,,2
31c688845cfd463e,4dbb14636ff30997,d8b30db7e2e1768c,ToMi,location-belief,Belief,Location False Beliefs,A,A,"Let's reason step by step: I track who has access to which information in the story, then check what the relevant character would infer given only what they observed. This points to option A. [[A]]",1,,True,rationale_cot_3shot,,2
c006d661bb0d6faf,fe7c0c72d12775d8,7fc88b10bf540ff6,ToMi,location-belief,Belief,Location False Beliefs,B,B,"Let's reason step by step: I track who has access to which information in the story, then check what the relevant character would infer given only what they observed. This points to option B. [[B]]",1,,True,rationale_cot_3shot,,2
f2a0a4ded8da6782,d7b9390e2f9807ef,3b65399a0b4cc9c9,ToMi,location-belief,Belief,Location False Beliefs,C,C,[[C]],1,,True,rationale_cot_3shot,,2
ea81b02a4ff5343e,abcdb3b4e558c099,e73b2cc4e5276955,ToMi,location-belief,Belief,Location False Beliefs,D,D,"Let's reason step by step: I track who has access to which information in the story, then check what the relevant character would infer given only what they observed. This points to option D. [[D]]",1,,True,rationale_cot_3shot,,2
6966a66b608cf13e,c776291838cd1b89,fbb356e7e8b88c31,ToMi,location-belief,Belief,Location False Beliefs,A,A,[[A]],1,,True,rationale_cot_3shot,,2
6bf3087effca5780,cb1e2248488a4bcc,03b151dc2f3dfffc,ToMi,location-belief,Belief,Location False Beliefs,B,B,Let's track the information provided in the story: The celery was initially in the bucket but was moved by Hannah to the bathtub. This means the celery is now in the bathtub. This points to option B. [[B]],1,,True,rationale_cot_3shot,,2
783e0abd8613b94f,cd5c0ea337c45ca6,9baa2efa162a6199,ToMi,location-belief,Belief,Location False Beliefs,B,B,[[B]],1,,True,rationale_cot_3shot,,2
b60adc3c38d45305,b133275e9e652cb6,352c57b866592423,ToMi,location-belief,Belief,Location False Beliefs,B,B,Let's track the information: Mason thinks Mila searches for the pineapple in the bucket because that's where Logan moved it. This leads to option B. [[B]],1,,True,rationale_cot_3shot,,2
854a5c57b2f000bb,830f71d373448f4a,ceabd753e37ec53b,ToMi,location-belief,Belief,Location False Beliefs,D,D,"Let's reason step by step: I track who has access to which information in the story, then check what the relevant character would infer given only what they observed. This points to option D. [[D]]",1,,True,rationale_cot_3shot,,2
05a1f5ca98b07593,8da7b7497892c086,8e1eaa2ef0878b7a,ToMi,location-belief,Belief,Location False Beliefs,C,C,"Based on the story provided, the correct answer is C. [[C]]",1,,True,rationale_cot_3shot,,2
03aa54e77ffdd5cf,e690a31bd901fe3c,294f456aa01cbc4d,ToMi,location-belief,Belief,Location False Beliefs,A,A,[[A]],1,,True,rationale_cot_3shot,,2
dacf4a1fb6487c27,8113e4f93efba60e,5d6a98a57671f68a,ToMi,location-belief,Belief,Location False Beliefs,B,B,Let's track the information provided in the story: The green_pepper is initially in the box. This matches option B. [[B]],1,,True,rationale_cot_3shot,,2
3416f73f46b70087,6fe1078e509fe71b,352c57b866592423,ToMi,location-belief,Belief,Location False Beliefs,D,D,"Let's track the information provided in the story: The story states ""The pineapple is in the bathtub."" This directly indicates the location of the pineapple at the beginning. Therefore, the correct answer is D. [[D]]",1,,True,rationale_cot_3shot,,2
e2674134fcac9cf3,e534e5cf775dd233,43bd46504c000d7e,ToMi,location-belief,Belief,Location False Beliefs,C,C,"Let's track the information provided: Isabella moved the cap to the bucket. This means she knows the cap is in the bucket. Therefore, the answer is C. [[C]]",1,,True,rationale_cot_3shot,,2
55987f405bbe9c03,8a5332db13afdd0c,ac5704a0102c4192,ToMi,location-belief,Belief,Location False Beliefs,D,B,"Let's reason step by step: Initially, Abigail sees the jacket in the suitcase. Then Lily moves the jacket to the treasure chest. Since Abigail saw the jacket first in the suitcase, she would likely remember this location. This points to option B. [[B]]",0,,True,rationale_cot_3shot,,2
d796a7e148b7d6bc,7598d86f4549ac6b,3573876fbf041ee1,ToMi,location-belief,Belief,Location False Beliefs,C,C,"Let's reason step by step: I track who has access to which information in the story, then check what the relevant character would infer given only what they observed. This points to option C. [[C]]",1,,True,rationale_cot_3shot,,2
dcfb523aee27fa8b,8f177ffb2af1cad0,2ba924cdbfd46d60,ToMi,location-belief,Belief,Location False Beliefs,C,C,"Let's track the information provided in the story: Olivia moved the underclothes to the basket. This means Olivia knows the underclothes are now in the basket. Therefore, the correct answer is C. [[C]]",1,,True,rationale_cot_3shot,,2
6b029fdd826fe3d5,bc5e6c2afbe150ec,6415f8e9946ac682,ToMi,location-belief,Belief,Location False Beliefs,B,B,"Let's track the information provided in the story: The celery was initially in the suitcase, then Emily moved it to the treasure chest. This means the celery is now in the treasure chest. This points to option B. [[B]]",1,,True,rationale_cot_3shot,,2
58d544c27716c091,6323e722a2b6498c,452e9fd7f1a13dae,ToMi,location-belief,Belief,Location False Beliefs,B,B,"Let's reason step by step: I track who has access to which information in the story, then check what the relevant character would infer given only what they observed. This points to option B. [[B]]",1,,True,rationale_cot_3shot,,2
4953467ad4fd49f9,51511cfe6bfe144b,774c60733d81eae2,ToMi,location-belief,Belief,Location False Beliefs,A,D,"Let's reason step by step: I track who has access to which information in the story, then check what the relevant character would infer given only what they observed. This points to option D. [[D]]",0,,True,rationale_cot_3shot,,2
38e7fab39bbd2363,28ccb658f817c78c,c2050332f43bd996,ToMi,location-belief,Belief,Location False Beliefs,C,C,"Let's reason step by step: I track who has access to which information in the story, then check what the relevant character would infer given only what they observed. Owen last saw the shoes in the bathtub, so he will likely look there first. This points to option C. [[C]]",1,,True,rationale_cot_3shot,,2
853275bbca6aad41,ab679386f07b82d4,5de647a30871e3f3,ToMi,location-belief,Belief,Location False Beliefs,D,A,Let's track the information provided: Benjamin thinks that Elizabeth searches for the trousers because she moved them to a container. This leads to the answer being option A. [[A]],0,,True,rationale_cot_3shot,,2
3ae86c059f9d929b,ef074aa1a0a2e5a4,302fd7f445871221,ToMi,location-belief,Belief,Location False Beliefs,D,D,"Let's reason step by step: I track who has access to which information in the story, then check what the relevant character would infer given only what they observed. This points to option D. [[D]]",1,,True,rationale_cot_3shot,,2
43c04aca83674173,4998424ae6b51052,064125283e5bb2d4,ToMi,location-belief,Belief,Location False Beliefs,C,C,[[C]],1,,True,rationale_cot_3shot,,2
362a76007c74d10a,76ec9fa7ded44819,302fd7f445871221,ToMi,location-belief,Belief,Location False Beliefs,C,C,"Let's reason step by step: I track who has access to which information in the story, then check what the relevant character would infer given only what they observed. This points to option C. [[C]]",1,,True,rationale_cot_3shot,,2
33571909c3ed5e52,4beb5ab36656805f,4a98b7135ff42bae,ToMi,location-belief,Belief,Location False Beliefs,C,C,"Let's track the information provided in the story: grapes were initially in the drawer (Lily's action), then Sophia moved them to the cupboard (Sophia's action). Since Sophia's action overwrites Lily's, the grapes are now in the cupboard. This points to option C. [[C]]",1,,True,rationale_cot_3shot,,2
e590f9b3c2ffb588,4c02982ded618ba9,c85658a7586533a0,ToMi,location-belief,Belief,Location False Beliefs,C,C,[[C]],1,,True,rationale_cot_3shot,,2
37a87b8ebe460692,c4cfc15fd08d71d6,c07249833fbb2c88,ToMi,location-belief,Belief,Location False Beliefs,A,A,"Let's reason step by step: I track who has access to which information in the story, then check what the relevant character would infer given only what they observed. This points to option A. [[A]]",1,,True,rationale_cot_3shot,,2
200e0b63e15ba372,cb945001f5e29610,78075086b12ac628,ToMi,location-belief,Belief,Location False Beliefs,A,B,"Let's reason step by step: From the story, we know that Aria moved the underpants to the pantry. This means Aria thinks Abigail will search in the pantry for the underpants. This points to option B. [[B]]",0,,True,rationale_cot_3shot,,2
14a9e7fd8f47a642,ac45132ed0344f6d,019f58ae5c83c80e,ToMi,location-belief,Belief,Location False Beliefs,C,C,Let's track the information provided in the story: The jacket was initially in the drawer. This matches option C. [[C]],1,,True,rationale_cot_3shot,,2
01931b8d978953b6,c9808aedf0448126,ceabd753e37ec53b,ToMi,location-belief,Belief,Location False Beliefs,B,B,"Let's reason step by step: I track who has access to which information in the story, then check what the relevant character would infer given only what they observed. This points to option B. [[B]]",1,,True,rationale_cot_3shot,,2
3a75ecb66539d67d,20462fab2f2d656b,73da2cb57314a4d8,ToMi,location-belief,Belief,Location False Beliefs,B,B,"Let's reason step by step: I track who has access to which information in the story, then check what the relevant character would infer given only what they observed. This points to option B. [[B]]",1,,True,rationale_cot_3shot,,2
1da614a51cf2f785,e1f4518e6021f9be,593033528023e03c,ToMi,location-belief,Belief,Location False Beliefs,D,D,"Let's track the information provided in the story: Initially, the onion is in the basket. Then, Olivia moves the onion to the pantry. This means at the beginning, the onion was in the basket. However, since the correct answer should be based on the initial state before any movement, the answer is:

[[D]]",1,,True,rationale_cot_3shot,,2
ffe0510cf7079f1a,25ad6c4ce964c1f2,6b5fb33fdb6986fc,ToMi,location-belief,Belief,Location False Beliefs,D,D,"Let's track the information: Initially, Olivia and Chloe both enter the pantry. Chloe moves the sweet_potato to the drawer. When Olivia re-enters the pantry, she will be aware that the sweet_potato is now in the drawer. Therefore, the correct answer is D. [[D]]",1,,True,rationale_cot_3shot,,2
0dc498c71f58e737,2db51b48f93be666,5c68ca8593ded098,ToMi,location-belief,Belief,Location False Beliefs,C,C,"Let's reason step by step: I track who has access to which information in the story, then check what the relevant character would infer given only what they observed. This points to option C. [[C]]",1,,True,rationale_cot_3shot,,2
f9b714d2cf76ce60,202fca571efa8130,40fc803d8e679131,ToMi,location-belief,Belief,Location False Beliefs,B,B,"Let's track the information: Initially, the green_pepper is in the crate. Then Charlotte moves it to the box. Therefore, the most likely place Charlotte will look for the green pepper is the box. [[B]]",1,,True,rationale_cot_3shot,,2
38e8357d7ab81e3c,d4459c08923f78c4,aa46d0ca83835394,ToMi,location-belief,Belief,Location False Beliefs,B,B,"Let's reason step by step: I track who has access to which information in the story, then check what the relevant character would infer given only what they observed. This points to option B. [[B]]",1,,True,rationale_cot_3shot,,2
70fac4c2ead2cb3b,4e1755135669a478,69fa9b96e1d1a1c5,ToMi,location-belief,Belief,Location False Beliefs,C,C,"Let's track the information: Mila thinks that Mason searches for the orange in the suitcase, as she is the last to enter the garden and Mason moved the orange to the bottle after she left. This points to option C. [[C]]",1,,True,rationale_cot_3shot,,2
120ee8dadbfe3b31,051d61ae6dc947bb,a52aea409fdd793d,ToMi,location-belief,Belief,Location False Beliefs,B,B,"Let's reason step by step: I track who has access to which information in the story, then check what the relevant character would infer given only what they observed. This points to option B. [[B]]",1,,True,rationale_cot_3shot,,2
9ecb391a6aef0d26,3910094496be65d8,1e7b4dd94632cf58,ToMi,location-belief,Belief,Location False Beliefs,D,D,"Let's reason step by step: I track who has access to which information in the story, then check what the relevant character would infer given only what they observed. This points to option D. [[D]]",1,,True,rationale_cot_3shot,,2
3c2169ef3d9a4f7b,63187c349fb6d810,5ee2fcafda0bc7f0,ToMi,location-belief,Belief,Location False Beliefs,C,C,[[C]],1,,True,rationale_cot_3shot,,2
3de55cb67d5897c2,34e37584dcb76771,968691bdd6d9a45c,ToMi,location-belief,Belief,Location False Beliefs,D,A,"Let's reason step by step: I track who has access to which information in the story, then check what the relevant character would infer given only what they observed. This points to option A. [[A]]",0,,True,rationale_cot_3shot,,2
0a7230e4ba234e00,aab333378ba0380f,5d6a98a57671f68a,ToMi,location-belief,Belief,Location False Beliefs,D,D,"Let's reason step by step: I track who has access to which information in the story, then check what the relevant character would infer given only what they observed. This points to option D. [[D]]",1,,True,rationale_cot_3shot,,2
7f360668434e3621,9ba193f03a2664c4,c6129e09658a3737,ToMi,location-belief,Belief,Location False Beliefs,B,B,"Let's track the information: Initially, the cabbage is in the container. Then Lily moves it to the pantry. Given this sequence, the most logical answer is B. [[B]]",1,,True,rationale_cot_3shot,,2
ae1e6db99eeea402,3048ecc96d07f2d6,a9909c87812b1c34,ToMi,location-belief,Belief,Location False Beliefs,C,C,"Let's reason step by step: I track who has access to which information in the story, then check what the relevant character would infer given only what they observed. This points to option C. [[C]]",1,,True,rationale_cot_3shot,,2
58de92d9c3269db7,5df3954a9fa33f37,41767c159d5e0ba2,ToMi,location-belief,Belief,Location False Beliefs,C,C,"Let's track the information: Ava moves the celery to the pantry, and then Owen exits and re-enters the staircase. Given this sequence, Ava would think that Owen searches for the celery in the pantry. [[C]]",1,,True,rationale_cot_3shot,,2
738eca264e09decd,e6fca683b15dd5c6,b3c21e6d4e03a389,ToMi,location-belief,Belief,Location False Beliefs,B,B,"Let's track the information provided in the story: The melon is initially described as being in the ""treasure_chest."" This point directly answers the question. Therefore, the correct answer is B. [[B]]",1,,True,rationale_cot_3shot,,2
25d26c55a62f2de7,226dc80b5e093b3d,869aa61bc93653b4,ToMi,location-belief,Belief,Location False Beliefs,A,A,[[A]],1,,True,rationale_cot_3shot,,2
cb46890085ee1ac2,119a85e1cb98cb65,dd0bf2cce0247832,ToMi,location-belief,Belief,Location False Beliefs,B,B,"Let's track the information: Initially, the slippers are in the treasure_chest. Then, Olivia moves them to the crate. Given this sequence, the correct answer is B. [[B]]",1,,True,rationale_cot_3shot,,2
4443d597c1accadc,98f8da83695d5289,23911dec5d4cac5c,ToMi,location-belief,Belief,Location False Beliefs,D,D,[[D]],1,,True,rationale_cot_3shot,,2
2c84aa4fb5fc3101,e46f52d7b4cf2f76,b3c21e6d4e03a389,ToMi,location-belief,Belief,Location False Beliefs,A,A,"Let's reason step by step: I track who has access to which information in the story, then check what the relevant character would infer given only what they observed. This points to option A. [[A]]",1,,True,rationale_cot_3shot,,2
4436319bc58db742,9ae05f6c614c6f6f,8af87ed12146b522,ToMi,location-belief,Belief,Location False Beliefs,B,B,"Let's track the information provided in the story: The tomato is initially described as being in the basket. Carter moves the tomato to the envelope. Given this sequence, the tomato was in the basket at the beginning. However, since ""basket"" is not an option, we must choose the closest match from the given answers. Therefore, the correct answer is B. [[B]]",1,,True,rationale_cot_3shot,,2
4150bafb4b63bb5e,37c78c5cd995a755,d91c37e3514c6431,ToMi,location-belief,Belief,Location False Beliefs,D,C,"Let's reason step by step: I track who has access to which information in the story, then check what the relevant character would infer given only what they observed. This points to option C. [[C]]",0,,True,rationale_cot_3shot,,2
a595d2830e8d90ee,f3f7db54d2b49c0b,5b9de87e4a11bdac,ToMi,location-belief,Belief,Location False Beliefs,D,D,[[D]],1,,True,rationale_cot_3shot,,2
eb69ba7228f7a470,6c58e62f8f9380ce,6b21040fc8f6d369,ToMi,location-belief,Belief,Location False Beliefs,C,C,"Let's track the information: Initially, the dress is in the bathtub. Ava and Avery enter the bathroom but do not move the dress. Alexander moves the dress to the pantry. Therefore, the correct answer is C. [[C]]",1,,True,rationale_cot_3shot,,2
620661c278781d3e,853b7f34fd5a95ba,ce1704a48291eb40,ToMi,location-belief,Belief,Location False Beliefs,A,A,"Let's track the information provided in the story: The trousers were moved from the envelope to the box by Owen. Initially, the trousers were in the envelope. This leads us to conclude that the trousers were at the beginning in the envelope. Therefore, the correct answer is A. [[A]]",1,,True,rationale_cot_3shot,,2
7eb458b296491be5,acb53b4e50cfec14,dcd43856a4cb5bd3,ToMi,location-belief,Belief,Location False Beliefs,C,C,"Let's track the information: Initially, the gloves are in the cupboard. Then, Oliver moves them to the container. Given this sequence, the correct answer is C. [[C]]",1,,True,rationale_cot_3shot,,2
f61513b1ef7bc69e,98a3756c68bd9fde,199ef6aac1ceb154,ToMi,location-belief,Belief,Location False Beliefs,C,C,"Let's reason step by step: From the story, we know that Carter moved the underpants to the container. However, the exact type of container (crate, drawer, bottle, bucket) is not specified. Given the context, the most likely answer is C. [[C]]",1,,True,rationale_cot_3shot,,2
198691eb83b81042,5604aa4098488972,f43f252aa039aad9,ToMi,location-belief,Belief,Location False Beliefs,C,C,"Let's reason step by step: I track who has access to which information in the story, then check what the relevant character would infer given only what they observed. This points to option C. [[C]]",1,,True,rationale_cot_3shot,,2
f73bb19b7e169fbd,df798b995d3e9dff,ec93b8c7a2658e14,ToMi,location-belief,Belief,Location False Beliefs,B,B,"Let's reason step by step: I track who has access to which information in the story, then check what the relevant character would infer given only what they observed. Ava exits the bedroom before Amelia moves the radish, so Ava would not search for the radish in the crate. This points to option B. [[B]]",1,,True,rationale_cot_3shot,,2
d78101c315ef5b0f,5502f6f20c621e18,4a4b5b91e76eeefd,ToMi,location-belief,Belief,Location False Beliefs,C,C,"Let's reason step by step: I track who has access to which information in the story, then check what the relevant character would infer given only what they observed. This points to option C. [[C]]",1,,True,rationale_cot_3shot,,2
0b3730ceebeb89bb,81a5da8b19f4ae31,302fd7f445871221,ToMi,location-belief,Belief,Location False Beliefs,B,B,"Let's reason step by step: I track who has access to which information in the story, then check what the relevant character would infer given only what they observed. This points to option B. [[B]]",1,,True,rationale_cot_3shot,,2
62dc67448cddbb8e,84ed2df8669da59a,8dbc1bc461bdad94,ToMi,location-belief,Belief,Location False Beliefs,A,A,[[A]],1,,True,rationale_cot_3shot,,2
c19079e9cae37647,ea688501132e549f,a60f6b5f521e9651,ToMi,location-belief,Belief,Location False Beliefs,C,C,"Let's track the information provided in the story: Ella moved the corn to the suitcase. This means Ella already placed the corn in the suitcase. Therefore, Ella will look for the corn in the suitcase. The correct answer is C. [[C]]",1,,True,rationale_cot_3shot,,2
01b8d1b0cdfbd0d9,3ff75f529a04981a,cc160e406d2770e2,ToMi,location-belief,Belief,Location False Beliefs,A,A,[[A]],1,,True,rationale_cot_3shot,,2
cfa6770b62d5ab9c,66a973c5ed9ffc02,452e9fd7f1a13dae,ToMi,location-belief,Belief,Location False Beliefs,A,A,[[A]],1,,True,rationale_cot_3shot,,2
c5ba246a3ed5e66a,69786d9c4ca74867,13e572815f8a782f,ToMi,location-belief,Belief,Location False Beliefs,C,C,Let's track the information provided in the story: The jacket is explicitly stated to be in the suitcase. This leads to the conclusion that the correct answer is C. [[C]],1,,True,rationale_cot_3shot,,2
b291da3cd9df6c8e,265448b6bcae16a8,8e1eaa2ef0878b7a,ToMi,location-belief,Belief,Location False Beliefs,B,B,"Let's reason step by step: I track who has access to which information in the story, then check what the relevant character would infer given only what they observed. This points to option B. [[B]]",1,,True,rationale_cot_3shot,,2
e98296709bbaec98,dd3d2bd58dd16882,adf1a76fca434360,ToMi,location-belief,Belief,Location False Beliefs,C,C,"Let's track the information: Logan moves the cap to the pantry. This means the cap is now in the pantry. Therefore, the correct answer is C. [[C]]",1,,True,rationale_cot_3shot,,2
004d54e1022a8552,10d1006e5b1384a8,f841d1843ce2ea8c,ToMi,location-belief,Belief,Location False Beliefs,B,B,"Let's reason step by step: I track who has access to which information in the story, then check what the relevant character would infer given only what they observed. This points to option B. [[B]]",1,,True,rationale_cot_3shot,,2
b0762967cded75c2,eb0e7cfa1ed85669,a19fe16a594224a7,ToMi,location-belief,Belief,Location False Beliefs,D,D,Let's track the information provided in the story: The jeans is initially mentioned to be in the pantry. This matches with option D. [[D]],1,,True,rationale_cot_3shot,,2
760b4271e540b241,29d3f1ce52b23fea,52435beb35a3699e,ToMi,location-belief,Belief,Location False Beliefs,D,C,"Let's reason step by step: I track who has access to which information in the story, then check what the relevant character would infer given only what they observed. This points to option C. [[C]]",0,,True,rationale_cot_3shot,,2
69744a315653af11,26a3585e966a6859,8d5c5656b8edb10d,ToMi,location-belief,Belief,Location False Beliefs,B,B,[[B]],1,,True,rationale_cot_3shot,,2
0bb8e74b3b67e038,eec7927e9ecc8934,07a05ec0166ac978,ToMi,location-belief,Belief,Location False Beliefs,D,D,"Let's reason step by step: I track who has access to which information in the story, then check what the relevant character would infer given only what they observed. This points to option D. [[D]]",1,,True,rationale_cot_3shot,,2
e60240cc5cd8bfc8,e0dfe72a31632796,dbdc54eb52526a2b,ToMi,location-belief,Belief,Location False Beliefs,A,A,"Let's reason step by step: I track who has access to which information in the story, then check what the relevant character would infer given only what they observed. This points to option A. [[A]]",1,,True,rationale_cot_3shot,,2
b89aaec01799bb3a,8c45c4857caa781d,c70148237a1a45d9,ToMi,location-belief,Belief,Location False Beliefs,B,B,"Let's reason step by step: I track who has access to which information in the story, then check what the relevant character would infer given only what they observed. This points to option B. [[B]]",1,,True,rationale_cot_3shot,,2
5a0eee5e3b55989f,ad08c64f9c1c8485,ba323ccd238bc4fd,ToMi,location-belief,Belief,Location False Beliefs,D,D,[[D]],1,,True,rationale_cot_3shot,,2
7563e32447cf78c3,93b2020bb427bb96,861ba406ba1c69b4,ToMi,location-belief,Belief,Location False Beliefs,B,B,[[B]],1,,True,rationale_cot_3shot,,2
673012f4e9d9d6c2,81ac273bb7cfe6a9,bd02d5cffe35eca9,ToMi,location-belief,Belief,Location False Beliefs,B,B,"Let's reason step by step: I track who has access to which information in the story, then check what the relevant character would infer given only what they observed. This points to option B. [[B]]",1,,True,rationale_cot_3shot,,2
70dabc77b0b3462f,65c088387f234fd9,db58fd4328742382,ToMi,location-belief,Belief,Location False Beliefs,C,C,"Let's track the information provided in the story: Initially, Abigail enters the workshop and finds the grapes in the cupboard. No other location for the grapes is mentioned before Abigail moves them. Therefore, the correct answer is C. [[C]]",1,,True,rationale_cot_3shot,,2
934192d20e210a23,2c0415f59a8dc5d7,fd4c271911e7a110,ToMi,location-belief,Belief,Location False Beliefs,B,B,Let's track the story events: trousers move from bucket to crate. The final location of the trousers is in the crate. This points to option B. [[B]],1,,True,rationale_cot_3shot,,2
fe352e051ae47dec,5b21f288e9bffcb3,e6f7caa0b0a8e2eb,ToMi,location-belief,Belief,Location False Beliefs,C,C,"Let's reason step by step: Initially, Elizabeth knows the orange is in the pantry. When Jacob moves the orange to the box, Elizabeth doesn't know about this change because she left the lounge before Jacob did. Therefore, Elizabeth still thinks Jacob searches for the orange in the pantry. [[C]]",1,,True,rationale_cot_3shot,,2
c8e8a958357e7c42,377a913155b70eea,1cb1a19f4c9e9563,ToMi,location-belief,Belief,Location False Beliefs,C,C,"Let's reason step by step: I track who has access to which information in the story, then check what the relevant character would infer given only what they observed. This points to option C. [[C]]",1,,True,rationale_cot_3shot,,2
1c6d0f26905e79d2,d5791866c2a2db10,5bfdc1b4f6c475fd,ToMi,location-belief,Belief,Location False Beliefs,C,C,"Let's reason step by step: I track who has access to which information in the story, then check what the relevant character would infer given only what they observed. This points to option C. [[C]]",1,,True,rationale_cot_3shot,,2
c04a4bac08dd2620,bece927c4e04437e,6fcc1ed037979218,ToMi,location-belief,Belief,Location False Beliefs,C,C,"Let's reason step by step: From the story, we know Oliver entered the cellar and saw the potato in the suitcase. Abigail moved the potato to the drawer, but Oliver did not see this. Therefore, Oliver would still think the potato is in the suitcase. However, since the options provided do not include ""suitcase,"" the most logical answer based on the information given is C. [[",1,,True,rationale_cot_3shot,,2
ba1760ba281f5519,14a37007a77c88b3,053069b0a6c0acc4,ToMi,location-belief,Belief,Location False Beliefs,A,A,[[A]],1,,True,rationale_cot_3shot,,2
51e7250d539252eb,e926665acaad0b78,84a998c203e9294d,ToMi,location-belief,Belief,Location False Beliefs,B,B,"Let's track the information: Isabella thinks that Ethan searches for the cherry based on Ethan's actions. Ethan moved the cherry to the pantry. Therefore, Isabella would think Ethan searches for the cherry in the pantry. [[B]]",1,,True,rationale_cot_3shot,,2
207a1639afc53f13,30f23515df158a5c,d9c1f8f5027aede4,ToMi,location-belief,Belief,Location False Beliefs,B,B,"Let's reason step by step: I track who has access to which information in the story, then check what the relevant character would infer given only what they observed. This points to option B. [[B]]",1,,True,rationale_cot_3shot,,2
71f9f9103f08d6ad,d9fe35c33784e6f1,199ef6aac1ceb154,ToMi,location-belief,Belief,Location False Beliefs,C,C,"Let's track the information provided in the story: Carter moves the underpants from the bottle to the container. This implies that at the beginning, the underpants were in the bottle. Therefore, the correct answer is C. [[C]]",1,,True,rationale_cot_3shot,,2
72493c11ba5e55e5,b097a584a0856fa5,4b77b30b3565b03a,ToMi,location-belief,Belief,Location False Beliefs,C,C,"Let's reason step by step: I track who has access to which information in the story, then check what the relevant character would infer given only what they observed. This points to option C. [[C]]",1,,True,rationale_cot_3shot,,2
122f6d12d3ffc647,7eda1d67e5f5dce5,a014651512abd5db,ToMi,location-belief,Belief,Location False Beliefs,D,D,"Let's reason step by step: I track who has access to which information in the story, then check what the relevant character would infer given only what they observed. This points to option D. [[D]]",1,,True,rationale_cot_3shot,,2
51cb6fac282490a2,27be4b1e6128aba2,43bd46504c000d7e,ToMi,location-belief,Belief,Location False Beliefs,C,C,"Based on the story provided, Isabella moved the cap to the bucket, so James will likely look for the cap in the bucket. However, since ""bucket"" is not an option, the closest answer would be C. [[C]]",1,,True,rationale_cot_3shot,,2
87c0e7331c995eb5,8fc480d276f2b5d9,02640dc17ac13ed8,ToMi,location-belief,Belief,Location False Beliefs,A,A,[[A]],1,,True,rationale_cot_3shot,,2
24cb6f2bdeccef52,8700fcbdb2bf6a07,ed0b0baee3229a2e,ToMi,location-belief,Belief,Location False Beliefs,D,D,"Let's track the information: Initially, the lime is in the bucket. Then, Alexander moves the lime to the container. Given this sequence, Mia thinks Alexander searches for the lime in the bucket. [[D]]",1,,True,rationale_cot_3shot,,2
fc8140ef0be39518,651d3baad6dd9ecb,31ebe66b60690f9e,ToMi,location-belief,Belief,Location False Beliefs,A,A,"Let's reason step by step: I track who has access to which information in the story, then check what the relevant character would infer given only what they observed. This points to option A. [[A]]",1,,True,rationale_cot_3shot,,2
f4af83b85f95cd04,46608a98193254b1,a00d1e30077d2b0f,ToMi,location-belief,Belief,Location False Beliefs,B,B,"Let's reason step by step: Initially, the cherry was in the box based on the story. This points to option B. [[B]]",1,,True,rationale_cot_3shot,,2
af5527496d41b7b0,6c5263d87a1c7cdf,d8c73567b1836d8a,ToMi,location-belief,Belief,Location False Beliefs,C,C,"Let's reason step by step: I track who has access to which information in the story, then check what the relevant character would infer given only what they observed. This points to option C. [[C]]",1,,True,rationale_cot_3shot,,2
0ffbea8ef66e95a2,2bce15fe67cb8378,4fc990120b4d39a5,ToMi,location-belief,Belief,Location False Beliefs,A,A,"Let's reason step by step: I track who has access to which information in the story, then check what the relevant character would infer given only what they observed. This points to option A. [[A]]",1,,True,rationale_cot_3shot,,2
99861c39b1aa2e82,45f9e5f78cab7970,41767c159d5e0ba2,ToMi,location-belief,Belief,Location False Beliefs,D,D,[[D]],1,,True,rationale_cot_3shot,,2
df70a7ad8d739cb3,80c4eb7158c227da,5ee2fcafda0bc7f0,ToMi,location-belief,Belief,Location False Beliefs,D,D,[[D]],1,,True,rationale_cot_3shot,,2
6a762959e86e06ea,b7188925ef28ed04,2b5ad4a03214a6fc,ToMi,location-belief,Belief,Location False Beliefs,B,B,"Let's reason step by step: I track who has access to which information in the story, then check what the relevant character would infer given only what they observed. This points to option B. [[B]]",1,,True,rationale_cot_3shot,,2
b2df3dafbcd1e855,bda506004109ad83,b4895ad78804bd44,ToMi,location-belief,Belief,Location False Beliefs,D,D,[[D]],1,,True,rationale_cot_3shot,,2
fed0671338338303,ccdaae33c95b6a94,f5415aa2644ad52d,ToMi,location-belief,Belief,Location False Beliefs,B,B,"Let's track the information: The lemon was initially in the pantry, then Ethan moved it to the bucket. This means the lemon is now in the bucket. Given the options, the correct answer is B. [[B]]",1,,True,rationale_cot_3shot,,2
ac8db09290284bdd,a62bdc847e2a992e,217098b24bb09fac,ToMi,location-belief,Belief,Location False Beliefs,A,A,"Let's track the information: Ava enters the staircase after Abigail exits, but there is no mention of Abigail searching for the suit in any other location besides the cupboard. Ava thinks Abigail searched in the cupboard. [[A]]",1,,True,rationale_cot_3shot,,2
e2e38b44086e6e24,5439603a54ef97fb,3ca44239cf4fd8f9,ToMi,location-belief,Belief,Location False Beliefs,B,C,"Let's reason step by step: I track who has access to which information in the story, then check what the relevant character would infer given only what they observed. This points to option C. [[C]]",0,,True,rationale_cot_3shot,,2
9b1627d3c96e89c2,8995263b6f4526c0,23911dec5d4cac5c,ToMi,location-belief,Belief,Location False Beliefs,B,B,"Let's reason step by step: I track who has access to which information in the story, then check what the relevant character would infer given only what they observed. This points to option B. [[B]]",1,,True,rationale_cot_3shot,,2
a46b5a695b48195f,b65bac6b4faeec9f,d314e475d59d9b54,ToMi,location-belief,Belief,Location False Beliefs,A,A,"Let's track the information provided in the story: The cucumber was initially in the bathtub. However, the cucumber was moved by Liam to the drawer. Therefore, the correct answer is A. [[A]]",1,,True,rationale_cot_3shot,,2
6e5b967e8ad54f95,ae8b5097688b7421,6d85ce7f44259489,ToMi,location-belief,Belief,Location False Beliefs,A,A,[[A]],1,,True,rationale_cot_3shot,,2
e70bc729c30801a1,fc7033896b45e8cc,87623798e3676186,ToMi,location-belief,Belief,Location False Beliefs,D,D,"Let's reason step by step: From the story, we know Nathan was last seen looking for the underclothes in the container. However, he then moved the underclothes to the basket. Therefore, Nathan will look for the underclothes in the basket. [[D]]",1,,True,rationale_cot_3shot,,2
25eaf3833f25c536,7dfb90f945577d99,4cb8fc241b2a123a,ToMi,location-belief,Belief,Location False Beliefs,B,B,"Let's reason step by step: Initially, William was searching for the orange in the bathtub. This point to option B. [[B]]",1,,True,rationale_cot_3shot,,2
630158d05eaaff50,e11eb399d9a93ef4,51c2c76072d0d3a3,ToMi,location-belief,Belief,Location False Beliefs,D,D,"Let's track the information: Initially, the slacks are in the drawer. Then, Isabella moves them to the cupboard. This means the slacks are now in the cupboard. Therefore, the correct answer is D. [[D]]",1,,True,rationale_cot_3shot,,2
4d03df58635a010b,48a6fb464abea71a,a60f6b5f521e9651,ToMi,location-belief,Belief,Location False Beliefs,B,B,Let's track the information provided in the story: The corn is explicitly stated to be in the pantry at the beginning. This leads to the correct answer being B. [[B]],1,,True,rationale_cot_3shot,,2
da3d89feb02cb20c,3e0083f46a115440,bfeec68ed81dd294,ToMi,location-belief,Belief,Location False Beliefs,C,C,"Let's track the story events: grapes move from the suitcase to the drawer. Given this information, the correct answer is C. [[C]]",1,,True,rationale_cot_3shot,,2
b187a20e40500cfd,d58c4c4351cc5da2,8644f3d126ff1d7f,ToMi,location-belief,Belief,Location False Beliefs,C,C,"Let's track the information: Hunter moved the underpants to the basket. Given this action, the most likely place Hunter will look for the underpants is the basket. This points to option C. [[C]]",1,,True,rationale_cot_3shot,,2
84dc6a53c0d1f32b,82cd730d777ed72a,87623798e3676186,ToMi,location-belief,Belief,Location False Beliefs,D,D,"Let's track the information: Initially, the underclothes is in the container. This point directly leads to the answer. The correct answer is D. [[D]]",1,,True,rationale_cot_3shot,,2
6a00bdc3676441d6,c601372acbb65c2b,b4954ed6b4c3eb85,ToMi,location-belief,Belief,Location False Beliefs,D,D,"Let's reason step by step: I track who has access to which information in the story, then check what the relevant character would infer given only what they observed. This points to option D. [[D]]",1,,True,rationale_cot_3shot,,2
8dc7a8791ade0a92,68663591f1515c9d,1ca1a46708adcb79,ToMi,location-belief,Belief,Location False Beliefs,B,B,"Let's track the information provided in the story: The gloves are initially in the container. This can be inferred from ""The gloves is in the container."" Therefore, the correct answer is B. [[B]]",1,,True,rationale_cot_3shot,,2
f43e584f0acb4441,f869d3f01b66e375,7556df8821b79884,ToMi,location-belief,Belief,Location False Beliefs,B,B,"Let's track the information: The slippers are initially in the suitcase, but Oliver moves them to the container. This means the slippers are now in the container. [[B]]",1,,True,rationale_cot_3shot,,2
0b33d7200e9bd607,72325abcb16f5535,d25a03fcb68129a1,ToMi,location-belief,Belief,Location False Beliefs,C,B,"Let's reason step by step: I track who has access to which information in the story, then check what the relevant character would infer given only what they observed. This points to option B. [[B]]",0,,True,rationale_cot_3shot,,2
ead86816ae1841e2,9e42190c1f0b0b66,991b83bd8d150df7,ToMi,location-belief,Belief,Location False Beliefs,A,A,"Let's reason step by step: I track who has access to which information in the story, then check what the relevant character would infer given only what they observed. This points to option A. [[A]]",1,,True,rationale_cot_3shot,,2
a284637809ee4ec0,d76874d6a3865e87,593033528023e03c,ToMi,location-belief,Belief,Location False Beliefs,D,D,"Let's track the information: Initially, the onion is in the basket. Then Olivia moves it to the pantry. Given this sequence, the most recent location of the onion is the pantry. Therefore, the answer is D. [[D]]",1,,True,rationale_cot_3shot,,2
9707a9c9c979d539,323fd25e07e230ed,7222a453c5c5d02a,ToMi,location-belief,Belief,Location False Beliefs,A,A,"Let's reason step by step: I track who has access to which information in the story, then check what the relevant character would infer given only what they observed. This points to option A. [[A]]",1,,True,rationale_cot_3shot,,2
438106296a5656e9,1e1c31f6a89bfc1c,6fcc1ed037979218,ToMi,location-belief,Belief,Location False Beliefs,A,A,"Let's reason step by step: I track who has access to which information in the story, then check what the relevant character would infer given only what they observed. This points to option A. [[A]]",1,,True,rationale_cot_3shot,,2
6554550aa7b53cef,92f71f428b2d88c7,dbdc54eb52526a2b,ToMi,location-belief,Belief,Location False Beliefs,C,C,"Let's reason step by step: I track who has access to which information in the story, then check what the relevant character would infer given only what they observed. This points to option C. [[C]]",1,,True,rationale_cot_3shot,,2
736651af0687e17f,c88ff53b2ec92f86,a6062b860e2c30d6,ToMi,location-belief,Belief,Location False Beliefs,D,B,"Let's reason step by step: Initially, Mason was in the den and searched for the green_pepper in the treasure_chest. Liam moved the green_pepper to the box but this action doesn't change Mason's last known location. Therefore, Mason thinks that the green_pepper is still in the treasure_chest. [[B]]",0,,True,rationale_cot_3shot,,2
ec1096a42a801ae0,186cac9b61dd3893,3ca44239cf4fd8f9,ToMi,location-belief,Belief,Location False Beliefs,C,C,"Let's track the information: The story mentions that the sweet_potato was initially in the drawer but was later moved to the cupboard by Mia. Given this information, the most logical answer is C. [[C]]",1,,True,rationale_cot_3shot,,2
fa79675ae60abcc4,fd2d1fa7f6fdcaba,4ee6686742ece8ef,ToMi,location-belief,Belief,Location False Beliefs,A,A,[[A]],1,,True,rationale_cot_3shot,,2
de1fd3e7dd2e5b32,af236b81773663b3,674ca378123594d5,ToMi,location-belief,Belief,Location False Beliefs,D,D,"Let's reason step by step: I track who has access to which information in the story, then check what the relevant character would infer given only what they observed. This points to option D. [[D]]",1,,True,rationale_cot_3shot,,2
e9492be24d35c64c,6c167f7a02b32cb5,e73b2cc4e5276955,ToMi,location-belief,Belief,Location False Beliefs,A,A,Let's track the information provided in the story: The t-shirt was initially in the suitcase but was moved by Sophia to the cupboard. This points to option A. [[A]],1,,True,rationale_cot_3shot,,2
67656ae6802aa6ea,99b1a1d7b037ee07,cabe4a059bd5b2bb,ToMi,location-belief,Belief,Location False Beliefs,A,A,"Let's reason step by step: I track who has access to which information in the story, then check what the relevant character would infer given only what they observed. This points to option A. [[A]]",1,,True,rationale_cot_3shot,,2
4769e5dc91bd3da3,d4f10e14c7ee2bb6,ec0a52da7fd0e39b,ToMi,location-belief,Belief,Location False Beliefs,C,C,"Let's track the information: Isabella thinks the cabbage is in the bathtub, and she exits the crawlspace before Mason moves it to the pantry. Therefore, Isabella would still think the cabbage is in the bathtub. However, since Mason moved it to the pantry, the correct answer should be based on the last known position. The answer is C. [[C]]",1,,True,rationale_cot_3shot,,2
e5c3e2312f73e1ff,1e3485277d6514fa,d2db3f46060f6462,ToMi,location-belief,Belief,Location False Beliefs,B,B,Let's reason step by step: Mason thinks that Liam searches for the turnip based on the sequence of events and the fact that Liam moved the turnip to the suitcase. This points to option B. [[B]],1,,True,rationale_cot_3shot,,2
ae2b8724e27e5407,1bfc15c0d66fa480,8005c5c29283aa70,ToMi,location-belief,Belief,Location False Beliefs,B,B,"Let's reason step by step: I track who has access to which information in the story, then check what the relevant character would infer given only what they observed. This points to option B. [[B]]",1,,True,rationale_cot_3shot,,2
fdec463dfa9a5b35,3444db5c0ff74075,2915e9d7c991f12e,ToMi,location-belief,Belief,Location False Beliefs,A,A,"Let's reason step by step: From the story, we know that Emma moved the undershirt to the envelope. This means Oliver thinks Emma searches for the undershirt in the envelope. [[A]]",1,,True,rationale_cot_3shot,,2
2ed6c915011c1a2a,ac403125bde8c98b,4ca0a8b45ba90107,ToMi,location-belief,Belief,Location False Beliefs,B,B,"Let's track the information: Initially, the green_pepper is in the crate. Then Charlotte moves it to the envelope. This means Nathan would search for the green pepper in the envelope based on the last piece of information. Therefore, the correct answer is B. [[B]]",1,,True,rationale_cot_3shot,,2
f0d34d96f64b9fea,cfb0fb7051fecf50,00479b8ac985cd52,ToMi,location-belief,Belief,Location False Beliefs,D,D,"Let's track the information: Jack exits the hall after Amelia moves the shirt to the pantry. This means Jack did not see the shirt being moved. Therefore, Jack will still look for the shirt in its previous location, which was the treasure_chest. However, since the options provided do not include ""treasure_chest,"" the most logical answer based on the given options is:

[[D]]",1,,True,rationale_cot_3shot,,2
939cc72fb2ea75e2,177b7a71e1eb0a57,8005c5c29283aa70,ToMi,location-belief,Belief,Location False Beliefs,A,A,[[A]],1,,True,rationale_cot_3shot,,2
1669c6d1f2a3cabc,1df64966c35290df,87ec52c2ea12eb19,ToMi,location-belief,Belief,Location False Beliefs,D,D,"Let's reason step by step: I track who has access to which information in the story, then check what the relevant character would infer given only what they observed. This points to option D. [[D]]",1,,True,rationale_cot_3shot,,2
0baae4c7ec2b6071,7d3535ed02241773,ace4d1b0c1aff57e,ToMi,location-belief,Belief,Location False Beliefs,C,C,"Let's track the information provided: The jacket was initially in the container. This can be inferred from ""Mason likes the pear The jacket is in the container."" Therefore, the correct answer is C. [[C]]",1,,True,rationale_cot_3shot,,2
f7ee788ebc9bcf63,98f1a96adf9df052,8d0a220cc20f95e8,ToMi,location-belief,Belief,Location False Beliefs,A,A,[[A]],1,,True,rationale_cot_3shot,,2
d6f941ff7b13a5c4,11c149725bc44e43,bd02d5cffe35eca9,ToMi,location-belief,Belief,Location False Beliefs,B,B,"Let's reason step by step: I track who has access to which information in the story, then check what the relevant character would infer given only what they observed. This points to option B. [[B]]",1,,True,rationale_cot_3shot,,2
c54cfb9316ab81ec,1368697728b3ec7a,7f6d4544d65ac3c1,ToMi,location-belief,Belief,Location False Beliefs,C,C,Let's track the information provided in the story: The grapes were initially in the bathtub. This matches option C. [[C]],1,,True,rationale_cot_3shot,,2
7797faf38d18a26e,65a0c2985ddefb1a,ccb5e9d68914771b,ToMi,location-belief,Belief,Location False Beliefs,C,C,"Let's reason step by step: I track who has access to which information in the story, then check what the relevant character would infer given only what they observed. This points to option C. [[C]]",1,,True,rationale_cot_3shot,,2
b434c0d95f588102,9db79481f4202178,9e8e5ef97e42c43f,ToMi,location-belief,Belief,Location False Beliefs,C,C,"Let's track the information: Amelia moved the cabbage to the bottle. This means Amelia knows the cabbage is in the bottle. Therefore, the answer is C. [[C]]",1,,True,rationale_cot_3shot,,2
e50c9a9144b4fe34,1c04c5120d24deb0,d8b40574fa9de450,ToMi,location-belief,Belief,Location False Beliefs,C,C,"Let's reason step by step: I track who has access to which information in the story, then check what the relevant character would infer given only what they observed. This points to option C. [[C]]",1,,True,rationale_cot_3shot,,2
47a4a6269d264578,ddcf0f450889b2b1,873d7479314fe0fe,ToMi,location-belief,Belief,Location False Beliefs,A,A,"Based on the story provided, Noah moved the orange to the cupboard. Therefore, the most likely answer is:

[[A]]",1,,True,rationale_cot_3shot,,2
eceeedc3f2304fa0,8cbb622c5fb3f22c,b1afb04f22b62460,ToMi,location-belief,Belief,Location False Beliefs,C,C,[[C]],1,,True,rationale_cot_3shot,,2
f484c04151ad1a72,6876ecf8ed735b44,4a4b5b91e76eeefd,ToMi,location-belief,Belief,Location False Beliefs,D,D,"Let's reason step by step: I track who has access to which information in the story, then check what the relevant character would infer given only what they observed. This points to option D. [[D]]",1,,True,rationale_cot_3shot,,2
1ad6f1dd3de40634,92e6d0160b1dd388,d66e0854f5149d4c,ToMi,location-belief,Belief,Location False Beliefs,A,D,"Let's reason step by step: I track who has access to which information in the story, then check what the relevant character would infer given only what they observed. This points to option D. [[D]]",0,,True,rationale_cot_3shot,,2
3d44d657a1dbbec8,f4b974a15f7bf62e,11acb80746e12dff,ToMi,location-belief,Belief,Location False Beliefs,A,D,"Let's reason step by step: I track who has access to which information in the story, then check what the relevant character would infer given only what they observed. This points to option D. [[D]]",0,,True,rationale_cot_3shot,,2
278d274b84f8456a,6ab44d58ec978e62,48e35d6bb8526966,ToMi,location-belief,Belief,Location False Beliefs,A,A,"Let's track the information: Lily moves the shirt to the bucket. Given this information, the most likely answer is A. [[A]]",1,,True,rationale_cot_3shot,,2
bb4a957a60087338,445db20d4fed37d2,2915e9d7c991f12e,ToMi,location-belief,Belief,Location False Beliefs,D,D,[[D]],1,,True,rationale_cot_3shot,,2
b0cc72a646cccc8c,6c6f8790e12d01bd,014fff3e5de48e07,ToMi,location-belief,Belief,Location False Beliefs,D,A,"Let's reason step by step: Initially, William thinks the cucumber is in the pantry. This information is updated when Ella moves the cucumber to the bathtub. Therefore, William will still think the cucumber is in the pantry. [[A]]",0,,True,rationale_cot_3shot,,2
f15df64d44af704d,5142a45589416328,2f7716214e7a1a9d,ToMi,location-belief,Belief,Location False Beliefs,A,A,"Let's track the information provided in the story: The coat is initially in the crate. Hunter moves the coat to the envelope. This means at the beginning, the coat was in the crate. Therefore, the correct answer is A. [[A]]",1,,True,rationale_cot_3shot,,2
3c0343d08e84b1b1,6ef34ad62a5ebb8e,0f7d2fb1089434e8,ToMi,location-belief,Belief,Location False Beliefs,D,D,[[D]],1,,True,rationale_cot_3shot,,2
cf065f7a41f46952,ae9cd87183b5d408,606715f827e6f618,ToMi,location-belief,Belief,Location False Beliefs,D,D,"Let's track the information: Olivia moved the lime to the basket. This means Olivia knows the lime is in the basket. Therefore, the correct answer is D. [[D]]",1,,True,rationale_cot_3shot,,2
b773abfdb073d510,5884d603ecadd280,6cb787df52c5c1ba,ToMi,location-belief,Belief,Location False Beliefs,B,B,"Let's track the information: Chloe enters the cellar, then exits and enters the porch. Isabella moves the banana from the drawer to the pantry. There is no mention of a crate or suitcase. This points to option B. [[B]]",1,,True,rationale_cot_3shot,,2
5b7aff3a11b3f023,71014881482547d0,606715f827e6f618,ToMi,location-belief,Belief,Location False Beliefs,A,A,Let's track the information: The lime was initially in the box but was moved by Olivia to the basket. This means the lime is now in the basket. This points to option A. [[A]],1,,True,rationale_cot_3shot,,2
1628e8f91ae1a235,d7f4296b97dc43f8,a495509f338caaab,ToMi,location-belief,Belief,Location False Beliefs,A,A,"Let's reason step by step: I track who has access to which information in the story, then check what the relevant character would infer given only what they observed. This points to option A. [[A]]",1,,True,rationale_cot_3shot,,2
20887538a11350fa,da893e4caf817896,61d02d7031c49d8a,ToMi,location-belief,Belief,Location False Beliefs,A,A,"Let's reason step by step: I track who has access to which information in the story, then check what the relevant character would infer given only what they observed. This points to option A. [[A]]",1,,True,rationale_cot_3shot,,2
c537077633a4b546,664059020d14c0af,2f7716214e7a1a9d,ToMi,location-belief,Belief,Location False Beliefs,D,D,"Let's track the information: Hunter moved the coat to the envelope, so Noah would logically think that Hunter searches for the coat in the envelope. This points to option D. [[D]]",1,,True,rationale_cot_3shot,,2
006c7b297daad941,3cf8683d2bcf4007,563a071e0e6c236d,ToMi,location-belief,Belief,Location False Beliefs,B,B,"Let's track the information: Initially, the stockings are in the cupboard. Then, Owen moves them to the container. Given this sequence, the correct answer is B. [[B]]",1,,True,rationale_cot_3shot,,2
e628233bbc9f67f5,0175a414d96599d8,00479b8ac985cd52,ToMi,location-belief,Belief,Location False Beliefs,A,A,"Let's track the information provided: Amelia enters the hall, moves the shirt to the pantry, and the shirt is initially in the treasure_chest. This leads to the conclusion that the correct answer is A. [[A]]",1,,True,rationale_cot_3shot,,2
e32e23346425466e,76f3921630bd92d7,a797f731dfeccb39,ToMi,location-belief,Belief,Location False Beliefs,D,D,"Let's reason step by step: I track who has access to which information in the story, then check what the relevant character would infer given only what they observed. This points to option D. [[D]]",1,,True,rationale_cot_3shot,,2
67986d82e8b8baac,c7656c278139a4ca,7c658b57aa1a1c83,ToMi,location-belief,Belief,Location False Beliefs,A,A,[[A]],1,,True,rationale_cot_3shot,,2
bfaa5a1794755b22,d4f7e796de91f9c0,5ee2fcafda0bc7f0,ToMi,location-belief,Belief,Location False Beliefs,D,D,[[D]],1,,True,rationale_cot_3shot,,2
4167c3d4567b8911,62192b7dada0073d,a7f37317c9b96e26,ToMi,location-belief,Belief,Location False Beliefs,B,B,"Let's track the information: Initially, the sweatshirt is in the envelope, but Jacob moves it to the cupboard. Given this sequence, the most recent action shows Jacob placed the sweatshirt in the cupboard. Therefore, Jacob will look for the sweatshirt in the cupboard. The answer is B. [[B]]",1,,True,rationale_cot_3shot,,2
530fc33078006077,88a3e4ecc662a34a,dd6eeac10cfadb67,ToMi,location-belief,Belief,Location False Beliefs,D,D,"Let's reason step by step: Ava moves the shirt to the suitcase, so she would think Elizabeth searches for the shirt in the suitcase. However, since the options do not include 'suitcase', and considering the context, the closest logical answer from the given options is D. pantry. [[D]]",1,,True,rationale_cot_3shot,,2
593d5ea320a8e0eb,1a118c6694081df3,f62cf5f8223fd8e1,ToMi,location-belief,Belief,Location False Beliefs,A,A,"Let's track the information: Ethan entered the laundry, then Mason moved the stockings to the suitcase. This means Ethan will look for the stockings in the suitcase. [[A]]",1,,True,rationale_cot_3shot,,2
d845396042a22ae0,29a967ed955dd116,ccb5e9d68914771b,ToMi,location-belief,Belief,Location False Beliefs,B,B,"Let's reason step by step: I track who has access to which information in the story, then check what the relevant character would infer given only what they observed. This points to option B. [[B]]",1,,True,rationale_cot_3shot,,2
e6c54b4912a35ca8,92b198cf29b5c469,87e3b0eb339f1282,ToMi,location-belief,Belief,Location False Beliefs,A,A,"Let's track the information provided in the story: The shirt is initially in the envelope. However, the question asks about the initial location before Alexander moved it to the bucket. Therefore, the correct answer is A. [[A]]",1,,True,rationale_cot_3shot,,2
9af90faa82e11234,66362e039f83b774,497a70e37987e1fa,ToMi,location-belief,Belief,Location False Beliefs,A,A,"Let's track the information: Initially, the green_pepper is in the cupboard. Carter moves it to the bucket. Given this sequence, the most recent action indicates Carter will look in the bucket. Thus, the answer is A. [[A]]",1,,True,rationale_cot_3shot,,2
88b377f0c440f915,5ebe3964af741e29,f7b5b4e09e1b44f1,ToMi,location-belief,Belief,Location False Beliefs,A,A,"Let's reason step by step: I track who has access to which information in the story, then check what the relevant character would infer given only what they observed. This points to option A. [[A]]",1,,True,rationale_cot_3shot,,2
ea3d5cde247e9d63,99f1e4701660296f,160705b06be56a8d,ToMi,location-belief,Belief,Location False Beliefs,D,D,"Let's reason step by step: Initially, Avery thinks Owen searches for the apple in the bathtub. However, when Avery enters the closet after Owen moves the apple to the envelope, Avery will think Owen searches for the apple in the envelope. Therefore, the correct answer is D. [[D]]",1,,True,rationale_cot_3shot,,2
ec1be97a5e5dbf67,9d7eb06bc369e5a8,5337537a85685044,ToMi,location-belief,Belief,Location False Beliefs,B,B,"Let's track the information: Isla moves the plum to the container. However, this information is about Isla's actions and not directly related to William's search. Therefore, the most logical inference is that William searches for the plum in the container. [[B]]",1,,True,rationale_cot_3shot,,2
e2fd2f2be5ef3272,0a4f13e425476075,5f8ebd51995c143c,ToMi,location-belief,Belief,Location False Beliefs,C,C,"Let's reason step by step: From the story, we know that initially Ava moves the boots to the container, but Emma enters the master_bedroom last and sees the boots in the treasure_chest. This means Emma thinks that Ava probably searches for the boots in the treasure_chest. [[C]]",1,,True,rationale_cot_3shot,,2
556131de7ec5c4ad,be1d70073a2ddd93,1714706c01a06dc2,ToMi,location-belief,Belief,Location False Beliefs,B,C,"Let's track the information provided in the story: Ava entered the garden and saw the sweatshirt in the container. This implies the sweatshirt was in the container at the beginning. However, since the options do not include ""container,"" we need to choose the closest match. The correct answer based on the given options is C. [[C]]",0,,True,rationale_cot_3shot,,2
6a9e150aa3c9c8f4,39097f93a9b5c0ed,861ba406ba1c69b4,ToMi,location-belief,Belief,Location False Beliefs,B,C,"Let's track the information: Mason thinks that Logan searches for the eggplant in the crate because initially it is mentioned that ""The eggplant is in the crate."" Then Logan moves the eggplant to the suitcase. Since Mason last saw Logan moving the eggplant to the suitcase, Mason would think Logan searches for the eggplant in the suitcase. [[C]]",0,,True,rationale_cot_3shot,,2
5944b3c9502be2cb,ae8927e9a366700b,1d3e1027712c6624,ToMi,location-belief,Belief,Location False Beliefs,B,D,"Let's reason step by step: I track who has access to which information in the story, then check what the relevant character would infer given only what they observed. This points to option D. [[D]]",0,,True,rationale_cot_3shot,,2
7be263be9537829b,a71a3a638ba70683,e70c6a325496070c,ToMi,location-belief,Belief,Location False Beliefs,A,A,Let's track the information provided in the story: The melon was initially in the bathtub but was moved to the cupboard by Jayden. This means the correct location of the melon is the cupboard. This points to option A. [[A]],1,,True,rationale_cot_3shot,,2
3da7a728aca5955b,fbcdaced151f49bb,fbb356e7e8b88c31,ToMi,location-belief,Belief,Location False Beliefs,B,B,"Let's reason step by step: I track who has access to which information in the story, then check what the relevant character would infer given only what they observed. This points to option B. [[B]]",1,,True,rationale_cot_3shot,,2
2e71150562ac5fab,f1397e9aa572735c,17c3e823b0eeb874,ToMi,location-belief,Belief,Location False Beliefs,B,B,"Let's reason step by step: I track who has access to which information in the story, then check what the relevant character would infer given only what they observed. This points to option B. [[B]]",1,,True,rationale_cot_3shot,,2
316c27b71743de72,4cc5da182352a81d,a00d1e30077d2b0f,ToMi,location-belief,Belief,Location False Beliefs,A,A,"Let's track the information flow: Aria moves the cherry to the pantry. This means Aria knows the cherry is now in the pantry. Therefore, the correct answer is A. [[A]]",1,,True,rationale_cot_3shot,,2
ff646ca2846831ab,13d493074d3a96e2,5f8ebd51995c143c,ToMi,location-belief,Belief,Location False Beliefs,B,B,"Let's track the information: Initially, the boots are in the treasure chest. Then Ava moves them to the container. Since Emma last saw the boots in the treasure chest (before Ava moved them), she will likely look there first. This points to option B. [[B]]",1,,True,rationale_cot_3shot,,2
f8b66dcd2290e71d,f395d0d077f921ff,32d4f52395d79179,ToMi,location-belief,Belief,Location False Beliefs,D,D,"Let's reason step by step: I track who has access to which information in the story, then check what the relevant character would infer given only what they observed. This points to option D. [[D]]",1,,True,rationale_cot_3shot,,2
56adee67ae623a28,8a44e611bc62d425,bc7dc4f8cd1dc04d,ToMi,location-belief,Belief,Location False Beliefs,B,B,"Let's reason step by step: Initially, Logan thinks Benjamin searches in the cupboard. However, Benjamin moves the slacks to the pantry. Therefore, Logan would still think Benjamin searches in the cupboard. [[B]]",1,,True,rationale_cot_3shot,,2
e9b9bc75a62779ed,ba95d82f819d4f26,ce1704a48291eb40,ToMi,location-belief,Belief,Location False Beliefs,B,B,"Let's reason step by step: I track who has access to which information in the story, then check what the relevant character would infer given only what they observed. This points to option B. [[B]]",1,,True,rationale_cot_3shot,,2
d08279076a095dc2,3815f47c26f9e485,e83d58ef22b0971a,ToMi,location-belief,Belief,Location False Beliefs,C,C,"Let's track the information: Initially, the gloves are in the pantry. Then, Aiden moves them to the crate. This means the gloves are now in the crate. Therefore, the correct answer is C. [[C]]",1,,True,rationale_cot_3shot,,2
c87b5778f0c4df31,6c2ea39e256fa67d,991b83bd8d150df7,ToMi,location-belief,Belief,Location False Beliefs,A,A,[[A]],1,,True,rationale_cot_3shot,,2
474f88e03ca0889f,37cbb2cbf2fd0c13,91ba05cfb5511fc6,ToMi,location-belief,Belief,Location False Beliefs,C,A,"Let's reason step by step: I track who has access to which information in the story, then check what the relevant character would infer given only what they observed. This points to option A. [[A]]",0,,True,rationale_cot_3shot,,2
7d3a97c82e7ac37e,58764cacf5cdae2d,c38ad2bf386a7bb8,ToMi,location-belief,Belief,Location False Beliefs,D,D,[[D]],1,,True,rationale_cot_3shot,,2
fa7d43fcc91e6496,e6ac158a2c0dd8b2,dd56c89eaedea631,ToMi,location-belief,Belief,Location False Beliefs,A,A,Let's track the information provided: Aria moves the carrot to the bucket. Ava exits the hallway after entering it. Ava enters the staircase. Ava enters the hallway again. Ava exits the hallway again. Ava enters the hallway one last time. Ava thinks she searches for the carrot in the bucket. This points to option A. [[A]],1,,True,rationale_cot_3shot,,2
21d11785aff653f5,439533a266d1452b,5d6a98a57671f68a,ToMi,location-belief,Belief,Location False Beliefs,A,A,"Let's track the information: Liam moved the green_pepper to the bathtub. This means Liam knows the green_pepper is now in the bathtub. Therefore, the correct answer is A. [[A]]",1,,True,rationale_cot_3shot,,2
db417b87ba90a20f,a96354fcef340df0,683d466f65357ad7,ToMi,location-belief,Belief,Location False Beliefs,B,B,Let's track the information provided in the story: The peach is initially in the treasure_chest. This matches option B. [[B]],1,,True,rationale_cot_3shot,,2
92605c505d716053,ac910d7f6de3fb17,dc4c40b218b52eb6,ToMi,location-belief,Belief,Location False Beliefs,C,C,Let's track the information provided in the story: The lime is initially in the container. This matches option C. [[C]],1,,True,rationale_cot_3shot,,2
cb6816098ab57dc8,546fec4b0f150ba0,c2050332f43bd996,ToMi,location-belief,Belief,Location False Beliefs,A,A,"Let's track the information: Abigail moves the shoes from the bathtub to the basket. Given this action, the most logical place Abigail will look for the shoes is the basket. [[A]]",1,,True,rationale_cot_3shot,,2
0e62bfe71fc42533,1d421a6c33e569a9,fe9e8876f78c4e54,ToMi,location-belief,Belief,Location False Beliefs,D,D,"Let's track the information flow: The jeans is initially in the pantry, and Elizabeth moves it to the box. This means at the beginning, the jeans were in the pantry. This points to option D. [[D]]",1,,True,rationale_cot_3shot,,2
e6fbcd04ea76a034,0e79e9fadf56ac93,30163c7e6233771d,ToMi,location-belief,Belief,Location False Beliefs,C,C,"Let's reason step by step: I track who has access to which information in the story, then check what the relevant character would infer given only what they observed. This points to option C. [[C]]",1,,True,rationale_cot_3shot,,2
2af9b6894fd1f43b,0d96f56ec154a0d4,471cf595b9d27c7d,ToMi,location-belief,Belief,Location False Beliefs,A,B,"Let's reason step by step: I track who has access to which information in the story, then check what the relevant character would infer given only what they observed. This points to option B. [[B]]",0,,True,rationale_cot_3shot,,2
366b5ed3730db4f1,3576bf90787e58df,fc80f90bb4bd0ac8,ToMi,location-belief,Belief,Location False Beliefs,A,A,"Let's reason step by step: I track who has access to which information in the story, then check what the relevant character would infer given only what they observed. This points to option A. [[A]]",1,,True,rationale_cot_3shot,,2
27104e6d3b3669bf,bffea9523ecb87a4,38b865fa749a594e,ToMi,location-belief,Belief,Location False Beliefs,A,B,"Let's reason step by step: I track who has access to which information in the story, then check what the relevant character would infer given only what they observed. This points to option B. [[B]]",0,,True,rationale_cot_3shot,,2
291818d1f5789ca1,b86e6be95b05e3c0,8d5c5656b8edb10d,ToMi,location-belief,Belief,Location False Beliefs,B,B,"Let's reason step by step: I track who has access to which information in the story, then check what the relevant character would infer given only what they observed. This points to option B. [[B]]",1,,True,rationale_cot_3shot,,2
df3d009809ea3975,cc395d7c7314c58e,f1605950a2f32293,ToMi,location-belief,Belief,Location False Beliefs,A,A,"Let's reason step by step: Initially, Avery exits the living room before Hannah moves the jeans to the drawer. Since Avery doesn't know about Hannah moving the jeans, he would still think Hannah searches for the jeans in the bathtub. [[A]]",1,,True,rationale_cot_3shot,,2
3fdfd43ac674b2ac,61f7c90ca2dad8d2,05149000d16e68db,ToMi,location-belief,Belief,Location False Beliefs,A,A,"Let's track the information provided in the story: Initially, the belt is in the pantry. This point directly leads to the correct answer. Therefore, the answer is A. [[A]]",1,,True,rationale_cot_3shot,,2
13e51aef44c79d23,c15f7569edd569ff,53fc1013f8023d68,ToMi,location-belief,Belief,Location False Beliefs,A,A,[[A]],1,,True,rationale_cot_3shot,,2
f7122f19419bb623,e1e1aea158f0b212,ece3f2781a4e83e6,ToMi,location-belief,Belief,Location False Beliefs,C,C,"Let's track the information: Hunter and Liam both entered the front yard, but Hunter exited without looking for the boots. Liam moved the boots to the suitcase. Given this, Hunter will still look in the drawer where the boots were last seen. Thus, the answer is C. [[C]]",1,,True,rationale_cot_3shot,,2
e2f6b01d3d398709,fbdb7fd76b3016b0,78075086b12ac628,ToMi,location-belief,Belief,Location False Beliefs,A,D,"Let's track the information flow: Initially, the underpants are in the treasure_chest. Then, Abigail moves them to the pantry. Given this sequence, the correct answer is D. [[D]]",0,,True,rationale_cot_3shot,,2
eb0b7ea9c68fe9cc,4cb2ef6fc211f94a,dc4c40b218b52eb6,ToMi,location-belief,Belief,Location False Beliefs,B,B,"Let's reason step by step: I track who has access to which information in the story, then check what the relevant character would infer given only what they observed. This points to option B. [[B]]",1,,True,rationale_cot_3shot,,2
c147af279ad319a6,844ce9dd45e52a0a,bdc97ba52e748a31,ToMi,location-belief,Belief,Location False Beliefs,A,A,"Let's track the sequence of events and the changes made: Initially, the pumpkin was in the suitcase. Mia moved the pumpkin to the bathtub. Given this information, the most likely answer is D. suitcase. However, since Mia moved it, she would not look there. Therefore, the correct answer is A. bathtub. [[A]]",1,,True,rationale_cot_3shot,,2
dc2c3b6fd6ee586d,4ed1201f5dc30d0b,410cbae29b72c7fa,ToMi,location-belief,Belief,Location False Beliefs,D,D,[[D]],1,,True,rationale_cot_3shot,,2
ffee930ed4a254c4,c41dbc83e2b1922e,b5528b47077aa595,ToMi,location-belief,Belief,Location False Beliefs,A,A,"Let's reason step by step: I track who has access to which information in the story, then check what the relevant character would infer given only what they observed. This points to option A. [[A]]",1,,True,rationale_cot_3shot,,2
b4db828f58bd2b6e,c422ecf28b7bc473,7f4deb4ad8765aa6,ToMi,location-belief,Belief,Location False Beliefs,A,A,"Let's reason step by step: From the story, we know that James moved the tangerine to the container. However, there is no information suggesting that William knows about this move. Therefore, the most logical assumption is that William still thinks the tangerine is in the bottle. This points to option A. [[A]]",1,,True,rationale_cot_3shot,,2
dc7a0ee08438588c,df050cf8f316651a,bc47457cde3d69da,ToMi,location-belief,Belief,Location False Beliefs,C,C,"Let's reason step step: Initially, the coat is in the bucket. Then Sophia moves the coat to the bottle. Since Evelyn sees Sophia move the coat to the bottle, she would think that Sophia searches for the coat in the bottle. [[C]]",1,,True,rationale_cot_3shot,,2
cbe289b645542ded,d86da1335c2a4402,75ea495e54aff545,ToMi,location-belief,Belief,Location False Beliefs,C,C,"Let's reason step by step: I track who has access to which information in the story, then check what the relevant character would infer given only what they observed. This points to option C. [[C]]",1,,True,rationale_cot_3shot,,2
c9f83cc4ddabd8b9,e737ced400d173e7,9006233359e5a441,ToMi,location-belief,Belief,Location False Beliefs,D,D,[[D]],1,,True,rationale_cot_3shot,,2
6c1beaf9d8badf46,027a691a0c32531c,ceabd753e37ec53b,ToMi,location-belief,Belief,Location False Beliefs,D,D,"Let's reason step by step: I track who has access to which information in the story, then check what the relevant character would infer given only what they observed. This points to option D. [[D]]",1,,True,rationale_cot_3shot,,2
83e24ac97378875b,829811cf4d902b13,956f97ed3550c5fa,ToMi,location-belief,Belief,Location False Beliefs,D,D,"Let's reason step by step: From the story, we know Oliver saw Abigail move the hat to the basket. Therefore, Oliver thinks that Abigail searches for the hat in the basket. [[D]]",1,,True,rationale_cot_3shot,,2
6e02f8f3de2b9f15,c736f0cbd3a4d0df,01e3a830d02a0f60,ToMi,location-belief,Belief,Location False Beliefs,C,C,"Let's reason step by step: I track who has access to which information in the story, then check what the relevant character would infer given only what they observed. This points to option C. [[C]]",1,,True,rationale_cot_3shot,,2
856bb12d9850fae0,368b5af80f8ba28a,e6a21849572ac99a,ToMi,location-belief,Belief,Location False Beliefs,D,D,[[D]],1,,True,rationale_cot_3shot,,2
007d8eeb29fa45e7,96dbb710cbbef86b,b4895ad78804bd44,ToMi,location-belief,Belief,Location False Beliefs,C,C,"Let's reason step by step: From the story, we know that Jack moved the spinach to the bottle. This means Jack searched for the spinach and found it in the bottle. Therefore, Aiden thinks that Jack searches for the spinach in the bottle. The correct answer is C. [[C]]",1,,True,rationale_cot_3shot,,2
dffae09210f80e6b,6c140af00059289b,53fc1013f8023d68,ToMi,location-belief,Belief,Location False Beliefs,D,A,[[A]],0,,True,rationale_cot_3shot,,2
c2ad926eb8ae7679,6d8455bcafd33657,6e1c539a9222b961,ToMi,location-belief,Belief,Location False Beliefs,B,B,"Let's reason step by step: I track who has access to which information in the story, then check what the relevant character would infer given only what they observed. This points to option B. [[B]]",1,,True,rationale_cot_3shot,,2
ead717e724a8b835,64b5f20884f2e55a,6963c3e56b8382a4,ToMi,location-belief,Belief,Location False Beliefs,B,B,Let's track the information provided in the story: The grapefruit is initially described as being in the cupboard. This directly answers the question. The correct answer is B. [[B]],1,,True,rationale_cot_3shot,,2
fdefd516c4958e4e,95a3f2680caaf0e1,7ea7db8b139dde47,ToMi,location-belief,Belief,Location False Beliefs,A,A,"Lily exits the attic after seeing Aria move the apple to the crate, so she would think Aria searches for the apple in the crate. [[A]]",1,,True,rationale_cot_3shot,,2
20310106fa2e64f9,0247774b869723c7,22cbc5e7173be8ed,ToMi,location-belief,Belief,Location False Beliefs,A,D,"Let's reason step by step: I track who has access to which information in the story, then check what the relevant character would infer given only what they observed. This points to option D. [[D]]",0,,True,rationale_cot_3shot,,2
04e4fe534111480e,bf808dbb66a68ac6,fc0016feeddc380d,ToMi,location-belief,Belief,Location False Beliefs,B,B,"Let's reason step by step: I track who has access to which information in the story, then check what the relevant character would infer given only what they observed. This points to option B. [[B]]",1,,True,rationale_cot_3shot,,2
2614092b57c09427,7c2df48d81d2ee01,286a280012cf1c09,ToMi,location-belief,Belief,Location False Beliefs,D,D,"Let's reason step by step: I track who has access to which information in the story, then check what the relevant character would infer given only what they observed. This points to option D. [[D]]",1,,True,rationale_cot_3shot,,2
471066e5b9787a69,0177ffd1f1f18abf,991c0ecabaf880a6,ToMi,location-belief,Belief,Location False Beliefs,C,C,"Let's track the information: Logan moved the pumpkin to the box. Given this information, the most logical inference is that Chloe will look for the pumpkin in the box. [[C]]",1,,True,rationale_cot_3shot,,2
d02621133bb93439,713d3f5888c6931c,549820ed1872c2f7,ToMi,location-belief,Belief,Location False Beliefs,D,C,"Let's reason step by step: I track who has access to which information in the story, then check what the relevant character would infer given only what they observed. This points to option C. [[C]]",0,,True,rationale_cot_3shot,,2
4a4ab0c442d2b688,7b4a1aff3d7a3778,4a98b7135ff42bae,ToMi,location-belief,Belief,Location False Beliefs,D,D,"Let's reason step by step: I track who has access to which information in the story, then check what the relevant character would infer given only what they observed. This points to option D. [[D]]",1,,True,rationale_cot_3shot,,2
f0b816b62d808ee0,9f87a2db8c6a77a5,fe9e8876f78c4e54,ToMi,location-belief,Belief,Location False Beliefs,C,C,"Let's reason step by step: I track who has access to which information in the story, then check what the relevant character would infer given only what they observed. This points to option C. [[C]]",1,,True,rationale_cot_3shot,,2
09d4380af9f3ebba,67ddbb78b215b822,11f5067063a88519,ToMi,location-belief,Belief,Location False Beliefs,A,A,"Let's reason step by step: I track who has access to which information in the story, then check what the relevant character would infer given only what they observed. This points to option A. [[A]]",1,,True,rationale_cot_3shot,,2
18aad850e262d418,403b76a34d8cdb7f,72f5e76267f509c5,ToMi,location-belief,Belief,Location False Beliefs,D,D,"Let's track the information: William and Mason enter the living room, Mason moves the cherry to the pantry, and William exits. Given this sequence, William would not know about Mason's actions. Therefore, the most logical inference is that William thinks Mason still searches in the living room. However, since ""living room"" is not an option, the next best guess is the pantry. [[D]]",1,,True,rationale_cot_3shot,,2
1de06848ecbfd556,ef11c33bdbe387fe,d9760a20176d668c,ToMi,location-belief,Belief,Location False Beliefs,D,D,[[D]],1,,True,rationale_cot_3shot,,2
f797638acd94b199,adb4bf8e4fae2efb,10a8a827d2d11d6c,ToMi,location-belief,Belief,Location False Beliefs,D,D,"Let's track the information: Initially, the sweet_potato is in the suitcase. Then, Jayden moves it to the box. This means the sweet_potato is now in the box. Therefore, the correct answer is D. [[D]]",1,,True,rationale_cot_3shot,,2
67d5777cf0e85e0f,57df7c31e844f71c,7edad3bb113dd080,ToMi,location-belief,Belief,Location False Beliefs,B,B,"Let's reason step by step: I track who has access to which information in the story, then check what the relevant character would infer given only what they observed. This points to option B. [[B]]",1,,True,rationale_cot_3shot,,2
49944bcb54cfdaa4,d8886a84dff2dca4,78c9482df2540961,ToMi,location-belief,Belief,Location False Beliefs,D,D,[[D]],1,,True,rationale_cot_3shot,,2
89262a8f0aff5e14,b7a84b40765f8173,dd0bf2cce0247832,ToMi,location-belief,Belief,Location False Beliefs,C,C,"Let's track the information: Isla entered the bathroom, Olivia moved the slippers to the crate. Since Isla entered the bathroom after Olivia moved the slippers, she would still think the slippers are in the treasure_chest initially. However, based on the given options, the most likely answer is C. [[C]]",1,,True,rationale_cot_3shot,,2
cdfc51fa9a178bc4,3959784fcd15a8d7,260cf8a6fb6c7e9f,ToMi,location-belief,Belief,Location False Beliefs,A,A,"Let's reason step by step: I track who has access to which information in the story, then check what the relevant character would infer given only what they observed. This points to option A. [[A]]",1,,True,rationale_cot_3shot,,2
6bb2f72e7c8f9e06,595ddcceca58f481,29574f91cd510a6f,ToMi,location-belief,Belief,Location False Beliefs,C,C,"Let's reason step by step: I track who has access to which information in the story, then check what the relevant character would infer given only what they observed. This points to option C. [[C]]",1,,True,rationale_cot_3shot,,2
38028adfa378ccb5,ef4bca9d09e3e6f6,1d3e1027712c6624,ToMi,location-belief,Belief,Location False Beliefs,C,C,"Let's track the information provided in the story: The shoes were initially in the bathtub, but Sophia moved them to the crate. This means the shoes were in the bathtub at the beginning. This points to option C. [[C]]",1,,True,rationale_cot_3shot,,2
6b3724b8db022ccc,83a6f5dfd5c73a0d,c695ab5a001e2c2d,ToMi,location-belief,Belief,Location False Beliefs,B,B,"Let's track the information provided in the story: Benjamin moved the skirt to the basket. This means Benjamin knows the skirt is now in the basket. Therefore, Benjamin thinks Chloe searches for the skirt in the basket. The correct answer is B. [[B]]",1,,True,rationale_cot_3shot,,2
e0e9270569413e33,a0349c772fd1293c,2f7716214e7a1a9d,ToMi,location-belief,Belief,Location False Beliefs,D,A,"Let's track the information: Hunter moved the coat to the envelope. Noah exits the hall without knowing the new location. Therefore, Noah will look for the coat in the crate. [[A]]",0,,True,rationale_cot_3shot,,2
fc1f6ab8002f89df,4aefd788bcbba2fc,8dbc1bc461bdad94,ToMi,location-belief,Belief,Location False Beliefs,D,D,[[D]],1,,True,rationale_cot_3shot,,2
89d679c7a70a2037,7bdf39d28b85d715,d9760a20176d668c,ToMi,location-belief,Belief,Location False Beliefs,A,A,"Let's reason step by step: From the story, we know that Avery was the first one to find the spinach in the bottle. Given this information, Avery would logically look for the spinach in the bottle. [[A]]",1,,True,rationale_cot_3shot,,2
642032b3e1e7e8fb,c295fa8c34ad4363,7c83143b69ff58bd,ToMi,location-belief,Belief,Location False Beliefs,B,B,"Let's track the information: Sophia looks for the sweet_potato but Chloe moves it to the bottle. Given this, Sophia will likely still look in the place she last saw it, which was the bottle. This points to option B. [[B]]",1,,True,rationale_cot_3shot,,2
73bd80585f945f76,4da7942a61475c75,b73eb0577b492a9d,ToMi,location-belief,Belief,Location False Beliefs,B,B,"Let's reason step by step: I track who has access to which information in the story, then check what the relevant character would infer given only what they observed. This points to option B. [[B]]",1,,True,rationale_cot_3shot,,2
66bb31c070e3940b,1bd7028e9751e68f,a24e064ca7ac6dd1,ToMi,location-belief,Belief,Location False Beliefs,B,B,"Let's reason step by step: I track who has access to which information in the story, then check what the relevant character would infer given only what they observed. This points to option B. [[B]]",1,,True,rationale_cot_3shot,,2
8aa2fb99b9dc2ff5,e2a705ec3fc3da69,d2db3f46060f6462,ToMi,location-belief,Belief,Location False Beliefs,B,B,"Let's reason step by step: From the story, we know that the turnip was initially in the treasure_chest. This points to option B. [[B]]",1,,True,rationale_cot_3shot,,2
974ccc811348ea23,f96d8a5fba7c5f27,34c30397ad79799e,ToMi,location-belief,Belief,Location False Beliefs,A,A,"Let's track the information: Initially, the t-shirt is in the bucket. Then, Hannah moves it to the container. This means the t-shirt is now in the container. Therefore, the correct answer is D. [[A]]",1,,True,rationale_cot_3shot,,2
054b2ec49d920f1d,5e4e3453ef97cd89,01e3a830d02a0f60,ToMi,location-belief,Belief,Location False Beliefs,D,D,[[D]],1,,True,rationale_cot_3shot,,2
e772f1fa3b0067d2,dfedaaf6b0f8ec34,5337537a85685044,ToMi,location-belief,Belief,Location False Beliefs,C,C,"Let's track the information provided in the story: The plum was initially in the basket. However, the candidate answers do not include ""crate"" or ""pantry,"" and the last sentence indicates the plum was moved from the basket to the container. This leaves us with option C. [[C]]",1,,True,rationale_cot_3shot,,2
f20b4468fea410df,2c85e27e52151527,35e1046c8947baf4,ToMi,location-belief,Belief,Location False Beliefs,A,A,Let's track the information provided in the story: The plum was moved from the treasure_chest to the cupboard. This points to option A. [[A]],1,,True,rationale_cot_3shot,,2
ac929e6c3e45a93b,1145c49779ccad39,9ddd8eb7b9bab026,ToMi,location-belief,Belief,Location False Beliefs,A,A,[[A]],1,,True,rationale_cot_3shot,,2
4c2fab0597b8ef72,ced83c6b004d3535,45cb94846f11ecae,ToMi,location-belief,Belief,Location False Beliefs,C,C,"Let's track the information provided: Mason thinks that Mila searches for the grapes because Mila moved the grapes to the box. This leads to the conclusion that Mason thinks Mila searches for the grapes in the box. Therefore, the correct answer is C. [[C]]",1,,True,rationale_cot_3shot,,2
f3275b3a7492c1b0,e846ba7590cff6c6,b7fae4fc8726b43a,ToMi,location-belief,Belief,Location False Beliefs,C,C,[[C]],1,,True,rationale_cot_3shot,,2
fdc150e93e42a67c,929ffed822412a95,c70148237a1a45d9,ToMi,location-belief,Belief,Location False Beliefs,D,D,Let's track the information provided in the story: The strawberry is initially in the crate. This matches with option D. [[D]],1,,True,rationale_cot_3shot,,2
b71d6596de564b48,fb64073e4ab958d2,01e3a830d02a0f60,ToMi,location-belief,Belief,Location False Beliefs,A,A,"Let's track the information: Initially, the slacks are in the pantry. Hannah moves them to the cupboard. Given this, the most likely answer is A. [[A]]",1,,True,rationale_cot_3shot,,2
642652e99a41e7d5,2fdb49291431beb2,2160dca2096a9101,ToMi,location-belief,Belief,Location False Beliefs,C,C,"Let's reason step by step: I track who has access to which information in the story, then check what the relevant character would infer given only what they observed. This points to option C. [[C]]",1,,True,rationale_cot_3shot,,2
3ae3bbbe9d38c47d,be9d9e41229e0117,f491b4cfb90985eb,ToMi,location-belief,Belief,Location False Beliefs,C,C,[[C]],1,,True,rationale_cot_3shot,,2
0cc15376d33a33cf,6c03f89362792213,fef1df7832eecf64,ToMi,location-belief,Belief,Location False Beliefs,C,C,[[C]],1,,True,rationale_cot_3shot,,2
476e7d2f289a029f,f5d8c2ea0fb58498,6c67028d3ce69f48,ToMi,location-belief,Belief,Location False Beliefs,B,B,"Let's track the information provided in the story: The broccoli is initially described as being ""in the container."" This directly answers the question. The correct answer is B. [[B]]",1,,True,rationale_cot_3shot,,2
cb54d9e4288b7821,462be6445642e415,ad56209a5f46bb43,ToMi,location-belief,Belief,Location False Beliefs,B,B,"Let's reason step by step: I track who has access to which information in the story, then check what the relevant character would infer given only what they observed. This points to option B. [[B]]",1,,True,rationale_cot_3shot,,2
ebbce63bf1d53908,72c37e6d2a0df9b5,217098b24bb09fac,ToMi,location-belief,Belief,Location False Beliefs,D,D,[[D]],1,,True,rationale_cot_3shot,,2
d3b9a48c9e8cfddd,9e0ec579684b05e3,86d06c6db721b75d,ToMi,location-belief,Belief,Location False Beliefs,D,C,"Let's reason step by step: I track who has access to which information in the story, then check what the relevant character would infer given only what they observed. This points to option C. [[C]]",0,,True,rationale_cot_3shot,,2
dc4e9f39166e6206,8e1cbc41cb9d1a75,536b78b5b9b6e7af,ToMi,location-belief,Belief,Location False Beliefs,D,D,"Let's reason step by step: I track who has access to which information in the story, then check what the relevant character would infer given only what they observed. This points to option D. [[D]]",1,,True,rationale_cot_3shot,,2
5d796e0b23749e0b,a595d754c3bd5dc6,8d0a220cc20f95e8,ToMi,location-belief,Belief,Location False Beliefs,C,C,[[C]],1,,True,rationale_cot_3shot,,2
f50c4887ead6f345,043d31003923e240,1f7fc672a3ead2f9,ToMi,location-belief,Belief,Location False Beliefs,C,C,[[C]],1,,True,rationale_cot_3shot,,2
016bc120f3b3b6d5,ae7862cd073fc14e,bcd14d3c62640889,ToMi,location-belief,Belief,Location False Beliefs,D,D,[[D]],1,,True,rationale_cot_3shot,,2
eeb36abfa1441b95,f7b7aa273227f7d8,1c3ad3a3bb8a6a53,ToMi,location-belief,Belief,Location False Beliefs,D,B,"Let's track the information provided: Abigail thinks William moves the pumpkin to the basket. Therefore, the answer is B. [[B]]",0,,True,rationale_cot_3shot,,2
02e0de87ee0c98b0,72270fc77947546c,019f58ae5c83c80e,ToMi,location-belief,Belief,Location False Beliefs,D,A,"Let's reason step by step: I track who has access to which information in the story, then check what the relevant character would infer given only what they observed. This points to option A. [[A]]",0,,True,rationale_cot_3shot,,2
a95baad61c8e913c,5baa83a822a5a14b,bd8321660a38a8b1,ToMi,location-belief,Belief,Location False Beliefs,C,C,"Let's reason step by step: I track who has access to which information in the story, then check what the relevant character would infer given only what they observed. This points to option C. [[C]]",1,,True,rationale_cot_3shot,,2
ad285a55a5f4554d,917bdeb44f7d58b0,cd9554fd8e1af1fa,ToMi,location-belief,Belief,Location False Beliefs,B,B,"Let's reason step by step: I track who has access to which information in the story, then check what the relevant character would infer given only what they observed. This points to option B. [[B]]",1,,True,rationale_cot_3shot,,2
ef887e9759c5c6f6,4d3d378bbabc2aa0,dbd79153249c21bc,ToMi,location-belief,Belief,Location False Beliefs,C,C,"Let's track the information: Chloe entered the bedroom twice and saw the corn in the envelope. Then Nathan moved the corn to the basket. Therefore, Chloe will look for the corn in the basket. [[C]]",1,,True,rationale_cot_3shot,,2
353bb9058d0a6311,af56acbb7d827fa0,84da922e142135a4,ToMi,location-belief,Belief,Location False Beliefs,D,D,"Let's track the information: The story states that Isla moved the persimmon to the bottle. Therefore, the correct answer is D. [[D]]",1,,True,rationale_cot_3shot,,2
b7d993621e6ea1a7,9292cf95718eee01,a4a37b64be62ab30,ToMi,location-belief,Belief,Location False Beliefs,C,C,"Let's track the information provided in the story: Jackson moves the onion to the bucket. This implies that Jackson thinks the onion is in the bucket. Therefore, the correct answer is C. [[C]]",1,,True,rationale_cot_3shot,,2
41b3e829ca772576,a51e3f9f6cedb3e5,c06cc47b6444f245,ToMi,location-belief,Belief,Location False Beliefs,D,B,[[B]],0,,True,rationale_cot_3shot,,2
a013a89e4ed718bf,6bfd22563a1022b2,fa87b1d5d0699817,ToMi,location-belief,Belief,Location False Beliefs,B,B,"Let's track the information: Amelia moves the trousers to the crate. Given this action, the most likely answer is B. [[B]]",1,,True,rationale_cot_3shot,,2
454285f33fca0001,249c043e11ecf1ea,bc47457cde3d69da,ToMi,location-belief,Belief,Location False Beliefs,A,A,"Let's reason step by step: Initially, the coat is mentioned to be in the bucket. This is the first piece of information provided about the coat's location. This points to option A. [[A]]",1,,True,rationale_cot_3shot,,2
350d9554d7e45d12,1921772c88f1063e,4a98b7135ff42bae,ToMi,location-belief,Belief,Location False Beliefs,C,C,Let's track the information provided in the story: The grapes are initially mentioned to be in the drawer. This matches option C. [[C]],1,,True,rationale_cot_3shot,,2
224e5edb8df8f8cc,7afa696ec60c24db,e6f7caa0b0a8e2eb,ToMi,location-belief,Belief,Location False Beliefs,B,B,"Let's reason step by step: Initially, Elizabeth was searching in the pantry. Jacob moves the orange to the box but doesn't inform Elizabeth. Therefore, Jacob thinks Elizabeth still searches in the pantry. [[B]]",1,,True,rationale_cot_3shot,,2
553df360e6300174,b7f3f2558fe26ca1,5f6705bd9d5150f6,ToMi,location-belief,Belief,Location False Beliefs,B,B,"Let's reason step by step: I track who has access to which information in the story, then check what the relevant character would infer given only what they observed. This points to option B. [[B]]",1,,True,rationale_cot_3shot,,2
21180471f0bb5196,1c6797965e2becc4,78d3352ad74fe554,ToMi,location-belief,Belief,Location False Beliefs,A,A,[[A]],1,,True,rationale_cot_3shot,,2
bafee590d72d3acf,7040417c4c78faad,5c68ca8593ded098,ToMi,location-belief,Belief,Location False Beliefs,B,B,"Let's track the information provided in the story: Initially, the watermelon is described as being in the ""treasure_chest."" Chloe moves the watermelon to the cupboard. This means at the beginning, the watermelon was in the ""treasure_chest."" Therefore, the correct answer is B. [[B]]",1,,True,rationale_cot_3shot,,2
0bf85812c253b4c6,98d71da4339183b0,aa46d0ca83835394,ToMi,location-belief,Belief,Location False Beliefs,C,C,"Let's track the information flow: Amelia, Charlotte, and Mason enter and exit different rooms, but none of them have seen the peach. The peach was moved from the suitcase to the basket. Charlotte moved the peach, so she knows it's in the basket now. This leads to the conclusion that Charlotte will look for the peach in the basket. [[C]]",1,,True,rationale_cot_3shot,,2
0ff1bf9c57509f22,173b5758c7acd12d,9f4ed446cbcd35f7,ToMi,location-belief,Belief,Location False Beliefs,C,C,"Let's reason step by step: I track who has access to which information in the story, then check what the relevant character would infer given only what they observed. This points to option C. [[C]]",1,,True,rationale_cot_3shot,,2
0efcad5dfd39e408,51d073f6de05032f,925ff81767ac46a3,ToMi,location-belief,Belief,Location False Beliefs,A,A,"Let's reason step by step: I track who has access to which information in the story, then check what the relevant character would infer given only what they observed. This points to option A. [[A]]",1,,True,rationale_cot_3shot,,2
7d3159ad221f4e5f,6d914085e3b3b2f6,65c95b6052290577,ToMi,location-belief,Belief,Location False Beliefs,A,A,"Let's reason step by step: I track who has access to which information in the story, then check what the relevant character would infer given only what they observed. This points to option A. [[A]]",1,,True,rationale_cot_3shot,,2
92a8833e0f0147ce,0fb8eba5ffc5f386,2a276818eb3cdb8c,ToMi,location-belief,Belief,Location False Beliefs,B,B,"Let's track the information provided in the story: The lettuce is initially described as being in the bathtub. This directly answers the question about the location of the lettuce at the beginning. Therefore, the correct answer is B. [[B]]",1,,True,rationale_cot_3shot,,2
510d9e3cda07ea82,b5dfa94d0ce1436a,5b61694fcd5e7192,ToMi,location-belief,Belief,Location False Beliefs,D,D,"Let's reason step by step: I track who has access to which information in the story, then check what the relevant character would infer given only what they observed. This points to option D. [[D]]",1,,True,rationale_cot_3shot,,2
7f7a5adcb01ff507,46cc4df9379aa239,ceea383b8ae0a871,ToMi,location-belief,Belief,Location False Beliefs,D,D,"Let's reason step by step: I track who has access to which information in the story, then check what the relevant character would infer given only what they observed. This points to option D. [[D]]",1,,True,rationale_cot_3shot,,2
ebfb973b5f9685b5,5977a7caaa53c155,30163c7e6233771d,ToMi,location-belief,Belief,Location False Beliefs,A,A,"Let's reason step by step: I track who has access to which information in the story, then check what the relevant character would infer given only what they observed. This points to option A. [[A]]",1,,True,rationale_cot_3shot,,2
97627a2ca29a9884,1fcbf314366e9afa,dd56c89eaedea631,ToMi,location-belief,Belief,Location False Beliefs,B,B,"Let's reason step by step: I track who has access to which information in the story, then check what the relevant character would infer given only what they observed. This points to option B. [[B]]",1,,True,rationale_cot_3shot,,2
6fcfb4972ad4a82c,d61f588c291d49b6,8e1eaa2ef0878b7a,ToMi,location-belief,Belief,Location False Beliefs,A,A,"Let's reason step by step: I track who has access to which information in the story, then check what the relevant character would infer given only what they observed. This points to option A. [[A]]",1,,True,rationale_cot_3shot,,2
78fa881f3317cbbf,7bd1084f3affe93b,7024e1fe1cce3a02,ToMi,location-belief,Belief,Location False Beliefs,B,B,"Let's reason step by step: I track who has access to which information in the story, then check what the relevant character would infer given only what they observed. This points to option B. [[B]]",1,,True,rationale_cot_3shot,,2
05617734ecaab699,82360351f6b74a78,ceea383b8ae0a871,ToMi,location-belief,Belief,Location False Beliefs,C,C,"Let's reason step by step: I track who has access to which information in the story, then check what the relevant character would infer given only what they observed. This points to option C. [[C]]",1,,True,rationale_cot_3shot,,2
e7e4d4e686a83b27,0ee069fbe651e5a4,9a12502af3719fe0,ToMi,location-belief,Belief,Location False Beliefs,A,A,[[A]],1,,True,rationale_cot_3shot,,2
08f838678e7b6ca0,625d2591eb7bb99f,3db70953078b9bfe,ToMi,location-belief,Belief,Location False Beliefs,A,A,"Let's reason step by step: I track who has access to which information in the story, then check what the relevant character would infer given only what they observed. This points to option A. [[A]]",1,,True,rationale_cot_3shot,,2
8d8e5edc3425c67d,ecbba4a835e8a676,40fc803d8e679131,ToMi,location-belief,Belief,Location False Beliefs,B,B,"Let's track the information: Mason enters the cellar, then Charlotte moves the green_pepper to the box. Given this sequence, Mason will likely look in the box. [[B]]",1,,True,rationale_cot_3shot,,2
88a2bf1f19a69ad8,08ab98185180e995,c9594676786cdd1b,ToMi,location-belief,Belief,Location False Beliefs,B,B,"Let's reason step by step: I track who has access to which information in the story, then check what the relevant character would infer given only what they observed. This points to option B. [[B]]",1,,True,rationale_cot_3shot,,2
06cc2eeafe1e6ae1,881ccf2eaed3a087,451cc56d7a1431f8,ToMi,location-belief,Belief,Location False Beliefs,B,B,"Let's reason step by step: I track who has access to which information in the story, then check what the relevant character would infer given only what they observed. This points to option B. [[B]]",1,,True,rationale_cot_3shot,,2
f2067611d42e1f49,b994b4408504ec2d,e70c6a325496070c,ToMi,location-belief,Belief,Location False Beliefs,B,B,Let's track the information provided in the story: The melon is initially in the bathtub. This leads us to conclude that the correct answer is B. [[B]],1,,True,rationale_cot_3shot,,2
f455e212db7aaa2d,3a7401e194794e54,2fb00015db8b0d53,ToMi,location-belief,Belief,Location False Beliefs,B,B,"Let's reason step by step: I track who has access to which information in the story, then check what the relevant character would infer given only what they observed. This points to option B. [[B]]",1,,True,rationale_cot_3shot,,2
802f6e752bb97553,fb00cfc0e296eae4,3573876fbf041ee1,ToMi,location-belief,Belief,Location False Beliefs,A,A,"Let's reason step by step: I track who has access to which information in the story, then check what the relevant character would infer given only what they observed. This points to option A. [[A]]",1,,True,rationale_cot_3shot,,2
4da219918e652aa5,3fda3e1fc0b68750,15386ad6e67da6d1,ToMi,location-belief,Belief,Location False Beliefs,D,D,"Let's reason step by step: I track who has access to which information in the story, then check what the relevant character would infer given only what they observed. This points to option D. [[D]]",1,,True,rationale_cot_3shot,,2
0b668a08a397e174,84e2c7900ae3283f,185e8a806a5f5c2a,ToMi,location-belief,Belief,Location False Beliefs,B,B,"Let's track the information provided in the story: Initially, the celery is in the basket. This is confirmed when Mia exits the closet and Jack moves the celery to the bottle. Therefore, the correct answer is B. [[B]]",1,,True,rationale_cot_3shot,,2
74fb3461a7e5207d,51488101373d9685,555d1b20e1649856,ToMi,location-belief,Belief,Location False Beliefs,B,B,"Let's track the information provided in the story: Ethan moved the dress to the envelope. This means Aiden knows Ethan put the dress in the envelope. Therefore, Aiden thinks Ethan searches for the dress in the envelope. [[B]]",1,,True,rationale_cot_3shot,,2
b74da86853d9a489,44b8fca2bd7a502d,75e7a5cb99114d52,ToMi,location-belief,Belief,Location False Beliefs,C,C,"Let's reason step by step: I track who has access to which information in the story, then check what the relevant character would infer given only what they observed. This points to option C. [[C]]",1,,True,rationale_cot_3shot,,2
5619e627144f9451,c4916260e204ed6c,40fc803d8e679131,ToMi,location-belief,Belief,Location False Beliefs,B,B,"Let's track the information provided in the story: Initially, it states ""The green_pepper is in the crate."" Therefore, the correct answer is B. [[B]]",1,,True,rationale_cot_3shot,,2
79901492fb2830c6,42037e01ed3d612b,ce1704a48291eb40,ToMi,location-belief,Belief,Location False Beliefs,B,B,"Let's reason step by step: I track who has access to which information in the story, then check what the relevant character would infer given only what they observed. This points to option B. [[B]]",1,,True,rationale_cot_3shot,,2
4b2165b20e4658a1,9833fb225b8342b2,4cb8fc241b2a123a,ToMi,location-belief,Belief,Location False Beliefs,C,C,[[C]],1,,True,rationale_cot_3shot,,2
ef38a0a9e3525026,5570617d1cddd827,e5f015074453d195,ToMi,location-belief,Belief,Location False Beliefs,B,B,"Let's reason step by step: I track who has access to which information in the story, then check what the relevant character would infer given only what they observed. This points to option B. [[B]]",1,,True,rationale_cot_3shot,,2
1f5ed0d06589c357,4c0494ce167c40b8,794f4fff61208490,ToMi,location-belief,Belief,Location False Beliefs,B,B,"Let's reason step by step: I track who has access to which information in the story, then check what the relevant character would infer given only what they observed. This points to option B. [[B]]",1,,True,rationale_cot_3shot,,2
460121b35214f233,9e2a44dd82e1eb88,aa46d0ca83835394,ToMi,location-belief,Belief,Location False Beliefs,D,D,"Let's reason step by step: I track who has access to which information in the story, then check what the relevant character would infer given only what they observed. This points to option D. [[D]]",1,,True,rationale_cot_3shot,,2
8db4b47cacc9ff8e,e1b4573ee2fb1653,80f6c1dd64a2bca0,ToMi,location-belief,Belief,Location False Beliefs,D,D,"Let's track the information: Jack moved the carrot to the crate. This means Jack knows the carrot is in the crate. Therefore, the answer is D. [[D]]",1,,True,rationale_cot_3shot,,2
1ace34362f4d1fd7,210aa7161f517a2b,5f8ebd51995c143c,ToMi,location-belief,Belief,Location False Beliefs,C,C,[[C]],1,,True,rationale_cot_3shot,,2
49085f9095224c45,59a68573501d55e5,4ee6686742ece8ef,ToMi,location-belief,Belief,Location False Beliefs,B,B,[[B]],1,,True,rationale_cot_3shot,,2
af2bc375ca80947e,632b79d5d454f4f4,df3aa38bbab6b903,ToMi,location-belief,Belief,Location False Beliefs,B,B,"Let's reason step by step: From the story, we know that Hannah was the last one to enter the study and saw the raincoat in the drawer. This means she would remember seeing it there. Therefore, Hannah will look for the raincoat in the drawer. [[B]]",1,,True,rationale_cot_3shot,,2
2a574699df90e75f,d082cff35e375da6,c9594676786cdd1b,ToMi,location-belief,Belief,Location False Beliefs,D,D,"Let's reason step by step: I track who has access to which information in the story, then check what the relevant character would infer given only what they observed. This points to option D. [[D]]",1,,True,rationale_cot_3shot,,2
1bbc737f172fd128,c8b7b400c1ed37a9,5f6705bd9d5150f6,ToMi,location-belief,Belief,Location False Beliefs,D,D,"Let's reason step by step: I track who has access to which information in the story, then check what the relevant character would infer given only what they observed. This points to option D. [[D]]",1,,True,rationale_cot_3shot,,2
d812428ddde27f03,4061294b2c2ac067,0130db4ebb8c3b70,ToMi,location-belief,Belief,Location False Beliefs,C,C,"Let's track the information provided in the story: Initially, the t-shirt is in the envelope. Chloe moves the t-shirt to the basket. Since the t-shirt was first in the envelope, the correct answer is C. [[C]]",1,,True,rationale_cot_3shot,,2
0c50fbcc22fd4ff2,5faa11243fc761f7,4222b398109df785,ToMi,location-belief,Belief,Location False Beliefs,D,D,[[D]],1,,True,rationale_cot_3shot,,2
3cc88a9f88bcfe7d,52ad5177c11f8a13,12f9cb0f074c87f2,ToMi,location-belief,Belief,Location False Beliefs,B,B,"Let's track the information provided in the story: Initially, the pear is described as being in the cupboard. This matches option B. [[B]]",1,,True,rationale_cot_3shot,,2
ca955dea99512dca,5272c6e76d5f8fb2,9006233359e5a441,ToMi,location-belief,Belief,Location False Beliefs,C,C,"Let's track the events: Aria moves the pear to the basket, and Lily exits the porch after entering. This means Lily did not see Aria move the pear to the basket. Therefore, Aria thinks Lily searches for the pear in the basket. However, since the correct answer isn't listed, we need to choose the closest option. Option C. [[C]]",1,,True,rationale_cot_3shot,,2
abb096ba91ced9fe,07d93e569454395b,cbad4f2b9463c45d,ToMi,location-belief,Belief,Location False Beliefs,D,D,[[D]],1,,True,rationale_cot_3shot,,2
190a0ebc60c53483,504dfc1c2322cf38,a797f731dfeccb39,ToMi,location-belief,Belief,Location False Beliefs,A,A,"Let's reason step by step: I track who has access to which information in the story, then check what the relevant character would infer given only what they observed. This points to option A. [[A]]",1,,True,rationale_cot_3shot,,2
371376a3214950ee,de857184404c4ca2,a17997010b16fcf9,ToMi,location-belief,Belief,Location False Beliefs,C,C,Let's track the information: James thinks that Ava searches for the watermelon because James knows Ava moved the watermelon to the basket. This leads to the answer being C. [[C]],1,,True,rationale_cot_3shot,,2
21513a8448d8b1c5,70014440570be05c,69fa9b96e1d1a1c5,ToMi,location-belief,Belief,Location False Beliefs,A,A,"Let's reason step by step: I track who has access to which information in the story, then check what the relevant character would infer given only what they observed. This points to option A. [[A]]",1,,True,rationale_cot_3shot,,2
cbab2836b97eb114,87658c1f4dfcbf2a,a797f731dfeccb39,ToMi,location-belief,Belief,Location False Beliefs,B,B,"Let's track the information: Initially, the tie is in the bathtub. Then, Jack moves it to the basket. This means the tie is now in the basket. Therefore, the correct answer is B. [[B]]",1,,True,rationale_cot_3shot,,2
a901bf22e53d4b35,106ee50685556804,22cbc5e7173be8ed,ToMi,location-belief,Belief,Location False Beliefs,B,B,"Let's track the information: Initially, the plum is in the container. Then, Lily moves it to the basket. This means the last known location of the plum is the basket. Therefore, the correct answer is B. [[B]]",1,,True,rationale_cot_3shot,,2
983d1a0641f96068,a96ce1f4c91e7e60,069b99ac0a9e0ebe,ToMi,location-belief,Belief,Location False Beliefs,C,C,"Let's track the information: Initially, the green_pepper is in the basket. Then, James moves it to the box. This means the green_pepper is now in the box. Given this, the correct answer is C. [[C]]",1,,True,rationale_cot_3shot,,2
380bb522741b03b2,e486f862921099cc,7613c11c836dba92,ToMi,location-belief,Belief,Location False Beliefs,A,A,"Let's reason step by step: I track who has access to which information in the story, then check what the relevant character would infer given only what they observed. This points to option A. [[A]]",1,,True,rationale_cot_3shot,,2
204d7ec791ab3d6c,2334c670fa39bfd7,39dcd6f9672eb10e,ToMi,location-belief,Belief,Location False Beliefs,D,D,"Let's reason step by step: I track who has access to which information in the story, then check what the relevant character would infer given only what they observed. This points to option D. [[D]]",1,,True,rationale_cot_3shot,,2
10cbafe75ea01ae1,89a1a46ef99fadb5,16e1d3cc462b72d1,ToMi,location-belief,Belief,Location False Beliefs,B,B,"Let's reason step by step: I track who has access to which information in the story, then check what the relevant character would infer given only what they observed. This points to option B. [[B]]",1,,True,rationale_cot_3shot,,2
1e0638dc2501bc52,415c1a073dfa210f,ef2795be4a20a160,ToMi,location-belief,Belief,Location False Beliefs,C,C,"Let's reason step by step: Initially, William was in the cellar and saw the turnip in the basket. He left before Nathan moved the turnip. Therefore, the most likely place William would look for the turnip is the basket. [[C]]",1,,True,rationale_cot_3shot,,2
c42fe20019778b30,11e3b56473e9e757,d9059b8e5572136d,ToMi,location-belief,Belief,Location False Beliefs,B,B,"Let's reason step by step: I track who has access to which information in the story, then check what the relevant character would infer given only what they observed. This points to option B. [[B]]",1,,True,rationale_cot_3shot,,2
c0adc4122e35403a,377909fa00280e87,5bfdc1b4f6c475fd,ToMi,location-belief,Belief,Location False Beliefs,A,A,"Let's track the information: Initially, Abigail moves the asparagus to the bucket. Given this action, the most logical inference is that Abigail will look in the bucket for the asparagus. Therefore, the answer is A. [[A]]",1,,True,rationale_cot_3shot,,2
68bb35805e25082c,793c34179a4bd51a,497615040610ac62,ToMi,location-belief,Belief,Location False Beliefs,D,D,"Let's reason step by step: I track who has access to which information in the story, then check what the relevant character would infer given only what they observed. This points to option D. [[D]]",1,,True,rationale_cot_3shot,,2
a99cb8289c603c5a,401f5cbeba7bf165,f450223d75558d59,ToMi,location-belief,Belief,Location False Beliefs,B,B,"Let's reason step by step: I track who has access to which information in the story, then check what the relevant character would infer given only what they observed. This points to option B. [[B]]",1,,True,rationale_cot_3shot,,2
dfb79b78d5e5d7af,149df6f5d201e3bb,260cf8a6fb6c7e9f,ToMi,location-belief,Belief,Location False Beliefs,A,A,"Let's reason step by step: I track who has access to which information in the story, then check what the relevant character would infer given only what they observed. This points to option A. [[A]]",1,,True,rationale_cot_3shot,,2
17f2b40ab24c759d,f8c47408bd356909,497615040610ac62,ToMi,location-belief,Belief,Location False Beliefs,D,D,"Let's track the information provided in the story: Initially, it states ""The banana is in the bucket."" This matches directly with option D. [[D]]",1,,True,rationale_cot_3shot,,2
07e111152eb12421,4ad509ebc375889d,44e709eba1d75329,ToMi,location-belief,Belief,Location False Beliefs,A,A,"Let's reason step by step: From the story, we know that James moved the spinach to the suitcase. Given this information, the most logical answer is that James thinks Mia searches for the spinach in the suitcase. [[A]]",1,,True,rationale_cot_3shot,,2
6430cffcfb70eafa,66a9c4343a3d17bc,5649f3a07bb9002d,ToMi,location-belief,Belief,Location False Beliefs,A,A,"Let's reason step by step: I track who has access to which information in the story, then check what the relevant character would infer given only what they observed. This points to option A. [[A]]",1,,True,rationale_cot_3shot,,2
086286ae487921e9,b6fe38baac4a1e77,246cc0a716b882c7,ToMi,location-belief,Belief,Location False Beliefs,A,A,"Let's reason step by step: From the story, we know Elizabeth entered the TV_room and saw the cherry in the bottle. Then Mia moved the cherry to the suitcase. Since Elizabeth last saw the cherry in the bottle, she would look there first. However, since the options do not include the bottle, the most likely place Elizabeth will look is the suitcase. [[A]]",1,,True,rationale_cot_3shot,,2
9ea15a4647bae95d,008f5801c9067992,05149000d16e68db,ToMi,location-belief,Belief,Location False Beliefs,C,C,[[C]],1,,True,rationale_cot_3shot,,2
4deebfea9e918c16,90cc52a6d1555722,dab517e3aba57fe3,ToMi,location-belief,Belief,Location False Beliefs,C,C,"Let's reason step by step: I track who has access to which information in the story, then check what the relevant character would infer given only what they observed. This points to option C. [[C]]",1,,True,rationale_cot_3shot,,2
146b86798c1d011c,59b304a1647b6c9f,641a2ee71f3a103a,ToMi,location-belief,Belief,Location False Beliefs,D,D,"Let's reason step by step: I track who has access to which information in the story, then check what the relevant character would infer given only what they observed. This points to option D. [[D]]",1,,True,rationale_cot_3shot,,2
545484e1196ea35d,4f3e133b254c86f2,9e8e5ef97e42c43f,ToMi,location-belief,Belief,Location False Beliefs,C,C,Let's track the information provided in the story: The cabbage is initially described as being in the bathtub. This directly leads to the correct answer. [[C]],1,,True,rationale_cot_3shot,,2
2d4d9ae5285643fd,1bd0311a464e1600,d314e475d59d9b54,ToMi,location-belief,Belief,Location False Beliefs,A,A,[[A]],1,,True,rationale_cot_3shot,,2
c01f8f654620c4dc,e9f68c274b911ead,2b5ad4a03214a6fc,ToMi,location-belief,Belief,Location False Beliefs,D,D,[[D]],1,,True,rationale_cot_3shot,,2
6d92e3d8fcec6a52,f62d82b5c4701286,067df8630e20e952,ToMi,location-belief,Belief,Location False Beliefs,A,A,"Let's reason step by step: I track who has access to which information in the story, then check what the relevant character would infer given only what they observed. This points to option A. [[A]]",1,,True,rationale_cot_3shot,,2
2626b93fc9316829,bfa1f8145afee8da,4a4b5b91e76eeefd,ToMi,location-belief,Belief,Location False Beliefs,A,A,"Let's reason step by step: I track who has access to which information in the story, then check what the relevant character would infer given only what they observed. This points to option A. [[A]]",1,,True,rationale_cot_3shot,,2
95ea88157b710d1a,bb64df056a4ce3c5,fcfc1f821870021f,ToMi,location-belief,Belief,Location False Beliefs,C,C,"Let's track the information provided in the story: Initially, it is stated ""The cabbage is in the basket."" Given this information, the correct answer is C. [[C]]",1,,True,rationale_cot_3shot,,2
d1df5c4dcc6e4765,d47db39e614812ce,90a9fa2726c09775,ToMi,location-belief,Belief,Location False Beliefs,B,B,"Let's reason step by step: From the story, we know that initially, the turnip was in the box. Owen moved the turnip to the drawer. Therefore, Mia thinks that Owen searches for the turnip in the box. [[B]]",1,,True,rationale_cot_3shot,,2
e1929edac9f265da,5c58c2d5f1fcc284,593033528023e03c,ToMi,location-belief,Belief,Location False Beliefs,A,A,"Let's reason step by step: I track who has access to which information in the story, then check what the relevant character would infer given only what they observed. This points to option A. [[A]]",1,,True,rationale_cot_3shot,,2
ff15cd9e9df1381c,33e758979ed65316,741856004e36fe94,ToMi,location-belief,Belief,Location False Beliefs,D,D,"Let's track the information: James moved the scarf to the container. This means James knows the scarf is in the container. Therefore, the answer is D. [[D]]",1,,True,rationale_cot_3shot,,2
b0542db5c6a32378,e9677f2fcc76ec86,906e70f29fcb6a28,ToMi,location-belief,Belief,Location False Beliefs,B,B,"Let's reason step by step: I track who has access to which information in the story, then check what the relevant character would infer given only what they observed. This points to option B. [[B]]",1,,True,rationale_cot_3shot,,2
41cafdc35fa3ab63,c902a36d25581f82,873d7479314fe0fe,ToMi,location-belief,Belief,Location False Beliefs,A,A,Let's track the information provided in the story: The orange is initially described as being in the bathtub. This matches option A. [[A]],1,,True,rationale_cot_3shot,,2
ef113d913b5ba30a,d83441c3bb995c1a,451cc56d7a1431f8,ToMi,location-belief,Belief,Location False Beliefs,C,C,"Let's reason step by step: I track who has access to which information in the story, then check what the relevant character would infer given only what they observed. This points to option C. [[C]]",1,,True,rationale_cot_3shot,,2
ebe2356d5e2616de,278763f10c7acbef,65c95b6052290577,ToMi,location-belief,Belief,Location False Beliefs,C,C,"Let's track the information provided in the story: Emily entered the workshop and found the underpants in the basket. This implies that at the beginning, the underpants were in the basket. However, this information is not directly related to the candidate answers provided. Given the options, the correct answer based on the story is C. [[C]]",1,,True,rationale_cot_3shot,,2
819cc23504fa4755,3a378a5c9d974f2a,f62cf5f8223fd8e1,ToMi,location-belief,Belief,Location False Beliefs,C,C,"Let's reason step by step: From the story, we know that Ethan entered the laundry and saw the stockings in the drawer. This means Ethan would think that Mason searched for the stockings in the drawer. [[C]]",1,,True,rationale_cot_3shot,,2
55362b8e39a3d401,53524b4d3347b158,900041a430e42357,ToMi,location-belief,Belief,Location False Beliefs,B,B,"Let's track the information: The lemon was initially in the suitcase but was moved to the treasure chest. Given this context, the most likely place Chloe will look for the lemon is the treasure chest. [[B]]",1,,True,rationale_cot_3shot,,2
8676c1b3a06b8554,b0fe9778850f206c,6963c3e56b8382a4,ToMi,location-belief,Belief,Location False Beliefs,D,D,"Let's track the information: Jack moved the grapefruit to the bottle. This means Jack knows the grapefruit is now in the bottle. Therefore, the correct answer is D. [[D]]",1,,True,rationale_cot_3shot,,2
bacaf1919938aad2,4d48492d124f8351,861ba406ba1c69b4,ToMi,location-belief,Belief,Location False Beliefs,B,B,"Let's track the information: Initially, the eggplant is in the crate. Then it is moved to the suitcase. This points to option B. [[B]]",1,,True,rationale_cot_3shot,,2
9a84a21fe6dad15b,0b985fcd8ad80cc4,9baa2efa162a6199,ToMi,location-belief,Belief,Location False Beliefs,C,C,"Let's track the information provided: Ava entered the front_yard twice and moved the undershirt to the pantry. Ava would likely look where she last saw or moved the item unless explicitly told otherwise. Given this, the most likely answer is C. [[C]]",1,,True,rationale_cot_3shot,,2
61909544292fa5f6,fc432fd0f0f80118,5b40c515da1dcff7,ToMi,location-belief,Belief,Location False Beliefs,D,D,[[D]],1,,True,rationale_cot_3shot,,2
099c66c5666cacc0,566ea5f04c33f15c,db5eb12d009df942,ToMi,location-belief,Belief,Location False Beliefs,D,D,"Let's reason step by step: I track who has access to which information in the story, then check what the relevant character would infer given only what they observed. This points to option D. [[D]]",1,,True,rationale_cot_3shot,,2
f7810834090be9d4,c423366fec9fc9cd,ff8d4a6deffb9b2f,ToMi,location-belief,Belief,Location False Beliefs,C,C,[[C]],1,,True,rationale_cot_3shot,,2
f8ae6b9fb2edca7a,0c58a8b261b61498,6fd5cf0d7113c5ba,ToMi,location-belief,Belief,Location False Beliefs,D,D,[[D]],1,,True,rationale_cot_3shot,,2
5c3a87e8266ef99f,b31be97a923b25f5,ace4d1b0c1aff57e,ToMi,location-belief,Belief,Location False Beliefs,A,A,[[A]],1,,True,rationale_cot_3shot,,2
d5d7bf28278fc256,0fb2edcad92ef4ac,5a35484960341d55,ToMi,location-belief,Belief,Location False Beliefs,B,B,"Let's reason step by step: I track who has access to which information in the story, then check what the relevant character would infer given only what they observed. This points to option B. [[B]]",1,,True,rationale_cot_3shot,,2
489df48abf999d9c,b149896038c3f20b,184117b6d295915a,ToMi,location-belief,Belief,Location False Beliefs,B,B,"Let's reason step by step: I track who has access to which information in the story, then check what the relevant character would infer given only what they observed. This points to option B. [[B]]",1,,True,rationale_cot_3shot,,2
a2d8e342c1191146,cb9d35e9ad17e510,674ca378123594d5,ToMi,location-belief,Belief,Location False Beliefs,D,D,"Let's track the information: Amelia moves the shoes to the cupboard. This means Amelia knows the shoes are in the cupboard. Therefore, the answer is D. [[D]]",1,,True,rationale_cot_3shot,,2
e7e9766faa570795,83dec8e5d77fe1c0,3d471f58785bc7cf,ToMi,location-belief,Belief,Location False Beliefs,C,C,"Let's track the information: Initially, the grapes are in the crate. Then Isabella moves them to the suitcase. This means the grapes are now in the suitcase. Therefore, the correct answer is C. [[C]]",1,,True,rationale_cot_3shot,,2
e3ad51572d0e9923,39c49333d7037516,184117b6d295915a,ToMi,location-belief,Belief,Location False Beliefs,A,A,"Let's track the sequence of events and the changes in the living room: Carter moves the pear to the treasure chest. This means the pear was last seen in the treasure chest. Given this, Sophia would think Carter searches for the pear in the treasure chest. [[A]]",1,,True,rationale_cot_3shot,,2
23bd0087292593ce,edefbad91f5a40f8,3f4c543a84b0e31e,ToMi,location-belief,Belief,Location False Beliefs,C,C,Let's track the information provided: Olivia moved the eggplant to the basket. This means the correct answer is C. [[C]],1,,True,rationale_cot_3shot,,2
28036a76c681cc3f,e12c0cedd58fee1c,a9909c87812b1c34,ToMi,location-belief,Belief,Location False Beliefs,B,B,"Let's reason step by step: I track who has access to which information in the story, then check what the relevant character would infer given only what they observed. This points to option B. [[B]]",1,,True,rationale_cot_3shot,,2
f5ce950b934605e2,17e42972c07b3ca0,72f5e76267f509c5,ToMi,location-belief,Belief,Location False Beliefs,C,C,"Let's track the information provided: Mason moves the cherry to the pantry, and there's no mention of William searching for the cherry in any other place. This points to option C. [[C]]",1,,True,rationale_cot_3shot,,2
a4e5760a6c7b17c6,5a116b2205e57dfb,5373d1170aef2a45,ToMi,location-belief,Belief,Location False Beliefs,D,D,"Let's reason step by step: I track who has access to which information in the story, then check what the relevant character would infer given only what they observed. This points to option D. [[D]]",1,,True,rationale_cot_3shot,,2
78958cac30a03e24,3c999571af6dc7fb,3ee2444b0ed1759e,ToMi,location-belief,Belief,Location False Beliefs,B,B,"Let's track the information: Nathan initially looks in the bathtub, but then he re-enters the study. Jayden moves the sweater to the drawer. Given this sequence, Nathan will likely look in the drawer. [[B]]",1,,True,rationale_cot_3shot,,2
72930389087baa25,185d1766d7c0a488,11805a163885e65a,ToMi,location-belief,Belief,Location False Beliefs,A,A,"Let's reason step by step: I track who has access to which information in the story, then check what the relevant character would infer given only what they observed. This points to option A. [[A]]",1,,True,rationale_cot_3shot,,2
adc159ad8f2ef016,977204dd0c19fe37,dc4c40b218b52eb6,ToMi,location-belief,Belief,Location False Beliefs,A,C,"Let's reason step by step: I track who has access to which information in the story, then check what the relevant character would infer given only what they observed. This points to option C. [[C]]",0,,True,rationale_cot_3shot,,2
c59f66b9e9591a7f,03ef08d528b2a584,11f5067063a88519,ToMi,location-belief,Belief,Location False Beliefs,B,D,[[D]],0,,True,rationale_cot_3shot,,2
b6b729e1a0709dae,fc8058466af2f5e8,7556df8821b79884,ToMi,location-belief,Belief,Location False Beliefs,D,D,[[D]],1,,True,rationale_cot_3shot,,2
2d407b77dadbc9e5,0fc8182ad111adc2,6317895c9447bcb0,ToMi,location-belief,Belief,Location False Beliefs,D,D,[[D]],1,,True,rationale_cot_3shot,,2
dff1f1a9675a0616,82e3264af3bee796,50c631dff72dbd48,ToMi,location-belief,Belief,Location False Beliefs,B,B,Let's track the information provided in the story: The sweet_potato is initially in the envelope. This matches option B. [[B]],1,,True,rationale_cot_3shot,,2
f40299c845d113b4,2dfc4ba775cfb973,c38ad2bf386a7bb8,ToMi,location-belief,Belief,Location False Beliefs,C,C,[[C]],1,,True,rationale_cot_3shot,,2
b8e50407d7bbfbf6,6d6f4cb5b51ff4a8,fb2ba65a0ae85c8b,ToMi,location-belief,Belief,Location False Beliefs,A,A,"Let's reason step by step: I track who has access to which information in the story, then check what the relevant character would infer given only what they observed. This points to option A. [[A]]",1,,True,rationale_cot_3shot,,2
c573bee3a3255325,db05cad4d59e0329,08044fc183d8e925,ToMi,location-belief,Belief,Location False Beliefs,C,C,"Let's reason step by step: From the story, we know that Jack thinks Aria initially searched in the cupboard but later moved the cap to the crate. This points to option C. [[C]]",1,,True,rationale_cot_3shot,,2
2bdddb2df430627d,6269e671a495fcc7,af73e51578a8ba98,ToMi,location-belief,Belief,Location False Beliefs,D,D,[[D]],1,,True,rationale_cot_3shot,,2
50b7e3aa145a3762,23245eab84d3903c,ceabd753e37ec53b,ToMi,location-belief,Belief,Location False Beliefs,B,B,"Let's track the information: Initially, the slippers are in the container. Then Mila moves them to the basket. This means the slippers are now in the basket. This points to option B. [[B]]",1,,True,rationale_cot_3shot,,2
44d47e8840533d41,0398133c5fe80751,0b374bc6f4fe27df,ToMi,location-belief,Belief,Location False Beliefs,C,C,"Let's track the information: Initially, the peach is in the bathtub. Then, Oliver moves it to the container. This means the peach is now in the container. Therefore, the correct answer is C. [[C]]",1,,True,rationale_cot_3shot,,2
667eea3a55657e93,dbc899de811d56dd,9e1284139cbcd06a,ToMi,location-belief,Belief,Location False Beliefs,B,B,"Let's track the information provided in the story: Initially, ""The melon is in the bottle."" Then, Olivia moves the melon to the suitcase. Since the movement of the melon occurred after Carter entered the playroom but before he exited, we can infer that at the beginning, the melon was in the bottle. This points to option B. [[B]]",1,,True,rationale_cot_3shot,,2
23a181141ac3e676,320cbdddd3ee087a,636defe3aabc384a,ToMi,location-belief,Belief,Location False Beliefs,C,C,"Let's reason step by step: From the story, we know that Jayden moved the pineapple to the treasure_chest. Since James exits the back_yard after Jayden moves the pineapple, James would think that Jayden searches for the pineapple in the treasure_chest. [[C]]",1,,True,rationale_cot_3shot,,2
adb8868acf1fef98,8f61986640a1fdf8,57404e37c0fef51c,ToMi,location-belief,Belief,Location False Beliefs,A,A,"Let's reason step by step: I track who has access to which information in the story, then check what the relevant character would infer given only what they observed. This points to option A. [[A]]",1,,True,rationale_cot_3shot,,2
f38559bacdac36f3,84c387d4e0182c41,a3b412b7b056852a,ToMi,location-belief,Belief,Location False Beliefs,D,D,"Let's reason step by step: I track who has access to which information in the story, then check what the relevant character would infer given only what they observed. This points to option D. [[D]]",1,,True,rationale_cot_3shot,,2
d5508830b0d5ae4e,508dd852aaeda1c5,2b5ad4a03214a6fc,ToMi,location-belief,Belief,Location False Beliefs,D,D,"Let's reason step by step: I track who has access to which information in the story, then check what the relevant character would infer given only what they observed. This points to option D. [[D]]",1,,True,rationale_cot_3shot,,2
53674636274e6ace,27a486c9fbebd2f4,5f8ebd51995c143c,ToMi,location-belief,Belief,Location False Beliefs,C,C,[[C]],1,,True,rationale_cot_3shot,,2
da1b2ae44c1305da,e33ca67bfedb1896,d2db3f46060f6462,ToMi,location-belief,Belief,Location False Beliefs,B,B,"Let's track the information: Initially, the turnip is in the treasure_chest. Liam moves the turnip to the suitcase. Therefore, the most logical answer based on the last action is B. [[B]]",1,,True,rationale_cot_3shot,,2
129a7214438c6628,d6c91ecaef74cdb4,a52aea409fdd793d,ToMi,location-belief,Belief,Location False Beliefs,A,A,"Let's reason step by step: I track who has access to which information in the story, then check what the relevant character would infer given only what they observed. This points to option A. [[A]]",1,,True,rationale_cot_3shot,,2
8adb71746bea8d49,fc8471d83aa1b9c1,b2e96864914a394d,ToMi,location-belief,Belief,Location False Beliefs,B,B,"Let's reason step by step: I track who has access to which information in the story, then check what the relevant character would infer given only what they observed. This points to option B. [[B]]",1,,True,rationale_cot_3shot,,2
57bbfe27dd2056e9,d175ebe0c24afd8e,e70c6a325496070c,ToMi,location-belief,Belief,Location False Beliefs,A,A,"Let's reason step by step: From the story, we know that Logan exited the den and the melon was moved to the cupboard by Jayden. This means Logan would not look for the melon in the bathtub since it was moved there. This points to option A. [[A]]",1,,True,rationale_cot_3shot,,2
659dbacd2ed1a3c7,d15547cad225b251,dbd79153249c21bc,ToMi,location-belief,Belief,Location False Beliefs,B,B,Let's track the information provided in the story: The corn is in the envelope. This directly answers the question about the location of the corn at the beginning. The correct answer is B. [[B]],1,,True,rationale_cot_3shot,,2
72ff81c1cf1f3406,f2617555570783ad,f07981090044ea93,ToMi,location-belief,Belief,Location False Beliefs,C,C,[[C]],1,,True,rationale_cot_3shot,,2
705faa9ef000cf93,6e1300a483f465c7,5f8ebd51995c143c,ToMi,location-belief,Belief,Location False Beliefs,D,D,"Let's reason step by step: I track who has access to which information in the story, then check what the relevant character would infer given only what they observed. This points to option D. [[D]]",1,,True,rationale_cot_3shot,,2
3d8ba302b9e569a8,8cf491028b980a78,5983425d538298f3,ToMi,location-belief,Belief,Location False Beliefs,D,D,[[D]],1,,True,rationale_cot_3shot,,2
d4d310c60af4f633,de6e4fa478847821,b3542a5a67fb5efa,ToMi,location-belief,Belief,Location False Beliefs,B,B,"Let's track the information provided in the story: The eggplant is initially in the box. Isla moves the eggplant to the container. Therefore, at the beginning, the eggplant was in the box. The correct answer is B. [[B]]",1,,True,rationale_cot_3shot,,2
9e1a70f1b36ffd83,45b26deccdbe7110,f389674a9238c678,ToMi,location-belief,Belief,Location False Beliefs,C,C,"Let's track the information flow: Initially, the grapes are in the bathtub. Then, Chloe moves them to the crate. This means the grapes are now in the crate. Therefore, the correct answer is C. [[C]]",1,,True,rationale_cot_3shot,,2
2f9526cd80b3fc39,0cd6b60441fd12bf,669dc28d688b4c5c,ToMi,location-belief,Belief,Location False Beliefs,A,A,[[A]],1,,True,rationale_cot_3shot,,2
1b8f7b1e60d94863,5f8c4c98004eb8e9,606715f827e6f618,ToMi,location-belief,Belief,Location False Beliefs,B,D,"Let's reason step by step: I track who has access to which information in the story, then check what the relevant character would infer given only what they observed. This points to option D. [[D]]",0,,True,rationale_cot_3shot,,2
514882e5bdfba4c0,47d035eaf9fe57bc,bcd14d3c62640889,ToMi,location-belief,Belief,Location False Beliefs,B,B,"Let's track the information flow: James last saw the strawberry in the bathtub, but it was moved to the basket by William. Therefore, the most likely place James will look for the strawberry is the basket. [[B]]",1,,True,rationale_cot_3shot,,2
e200a44fb58ebbd9,3b117cc50c793f7e,8dbc1bc461bdad94,ToMi,location-belief,Belief,Location False Beliefs,B,B,"Let's reason step by step: I track who has access to which information in the story, then check what the relevant character would infer given only what they observed. This points to option B. [[B]]",1,,True,rationale_cot_3shot,,2
6ecfc4620057134b,42b041c92cebe468,dc93bff093ad7183,ToMi,location-belief,Belief,Location False Beliefs,C,C,[[C]],1,,True,rationale_cot_3shot,,2
30f64866d1956ec0,0b2bfb704589acb2,78075086b12ac628,ToMi,location-belief,Belief,Location False Beliefs,D,D,"Let's reason step by step: I track who has access to which information in the story, then check what the relevant character would infer given only what they observed. This points to option D. [[D]]",1,,True,rationale_cot_3shot,,2
1c16e5cdac68cd52,11c85098e8e5ede1,5f6705bd9d5150f6,ToMi,location-belief,Belief,Location False Beliefs,C,C,"Let's reason step by step: I track who has access to which information in the story, then check what the relevant character would infer given only what they observed. This points to option C. [[C]]",1,,True,rationale_cot_3shot,,2
1087d0a243134768,cb20801142f846f3,df3aa38bbab6b903,ToMi,location-belief,Belief,Location False Beliefs,A,A,[[A]],1,,True,rationale_cot_3shot,,2
35851cae4630f913,51470e2d7271a321,73da2cb57314a4d8,ToMi,location-belief,Belief,Location False Beliefs,B,B,"Let's track the information provided in the story: The stockings were initially in the bottle but were later moved to the cupboard by Carter. Given this sequence, the correct answer is B. [[B]]",1,,True,rationale_cot_3shot,,2
165ab3133844b3a2,ab214643c042f27b,60923681b970c914,ToMi,location-belief,Belief,Location False Beliefs,A,A,[[A]],1,,True,rationale_cot_3shot,,2
394c4515f15b2c31,86969a22844413a6,08879de12f2ee971,ToMi,location-belief,Belief,Location False Beliefs,C,C,"Let's track the information: Hannah exits the garden after Abigail moves the slacks to the bucket. This implies Hannah doesn't know about the slacks being moved. Therefore, she would still think Abigail searches in the container. [[C]]",1,,True,rationale_cot_3shot,,2
3a3b2b91045fb0ad,7500b86721ff7286,3b65399a0b4cc9c9,ToMi,location-belief,Belief,Location False Beliefs,C,C,"Let's reason step by step: From the story, we know that Jackson was the last to enter the TV room and he didn't find the tomato. Emily moved the tomato to the crate before he entered. Therefore, Jackson thinks Emily searched for the tomato in the crate. [[C]]",1,,True,rationale_cot_3shot,,2
257478b599c6b83c,18510b9bcf302c9d,f450223d75558d59,ToMi,location-belief,Belief,Location False Beliefs,C,C,"Let's reason step by step: I track who has access to which information in the story, then check what the relevant character would infer given only what they observed. This points to option C. [[C]]",1,,True,rationale_cot_3shot,,2
d6e158b5a5527ac7,6ef4e67427d8db36,d42723cbcf5cdc8d,ToMi,location-belief,Belief,Location False Beliefs,C,C,"Let's track the information flow: Nathan and Emily both enter the basement, but only Emily moves the coat to the crate. Liam exits the basement after Emily has already placed the coat in the crate. Therefore, Emily will look for the coat in the crate. [[C]]",1,,True,rationale_cot_3shot,,2
0f9edfef5098840d,965a9a24f3806f4c,1c3ad3a3bb8a6a53,ToMi,location-belief,Belief,Location False Beliefs,D,C,Let's track the information provided: We know that William moved the pumpkin to the basket. This means William thinks the pumpkin is in the basket. [[C]],0,,True,rationale_cot_3shot,,2
572e81e769d82c5a,f5ac9e3d1eb732cc,08044fc183d8e925,ToMi,location-belief,Belief,Location False Beliefs,B,B,"Let's reason step by step: I track who has access to which information in the story, then check what the relevant character would infer given only what they observed. This points to option B. [[B]]",1,,True,rationale_cot_3shot,,2
51fd631390532e6c,787b47d21fa6edb7,606715f827e6f618,ToMi,location-belief,Belief,Location False Beliefs,A,D,"Let's reason step by step: I track who has access to which information in the story, then check what the relevant character would infer given only what they observed. This points to option D. [[D]]",0,,True,rationale_cot_3shot,,2
082bfe7e8920cc8d,767002d0765d14db,31ebe66b60690f9e,ToMi,location-belief,Belief,Location False Beliefs,A,A,[[A]],1,,True,rationale_cot_3shot,,2
f34b8b1c3c18c43e,a510c8dfa9b55b58,23911dec5d4cac5c,ToMi,location-belief,Belief,Location False Beliefs,D,D,"Let's reason step by step: I track who has access to which information in the story, then check what the relevant character would infer given only what they observed. This points to option D. [[D]]",1,,True,rationale_cot_3shot,,2
50b24298b318da8c,91712e5bbc6c1b04,0bd6d60b6003bb13,ToMi,location-belief,Belief,Location False Beliefs,D,D,[[D]],1,,True,rationale_cot_3shot,,2
a5720f6876015b07,92a478ca1cb0f7fe,cd15c7ec7718c732,ToMi,location-belief,Belief,Location False Beliefs,B,B,"Let's track the information: Initially, the belt is in the basket. Then Alexander moves it to the bucket. Mia saw this but didn't enter the staircase again. Therefore, Mia will still look for the belt in the bucket. [[B]]",1,,True,rationale_cot_3shot,,2
d73116b55c05f129,ea3baf93aa0ee4e9,0f673b7d0e3cd6c6,ToMi,location-belief,Belief,Location False Beliefs,A,A,"Let's reason step by step: I track who has access to which information in the story, then check what the relevant character would infer given only what they observed. This points to option A. [[A]]",1,,True,rationale_cot_3shot,,2
b62d57d1a8dfacdc,66b67ebb319e3c61,88518eb65b5fe76c,ToMi,location-belief,Belief,Location False Beliefs,A,A,[[A]],1,,True,rationale_cot_3shot,,2
330298e2b40cfc52,ef1b01059e483a33,ad58c46fbaf4296e,ToMi,location-belief,Belief,Location False Beliefs,B,C,"Let's track the information: Evelyn moves the gloves to the bucket. Given this, Ava would infer that the gloves are in the bucket. This points to option C. [[C]]",0,,True,rationale_cot_3shot,,2
730b896b374367e3,35d822cb0a8010de,0f673b7d0e3cd6c6,ToMi,location-belief,Belief,Location False Beliefs,A,A,"Let's track the information provided in the story: Initially, the apple is stated to be in the pantry. This matches option A. [[A]]",1,,True,rationale_cot_3shot,,2
e05837de544a474c,7b75911362a12661,3573876fbf041ee1,ToMi,location-belief,Belief,Location False Beliefs,C,C,"Let's reason step by step: I track who has access to which information in the story, then check what the relevant character would infer given only what they observed. This points to option C. [[C]]",1,,True,rationale_cot_3shot,,2
a7165148ecde5498,78f55923761049c8,9b2843b23ddc950f,ToMi,location-belief,Belief,Location False Beliefs,B,B,"Let's reason step by step: I track who has access to which information in the story, then check what the relevant character would infer given only what they observed. This points to option B. [[B]]",1,,True,rationale_cot_3shot,,2
69c2b303491c17f4,b3d8a6a60566e4d0,023f6d779173640d,ToMi,location-belief,Belief,Location False Beliefs,B,B,"Let's track the information provided in the story: Ethan enters the workshop after Lily moves the pear to the treasure chest. Ethan exits the workshop without knowing where Lily moved the pear. Given this context, the most logical inference is that Ethan thinks Lily searched in the treasure chest. [[B]]",1,,True,rationale_cot_3shot,,2
a9da369eb3f74579,91246f75785a4f14,3a95a1c66f07559f,ToMi,location-belief,Belief,Location False Beliefs,A,C,"Let's reason step by step: I track who has access to which information in the story, then check what the relevant character would infer given only what they observed. This points to option C. [[C]]",0,,True,rationale_cot_3shot,,2
770c4fd70b36b1fc,74831d0b910d6a50,02640dc17ac13ed8,ToMi,location-belief,Belief,Location False Beliefs,B,B,"Let's track the information provided in the story: Initially, the trousers are in the basket. Then, James moves them to the drawer. This implies the trousers are now in the drawer. Therefore, the correct answer is B. [[B]]",1,,True,rationale_cot_3shot,,2
e7afde4d3ddc208b,093ead404b2aa8b8,28821affed52200f,ToMi,location-belief,Belief,Location False Beliefs,A,A,"Let's reason step by step: I track who has access to which information in the story, then check what the relevant character would infer given only what they observed. This points to option A. [[A]]",1,,True,rationale_cot_3shot,,2
bc79ed8422b0273e,ae52a3534085ea00,d8b40574fa9de450,ToMi,location-belief,Belief,Location False Beliefs,D,D,[[D]],1,,True,rationale_cot_3shot,,2
a5ca2702563c4d40,9f48494f1410f480,a0e281b3626ee7c7,ToMi,location-belief,Belief,Location False Beliefs,B,B,"Let's reason step by step: From the story, we know that Jacob exited the study before Avery moved the watermelon to the box. Since Jacob left the study, he wouldn't have had time to search for the watermelon. Therefore, the most logical place Jacob thinks Avery searched for the watermelon is the box. [[B]]",1,,True,rationale_cot_3shot,,2
649e7a2f6662cb35,a598b6be8bd192bc,8dbc1bc461bdad94,ToMi,location-belief,Belief,Location False Beliefs,B,B,"Let's track the information provided in the story: The corn was initially in an ""envelope"" based on Mason's actions. This leads us to conclude that the correct answer is B. [[B]]",1,,True,rationale_cot_3shot,,2
b12ee577f619f86d,9c33580eff66cc38,74fb66644991f847,ToMi,location-belief,Belief,Location False Beliefs,C,C,[[C]],1,,True,rationale_cot_3shot,,2
306a93bc9ade9074,c5fc057abaa15cd1,ff8d4a6deffb9b2f,ToMi,location-belief,Belief,Location False Beliefs,A,A,"Let's reason step by step: I track who has access to which information in the story, then check what the relevant character would infer given only what they observed. This points to option A. [[A]]",1,,True,rationale_cot_3shot,,2
675c3f894c73511f,8e8b5d72a1c9f6dd,7bc531e198eda945,ToMi,location-belief,Belief,Location False Beliefs,B,B,"Let's reason step by step: I track who has access to which information in the story, then check what the relevant character would infer given only what they observed. This points to option B. [[B]]",1,,True,rationale_cot_3shot,,2
01d6025fac8d1a04,8288c160e3662b08,6415f8e9946ac682,ToMi,location-belief,Belief,Location False Beliefs,B,D,"Let's reason step by step: I track who has access to which information in the story, then check what the relevant character would infer given only what they observed. This points to option D. [[D]]",0,,True,rationale_cot_3shot,,2
a485c1ebdf97e8e3,797144045fba323d,fbf4fe7b2a05c5bf,ToMi,location-belief,Belief,Location False Beliefs,D,D,"Let's reason step by step: I track who has access to which information in the story, then check what the relevant character would infer given only what they observed. This points to option D. [[D]]",1,,True,rationale_cot_3shot,,2
c911e22bd386084d,1a02402e31292489,b73eb0577b492a9d,ToMi,location-belief,Belief,Location False Beliefs,B,B,"Let's reason step by step: I track who has access to which information in the story, then check what the relevant character would infer given only what they observed. This points to option B. [[B]]",1,,True,rationale_cot_3shot,,2
63ec817d472f64d1,6e12a07284fc4572,dd56c89eaedea631,ToMi,location-belief,Belief,Location False Beliefs,C,C,[[C]],1,,True,rationale_cot_3shot,,2
99f9333019326374,4db414f7cc584b28,185e8a806a5f5c2a,ToMi,location-belief,Belief,Location False Beliefs,D,D,"Let's track the information: Initially, the celery is in the basket. Then Jack moves it to the bottle. Given this sequence, Jack will remember moving the celery to the bottle. Therefore, the correct answer is D. [[D]]",1,,True,rationale_cot_3shot,,2
5437fb039fbb076a,a834dac09e83df8d,a7f37317c9b96e26,ToMi,location-belief,Belief,Location False Beliefs,D,D,[[D]],1,,True,rationale_cot_3shot,,2
18e575aba040169a,3fc257bd988c18a4,b2e96864914a394d,ToMi,location-belief,Belief,Location False Beliefs,B,B,"Let's reason step by step: I track who has access to which information in the story, then check what the relevant character would infer given only what they observed. This points to option B. [[B]]",1,,True,rationale_cot_3shot,,2
e04b7f722124e28b,b8a154dc116697e8,74fb66644991f847,ToMi,location-belief,Belief,Location False Beliefs,C,C,[[C]],1,,True,rationale_cot_3shot,,2
a405c9477ee52f73,3033db5079d8786a,db58fd4328742382,ToMi,location-belief,Belief,Location False Beliefs,A,A,"Let's track the sequence of events and the changes made: Abigail moves the grapes to the drawer. Given this information, the most likely answer is:

[[A]]",1,,True,rationale_cot_3shot,,2
bf2a33ee560030b8,72e077a34722c647,925ff81767ac46a3,ToMi,location-belief,Belief,Location False Beliefs,D,D,"Let's reason step by step: I track who has access to which information in the story, then check what the relevant character would infer given only what they observed. This points to option D. [[D]]",1,,True,rationale_cot_3shot,,2
b30a92c8874e96f9,40189c3ae495fb1d,45cb94846f11ecae,ToMi,location-belief,Belief,Location False Beliefs,D,D,"Let's track the information: Mila moved the grapes to the box. This implies that Mason probably thinks the grapes are in the box. Given the options, the correct answer is D. [[D]]",1,,True,rationale_cot_3shot,,2
66ac76805ec006c4,b7944f837f37f96e,014fff3e5de48e07,ToMi,location-belief,Belief,Location False Beliefs,B,B,"Let's reason step by step: I track who has access to which information in the story, then check what the relevant character would infer given only what they observed. This points to option B. [[B]]",1,,True,rationale_cot_3shot,,2
410dff70ac8cdd96,a9fb604dc6f50c54,5db415b013ace924,ToMi,location-belief,Belief,Location False Beliefs,D,D,"Let's reason step by step: I track who has access to which information in the story, then check what the relevant character would infer given only what they observed. This points to option D. [[D]]",1,,True,rationale_cot_3shot,,2
48d876a00abe77ad,5ff3f109a5695f7b,c07249833fbb2c88,ToMi,location-belief,Belief,Location False Beliefs,A,A,[[A]],1,,True,rationale_cot_3shot,,2
68bba1208ec45b20,fa208b05b760cc3f,a8e4bd5de678198f,ToMi,location-belief,Belief,Location False Beliefs,B,B,"Let's reason step by step: I track who has access to which information in the story, then check what the relevant character would infer given only what they observed. Benjamin last looked for the socks in the crawlspace and was informed by Jackson that the socks were moved to the box. This points to option B. [[B]]",1,,True,rationale_cot_3shot,,2
ae2b15ff44933cab,8053da9e6e140d9b,5de647a30871e3f3,ToMi,location-belief,Belief,Location False Beliefs,A,D,[[D]],0,,True,rationale_cot_3shot,,2
1470a3dfe169c4d9,ed7cddf1ba5d632d,563a071e0e6c236d,ToMi,location-belief,Belief,Location False Beliefs,B,B,"Let's reason step by step: I track who has access to which information in the story, then check what the relevant character would infer given only what they observed. This points to option B. [[B]]",1,,True,rationale_cot_3shot,,2
cfc810c1a08932ac,1429a81807499f19,5f15d313d0bd7511,ToMi,location-belief,Belief,Location False Beliefs,C,C,"Let's reason step by step: Initially, Ethan looked in the pantry. Since Mila moved the asparagus to the cupboard, Ethan would still look where he last saw it unless informed otherwise. However, based on the given information, the most likely answer is C. [[C]]",1,,True,rationale_cot_3shot,,2
43e17f8ca0e2fb2a,b43d4bf72d58a7bd,dbd79153249c21bc,ToMi,location-belief,Belief,Location False Beliefs,D,D,"Let's track the information: The corn is initially in the envelope, but Nathan moves it to the basket. This means the corn is now in the basket. Therefore, the correct answer is D. [[D]]",1,,True,rationale_cot_3shot,,2
23005a9781a8c75b,ac210b3fd115b67a,31ebe66b60690f9e,ToMi,location-belief,Belief,Location False Beliefs,C,C,"Let's reason step by step: I track who has access to which information in the story, then check what the relevant character would infer given only what they observed. This points to option C. [[C]]",1,,True,rationale_cot_3shot,,2
f9f4788e75d2bbfd,62aa1ca2051b9292,0f25f232649578d2,ToMi,location-belief,Belief,Location False Beliefs,B,B,[[B]],1,,True,rationale_cot_3shot,,2
68085bbd5fc6b452,83dcfe493e26ec10,fc0016feeddc380d,ToMi,location-belief,Belief,Location False Beliefs,D,C,[[C]],0,,True,rationale_cot_3shot,,2
29ad0c175eb470ca,ac9a7b989f763e68,5b9de87e4a11bdac,ToMi,location-belief,Belief,Location False Beliefs,C,C,"Let's track the information provided in the story: The peas were moved from the treasure_chest to the container. This means the peas are now in the container. Therefore, the correct answer is C. [[C]]",1,,True,rationale_cot_3shot,,2
8474f34524aeddfe,eaffbbb7b2db3ba1,249b021564a9024d,ToMi,location-belief,Belief,Location False Beliefs,C,C,"Let's reason step by step: I track who has access to which information in the story, then check what the relevant character would infer given only what they observed. This points to option C. [[C]]",1,,True,rationale_cot_3shot,,2
ab7f8506480328e4,088eb26d91562993,03b151dc2f3dfffc,ToMi,location-belief,Belief,Location False Beliefs,D,D,[[D]],1,,True,rationale_cot_3shot,,2
7b117c9c88d488f2,1efd2288e36dab9b,11acb80746e12dff,ToMi,location-belief,Belief,Location False Beliefs,D,D,"Let's track the information: Nathan moves the orange to the bottle. This means Nathan knows the orange is now in the bottle. Therefore, the correct answer is D. [[D]]",1,,True,rationale_cot_3shot,,2
8b31f28c9d653d84,19a09630dc646aa9,237506494cbe1857,ToMi,location-belief,Belief,Location False Beliefs,D,D,"Let's reason step by step: From the story, we know that Abigail was the last one to enter the TV_room and she was there when James moved the plum to the box. Given this sequence, it's logical to assume that Abigail would search in the TV_room first before moving to the crawlspace. This points to option D. [[D]]",1,,True,rationale_cot_3shot,,2
1015e210f8e103c0,8fc24fcaee080c0e,8af87ed12146b522,ToMi,location-belief,Belief,Location False Beliefs,A,A,"Let's reason step by step: I track who has access to which information in the story, then check what the relevant character would infer given only what they observed. This points to option A. [[A]]",1,,True,rationale_cot_3shot,,2
80c98a03dab90dea,af8c01b8a22a39b6,adf1a76fca434360,ToMi,location-belief,Belief,Location False Beliefs,A,A,"Let's reason step by step: I track who has access to which information in the story, then check what the relevant character would infer given only what they observed. This points to option A. [[A]]",1,,True,rationale_cot_3shot,,2
a2bab034fc4be30c,c5c7519940639bae,d0597f849914bf4f,ToMi,location-belief,Belief,Location False Beliefs,B,B,"Let's reason step by step: I track who has access to which information in the story, then check what the relevant character would infer given only what they observed. This points to option B. [[B]]",1,,True,rationale_cot_3shot,,2
f9f3b5aa8ceb4e56,d198c0e521834dbe,a0e281b3626ee7c7,ToMi,location-belief,Belief,Location False Beliefs,A,A,"Let's track the information: Avery moves the watermelon to the box. This means Avery knows the watermelon is now in the box. Therefore, the answer is A. [[A]]",1,,True,rationale_cot_3shot,,2
29672e3aef1b4c76,dfe9d52a45b29e35,900041a430e42357,ToMi,location-belief,Belief,Location False Beliefs,A,D,"Let's reason step by step: I track who has access to which information in the story, then check what the relevant character would infer given only what they observed. This points to option D. [[D]]",0,,True,rationale_cot_3shot,,2
8b66b0ab10ac2792,49e649644e5376e6,a4a37b64be62ab30,ToMi,location-belief,Belief,Location False Beliefs,C,C,"Let's track the information provided in the story: Jackson moved the onion to the bucket. This means Jackson knows the onion is in the bucket. Therefore, the correct answer is C. [[C]]",1,,True,rationale_cot_3shot,,2
726ca77649b9f1f6,e97aeadbdd149515,10a8a827d2d11d6c,ToMi,location-belief,Belief,Location False Beliefs,B,B,"Let's track the information provided in the story: The sweet_potato was initially in the suitcase. This can be inferred from the sentence ""The sweet_potato is in the suitcase."" Therefore, the correct answer is B. [[B]]",1,,True,rationale_cot_3shot,,2
b778cf929534fec0,62ccbff4fcc2e907,079bb6daee357a0e,ToMi,location-belief,Belief,Location False Beliefs,A,A,"Let's track the information: Lily moved the jeans to the box. Given this information, the most likely answer is:

[[A]]",1,,True,rationale_cot_3shot,,2
41ad2761c4242ea7,28672ef5869ceeb4,e49f223627285dab,ToMi,location-belief,Belief,Location False Beliefs,B,B,"Let's reason step by step: I track who has access to which information in the story, then check what the relevant character would infer given only what they observed. This points to option B. [[B]]",1,,True,rationale_cot_3shot,,2
88a8dde4fcaf58fc,ceb8012ef7f9ad80,69fa9b96e1d1a1c5,ToMi,location-belief,Belief,Location False Beliefs,A,A,"Let's reason step by step: From the story, we know that ""The orange is in the suitcase."" This directly answers the question. Therefore, the correct answer is A. [[A]]",1,,True,rationale_cot_3shot,,2
17722c3e3f2a3e81,08bb92aa7cd49451,e1c22c9482c24bd1,ToMi,location-belief,Belief,Location False Beliefs,A,A,"Let's reason step by step: I track who has access to which information in the story, then check what the relevant character would infer given only what they observed. This points to option A. [[A]]",1,,True,rationale_cot_3shot,,2
d485ec098e9c5b5a,77f6864f84fc746a,dbdc54eb52526a2b,ToMi,location-belief,Belief,Location False Beliefs,A,A,"Let's track the information provided in the story: The potato was initially in the crate. However, Isla moved the potato to the bathtub. Therefore, at the beginning, the potato was in the crate. This leads to option A. [[A]]",1,,True,rationale_cot_3shot,,2
2b122f0e78f9314a,d6d2f053fbc1c0c8,af73e51578a8ba98,ToMi,location-belief,Belief,Location False Beliefs,B,B,"Let's reason step by step: I track who has access to which information in the story, then check what the relevant character would infer given only what they observed. This points to option B. [[B]]",1,,True,rationale_cot_3shot,,2
f9e3c45046f7abda,c75927216397da1c,cc160e406d2770e2,ToMi,location-belief,Belief,Location False Beliefs,B,B,Let's track the information provided in the story: The melon is initially in the basket. This matches with option B. [[B]],1,,True,rationale_cot_3shot,,2
49c7999c2ad195b6,e957d7b8f5f970d7,1c1e648af0bd66b6,ToMi,location-belief,Belief,Location False Beliefs,B,B,"Let's reason step by step: I track who has access to which information in the story, then check what the relevant character would infer given only what they observed. This points to option B. [[B]]",1,,True,rationale_cot_3shot,,2
8cfaee7685f8b107,46c188b86fa9c841,4b01e75c68573c9c,ToMi,location-belief,Belief,Location False Beliefs,B,B,"Let's track the information: Abigail first looks in the garage, then in the garden. She finds the orange in the bathtub. This points to option B. [[B]]",1,,True,rationale_cot_3shot,,2
cd27b5936b4fd166,6e382aa1e058e13f,c06cc47b6444f245,ToMi,location-belief,Belief,Location False Beliefs,D,D,"Let's track the information: The coat is initially in the envelope, but Mia moved it to the bottle. Given this information, the most likely place Lily will look for the coat is the bottle. [[D]]",1,,True,rationale_cot_3shot,,2
b6516414da8dbea3,240ee66509880d5c,08044fc183d8e925,ToMi,location-belief,Belief,Location False Beliefs,C,C,Let's track the information provided in the story: The cap was initially in the cupboard but was moved to the crate by Aria. This means the cap is now in the crate. This points to option C. [[C]],1,,True,rationale_cot_3shot,,2
081fe316a698e35c,ecf46d3d3a188902,d283a59c0aa95545,ToMi,location-belief,Belief,Location False Beliefs,A,C,"Let's reason step by step: I track who has access to which information in the story, then check what the relevant character would infer given only what they observed. This points to option C. [[C]]",0,,True,rationale_cot_3shot,,2
a65194f2baa8606b,441c78b9fc8889ad,067df8630e20e952,ToMi,location-belief,Belief,Location False Beliefs,C,C,"Let's reason step by step: I track who has access to which information in the story, then check what the relevant character would infer given only what they observed. This points to option C. [[C]]",1,,True,rationale_cot_3shot,,2
d6d0ec77c72350cd,f0054e1962d11d09,dab517e3aba57fe3,ToMi,location-belief,Belief,Location False Beliefs,B,B,"Let's reason step by step: I track who has access to which information in the story, then check what the relevant character would infer given only what they observed. This points to option B. [[B]]",1,,True,rationale_cot_3shot,,2
6d27e73278fa0c6b,b314cce8c747b131,4b01e75c68573c9c,ToMi,location-belief,Belief,Location False Beliefs,A,A,"Let's reason step by step: From the story, we know that ""The orange is in the bucket"" at the beginning. This means the correct answer is A. [[A]]",1,,True,rationale_cot_3shot,,2
3dc5a0164a91f8d3,1ef6e988f33e2f3f,c97710518b33da5d,ToMi,location-belief,Belief,Location False Beliefs,A,A,Let's track the information: Abigail thinks Carter searches for the radish but Carter moved it to the envelope. This points to option A. [[A]],1,,True,rationale_cot_3shot,,2
59c4ae2adf553638,07e7d0927172d492,aaaca2653e2dbc78,ToMi,location-belief,Belief,Location False Beliefs,D,D,"Let's track the information provided in the story: The sweatshirt was initially in the box, but Emma moved it to the suitcase. This means the sweatshirt is now in the suitcase. This points to option D. [[D]]",1,,True,rationale_cot_3shot,,2
e19ec73d317016f4,37a8ea5bef640913,51b73a6a67f34424,ToMi,location-belief,Belief,Location False Beliefs,B,B,"Let's track the information: The cherry is initially in the envelope, but Nathan moved it to the treasure_chest. This points to option B. [[B]]",1,,True,rationale_cot_3shot,,2
e818b19f8ea2b705,c173a5634f31627e,9b2843b23ddc950f,ToMi,location-belief,Belief,Location False Beliefs,C,C,"Let's reason step by step: I track who has access to which information in the story, then check what the relevant character would infer given only what they observed. This points to option C. [[C]]",1,,True,rationale_cot_3shot,,2
b29da92f10eff4ab,ee1adae419ee65a7,6b21040fc8f6d369,ToMi,location-belief,Belief,Location False Beliefs,D,D,[[D]],1,,True,rationale_cot_3shot,,2
aa460a309d7723f2,ccf9f6e04f0e5063,531300afac3c0e76,ToMi,location-belief,Belief,Location False Beliefs,C,C,[[C]],1,,True,rationale_cot_3shot,,2
65334295b03ad975,c1ff6894c2f26c7c,c5ed748c11b2ed7a,ToMi,location-belief,Belief,Location False Beliefs,D,D,[[D]],1,,True,rationale_cot_3shot,,2
d2d2642963e57949,995255c85f524f7e,87623798e3676186,ToMi,location-belief,Belief,Location False Beliefs,D,D,"Let's reason step by step: I track who has access to which information in the story, then check what the relevant character would infer given only what they observed. This points to option D. [[D]]",1,,True,rationale_cot_3shot,,2
273e09c70855905d,93efbc07d2d0db60,86d06c6db721b75d,ToMi,location-belief,Belief,Location False Beliefs,C,C,"Let's track the information provided in the story: The cabbage is initially in the box. Then Jacob moves the cabbage to the crate. This means at the beginning, the cabbage was in the box. Therefore, the correct answer is C. [[C]]",1,,True,rationale_cot_3shot,,2
2787c21ac326eda3,dfb8864b2693974d,fd26ade1b861910d,ToMi,location-belief,Belief,Location False Beliefs,C,C,"Let's track the information provided in the story: The grapes are explicitly stated to be ""in the crate."" This leads to the conclusion that the correct answer is C. [[C]]",1,,True,rationale_cot_3shot,,2
295604bc1eacb373,a591c2641d10741f,88518eb65b5fe76c,ToMi,location-belief,Belief,Location False Beliefs,D,D,"Let's reason step by step: Initially, James enters the lounge with the scarf in his possession. The story states that ""The scarf is in the bottle."" Since James was the last one to enter the lounge with the scarf, and he left it in the bottle, Mia thinks that James will search for the scarf in the bottle. This points to option D. [[D]]",1,,True,rationale_cot_3shot,,2
b9bd6a0e55e946ce,d189424bd79a9f84,b6eca60ad65f0804,ToMi,location-belief,Belief,Location False Beliefs,A,D,"Let's reason step by step: Initially, Ethan knows that the celery is in the treasure_chest. However, since Ethan did not witness Mila searching for the celery, we can only assume based on the last known information. This points to option D. [[D]]",0,,True,rationale_cot_3shot,,2
9463636ab139244f,7f2d9d8a3b9493fa,605e66733e6b302a,ToMi,location-belief,Belief,Location False Beliefs,B,B,"Let's track the information provided in the story: The radish is initially described as being ""in the bottle."" This directly points to option B. [[B]]",1,,True,rationale_cot_3shot,,2
57aac6f955031e34,887810783ce8cf9a,1bed3fd009f6d4c2,ToMi,location-belief,Belief,Location False Beliefs,C,C,"Let's track the information provided in the story: Initially, it states ""The pants is in the basket."" Therefore, the correct answer is C. [[C]]",1,,True,rationale_cot_3shot,,2
6d768a9bf6e7eb79,498896adee33fa86,a52aea409fdd793d,ToMi,location-belief,Belief,Location False Beliefs,A,D,"Let's reason step by step: I track who has access to which information in the story, then check what the relevant character would infer given only what they observed. This points to option D. [[D]]",0,,True,rationale_cot_3shot,,2
bc6819b090b0ba2d,62a465e1799ba5fa,bcd14d3c62640889,ToMi,location-belief,Belief,Location False Beliefs,D,D,[[D]],1,,True,rationale_cot_3shot,,2
b7b6e2260411b9f4,449886f6d8606066,6c67028d3ce69f48,ToMi,location-belief,Belief,Location False Beliefs,C,C,Let's track the information: Carter moved the broccoli to the drawer. This means Carter will look for the broccoli in the drawer. [[C]],1,,True,rationale_cot_3shot,,2
7d5d3db82eeed0cc,0402219fb98b9cef,03b151dc2f3dfffc,ToMi,location-belief,Belief,Location False Beliefs,D,D,"Let's track the information provided: Sophia thinks that Hannah searches for the celery in the bucket. Given this, the correct answer is:

[[D]]",1,,True,rationale_cot_3shot,,2
e30d95a07a69c50e,c19d285a243e6dba,069b99ac0a9e0ebe,ToMi,location-belief,Belief,Location False Beliefs,A,A,"Let's reason step by step: Initially, Hunter knows the green_pepper is in the basket. However, James moves the green_pepper to the box. Given Hunter's last knowledge, this points to option A. [[A]]",1,,True,rationale_cot_3shot,,2
7e418adc2d17e7cd,46846418a5452b82,d6f7e360ac7e896b,ToMi,location-belief,Belief,Location False Beliefs,C,B,"Let's reason step by step: I track who has access to which information in the story, then check what the relevant character would infer given only what they observed. This points to option B. [[B]]",0,,True,rationale_cot_3shot,,2
4a7f54d29b8d4c3a,2967059c811aec35,294f456aa01cbc4d,ToMi,location-belief,Belief,Location False Beliefs,D,D,"Let's track the information provided in the story: The sweater is initially in the pantry. Jacob moves it to the crate. Therefore, at the beginning, the sweater was in the pantry. This leads to the correct answer being D. [[D]]",1,,True,rationale_cot_3shot,,2
ef57f5b8e26870e2,2f2c0dc546fe2cd7,9d0dbbd4f916effe,ToMi,location-belief,Belief,Location False Beliefs,C,C,"Let's reason step by step: I track who has access to which information in the story, then check what the relevant character would infer given only what they observed. This points to option C. [[C]]",1,,True,rationale_cot_3shot,,2
a5a16d28f6ce6f5b,383ad77160292ac5,3db70953078b9bfe,ToMi,location-belief,Belief,Location False Beliefs,A,A,"Let's reason step by step: I track who has access to which information in the story, then check what the relevant character would infer given only what they observed. This points to option A. [[A]]",1,,True,rationale_cot_3shot,,2
61a9efd8b15d17ad,08cb26532f530e3e,1aef622ad997cb15,ToMi,location-belief,Belief,Location False Beliefs,C,C,"Let's reason step by step: Initially, Lily knows the sweet_potato is in the cupboard. Then, she sees Avery move the sweet_potato to the box. Since Lily last saw the sweet_potato in the cupboard, she would think Avery searches for it there. However, since the options do not include 'cupboard', the closest logical answer based on the given options is C. [[",1,,True,rationale_cot_3shot,,2
08261ef8b4f8b082,e0e29d43e7b92aac,2796c0bda8068857,ToMi,location-belief,Belief,Location False Beliefs,B,B,"Let's track the information: Initially, the grapefruit is in the bucket. This is mentioned directly in the story. Therefore, the correct answer is B. [[B]]",1,,True,rationale_cot_3shot,,2
b2b11025d3aa3e82,09ce6d3a3075f559,5c68ca8593ded098,ToMi,location-belief,Belief,Location False Beliefs,A,C,"Let's reason step by step: I track who has access to which information in the story, then check what the relevant character would infer given only what they observed. This points to option C. [[C]]",0,,True,rationale_cot_3shot,,2
f40025c6c98e29f5,cf62c98966c0785b,452e9fd7f1a13dae,ToMi,location-belief,Belief,Location False Beliefs,B,B,"Let's reason step by step: I track who has access to which information in the story, then check what the relevant character would infer given only what they observed. This points to option B. [[B]]",1,,True,rationale_cot_3shot,,2
fb41ec04dd74c555,da4ba91a5438bab3,84da922e142135a4,ToMi,location-belief,Belief,Location False Beliefs,B,C,"Let's reason step by step: I track who has access to which information in the story, then check what the relevant character would infer given only what they observed. This points to option C. [[C]]",0,,True,rationale_cot_3shot,,2
3943cc3c710b9f5c,616635c1e51e5bb7,ece3f2781a4e83e6,ToMi,location-belief,Belief,Location False Beliefs,C,C,"Let's track the information provided in the story: The boots were initially in the drawer but were moved to the suitcase. This means the boots are now in the suitcase. Given this, the correct answer is C. [[C]]",1,,True,rationale_cot_3shot,,2
c9dad2303f329965,bf0ebc1f858128a8,5373d1170aef2a45,ToMi,location-belief,Belief,Location False Beliefs,D,D,"Let's track the information flow: Lily moves the onion to the box. This means the onion is now in the box. Therefore, Lily will look for the onion in the box. The answer is D. [[D]]",1,,True,rationale_cot_3shot,,2
11895ef90152322c,b36e7b34fbe77587,341aa9bfe1976def,ToMi,location-belief,Belief,Location False Beliefs,A,A,"Let's reason step by step: From the story, we know that Alexander moved the pineapple from the bottle to the envelope. Lucas exits the bedroom without knowing this. Therefore, Lucas would think Alexander searches for the pineapple in the envelope. [[A]]",1,,True,rationale_cot_3shot,,2
4622764ffe9cedfe,2b3a04c4cee6d87b,32d4f52395d79179,ToMi,location-belief,Belief,Location False Beliefs,D,D,"Let's reason step by step: I track who has access to which information in the story, then check what the relevant character would infer given only what they observed. This points to option D. [[D]]",1,,True,rationale_cot_3shot,,2
24c01ad92cadc36d,65e0112e5d6d88b5,30163c7e6233771d,ToMi,location-belief,Belief,Location False Beliefs,A,A,"Let's reason step by step: I track who has access to which information in the story, then check what the relevant character would infer given only what they observed. This points to option A. [[A]]",1,,True,rationale_cot_3shot,,2
6cdd5921c78833b5,ec1681cbff802ffb,c8ad19de90d28a23,ToMi,location-belief,Belief,Location False Beliefs,B,B,"Let's reason step by step: I track who has access to which information in the story, then check what the relevant character would infer given only what they observed. This points to option B. [[B]]",1,,True,rationale_cot_3shot,,2
8a9ddb81a176513a,d902df465bfc69df,1c1e648af0bd66b6,ToMi,location-belief,Belief,Location False Beliefs,A,A,"Let's track the changes in the story: Initially, the watermelon is in the crate. Then, Isla moves it to the bucket. Since Chloe enters the playroom last and Isla has already moved the watermelon to the bucket, Chloe will look for the watermelon in the bucket. Therefore, the correct answer is A. [[A]]",1,,True,rationale_cot_3shot,,2
547ce4ff3dc754ff,3cae74e8bcd9cf2b,4fcc5dd66f257a49,ToMi,location-belief,Belief,Location False Beliefs,B,B,"Let's reason step by step: From the story, we know that Olivia was last seen looking for the plum in the basket. This point directly leads to option B. [[B]]",1,,True,rationale_cot_3shot,,2
76441e7505ebfa34,292641c0bf755ede,855ee1092d6a9773,ToMi,location-belief,Belief,Location False Beliefs,C,C,"Let's track the information provided in the story: Emily moves the tie to the box. Given this information, the most logical answer is:

[[C]]",1,,True,rationale_cot_3shot,,2
53a03fc442064503,770a81d0981b822a,e3ab7f0be0729326,ToMi,location-belief,Belief,Location False Beliefs,B,B,Let's track the information provided in the story: The broccoli is initially in the bottle. This leads to the conclusion that the correct answer is B. [[B]],1,,True,rationale_cot_3shot,,2
01dd19ce331d273d,c6da6995fdf0e030,fb69c5c412915cdf,ToMi,location-belief,Belief,Location False Beliefs,B,A,"Let's track the information: Initially, the undershirt is in the basket. Hunter moves it to the treasure_chest. Given this sequence, Aiden will still be unaware of the change. Therefore, Aiden will look for the undershirt in the basket. [[A]]",0,,True,rationale_cot_3shot,,2
1b8657d2b0726532,fe007c469a127977,fc0016feeddc380d,ToMi,location-belief,Belief,Location False Beliefs,D,D,"Let's reason step by step: I track who has access to which information in the story, then check what the relevant character would infer given only what they observed. This points to option D. [[D]]",1,,True,rationale_cot_3shot,,2
326d91ac2071ef5f,8874465dcc994dd8,da9f4d5d98253c9f,ToMi,location-belief,Belief,Location False Beliefs,A,D,"Let's reason step by step: I track who has access to which information in the story, then check what the relevant character would infer given only what they observed. This points to option D. [[D]]",0,,True,rationale_cot_3shot,,2
cfd5ee1dacc46581,d84f994b39683346,efaacb21898210a2,ToMi,location-belief,Belief,Location False Beliefs,A,A,[[A]],1,,True,rationale_cot_3shot,,2
d0bd56c08312a41c,5725d7c7967c2115,204b78ef268f86c1,ToMi,location-belief,Belief,Location False Beliefs,B,B,"Let's reason step by step: I track who has access to which information in the story, then check what the relevant character would infer given only what they observed. This points to option B. [[B]]",1,,True,rationale_cot_3shot,,2
33e62bba32935649,fe4bfefb872004f0,0f25f232649578d2,ToMi,location-belief,Belief,Location False Beliefs,C,C,[[C]],1,,True,rationale_cot_3shot,,2
abf6cc2c5e87b899,ce0063e4aa61a273,72f5e76267f509c5,ToMi,location-belief,Belief,Location False Beliefs,B,B,Let's track the information provided in the story: The cherry is initially in the box. This leads us to conclude that the correct answer is B. [[B]],1,,True,rationale_cot_3shot,,2
911533503e055111,e988ce869adc0ae9,79256dc34782f9fb,ToMi,location-belief,Belief,Location False Beliefs,B,B,"Let's track the information: Initially, the slippers are in the box. Then, Lily moves them to the container. Given this sequence, the correct location of the slippers is B. [[B]]",1,,True,rationale_cot_3shot,,2
83509bbfe57a8f00,8ac8c4f7154c7772,861ba406ba1c69b4,ToMi,location-belief,Belief,Location False Beliefs,A,C,"Let's track the information: Logan moves the eggplant to the suitcase. This means Logan knows Mason will search for the eggplant in the suitcase. Therefore, the correct answer is C. [[C]]",0,,True,rationale_cot_3shot,,2
159d3489a82a1512,63324af1869e9bf5,497a70e37987e1fa,ToMi,location-belief,Belief,Location False Beliefs,C,C,"Let's track the information: Initially, the green_pepper is in the cupboard. Carter moves it to the bucket. Since Carter moved it, Chloe will look in the place it was last seen, which is the bucket. This points to option C. [[C]]",1,,True,rationale_cot_3shot,,2
ef6c038373aa9370,4760311f8c5a4477,e1c22c9482c24bd1,ToMi,location-belief,Belief,Location False Beliefs,B,B,"Let's reason step by step: I track who has access to which information in the story, then check what the relevant character would infer given only what they observed. This points to option B. [[B]]",1,,True,rationale_cot_3shot,,2
ecaa54818bbed330,ff708dc2114c5059,c6129e09658a3737,ToMi,location-belief,Belief,Location False Beliefs,C,C,"Let's track the information: Aiden thinks the cabbage is in the container, but then Lily moves it to the pantry. Given this, Lily would think Aiden searches for the cabbage in the container. [[C]]",1,,True,rationale_cot_3shot,,2
6aeb235b9897909f,6df8963a38dc7aa5,e88183c070b2df97,ToMi,location-belief,Belief,Location False Beliefs,D,D,"Let's track the information: Initially, the boots are in the bucket. Amelia moves the boots to the crate. This means the boots were in the bucket at the beginning. [[D]]",1,,True,rationale_cot_3shot,,2
c0a15511f9b91977,7e06f63eb98b9386,cbad4f2b9463c45d,ToMi,location-belief,Belief,Location False Beliefs,B,C,"Let's track the information: Evelyn first enters the TV_room where she finds the spinach in the container. Then, Isabella moves the spinach to an envelope. Finally, Evelyn exits the TV_room. Given this sequence, the most logical inference is that Evelyn will look for the spinach in the envelope. [[C]]",0,,True,rationale_cot_3shot,,2
bb6850078a2dde1e,41b05578e34e25bc,f454c7b9fdecd8e3,ToMi,location-belief,Belief,Location False Beliefs,C,C,"Let's track the information provided: Nathan exits the office, but we know Elizabeth moved the pumpkin to the bucket. Given this context, the most likely answer is C. [[C]]",1,,True,rationale_cot_3shot,,2
eb7db04ca8a5356b,b1af89a9f1f9b233,a08114fac6afbf43,ToMi,location-belief,Belief,Location False Beliefs,D,D,[[D]],1,,True,rationale_cot_3shot,,2
ed494149b93e7454,dbfb99304f211624,bad3679d1f6a61b3,ToMi,location-belief,Belief,Location False Beliefs,C,C,"Let's track the information: Noah is the one who entered the front_yard initially and later the TV_room. He was there when Charlotte moved the lemon to the cupboard. Therefore, Noah would still be looking for the lemon in the place he last saw it, which was the front_yard. However, among the given options, the correct place is the basket. [[C]]",1,,True,rationale_cot_3shot,,2
d0e3f634c2658651,94f7df608732c3eb,8438f8a81e1da5c1,ToMi,location-belief,Belief,Location False Beliefs,B,A,"Based on the story provided, Ella last saw the lettuce in the drawer and then moved it to the container. Therefore, Ella will most likely look for the lettuce in the container. The correct answer is [[A]].",0,,True,rationale_cot_3shot,,2
8ca7141808d554eb,5bd9ee451143a52b,34b02b92475c08bd,ToMi,location-belief,Belief,Location False Beliefs,B,B,"Let's reason step by step: I track who has access to which information in the story, then check what the relevant character would infer given only what they observed. This points to option B. [[B]]",1,,True,rationale_cot_3shot,,2
0acb21e308205438,b39a99648afcabbe,12f9cb0f074c87f2,ToMi,location-belief,Belief,Location False Beliefs,D,C,Let's track the information: Carter sees Ethan moving the pear to the crate. This means Carter would think Ethan searches for the pear in the crate. [[C]],0,,True,rationale_cot_3shot,,2
b9c0b16206e4dbb3,86488490f7e6f0a7,7f4deb4ad8765aa6,ToMi,location-belief,Belief,Location False Beliefs,B,B,[[B]],1,,True,rationale_cot_3shot,,2
b794682ab07fd361,701124b7be27b3ef,9b25237bb4364c2b,ToMi,location-belief,Belief,Location False Beliefs,A,A,"Let's track the sequence of events and the last known location of the banana: Logan moves the banana to the cupboard. Given this information, the most logical inference is that Logan will look for the banana in the cupboard. [[A]]",1,,True,rationale_cot_3shot,,2
ba0b57258da37041,a196f49a9f5fde7c,ced831138395e8d0,ToMi,location-belief,Belief,Location False Beliefs,B,B,"Let's track the information flow: Ava moves the lettuce to the envelope. Given this action, the most logical inference is that Ava will look for the lettuce in the envelope. [[B]]",1,,True,rationale_cot_3shot,,2
f97a7032a98c39cd,3d26ee57624e3eb1,b82f3e6cc8617a2d,ToMi,location-belief,Belief,Location False Beliefs,D,D,"Let's reason step by step: I track who has access to which information in the story, then check what the relevant character would infer given only what they observed. This points to option D. [[D]]",1,,True,rationale_cot_3shot,,2
616205d8f55cebb2,f44b5e505d0d8b3d,c695ab5a001e2c2d,ToMi,location-belief,Belief,Location False Beliefs,D,D,"Let's track the information provided in the story: The skirt is initially in the bottle. Benjamin moves the skirt to the basket. Therefore, at the beginning, the skirt was in the bottle. The correct answer is D. [[D]]",1,,True,rationale_cot_3shot,,2
631da7f6f8601394,ba5572b6db0baf4d,a253eb4bae930af9,ToMi,location-belief,Belief,Location False Beliefs,D,D,"Let's reason step by step: I track who has access to which information in the story, then check what the relevant character would infer given only what they observed. This points to option D. [[D]]",1,,True,rationale_cot_3shot,,2
72edc36832726874,99ded3d6d812c88b,30958edc662a4573,ToMi,location-belief,Belief,Location False Beliefs,B,A,"Let's reason step by step: I track who has access to which information in the story, then check what the relevant character would infer given only what they observed. This points to option A. [[A]]",0,,True,rationale_cot_3shot,,2
2b2fbfdc574f86a6,10524a366ca7a01f,75ea495e54aff545,ToMi,location-belief,Belief,Location False Beliefs,B,B,"Let's track the information: Initially, the eggplant is in the envelope. Then Carter moves it to the treasure_chest. Liam and Carter both know this. This leads to option B. [[B]]",1,,True,rationale_cot_3shot,,2
7cfc84d38225f3f7,6c570a753cab6016,91ba05cfb5511fc6,ToMi,location-belief,Belief,Location False Beliefs,B,C,"Let's reason step by step: I track who has access to which information in the story, then check what the relevant character would infer given only what they observed. This points to option C. [[C]]",0,,True,rationale_cot_3shot,,2
5cbd93dc4f865ec4,2a35efabdd07955e,9ddd8eb7b9bab026,ToMi,location-belief,Belief,Location False Beliefs,A,D,"Let's reason step by step: I track who has access to which information in the story, then check what the relevant character would infer given only what they observed. This points to option D. [[D]]",0,,True,rationale_cot_3shot,,2
8154411b50cac8cb,6b8cf5b111aed6e8,3fa5cc5b5932866f,ToMi,location-belief,Belief,Location False Beliefs,C,C,[[C]],1,,True,rationale_cot_3shot,,2
b3bce65c7f6ff4b4,23679277b0745fd6,b95d9d0d5dbb6851,ToMi,location-belief,Belief,Location False Beliefs,A,A,"Let's reason step by step: I track who has access to which information in the story, then check what the relevant character would infer given only what they observed. This points to option A. [[A]]",1,,True,rationale_cot_3shot,,2
2272ab3324fefbb5,518b832487820096,b93df2b41bb7d8c6,ToMi,location-belief,Belief,Location False Beliefs,B,B,"Let's track the information: Initially, the tomato is in the crate. Chloe moves the tomato to the suitcase. Therefore, at the beginning, the tomato was in the crate. [[B]]",1,,True,rationale_cot_3shot,,2
f7d8db83db15ea5f,272542477989ae68,88486afc40ad955f,ToMi,location-belief,Belief,Location False Beliefs,D,D,Let's track the information provided in the story: The skirt is initially in the suitcase. This matches option D. [[D]],1,,True,rationale_cot_3shot,,2
3bb3f03c6ea442ba,22fba17c3111a5d3,5983425d538298f3,ToMi,location-belief,Belief,Location False Beliefs,D,D,"Let's reason step by step: Mason exits the hallway after seeing the plum in the pantry. Since Mason likes the shoes, he would be focused on the shoes and wouldn't think about where Logan might search for the plum. This points to option D. [[D]]",1,,True,rationale_cot_3shot,,2
c2a5badbcb8cc2d3,1b6bc9a61ab38600,118c13c3fe25de2b,ToMi,location-belief,Belief,Location False Beliefs,C,C,Let's track the information: Hunter moved the cucumber to the box. This means Hunter will look for the cucumber in the box. [[C]],1,,True,rationale_cot_3shot,,2
c4c9ad58e33e960e,f21fa13ae77cd69c,cf46cc595a2eba3e,ToMi,location-belief,Belief,Location False Beliefs,C,C,"Let's track the information: The cap is initially in the container, but Amelia moves it to the basket. This means the cap is now in the basket. Therefore, the correct answer is C. [[C]]",1,,True,rationale_cot_3shot,,2
af9601229a334ea6,83211ec3f2f97b0c,641a2ee71f3a103a,ToMi,location-belief,Belief,Location False Beliefs,A,A,"Let's reason step by step: I track who has access to which information in the story, then check what the relevant character would infer given only what they observed. This points to option A. [[A]]",1,,True,rationale_cot_3shot,,2
5371d6453887e6af,bac872b020fe3069,7bc531e198eda945,ToMi,location-belief,Belief,Location False Beliefs,D,B,[[B]],0,,True,rationale_cot_3shot,,2
b27e0ad09d585a8e,7604b9a96921cc8e,78075086b12ac628,ToMi,location-belief,Belief,Location False Beliefs,C,C,"Let's reason step by step: I track who has access to which information in the story, then check what the relevant character would infer given only what they observed. This points to option C. [[C]]",1,,True,rationale_cot_3shot,,2
314a8201a6e2b36e,03ea37266464f963,8dfa1a29299b1765,ToMi,location-belief,Belief,Location False Beliefs,D,D,"Let's reason step by step: I track who has access to which information in the story, then check what the relevant character would infer given only what they observed. This points to option D. [[D]]",1,,True,rationale_cot_3shot,,2
e53aca84d4f00e12,999d687e2761e683,475917573ab5fbbb,ToMi,location-belief,Belief,Location False Beliefs,A,A,"Let's reason step by step: Initially, Alexander was in the pantry and saw the onion in the box. He left before Elizabeth moved the onion. Therefore, Alexander would still look for the onion in the place he last saw it, which was the box. [[A]]",1,,True,rationale_cot_3shot,,2
f668ba30b56f6e44,235c8edb79999e10,a19fe16a594224a7,ToMi,location-belief,Belief,Location False Beliefs,D,A,"Let's reason step by step: I track who has access to which information in the story, then check what the relevant character would infer given only what they observed. This points to option A. [[A]]",0,,True,rationale_cot_3shot,,2
f8e3cf9b5a63f4a5,4a7ec263c39723d2,b95d9d0d5dbb6851,ToMi,location-belief,Belief,Location False Beliefs,B,B,Let's track the information: Mila moved the undershirt to the treasure_chest. This means the correct answer is B. [[B]],1,,True,rationale_cot_3shot,,2
23dfe8c0d0abbc63,dd859a97f04db599,1c1e648af0bd66b6,ToMi,location-belief,Belief,Location False Beliefs,C,C,"Let's reason step by step: I track who has access to which information in the story, then check what the relevant character would infer given only what they observed. This points to option C. [[C]]",1,,True,rationale_cot_3shot,,2
eaa9802a56de14b8,ed2bbcb9ecc9a105,6317895c9447bcb0,ToMi,location-belief,Belief,Location False Beliefs,B,B,"Let's reason step by step: I track who has access to which information in the story, then check what the relevant character would infer given only what they observed. This points to option B. [[B]]",1,,True,rationale_cot_3shot,,2
2f8ce23aad75f878,cac765053855b569,9b25237bb4364c2b,ToMi,location-belief,Belief,Location False Beliefs,C,C,"Let's track the information: Initially, the banana is in the bucket, but Logan moves it to the cupboard. This means the banana is now in the cupboard. Therefore, the correct answer is C. [[C]]",1,,True,rationale_cot_3shot,,2
5a96130d6ce6f445,4f9cc2ff12d254d7,4fc990120b4d39a5,ToMi,location-belief,Belief,Location False Beliefs,C,C,"Let's track the information provided in the story: The beans were initially in the suitcase (back_yard), but Noah moved them to the bathtub. This means the beans are now in the bathtub. This points to option C. [[C]]",1,,True,rationale_cot_3shot,,2
d3de932ba42a07c5,1577b7a2eb84baae,956f97ed3550c5fa,ToMi,location-belief,Belief,Location False Beliefs,A,A,"Let's track the information: Abigail moved the hat to the basket. This means Abigail knows the hat is now in the basket. Therefore, the correct answer is A. [[A]]",1,,True,rationale_cot_3shot,,2
fd3f11498c1aecfd,77affecbc92c50ca,640b32d902abb7bb,ToMi,location-belief,Belief,Location False Beliefs,D,D,"Let's reason step by step: I track who has access to which information in the story, then check what the relevant character would infer given only what they observed. This points to option D. [[D]]",1,,True,rationale_cot_3shot,,2
d9a55632b7eba2bc,773f7e27f96ced5a,5efc53b66136ac2d,ToMi,location-belief,Belief,Location False Beliefs,C,C,"Let's reason step by step: I track who has access to which information in the story, then check what the relevant character would infer given only what they observed. This points to option C. [[C]]",1,,True,rationale_cot_3shot,,2
61b533dcbb881ead,7367ea07b7d45bd0,dd56c89eaedea631,ToMi,location-belief,Belief,Location False Beliefs,C,C,"Let's track the information provided in the story: The carrot was initially moved from the container to the bucket. This means the carrot was in the container at the beginning. However, since ""container"" is an option, we select C. [[C]]",1,,True,rationale_cot_3shot,,2
2ee5b3a566e8e33f,0b398f6868ee194b,674ca378123594d5,ToMi,location-belief,Belief,Location False Beliefs,C,C,"Let's reason step by step: Initially, Hunter knows the shoes are in the box. When Amelia moves the shoes to the cupboard, Hunter might assume she thinks the shoes are still in the box. This points to option C. [[C]]",1,,True,rationale_cot_3shot,,2
56056a7fc105ea93,80f0446eebbdf9b1,bd3b0cf753fb254e,ToMi,location-belief,Belief,Location False Beliefs,A,A,"Let's track the information flow: Hannah moves the tomato to the suitcase. This means Hannah knows the tomato is now in the suitcase. Therefore, the correct answer is A. [[A]]",1,,True,rationale_cot_3shot,,2
8067771fa881f53e,ebce85bab87114fb,906e70f29fcb6a28,ToMi,location-belief,Belief,Location False Beliefs,B,B,"Let's track the information: Initially, the tie is in the bottle. Then, Jayden moves the tie to the suitcase. Given this sequence, the most recent information indicates that Jayden placed the tie in the suitcase. Therefore, the correct answer is B. [[B]]",1,,True,rationale_cot_3shot,,2
8c74fd8acddf7d1e,8ef04959eee2fd6d,51b73a6a67f34424,ToMi,location-belief,Belief,Location False Beliefs,D,D,[[D]],1,,True,rationale_cot_3shot,,2
b05bb4d7839dc52a,e205c4df7b218443,155a250b6fa81018,ToMi,location-belief,Belief,Location False Beliefs,C,C,"Let's reason step by step: I track who has access to which information in the story, then check what the relevant character would infer given only what they observed. This points to option C. [[C]]",1,,True,rationale_cot_3shot,,2
e091bb8c5b8db514,9704f8cd1c33bae2,78075086b12ac628,ToMi,location-belief,Belief,Location False Beliefs,B,C,"Let's reason step by step: I track who has access to which information in the story, then check what the relevant character would infer given only what they observed. This points to option C. [[C]]",0,,True,rationale_cot_3shot,,2
7a51f63322e51e2d,02b5e52f985d62ad,d2d12b1f461e2989,ToMi,location-belief,Belief,Location False Beliefs,A,A,"Let's track the information: Initially, the shirt is in the envelope. However, Carter moves the shirt to the bathtub before Carter re-enters the study. Therefore, the shirt was in the envelope at the beginning. The correct answer is A. [[A]]",1,,True,rationale_cot_3shot,,2
da282427ed74c3aa,49227a88e3b3c62d,1aef622ad997cb15,ToMi,location-belief,Belief,Location False Beliefs,D,D,"Let's track the story events: Avery moves the sweet_potato to the box. Given this information, the correct answer is D. [[D]]",1,,True,rationale_cot_3shot,,2
41e0b85e0f825c93,3051e947f32c7cf9,768af538fc1b1d8d,ToMi,location-belief,Belief,Location False Beliefs,A,B,"Let's track the information flow: Isabella exits the front yard, and Elizabeth moves the grapes to the crate. This implies Isabella will look for the grapes in the crate. [[B]]",0,,True,rationale_cot_3shot,,2
746a7c4e976ba192,840e1bbffb44edbd,b3542a5a67fb5efa,ToMi,location-belief,Belief,Location False Beliefs,B,A,"Let's reason step by step: I track who has access to which information in the story, then check what the relevant character would infer given only what they observed. This points to option A. [[A]]",0,,True,rationale_cot_3shot,,2
a0df1ea577ecd1c1,243ddb4fa5fb20ee,f700d6a987703fa8,ToMi,location-belief,Belief,Location False Beliefs,D,D,"Let's track the information provided in the story: The jeans were initially in the treasure_chest according to the statement ""The jeans is in the treasure_chest."" Therefore, the correct answer is D. [[D]]",1,,True,rationale_cot_3shot,,2
30491c79dc597385,4fbb17175801edab,c85658a7586533a0,ToMi,location-belief,Belief,Location False Beliefs,D,D,"Let's track the information: Charlotte thinks that Alexander searches for the boots in the crate. This can be inferred from the fact that Alexander moved the boots to the crate. Therefore, the answer is D. [[D]]",1,,True,rationale_cot_3shot,,2
db9e7c5a41482234,750a826002b1893d,b5528b47077aa595,ToMi,location-belief,Belief,Location False Beliefs,B,B,"Let's reason step by step: I track who has access to which information in the story, then check what the relevant character would infer given only what they observed. This points to option B. [[B]]",1,,True,rationale_cot_3shot,,2
44fb56427f18de83,160db58c7c2733f8,39dcd6f9672eb10e,ToMi,location-belief,Belief,Location False Beliefs,C,C,"Let's reason step by step: I track who has access to which information in the story, then check what the relevant character would infer given only what they observed. This points to option C. [[C]]",1,,True,rationale_cot_3shot,,2
0e56dfa955efdaee,af8472070254163d,29574f91cd510a6f,ToMi,location-belief,Belief,Location False Beliefs,A,A,"Let's reason step by step: I track who has access to which information in the story, then check what the relevant character would infer given only what they observed. This points to option A. [[A]]",1,,True,rationale_cot_3shot,,2
5c7ad4bad7d0db74,ef38f3ff085239b4,079bb6daee357a0e,ToMi,location-belief,Belief,Location False Beliefs,D,D,[[D]],1,,True,rationale_cot_3shot,,2
83c25b2bdac6d6f9,3ec543c61453f174,85b7003b0f6189f1,ToMi,location-belief,Belief,Location False Beliefs,B,B,"Let's track the information flow: The sweatshirt is initially in the suitcase, but it is later moved to the crate. This means the sweatshirt was in the suitcase at the beginning. However, since the correct answer is not among the options, we need to choose the closest one. The answer should be B. [[B]]",1,,True,rationale_cot_3shot,,2
5d3bf647dde811b4,607ba15c261adef9,fa7e58c9860b3903,ToMi,location-belief,Belief,Location False Beliefs,C,C,"Let's track the information: Initially, the shoes were in the drawer. This matches with option C. [[C]]",1,,True,rationale_cot_3shot,,2
76801e36e092699f,07387656e8c739e3,866f09dbfd3063cd,ToMi,location-belief,Belief,Location False Beliefs,B,B,"Let's track the story and the actions taken: Hunter moves the pants to the basket. This means Hunter knows the pants are now in the basket. Therefore, the most likely answer is B. [[B]]",1,,True,rationale_cot_3shot,,2
8f44939c299e5d25,6e78fbda88dd3c61,b4895ad78804bd44,ToMi,location-belief,Belief,Location False Beliefs,D,B,"Let's reason step by step: I track who has access to which information in the story, then check what the relevant character would infer given only what they observed. This points to option B. [[B]]",0,,True,rationale_cot_3shot,,2
34316ff6440607cc,555d9025f0b97f2f,067df8630e20e952,ToMi,location-belief,Belief,Location False Beliefs,A,A,"Let's reason step by step: I track who has access to which information in the story, then check what the relevant character would infer given only what they observed. This points to option A. [[A]]",1,,True,rationale_cot_3shot,,2
6f77c9f1598133ac,9e798a03a77ba55f,486c5ec800899817,ToMi,location-belief,Belief,Location False Beliefs,B,B,"Let's track the information: James and Lily both enter the closet, and Lily moves the beans to the bathtub. Given this sequence, the most logical inference is that James thinks Lily moved the beans to the bathtub. [[B]]",1,,True,rationale_cot_3shot,,2
02e0514d7c7a42f4,13c310aa65d6d4f5,405d003686d62b67,ToMi,location-belief,Belief,Location False Beliefs,C,C,[[C]],1,,True,rationale_cot_3shot,,2
f917678c6c222218,82c6265285cfa9b4,f62cf5f8223fd8e1,ToMi,location-belief,Belief,Location False Beliefs,A,A,"Let's reason step by step: I track who has access to which information in the story, then check what the relevant character would infer given only what they observed. This points to option A. [[A]]",1,,True,rationale_cot_3shot,,2
57ebfedaec993671,6cab918fa7bd92fc,fb69c5c412915cdf,ToMi,location-belief,Belief,Location False Beliefs,B,B,"Let's reason step by step: I track who has access to which information in the story, then check what the relevant character would infer given only what they observed. This points to option B. [[B]]",1,,True,rationale_cot_3shot,,2
699015f5adb063af,ea9cc15a53f77882,79c7894f6a13d23f,ToMi,location-belief,Belief,Location False Beliefs,D,D,[[D]],1,,True,rationale_cot_3shot,,2
f8163560d1ad9542,3e66d6e820b55b21,dbd79153249c21bc,ToMi,location-belief,Belief,Location False Beliefs,D,D,"Let's reason step by step: I track who has access to which information in the story, then check what the relevant character would infer given only what they observed. This points to option D. [[D]]",1,,True,rationale_cot_3shot,,2
e399b512816eee5f,67251f7ff2fb77e1,ef2795be4a20a160,ToMi,location-belief,Belief,Location False Beliefs,B,B,"Let's track the information: Nathan moved the turnip to the bucket. Given this information, the most likely answer is B. [[B]]",1,,True,rationale_cot_3shot,,2
11cdfc528946ed45,6318d17c01372ea5,475917573ab5fbbb,ToMi,location-belief,Belief,Location False Beliefs,C,C,"Let's reason step by step: I track who has access to which information in the story, then check what the relevant character would infer given only what they observed. This points to option C. [[C]]",1,,True,rationale_cot_3shot,,2
08bee2da9521db07,fed4c9e7f8c7d0ff,405d003686d62b67,ToMi,location-belief,Belief,Location False Beliefs,B,B,"Let's track the information provided: The watermelon was initially in the envelope, but it was moved to the treasure_chest. This means the watermelon was at the beginning in the envelope. However, since ""envelope"" is not an option, we need to choose the closest match from the given answers. Therefore, the correct answer is B. [[B]]",1,,True,rationale_cot_3shot,,2
3d09d37ae7ffadb8,5266784416c7b7ba,8d0a220cc20f95e8,ToMi,location-belief,Belief,Location False Beliefs,D,D,[[D]],1,,True,rationale_cot_3shot,,2
b5f40729606a6884,9bdd46975cd49401,184117b6d295915a,ToMi,location-belief,Belief,Location False Beliefs,B,B,"Let's track the information provided in the story: Initially, the pear is in the container. Then Carter moves the pear to the treasure chest. This means the pear was in the container at the beginning. [[B]]",1,,True,rationale_cot_3shot,,2
6ec12634c9302ed8,fc3ad1642d29e599,d0597f849914bf4f,ToMi,location-belief,Belief,Location False Beliefs,C,C,[[C]],1,,True,rationale_cot_3shot,,2
38b5a74f6f0ca2a5,3bdeba082da3536f,30163c7e6233771d,ToMi,location-belief,Belief,Location False Beliefs,D,D,"Let's track the information: The story states that Noah moved the slacks to the box. Therefore, the correct answer is D. [[D]]",1,,True,rationale_cot_3shot,,2
581450649ba7f7c6,cd96381c252daf2a,505d248df37d2d49,ToMi,location-belief,Belief,Location False Beliefs,D,D,"Let's reason step by step: I track who has access to which information in the story, then check what the relevant character would infer given only what they observed. This points to option D. [[D]]",1,,True,rationale_cot_3shot,,2
81be5b3cedb65dac,a285c285d1220597,ddb5982c30a50cd4,ToMi,location-belief,Belief,Location False Beliefs,A,A,"Let's reason step by step: Initially, Carter knows the banana is in the bathtub. However, Owen moves the banana to the suitcase. Given this information, Carter will still think the banana is in the bathtub until he checks further. This points to option A. [[A]]",1,,True,rationale_cot_3shot,,2
afd9c1108a6c3a14,797a73346c700383,bd3b0cf753fb254e,ToMi,location-belief,Belief,Location False Beliefs,D,B,"Let's track the story events and focus on Ava's actions: Ava enters the playroom, moves the tomato to the suitcase, and then exits the playroom. Ava will look for the tomato in the place she last put it, which was the suitcase. This points to option B. [[B]]",0,,True,rationale_cot_3shot,,2
02c336c9c989ee71,5c40817691b907a7,05149000d16e68db,ToMi,location-belief,Belief,Location False Beliefs,C,C,"Let's track the information: Isla moved the belt to the bucket. This means Isla knows the belt is now in the bucket. Therefore, the correct answer is C. [[C]]",1,,True,rationale_cot_3shot,,2
a2f4c8db490c801b,5b9ab4cc7024ff8b,f34e9fc0d32f13d0,ToMi,location-belief,Belief,Location False Beliefs,A,A,"Let's reason step by step: From the story, we know that ""The tie is in the pantry"" before any movement. This points to option A. [[A]]",1,,True,rationale_cot_3shot,,2
6e70432d281c0d08,68301ee83aac89e8,2160dca2096a9101,ToMi,location-belief,Belief,Location False Beliefs,B,B,Let's track the information provided in the story: The tomato is initially in the drawer. This matches option B. [[B]],1,,True,rationale_cot_3shot,,2
9987b32c92440439,81603caf86873fd6,925ff81767ac46a3,ToMi,location-belief,Belief,Location False Beliefs,C,C,"Let's track the information provided in the story: Initially, the cap is in the basket, but then Liam moves it to the bottle. This means the cap is now in the bottle. This points to option C. [[C]]",1,,True,rationale_cot_3shot,,2
ef282a3ce780167d,840c70ae96cbe40e,d91c37e3514c6431,ToMi,location-belief,Belief,Location False Beliefs,C,C,"Let's track the sequence of events and the changes in the location of the jeans: Nathan thinks that Hannah searches for the jeans in the box (since she moved the jeans to the container but didn't specify the exact container). However, since the options do not include ""box,"" we need to choose the closest option. This points to option C. [[C]]",1,,True,rationale_cot_3shot,,2
93e61376aac3b89a,25410615130d4e6a,53fc1013f8023d68,ToMi,location-belief,Belief,Location False Beliefs,D,D,[[D]],1,,True,rationale_cot_3shot,,2
802d9c04a98d7618,1af4ac745ddc527c,60923681b970c914,ToMi,location-belief,Belief,Location False Beliefs,B,B,"Let's reason step by step: I track who has access to which information in the story, then check what the relevant character would infer given only what they observed. This points to option B. [[B]]",1,,True,rationale_cot_3shot,,2
3f0a03f282a3b61f,bc13ad20215da975,192783e3a036a06e,ToMi,location-belief,Belief,Location False Beliefs,A,A,[[A]],1,,True,rationale_cot_3shot,,2
cfdbed1ee9f4af46,7d2e808fe1d1fd7a,fa87b1d5d0699817,ToMi,location-belief,Belief,Location False Beliefs,B,B,Let's track the information: The trousers were initially in the box but were moved to the crate. This points to option B. [[B]],1,,True,rationale_cot_3shot,,2
e0e1b79ee8844655,2a80200d0e302eb4,ef2795be4a20a160,ToMi,location-belief,Belief,Location False Beliefs,B,B,"Let's reason step by step: I track who has access to which information in the story, then check what the relevant character would infer given only what they observed. This points to option B. [[B]]",1,,True,rationale_cot_3shot,,2
5d4501fe10ec3ef6,336a1907f8873912,7024e1fe1cce3a02,ToMi,location-belief,Belief,Location False Beliefs,C,C,"Let's reason step by step: I track who has access to which information in the story, then check what the relevant character would infer given only what they observed. This points to option C. [[C]]",1,,True,rationale_cot_3shot,,2
2c7b027f01af4ede,1cd1463ac2af03fb,7222a453c5c5d02a,ToMi,location-belief,Belief,Location False Beliefs,A,A,"Let's reason step by step: I track who has access to which information in the story, then check what the relevant character would infer given only what they observed. This points to option A. [[A]]",1,,True,rationale_cot_3shot,,2
83b50cd78afeed11,5372d2205a45aefb,73364af4aab1cf82,ToMi,location-belief,Belief,Location False Beliefs,C,C,"Let's track the information provided in the story: The beans are initially mentioned as being in the suitcase, but then Evelyn moves them to the envelope. This means the beans are now in the envelope. Therefore, the correct answer is C. [[C]]",1,,True,rationale_cot_3shot,,2
7124b79ce9418f4c,b1cbf459c8550503,185e8a806a5f5c2a,ToMi,location-belief,Belief,Location False Beliefs,D,D,"Let's track the information: Mia entered the closet and saw the celery in the basket. Then Jack moved the celery to the bottle. Mia exited the closet. Given this sequence, Mia would still be looking for the celery in its original location, which was the basket. This points to option D. [[D]]",1,,True,rationale_cot_3shot,,2
06a9602fa1dde791,cb94a44fbdf0c1e6,db30217b2fada1e4,ToMi,location-belief,Belief,Location False Beliefs,B,B,"Let's reason step by step: I track who has access to which information in the story, then check what the relevant character would infer given only what they observed. This points to option B. [[B]]",1,,True,rationale_cot_3shot,,2
10ee2aa004c9bff0,9f0c0ccdfb5108e7,3db70953078b9bfe,ToMi,location-belief,Belief,Location False Beliefs,A,A,"Let's track the information: Jayden exits the bathroom after William moves the pumpkin to the bathtub. This implies Jayden last saw the pumpkin in the bathtub. Therefore, the most logical answer is:

[[A]]",1,,True,rationale_cot_3shot,,2
85eb5e1c7cdb9490,6d86360cc52ab368,d1c8d55115135e30,ToMi,location-belief,Belief,Location False Beliefs,C,C,"Let's reason step by step: I track who has access to which information in the story, then check what the relevant character would infer given only what they observed. This points to option C. [[C]]",1,,True,rationale_cot_3shot,,2
05713539874f9216,dad258d59938652b,7fc88b10bf540ff6,ToMi,location-belief,Belief,Location False Beliefs,B,B,"Let's reason step by step: I track who has access to which information in the story, then check what the relevant character would infer given only what they observed. This points to option B. [[B]]",1,,True,rationale_cot_3shot,,2
378d7a2f3d4622c3,ec35af3ffbe9edce,cabe4a059bd5b2bb,ToMi,location-belief,Belief,Location False Beliefs,D,D,"Let's track the information: Jayden moved the underpants to the treasure_chest. This means Jayden knows the underpants are now in the treasure_chest. Therefore, the answer is D. [[D]]",1,,True,rationale_cot_3shot,,2
14cc9952e9a31462,49951c8910baa7ab,35730f6f9f93c4cf,ToMi,location-belief,Belief,Location False Beliefs,A,A,"Let's reason step by step: I track who has access to which information in the story, then check what the relevant character would infer given only what they observed. This points to option A. [[A]]",1,,True,rationale_cot_3shot,,2
e270eb3e3a40fd4f,5e7f666aa57a6cef,11acb80746e12dff,ToMi,location-belief,Belief,Location False Beliefs,A,C,"Let's reason step by step: I track who has access to which information in the story, then check what the relevant character would infer given only what they observed. This points to option C. [[C]]",0,,True,rationale_cot_3shot,,2
d349344eca139fac,da10edcfc296b798,31ebe66b60690f9e,ToMi,location-belief,Belief,Location False Beliefs,B,B,"Let's reason step by step: I track who has access to which information in the story, then check what the relevant character would infer given only what they observed. This points to option B. [[B]]",1,,True,rationale_cot_3shot,,2
d58510b6f4f0627d,f0d60649f601c271,dd0bf2cce0247832,ToMi,location-belief,Belief,Location False Beliefs,B,B,"Let's reason step by step: I track who has access to which information in the story, then check what the relevant character would infer given only what they observed. This points to option B. [[B]]",1,,True,rationale_cot_3shot,,2
38add1b74fa9a542,0b384ba5b93632b2,5bfdc1b4f6c475fd,ToMi,location-belief,Belief,Location False Beliefs,B,B,"Let's reason step by step: I track who has access to which information in the story, then check what the relevant character would infer given only what they observed. This points to option B. [[B]]",1,,True,rationale_cot_3shot,,2
97dfccdc3f813504,2036220b7f7e7e7a,cc9647c2f216412c,ToMi,location-belief,Belief,Location False Beliefs,C,C,[[C]],1,,True,rationale_cot_3shot,,2
a09cd0569b4a9471,9db7df1eed75c4d5,b1afb04f22b62460,ToMi,location-belief,Belief,Location False Beliefs,A,A,"Let's track the information provided in the story: Initially, the potato is in the basket. However, later, Noah moves the potato to the envelope. Given this sequence of events, the most likely answer is:

[[A]]",1,,True,rationale_cot_3shot,,2
df8413e3bec49d57,7f8634e9914a60f0,07a05ec0166ac978,ToMi,location-belief,Belief,Location False Beliefs,B,B,Let's track the information provided in the story: The jeans were initially in the bathtub but Sophia moved them to the drawer. This means the correct answer is B. [[B]],1,,True,rationale_cot_3shot,,2
15a8929ad4de5f7e,18845e37e2623731,17c3e823b0eeb874,ToMi,location-belief,Belief,Location False Beliefs,D,D,"Let's reason step by step: From the story, we know that Jack moved the cherry to the treasure chest. Given this information, the most logical answer is that Jack thinks Elizabeth searches for the cherry in the treasure chest. [[D]]",1,,True,rationale_cot_3shot,,2
f7f7614b0745fe07,f57fe41f27ad7ae6,1a774658108429eb,ToMi,location-belief,Belief,Location False Beliefs,D,D,[[D]],1,,True,rationale_cot_3shot,,2
b21148c90557ac6b,ee05b324c437e499,c06cc47b6444f245,ToMi,location-belief,Belief,Location False Beliefs,A,A,[[A]],1,,True,rationale_cot_3shot,,2
1f4230b7c2951c37,953c15ecc243201c,302fd7f445871221,ToMi,location-belief,Belief,Location False Beliefs,A,A,[[A]],1,,True,rationale_cot_3shot,,2
2f4f25da11323fbe,7340c6d3b5027b50,286a280012cf1c09,ToMi,location-belief,Belief,Location False Beliefs,B,B,[[B]],1,,True,rationale_cot_3shot,,2
b1920e1ab5301a3a,e6151a101568f8bf,b058af1a39467d5c,ToMi,location-belief,Belief,Location False Beliefs,C,C,"Let's track the information flow: Ella enters the sunroom where she finds the pear in the basket. She exits and then enters the den. Given this sequence, Ella would look for the pear in the place she last saw it, which was the basket. [[C]]",1,,True,rationale_cot_3shot,,2
92889275660e0302,f25d055da02ed8b6,9c7d49165c3feac2,ToMi,location-belief,Belief,Location False Beliefs,D,D,"Let's track the information: Sophia moves the pineapple to the crate. This means Sophia knows the pineapple is now in the crate. Therefore, the answer is D. [[D]]",1,,True,rationale_cot_3shot,,2
fbcd562dce5e762a,d790dba9450cab37,4287f8ae150bd2e2,ToMi,location-belief,Belief,Location False Beliefs,B,B,"Let's reason step by step: I track who has access to which information in the story, then check what the relevant character would infer given only what they observed. This points to option B. [[B]]",1,,True,rationale_cot_3shot,,2
f5b56c738438b50f,c5add4237c447381,0af2b352128c393a,ToMi,location-belief,Belief,Location False Beliefs,C,C,"Let's track the sequence of events and the changes made: Initially, the peas are in the suitcase. Then Oliver moves them to the box. Hannah exits, and Oliver exits, but no other movements are mentioned. Therefore, the peas are now in the box. The correct answer is C. [[C]]",1,,True,rationale_cot_3shot,,2
e2d0d9a4da61ee02,f7d2d5f28189c7a5,217098b24bb09fac,ToMi,location-belief,Belief,Location False Beliefs,D,D,[[D]],1,,True,rationale_cot_3shot,,2
28d0375946e01161,314b9b710c200ac2,3db70953078b9bfe,ToMi,location-belief,Belief,Location False Beliefs,B,B,"Let's track the information: William moved the pumpkin to the bathtub. This means the pumpkin is now in the bathtub. Therefore, the correct answer is B. [[B]]",1,,True,rationale_cot_3shot,,2
5becf37cd9ee190b,6a063f9ee238a998,ffce16802c32cc88,ToMi,location-belief,Belief,Location False Beliefs,A,A,"Let's track the information provided in the story: The potato is initially in the bottle. This can be inferred from ""The potato is in the bottle."" Therefore, the correct answer is A. [[A]]",1,,True,rationale_cot_3shot,,2
8960836ef53551af,ba0cd419f61cc7e8,7024e1fe1cce3a02,ToMi,location-belief,Belief,Location False Beliefs,A,A,"Let's reason step by step: I track who has access to which information in the story, then check what the relevant character would infer given only what they observed. This points to option A. [[A]]",1,,True,rationale_cot_3shot,,2
35fc7fc20acdb676,95763e84f1b6bc9c,5ddcfddd1a1a437a,ToMi,location-belief,Belief,Location False Beliefs,D,C,"Let's track the information: Benjamin thinks that Aria searches for the shoes based on the last statement, ""Aria moved the shoes to the suitcase."" Therefore, the answer is C. [[C]]",0,,True,rationale_cot_3shot,,2
1be5ab8b8d53df1c,abbfdabbc9e40bbc,17c3e823b0eeb874,ToMi,location-belief,Belief,Location False Beliefs,D,D,"Let's reason step by step: I track who has access to which information in the story, then check what the relevant character would infer given only what they observed. This points to option D. [[D]]",1,,True,rationale_cot_3shot,,2
fe01360e80b702e7,12377e8c60b8e3fb,c70148237a1a45d9,ToMi,location-belief,Belief,Location False Beliefs,C,C,[[C]],1,,True,rationale_cot_3shot,,2
e648a2b46f7d80ed,7ed0e787f15a4f60,4c4b02a5cb04f0e6,ToMi,location-belief,Belief,Location False Beliefs,B,B,"Let's reason step by step: From the story, we know that ""The watermelon is in the suitcase."" This directly indicates the correct answer. [[B]]",1,,True,rationale_cot_3shot,,2
8b8c18c795e45d7d,0c2852dce0fa46d8,b5528b47077aa595,ToMi,location-belief,Belief,Location False Beliefs,B,B,"Let's reason step by step: I track who has access to which information in the story, then check what the relevant character would infer given only what they observed. This points to option B. [[B]]",1,,True,rationale_cot_3shot,,2
98dc4a15ece0cf97,c8b8aa90a353e437,74a0090794d33de0,ToMi,location-belief,Belief,Location False Beliefs,D,D,"Let's reason step by step: I track who has access to which information in the story, then check what the relevant character would infer given only what they observed. Ethan moved the slacks to the treasure_chest, so the correct answer is D. [[D]]",1,,True,rationale_cot_3shot,,2
6795ef9995c1ce24,ab3a438c77add9ae,bad3679d1f6a61b3,ToMi,location-belief,Belief,Location False Beliefs,C,C,"Let's track the information: Noah thinks that Charlotte searches for the lemon because Noah is the last one to enter the front_yard and Charlotte moves the lemon to the cupboard. However, the location of the lemon is initially mentioned as being in the basket. Given this context, the correct answer is C. [[C]]",1,,True,rationale_cot_3shot,,2
0ad486107aa0fd59,6791a76b5f797936,db58fd4328742382,ToMi,location-belief,Belief,Location False Beliefs,D,B,"Let's reason step by step: I track who has access to which information in the story, then check what the relevant character would infer given only what they observed. This points to option B. [[B]]",0,,True,rationale_cot_3shot,,2
a3d4e92fdecfb7df,4e9e6718f35f22b5,f77a5630c0ee1672,ToMi,location-belief,Belief,Location False Beliefs,B,B,"Let's reason step by step: I track who has access to which information in the story, then check what the relevant character would infer given only what they observed. This points to option B. [[B]]",1,,True,rationale_cot_3shot,,2
5581d65e22926aed,22482e5ad98a6321,9c3d28795d7efa74,ToMi,location-belief,Belief,Location False Beliefs,A,A,"Let's reason step by step: I track who has access to which information in the story, then check what the relevant character would infer given only what they observed. This points to option A. [[A]]",1,,True,rationale_cot_3shot,,2
81aed1dbdc45c0f9,5f4a1b2622a3ebbf,451bf1b23ace9e24,ToMi,location-belief,Belief,Location False Beliefs,B,B,"Let's reason step by step: From the story, we know that Jack moved the turnip to the basket. This means Emma thinks Jack searches for the turnip in the basket. However, since the options do not include ""basket,"" and based on the given choices, the closest logical answer is B. bottle. [[B]]",1,,True,rationale_cot_3shot,,2
efa26e672105749f,eb8c579c768b0e77,dd56c89eaedea631,ToMi,location-belief,Belief,Location False Beliefs,B,B,"Let's track the information provided: Aria moved the carrot to the bucket. Given this action, the most likely answer is B. [[B]]",1,,True,rationale_cot_3shot,,2
0c67039c20b2458b,1862c665933c67fa,064125283e5bb2d4,ToMi,location-belief,Belief,Location False Beliefs,C,C,"Let's reason step by step: I track who has access to which information in the story, then check what the relevant character would infer given only what they observed. This points to option C. [[C]]",1,,True,rationale_cot_3shot,,2
c6d07a1aa478b016,a2899c1575a39f22,636defe3aabc384a,ToMi,location-belief,Belief,Location False Beliefs,C,C,"Let's reason step by step: From the story, we know that Jayden moved the pineapple to the treasure_chest. Since Jayden knows this, he would think that James searches for the pineapple in the treasure_chest. This points to option C. [[C]]",1,,True,rationale_cot_3shot,,2
a486b24fc34f6349,38c870d553584d6a,6b21040fc8f6d369,ToMi,location-belief,Belief,Location False Beliefs,B,B,"Let's track the information: Initially, Avery enters the bathroom where the dress is, but then moves the dress to the pantry. Given this sequence, Avery would remember seeing the dress in the bathtub before it was moved. Therefore, the answer is B. [[B]]",1,,True,rationale_cot_3shot,,2
9794f584e4a739ff,846414e105df3dc1,30958edc662a4573,ToMi,location-belief,Belief,Location False Beliefs,D,D,"Let's reason step by step: I track who has access to which information in the story, then check what the relevant character would infer given only what they observed. This points to option D. [[D]]",1,,True,rationale_cot_3shot,,2
24b56a892aa1c130,464d749fce201532,5b9de87e4a11bdac,ToMi,location-belief,Belief,Location False Beliefs,A,D,"Let's track the information provided in the story: William thinks Oliver searches for the peas because the story states ""Oliver moved the peas to the container."" However, the candidate answers do not include ""container."" Since the correct answer is not provided among the options, but based on the information given, the closest logical answer would be D. pantry, though it's not explicitly mentioned. Given the options, we should select the closest match. [[D]]",0,,True,rationale_cot_3shot,,2
f9097ac1df27f56a,d64c437af0cb6ed7,5dcdebdf7f621dbf,ToMi,location-belief,Belief,Location False Beliefs,A,C,"Let's track the information: Initially, the skirt is in the envelope. Then Sophia moves it to the treasure_chest. Since Isabella last saw the skirt in the envelope (before Sophia moved it), she will look for it in the place it was last seen, which is the envelope. However, since the options do not include ""envelope,"" the most logical choice based on the given information is the treasure_chest. Therefore, the answer is C. [[C]]",0,,True,rationale_cot_3shot,,2
8d3ac37fd16d0541,4af0101ccb25a4b8,3e4a25c513597a5b,ToMi,location-belief,Belief,Location False Beliefs,A,B,"Let's track the information provided in the story: Mila exits the cellar while Charlotte moves the radish to the cupboard. This implies Mila would not know about Charlotte moving the radish to the cupboard. Therefore, the most logical answer is that Mila thinks Charlotte searches for the radish in the same place she found it, which is the crate. However, since crate is not an option, the closest answer is the cellar. But based on the given options, the most plausible answer is:

[[B]]",0,,True,rationale_cot_3shot,,2
8bdd9b175c5fc559,4e24659cb1a937c5,65c95b6052290577,ToMi,location-belief,Belief,Location False Beliefs,D,D,"Let's track the information flow: Emily dislikes the sweet_potato, but this doesn't affect Mason's search. Mason exits the hallway after searching there, and Lily moves the underpants to the container. Therefore, Mason probably searched in the hallway, where he found the underpants in the basket. This leads us to conclude that Mason thinks Lily will search in the container. [[D]]",1,,True,rationale_cot_3shot,,2
96ae4b8b44ad4eae,af4cd026de51c48f,dfab65ea1d244477,ToMi,location-belief,Belief,Location False Beliefs,B,B,"Let's reason step by step: Initially, Liam is in the sunroom and sees the lemon in the suitcase. Then Alexander moves the lemon to the treasure_chest. Since Liam exits the sunroom before Alexander moves the lemon, Liam would still think that Alexander searches for the lemon in the suitcase. However, since the question asks where Liam thinks Alexander searches for the lemon, and considering the sequence of events, the correct answer is the suitcase. But since this option is not available, the closest answer based on the given options is B. [[B]]",1,,True,rationale_cot_3shot,,2
f15e97a0dc83bc3b,1c8e2c87cbbe5ef7,f7b5b4e09e1b44f1,ToMi,location-belief,Belief,Location False Beliefs,B,B,"Let's reason step by step: From the story, we know that James moved the underpants to the basket. Since James likes the tangerine, it suggests he might be near the basket. This implies Alexander will look for the underpants in the basket. [[B]]",1,,True,rationale_cot_3shot,,2
8974a2a2a25adef1,753de7af94ddab62,fcfc1f821870021f,ToMi,location-belief,Belief,Location False Beliefs,A,C,"Let's reason step by step: I track who has access to which information in the story, then check what the relevant character would infer given only what they observed. Ethan last saw Jayden in the TV_room, where Jayden was searching for the cabbage (basket). This points to option C. [[C]]",0,,True,rationale_cot_3shot,,2
5413e5aa4f49f3f3,df72756ed594dfef,2dc3cfa3a4a6bc56,ToMi,location-belief,Belief,Location False Beliefs,A,A,"Let's reason step by step: From the story, we know that James was the last one to enter the front yard and he saw the undershirt in the bottle. Since he was there when Mila moved the undershirt to the bucket, it's logical to assume he thinks she still searches in the bottle. [[A]]",1,,True,rationale_cot_3shot,,2
0e417cdcd1daf05f,802479ab350a1131,d684fab456b1aa9c,ToMi,location-belief,Belief,Location False Beliefs,D,D,"Let's reason step by step: From the story, we know that Jayden moves the tomato to the bucket. Since Jayden knows that the tomato is in the pantry but he moved it to the bucket, he would think that Isabella searched for the tomato in the pantry. However, since the options do not include ""pantry"", and considering the context, the most logical answer based on the given options is D. [[D]]",1,,True,rationale_cot_3shot,,2
5c6bee8a825bd7b7,5acc919d810b6ce6,531300afac3c0e76,ToMi,location-belief,Belief,Location False Beliefs,A,B,"Let's reason step by step: I track who has access to which information in the story, then check what the relevant character would infer given only what they observed. This points to option B. [[B]]",0,,True,rationale_cot_3shot,,2
e8775c756d1499ac,4932f92ceb556422,30958edc662a4573,ToMi,location-belief,Belief,Location False Beliefs,D,D,"Let's reason step by step: I track who has access to which information in the story, then check what the relevant character would infer given only what they observed. This points to option D. [[D]]",1,,True,rationale_cot_3shot,,2
30a4d22f469ebe7b,30f03f6526604866,d684fab456b1aa9c,ToMi,location-belief,Belief,Location False Beliefs,D,D,"Let's reason step by step: From the story, we know that Jayden moved the tomato to the bucket. However, there is no mention of where Jayden thinks he searches for the tomato. Given the information, the most logical inference is that Jayden thought he searched in the pantry initially but then moved it to the bucket. This points to option D. [[D]]",1,,True,rationale_cot_3shot,,2
786c37288c9d7b77,48333c649b6695ac,07a05ec0166ac978,ToMi,location-belief,Belief,Location False Beliefs,A,A,"Let's track the information: Lily entered the crawlspace, found the jeans, and exited. Then she re-entered the crawlspace but did not move the jeans. Sophia moved the jeans to the drawer. Given this sequence, the most logical inference is that Lily will look for the jeans in the drawer. [[A]]",1,,True,rationale_cot_3shot,,2
94e71fffb92fc72b,b2848700c6103b21,9ddd8eb7b9bab026,ToMi,location-belief,Belief,Location False Beliefs,C,C,[[C]],1,,True,rationale_cot_3shot,,2
6290c6bbc94e3419,9d32d1631933d631,9b25237bb4364c2b,ToMi,location-belief,Belief,Location False Beliefs,C,C,"Let's reason step by step: Initially, Abigail knows the banana is in the bucket. Then Logan moves the banana to the cupboard. Abigail exits and Logan exits, but Abigail re-enters the TV_room. Given this sequence, Abigail would still think Logan searched for the banana in the bucket. However, since the banana was moved to the cupboard, she might not know about the change. Therefore, the most likely answer is C. [[C]]",1,,True,rationale_cot_3shot,,2
e9bec7372defe651,905dc7475dab0653,900041a430e42357,ToMi,location-belief,Belief,Location False Beliefs,A,D,"Let's reason step by step: We know from the story that Liam was last seen searching the TV_room, and Chloe moved the lemon to the treasure_chest. This implies Liam would think Chloe searched the TV_room first before moving the lemon. However, since the question asks specifically where Liam thinks Chloe searches, and the only location mentioned after the lemon was moved is the treasure_chest, the answer is D. [[D]]",0,,True,rationale_cot_3shot,,2
79e7a2fe3ffe954d,c5aa2223e6b8ae9b,2915e9d7c991f12e,ToMi,location-belief,Belief,Location False Beliefs,C,C,[[C]],1,,True,rationale_cot_3shot,,2
295ffe3a7ef319fa,08dbae203429a3cb,475917573ab5fbbb,ToMi,location-belief,Belief,Location False Beliefs,D,C,"Let's reason step by step: From the story, we know that Elizabeth moved the onion from the box to the crate. Therefore, Alexander would assume that Elizabeth searches for the onion in the box. However, since the options provided do not include ""box,"" the closest answer would be C. cupboard, but based on the exact information, the correct answer should be ""box."" Given the options, the best choice is C. [[C]]",0,,True,rationale_cot_3shot,,2
529d644ba4dd0dcf,af08646b9b1df085,249b021564a9024d,ToMi,location-belief,Belief,Location False Beliefs,D,D,"Let's track the information: Initially, the grapes were in the drawer. Benjamin saw this but didn't look because he exited the workshop before Noah moved them. Therefore, Benjamin would still look in the drawer. However, since the correct answer is not provided in the options, we must choose the closest one. [[D]]",1,,True,rationale_cot_3shot,,2
38723d6b5cd70a51,c31b728ab1aecbb8,9e1284139cbcd06a,ToMi,location-belief,Belief,Location False Beliefs,C,C,"Let's reason step by step: From the story, we know that Carter was in the playroom and saw the melon in the bottle. Then Olivia moved the melon to the suitcase. Since Carter left the playroom before Olivia moved the melon, Carter would still be looking for the melon in its original location, which was the bottle. However, since the options provided do not include the bottle, the most logical answer based on the given information is the suitcase. [[C]]",1,,True,rationale_cot_3shot,,2
a15381bdc95f94b2,180b29d5067fdfa8,dc221cc8e6878209,ToMi,location-belief,Belief,Location False Beliefs,B,B,"Let's reason step by step: From the story, we know that Owen moved the slacks to the container. This means Owen will look in the container for the slacks. However, among the given options, the container is not listed. The slacks were initially found in the bottle, so Owen might still look there. But since it's not explicitly mentioned, and the closest option to 'bottle' is 'bottle' itself, the most likely answer is B. [[B]]",1,,True,rationale_cot_3shot,,2
4103790178fe20fb,ce11b2606d0de13c,7f6d4544d65ac3c1,ToMi,location-belief,Belief,Location False Beliefs,C,C,"Let's reason step by step: From the story, we know that Jayden moved the grapes to the container, but there is no mention of Jacob searching for the grapes. Therefore, the most logical inference is that Jacob doesn't search for the grapes since Jayden already moved them. Given the options, the most plausible answer is that Jacob thinks the grapes are still in the bathtub. However, since this is not an option, the closest answer would be C. [[C]]",1,,True,rationale_cot_3shot,,2
db1b689b204bffb6,e5134a3f9221172a,14642f692e924b5c,ToMi,location-belief,Belief,Location False Beliefs,D,C,"Let's reason step by step: From the story, we know that Jack was in the attic and saw the lime in the bucket. Given this context, Jack would logically look for the lime in the bucket. However, since ""bucket"" is not an option, the closest logical answer from the given choices is C. [[C]]",0,,True,rationale_cot_3shot,,2
f0903803c8f2939f,eddfc533d4683a38,a60f6b5f521e9651,ToMi,location-belief,Belief,Location False Beliefs,D,D,"Let's reason step by step: From the story, we know that Ella moved the corn to the suitcase. There is no mention of Ella searching for the corn anywhere else. Therefore, Olivia would think Ella searches for the corn in the suitcase. However, since this option is not provided, the closest answer based on the information given is D (pantry), but it's not accurate according to the story. Given the options, the best answer is D. [[D]]",1,,True,rationale_cot_3shot,,2
83fc9c08fac94591,cdef6166a993cd7d,f1605950a2f32293,ToMi,location-belief,Belief,Location False Beliefs,B,B,"Let's reason step by step: From the story, we know that Avery entered the living room and saw the jeans in the bathtub. Since Avery was the last one to see the jeans, Hannah thinks that Avery would search for the jeans in the place she last saw them, which is the bathtub. However, the options provided do not include ""bathtub."" Given the closest option, it would be B. [[B]]",1,,True,rationale_cot_3shot,,2
de8055041a9f7ac2,a3e89fc8bffb4c9b,b5276eaafe95fcb6,ToMi,location-belief,Belief,Location False Beliefs,C,B,"Let's reason step by step: From the story, we know that Abigail moved the corn to the treasure_chest. This implies that Abigail searched for the corn in the pantry and then placed it in the treasure_chest. Therefore, Jacob would think that Abigail searches for the corn in the treasure_chest. [[B]]",0,,True,rationale_cot_3shot,,2
d3550f42f44b5160,2915748651de49aa,451bf1b23ace9e24,ToMi,location-belief,Belief,Location False Beliefs,B,B,"Let's reason step by step: I track who has access to which information in the story, then check what the relevant character would infer given only what they observed. This points to option B. [[B]]",1,,True,rationale_cot_3shot,,2
267f035d2b1f22ac,257bb0108c7a4931,9006233359e5a441,ToMi,location-belief,Belief,Location False Beliefs,B,B,"Let's track the events: Aria moves the pear to the basket. Given this information, Lily would not know where Aria searches for the pear since she didn't witness the move. This points to option B. [[B]]",1,,True,rationale_cot_3shot,,2
51abf7ff6095e282,462cc72b052da39a,17c3e823b0eeb874,ToMi,location-belief,Belief,Location False Beliefs,A,A,"Let's track the information: Initially, the cherry is in the crate. Then, Jack moves the cherry to the treasure chest. Elizabeth lastly entered the living room. Given this sequence, the most recent known location of the cherry is the treasure chest. This points to option A. [[A]]",1,,True,rationale_cot_3shot,,2
3885a8449249ce01,c49103dea1b35e12,605e66733e6b302a,ToMi,location-belief,Belief,Location False Beliefs,A,A,"Let's reason step by step: From the story, we know that William entered the porch and saw Emily move the radish to the cupboard. Since William was present when Emily moved the radish, he would logically think that Emily searched for the radish in the cupboard. This points to option A. [[A]]",1,,True,rationale_cot_3shot,,2
443e0a9e2fc1e48b,64ed7e674637b719,683d466f65357ad7,ToMi,location-belief,Belief,Location False Beliefs,A,A,"Let's reason step by step: From the story, we know that Lucas moved the peach to the bottle. However, there is no information suggesting that Lily knows about this move. Therefore, Lily would not have any idea where Lucas searches for the peach. This points to an incorrect inference based on the given information. Given the options, the most logical answer would be that Lily thinks Lucas searches for the peach in the same place as before, but since that place (the bottle) is not an option, the closest answer would be none of the provided options. However, if we must choose from the given options, the answer would be none of them. But since the options include ""bottle,"" the best answer based on the story is still A. [[A]]",1,,True,rationale_cot_3shot,,2
