item_id,prompt_hash,story_id,source,task,category,ability,answer,pred,raw,correct,n_options,marker_found,condition,seed,exemplar_seed
0b2aac05432f2e4f,34d73eb1ad3dd7b7,c1f58a1886914379,HiToM,high-order,Belief,High-Order False Beliefs (order=2),D,C,[[C]],0,5,True,rationale_cot_3shot,,1
d1f6902156363208,7145295882726359,fd499037f71b49da,HiToM,high-order,Belief,High-Order False Beliefs (order=3),B,B,[[B]],1,5,True,rationale_cot_3shot,,1
69e458701be4fdcb,4e6272446a2619c3,7c734c23c5b12fcc,HiToM,high-order,Belief,High-Order False Beliefs (order=0),B,C,[[C]],0,5,True,rationale_cot_3shot,,1
89e88a2eaba5dfec,6ca7ee3b1bf77868,272712d216b8e40b,HiToM,high-order,Belief,High-Order False Beliefs (order=2),D,D,[[D]],1,5,True,rationale_cot_3shot,,1
459f7ba5d88805e5,caebbb9f7ad4724f,fb87c094c6022450,HiToM,high-order,Belief,High-Order False Beliefs (order=0),B,B,[[B]],1,5,True,rationale_cot_3shot,,1
b439a3d4dfb8a110,4f2c13a5597ce70b,54a610f5fa80a582,HiToM,high-order,Belief,High-Order False Beliefs (order=3),C,C,Let's reason step by step: I track the sequence of events and the movements of the items. The key point is to follow the chain of events and the statements made by each person. This points to option C. [[C]],1,5,True,rationale_cot_3shot,,1
fca95bbe751914bc,37798940d12903ec,ca7a4db3a6fc38e6,HiToM,high-order,Belief,High-Order False Beliefs (order=3),D,C,[[C]],0,5,True,rationale_cot_3shot,,1
a987d5388217a40c,d05d5e705291d919,65d64758604b18a8,HiToM,high-order,Belief,High-Order False Beliefs (order=2),B,B,[[B]],1,5,True,rationale_cot_3shot,,1
d6a39b565d441308,a33c1d92f59b61e2,c2bb5ef1e69e3384,HiToM,high-order,Belief,High-Order False Beliefs (order=3),D,B,[[B]],0,5,True,rationale_cot_3shot,,1
06cd656412298ad6,0d116555fe753eef,f63db42624a734d6,HiToM,high-order,Belief,High-Order False Beliefs (order=1),D,D,[[D]],1,5,True,rationale_cot_3shot,,1
30b5ac7b921422f0,8c44dd2602c3e4d6,ea06844c2b815e65,HiToM,high-order,Belief,High-Order False Beliefs (order=2),A,A,[[A]],1,5,True,rationale_cot_3shot,,1
a5003b2b786575db,34fbf20366a710b0,450eea5525d4ecfd,HiToM,high-order,Belief,High-Order False Beliefs (order=4),C,C,[[C]],1,5,True,rationale_cot_3shot,,1
a3a53b952bcd29a0,d2ac3c06d2a8a189,0005e820fca39d29,HiToM,high-order,Belief,High-Order False Beliefs (order=2),B,B,[[B]],1,5,True,rationale_cot_3shot,,1
e4c1f793d716ed09,d4fcdde2bfde8741,7abd4268111027de,HiToM,high-order,Belief,High-Order False Beliefs (order=0),D,C,C. [[C]],0,5,True,rationale_cot_3shot,,1
140bfee471d5877c,f4c978bc1f539212,768c8aaf2fee2d01,HiToM,high-order,Belief,High-Order False Beliefs (order=3),E,D,[[D]],0,5,True,rationale_cot_3shot,,1
590f596e0e1a0187,626af876ba32b68d,d8a7a04324ecfdac,HiToM,high-order,Belief,High-Order False Beliefs (order=1),D,D,[[D]],1,5,True,rationale_cot_3shot,,1
d554586cd63a9196,5f85f629ce307d78,95a8f6ba344f742b,HiToM,high-order,Belief,High-Order False Beliefs (order=3),E,B,Let's reason step by step: I track the sequence of events and the statements made by each person. This points to option B. [[B]],0,5,True,rationale_cot_3shot,,1
e2ec1cadb21e6723,bb6c80a3573baf09,fb87c094c6022450,HiToM,high-order,Belief,High-Order False Beliefs (order=3),C,C,[[C]],1,5,True,rationale_cot_3shot,,1
51611ed002cc6795,a0345113359f8a60,e5d42380bce5718f,HiToM,high-order,Belief,High-Order False Beliefs (order=0),C,C,[[C]],1,5,True,rationale_cot_3shot,,1
f7730fe4597ac785,46425652bca023df,705826a78472707d,HiToM,high-order,Belief,High-Order False Beliefs (order=2),E,C,[[C]],0,5,True,rationale_cot_3shot,,1
d6bb0590b209aa89,7569a440f502132a,e84c23ba5e817c33,HiToM,high-order,Belief,High-Order False Beliefs (order=4),D,D,[[D]],1,5,True,rationale_cot_3shot,,1
36623600edb835d0,d0e407800ea6a9d7,231ccaea7aba2907,HiToM,high-order,Belief,High-Order False Beliefs (order=1),E,E,"Let's track Benjamin's actions and the cucumber's movement: Benjamin moved the cucumber to the red_container. Since Benjamin left the workshop and did not return, he would not know about any subsequent movements. Therefore, Benjamin thinks the cucumber is in the red_container. The answer is E. [[E]]",1,5,True,rationale_cot_3shot,,1
654386cdf86fafb2,57971ca62899e8b5,7c734c23c5b12fcc,HiToM,high-order,Belief,High-Order False Beliefs (order=2),C,C,[[C]],1,5,True,rationale_cot_3shot,,1
9f01a1581e99eafa,c0bff80551de88e0,f58e37a9aeae0383,HiToM,high-order,Belief,High-Order False Beliefs (order=2),D,B,[[B]],0,5,True,rationale_cot_3shot,,1
6a9674167e67ab54,b4d6e9e876a20c3a,c1494a2b86e5b8e1,HiToM,high-order,Belief,High-Order False Beliefs (order=4),B,B,[[B]],1,5,True,rationale_cot_3shot,,1
5f122e162df0f8dc,ad23397b9b1afed4,3aa33327cbeb5648,HiToM,high-order,Belief,High-Order False Beliefs (order=1),D,D,[[D]],1,5,True,rationale_cot_3shot,,1
643cd868e7b0f414,5576a298a875d803,b016d4b488e7dc12,HiToM,high-order,Belief,High-Order False Beliefs (order=4),D,D,[[D]],1,5,True,rationale_cot_3shot,,1
cb85201e986bd4f4,dcde09fd7ba49abc,dc41bc5c46ce363d,HiToM,high-order,Belief,High-Order False Beliefs (order=3),D,D,[[D]],1,5,True,rationale_cot_3shot,,1
933d81d1b23615f0,5fc1f7bd26098f76,9401c4c2e0bf810d,HiToM,high-order,Belief,High-Order False Beliefs (order=4),B,C,[[C]],0,5,True,rationale_cot_3shot,,1
72cafd23ebbbb27b,739cecc0ba1715b8,fb6e6943535ff288,HiToM,high-order,Belief,High-Order False Beliefs (order=4),B,C,[[C]],0,5,True,rationale_cot_3shot,,1
f80ca2eadfca9cc5,3ef47e610eef7a82,fb6e6943535ff288,HiToM,high-order,Belief,High-Order False Beliefs (order=3),E,B,[[B]],0,5,True,rationale_cot_3shot,,1
da39bdaa22ce10b9,f7df18dbc7b11399,4f06e5415bb163c4,HiToM,high-order,Belief,High-Order False Beliefs (order=3),E,C,[[C]],0,5,True,rationale_cot_3shot,,1
d1a4c5feeaf85c8b,e5450875307629a1,5e84c9ef5e36854e,HiToM,high-order,Belief,High-Order False Beliefs (order=1),D,D,[[D]],1,5,True,rationale_cot_3shot,,1
9b8d288c7a2c816c,38ef1d78e5cc6f55,c8ce9a24b3acbd91,HiToM,high-order,Belief,High-Order False Beliefs (order=1),A,A,[[A]],1,5,True,rationale_cot_3shot,,1
5f8f16075fbc1134,1b943cd62476f7ef,b63ac48284062d58,HiToM,high-order,Belief,High-Order False Beliefs (order=2),B,B,[[B]],1,5,True,rationale_cot_3shot,,1
0bdbac3b155aa5dc,3aa5d73ecd8e77f6,9c91c29d4de0cb67,HiToM,high-order,Belief,High-Order False Beliefs (order=2),B,B,[[B]],1,5,True,rationale_cot_3shot,,1
bd1713fb19c687a6,9bfe391526dfc6c0,3f68efd9f9f6b0a4,HiToM,high-order,Belief,High-Order False Beliefs (order=4),A,A,[[A]],1,5,True,rationale_cot_3shot,,1
4d77836ba459c033,cdf69733758e196c,fb87c094c6022450,HiToM,high-order,Belief,High-Order False Beliefs (order=4),B,B,[[B]],1,5,True,rationale_cot_3shot,,1
6e131fa1950c0dbe,a982a51533f14e6a,e6ee6472b65fe46b,HiToM,high-order,Belief,High-Order False Beliefs (order=1),A,A,[[A]],1,5,True,rationale_cot_3shot,,1
3e04b840d3e3b2c4,018a1ebee6ad8cfd,9401c4c2e0bf810d,HiToM,high-order,Belief,High-Order False Beliefs (order=2),A,C,[[C]],0,5,True,rationale_cot_3shot,,1
efcff878f3dd5b9e,339a052838f2e527,c8ce9a24b3acbd91,HiToM,high-order,Belief,High-Order False Beliefs (order=3),B,B,[[B]],1,5,True,rationale_cot_3shot,,1
3e08330d69432d57,c2b7f005a1c28844,ea06844c2b815e65,HiToM,high-order,Belief,High-Order False Beliefs (order=4),C,C,[[C]],1,5,True,rationale_cot_3shot,,1
39efbd6d5a4e1716,edd9efdbf42b7a36,94e59bf10010569e,HiToM,high-order,Belief,High-Order False Beliefs (order=1),C,C,Let's reason step by step: I track the sequence of events and the changes in the location of the melon. This points to option C. [[C]],1,5,True,rationale_cot_3shot,,1
40e6de94c406a28e,592540ecbb3e5ace,cbfa45fbe5f2e4d6,HiToM,high-order,Belief,High-Order False Beliefs (order=2),D,D,[[D]],1,5,True,rationale_cot_3shot,,1
0852f6aac2fd26ec,5aaecbaacdf8d9c9,779ff9fe838a4aac,HiToM,high-order,Belief,High-Order False Beliefs (order=1),B,B,[[B]],1,5,True,rationale_cot_3shot,,1
f11a3141b4da3e90,4de8d438a3e52b25,620effcda3924595,HiToM,high-order,Belief,High-Order False Beliefs (order=2),C,E,"Let's analyze the story carefully: It states that Sophia publicly claimed that the asparagus is in the red_crate. It also mentions that Logan privately told Hannah that the asparagus is in the blue_drawer. Since the question asks where Sophia thinks Logan thinks the asparagus is, we need to look at what Sophia said. The answer is E. [[E]]",0,5,True,rationale_cot_3shot,,1
0c89d4992c979911,ecd0f96599d6d8eb,7abd4268111027de,HiToM,high-order,Belief,High-Order False Beliefs (order=1),C,C,[[C]],1,5,True,rationale_cot_3shot,,1
b59df3aab1043360,f6c6c671d5f5fd35,9d03128b85982a6a,HiToM,high-order,Belief,High-Order False Beliefs (order=2),B,B,[[B]],1,5,True,rationale_cot_3shot,,1
c3e1ace5e5839bc1,8476b8045ada8b51,47f4e2864b147f66,HiToM,high-order,Belief,High-Order False Beliefs (order=4),A,D,[[D]],0,5,True,rationale_cot_3shot,,1
a78b52e19656aede,a090dbc701c3452c,73cdb3e3c3cd01b1,HiToM,high-order,Belief,High-Order False Beliefs (order=0),B,B,[[B]],1,5,True,rationale_cot_3shot,,1
baf025630386df61,2044b4cc71c3029b,8053df50341e08e9,HiToM,high-order,Belief,High-Order False Beliefs (order=0),E,D,[[D]],0,5,True,rationale_cot_3shot,,1
c7bdce0af3fd9d28,1349e6a9f0b8b191,9497cf9d93bb1161,HiToM,high-order,Belief,High-Order False Beliefs (order=1),E,C,[[C]],0,5,True,rationale_cot_3shot,,1
db3a94f5351bcf33,a379b718f6a1e4c1,dcdcddd5f37214fe,HiToM,high-order,Belief,High-Order False Beliefs (order=3),A,D,Let's reason step by step: I track the sequence of events and the statements made by each person. This points to option D. [[D]],0,5,True,rationale_cot_3shot,,1
a05749af68e70718,29ec94dd09161f6c,d7ee8ea1898602d1,HiToM,high-order,Belief,High-Order False Beliefs (order=1),D,D,[[D]],1,5,True,rationale_cot_3shot,,1
5fb50016537734c8,b634854ffcdadd1e,565f3cce1257f2d0,HiToM,high-order,Belief,High-Order False Beliefs (order=2),A,A,[[A]],1,5,True,rationale_cot_3shot,,1
eebed8c1bf8300b6,09a992e9bf96701b,d25e95394c46689b,HiToM,high-order,Belief,High-Order False Beliefs (order=4),D,D,[[D]],1,5,True,rationale_cot_3shot,,1
8c0a3588988a051b,6c9e34455f35bad2,b016d4b488e7dc12,HiToM,high-order,Belief,High-Order False Beliefs (order=0),B,B,[[B]],1,5,True,rationale_cot_3shot,,1
d6277342c789aa28,cb7b404be99b4548,7fee1305fc730ed8,HiToM,high-order,Belief,High-Order False Beliefs (order=1),A,B,[[B]],0,5,True,rationale_cot_3shot,,1
bdb07ecd6c3ab288,f629321d9ed3126e,3aa33327cbeb5648,HiToM,high-order,Belief,High-Order False Beliefs (order=4),C,C,[[C]],1,5,True,rationale_cot_3shot,,1
942122171aa0907e,a3d8dd1d747464c1,fec06a7f4a591883,HiToM,high-order,Belief,High-Order False Beliefs (order=2),C,C,[[C]],1,5,True,rationale_cot_3shot,,1
bd37e8686d416d0c,03a131f0b73b3fe4,565f3cce1257f2d0,HiToM,high-order,Belief,High-Order False Beliefs (order=4),B,B,[[B]],1,5,True,rationale_cot_3shot,,1
ff94d786d824161a,1de136e0c64d993b,33a9f039f8e5ef6c,HiToM,high-order,Belief,High-Order False Beliefs (order=0),E,D,[[D]],0,5,True,rationale_cot_3shot,,1
3c0e9f2c879daf06,bdbe2ff9eeace162,efd5ac785e0e98e6,HiToM,high-order,Belief,High-Order False Beliefs (order=1),D,D,"Let's reason step by step: From the story, we can see that Mila moved the spinach to the green_bucket. Since Noah did not move the spinach or observe it being moved, he would still think the spinach is in the green_bucket. This points to option D. [[D]]",1,5,True,rationale_cot_3shot,,1
5ade6e008714e865,82a36a0d42e8a7b6,70698e2534da87fa,HiToM,high-order,Belief,High-Order False Beliefs (order=1),B,B,[[B]],1,5,True,rationale_cot_3shot,,1
48c84665e672b3a8,2afb53e6d44251b9,450eea5525d4ecfd,HiToM,high-order,Belief,High-Order False Beliefs (order=3),E,C,[[C]],0,5,True,rationale_cot_3shot,,1
4d81e7312ad6b23d,f2f4607718c05ffd,59b29b17e3eadfe8,HiToM,high-order,Belief,High-Order False Beliefs (order=4),D,C,[[C]],0,5,True,rationale_cot_3shot,,1
460c8c61ce43dfae,a8a4334342319d22,5ad3fc64474e6111,HiToM,high-order,Belief,High-Order False Beliefs (order=1),A,B,[[B]],0,5,True,rationale_cot_3shot,,1
a29a183ec7971e6a,b7ae0c59edeceea2,c62b2ffcc19429ce,HiToM,high-order,Belief,High-Order False Beliefs (order=0),E,C,[[C]],0,5,True,rationale_cot_3shot,,1
7e653502cd05fad3,3663a3eda12d68f2,563b79287f2b6e9a,HiToM,high-order,Belief,High-Order False Beliefs (order=1),A,C,[[C]],0,5,True,rationale_cot_3shot,,1
8b924463347a0320,c71729b91b63bd89,55584ea54a5c3558,HiToM,high-order,Belief,High-Order False Beliefs (order=1),A,A,[[A]],1,5,True,rationale_cot_3shot,,1
2438782c86389a73,bf1016dd0bbe757b,1cea02ff310916f9,HiToM,high-order,Belief,High-Order False Beliefs (order=3),C,A,[[A]],0,5,True,rationale_cot_3shot,,1
6f5451def4f7a122,d1e068f4d656b8d6,3f68efd9f9f6b0a4,HiToM,high-order,Belief,High-Order False Beliefs (order=3),B,B,[[B]],1,5,True,rationale_cot_3shot,,1
fc70416a23b40f5a,b3c718994a39773e,083a43b0431efd6e,HiToM,high-order,Belief,High-Order False Beliefs (order=4),A,B,[[B]],0,5,True,rationale_cot_3shot,,1
35a80d26af99af6b,f316923f26afddcd,7a78e9b46fa17522,HiToM,high-order,Belief,High-Order False Beliefs (order=4),B,B,[[B]],1,5,True,rationale_cot_3shot,,1
ca7d90a32da751d8,962fe40c4dd28c5f,9c91c29d4de0cb67,HiToM,high-order,Belief,High-Order False Beliefs (order=1),C,B,[[B]],0,5,True,rationale_cot_3shot,,1
d93dbf56cd848323,16842beed28c22d6,278ea6ec77e283aa,HiToM,high-order,Belief,High-Order False Beliefs (order=0),C,C,C. [[C]],1,5,True,rationale_cot_3shot,,1
2fea3257e0146556,67107733062b6eb6,71113a34200bd6b3,HiToM,high-order,Belief,High-Order False Beliefs (order=1),B,B,"Based on the story provided, Ava moved the watermelon from the blue_cupboard to the green_bottle. Therefore, Ava would think the watermelon is still in the green_bottle. The correct answer is B. [[B]]",1,5,True,rationale_cot_3shot,,1
0889f97cb0aaac01,d933603c29615193,8926d6ab2616e003,HiToM,high-order,Belief,High-Order False Beliefs (order=1),A,E,Let's reason step by step: I track the sequence of events and the changes in the location of the sweet_potato. This points to option E. [[E]],0,5,True,rationale_cot_3shot,,1
31d6a082a7b95eaf,84a122bea7569756,120a5f2c70c4086d,HiToM,high-order,Belief,High-Order False Beliefs (order=4),B,B,[[B]],1,5,True,rationale_cot_3shot,,1
3bf7ed9c29671e39,35505c42f94db0ff,bf6c56536c18452d,HiToM,high-order,Belief,High-Order False Beliefs (order=4),C,C,[[C]],1,5,True,rationale_cot_3shot,,1
18913fb7f0e3798a,3444e49893075741,70698e2534da87fa,HiToM,high-order,Belief,High-Order False Beliefs (order=2),B,B,[[B]],1,5,True,rationale_cot_3shot,,1
c5f67eaf0edcc47f,172f1386f8df2533,a8b3e7de7499a0a7,HiToM,high-order,Belief,High-Order False Beliefs (order=4),D,D,[[D]],1,5,True,rationale_cot_3shot,,1
ca74bf5ab3af0869,75bb0dcb8966a592,b75a6a7be4ed409a,HiToM,high-order,Belief,High-Order False Beliefs (order=3),D,C,C [[blue_crate]],0,5,True,rationale_cot_3shot,,1
d1b51fd3decc5c34,d902b672580717d7,e5d42380bce5718f,HiToM,high-order,Belief,High-Order False Beliefs (order=1),A,A,[[A]],1,5,True,rationale_cot_3shot,,1
b3505fb158cc976f,c37151ceaa24c96f,3aa33327cbeb5648,HiToM,high-order,Belief,High-Order False Beliefs (order=0),E,E,[[E]],1,5,True,rationale_cot_3shot,,1
f3263980c0207c20,f5db8a440ad26cac,bf6c56536c18452d,HiToM,high-order,Belief,High-Order False Beliefs (order=1),A,A,[[A]],1,5,True,rationale_cot_3shot,,1
88b17d4e7443e72a,349636af7b2118dc,0005e820fca39d29,HiToM,high-order,Belief,High-Order False Beliefs (order=0),E,C,"Let's track the movement of the pear through the story:

1. The pear is in the red_box (line 2).
2. Charlotte moves the pear to the red_bucket (line 7).

Therefore, the pear is in the red_bucket. 

The correct answer is: [[C]]",0,5,True,rationale_cot_3shot,,1
d1eaca067fb7b6b7,565b8385e2fee9d8,7d37de63aebf0058,HiToM,high-order,Belief,High-Order False Beliefs (order=1),C,C,"Let's reason step by step: From the story, we learn that Logan moved the green_pepper to the blue_crate. This action indicates that Logan believes the green_pepper is now in the blue_crate. This points to option C. [[C]]",1,5,True,rationale_cot_3shot,,1
175d94868e67d861,ae36bafbb119bab4,8aea1f5db84b3c84,HiToM,high-order,Belief,High-Order False Beliefs (order=0),E,C,[[C]],0,5,True,rationale_cot_3shot,,1
b6bf5b5728b0b702,6ad12684f7eab90a,d818e01b546089ea,HiToM,high-order,Belief,High-Order False Beliefs (order=1),C,C,[[C]],1,5,True,rationale_cot_3shot,,1
cceb7c9b48b82341,1493458206aa4a35,f56dffb1da04c8ac,HiToM,high-order,Belief,High-Order False Beliefs (order=2),A,A,"Let's reason step by step: We need to track the movement of the lemon and the associated thoughts of Nathan. Nathan moved the lemon to the green_basket, and he also moved the lemon to the blue_crate. Since we don't have any information that suggests Nathan thought about Aiden's location, we can only infer based on his own actions. This points to option A. [[A",1,5,True,rationale_cot_3shot,,1
b977f09891b10a80,ceaaab4cbdfdeb1f,ac0e62879398e112,HiToM,high-order,Belief,High-Order False Beliefs (order=0),B,B,[[B]],1,5,True,rationale_cot_3shot,,1
c8a9a5b24cff9230,0c03421cec3f51fe,705826a78472707d,HiToM,high-order,Belief,High-Order False Beliefs (order=3),B,B,[[B]],1,5,True,rationale_cot_3shot,,1
ae1e3356ca0c231d,6b3dc2c21a76cc5d,44dc96355277f91f,HiToM,high-order,Belief,High-Order False Beliefs (order=1),E,E,"Let's reason step by step: We need to focus on the sequence of events involving Charlotte and the pear. According to the story, Charlotte moved the pear from the red_box to the red_bucket. Since Charlotte was the last person to move the pear and she moved it to the red_bucket, she would still think that the pear is in the red_bucket. This points to option E. [[E",1,5,True,rationale_cot_3shot,,1
244b34199da3a6f0,da47ca31e90698b0,0005e820fca39d29,HiToM,high-order,Belief,High-Order False Beliefs (order=3),C,C,[[C]],1,5,True,rationale_cot_3shot,,1
dd67ff1c76e47488,8121d27871178ba5,e4098d3fb59c9280,HiToM,high-order,Belief,High-Order False Beliefs (order=3),C,C,[[C]],1,5,True,rationale_cot_3shot,,1
2f96275213bde9e2,6bc9b7b15b0109ff,8a734cc77628dc60,HiToM,high-order,Belief,High-Order False Beliefs (order=0),D,D,"Let's track the sequence of events involving the watermelon: The watermelon starts in the blue_container. Then it is moved by Ella to the red_pantry, and later by Amelia back to the blue_container. Given these steps, the final location of the watermelon is the blue_container. Therefore, the correct answer is D. [[D]]",1,5,True,rationale_cot_3shot,,1
5f434ed9f4b81a7b,953464fdc8bb1be2,8fc72bdb81d755ba,HiToM,high-order,Belief,High-Order False Beliefs (order=3),B,B,[[B]],1,5,True,rationale_cot_3shot,,1
7f4e0f984a2b8971,87c962c6117ef07c,fe1eac4cd8d06711,HiToM,high-order,Belief,High-Order False Beliefs (order=1),E,C,"Let's track the sequence of events involving the tomato: Jackson moves the tomato from the blue_container to the blue_crate, then later moves it from the blue_crate to the green_cupboard. Given these steps, the last place Jackson moved the tomato is the green_cupboard. This points to option C. [[C]]",0,5,True,rationale_cot_3shot,,1
048b5bf071749b6e,1b4e0640e378927e,feae001f51ad870f,HiToM,high-order,Belief,High-Order False Beliefs (order=3),D,B,[[B]],0,5,True,rationale_cot_3shot,,1
82d95f7c6ff9af6d,3f157921d9d3b538,2e34bb1cecde66d2,HiToM,high-order,Belief,High-Order False Beliefs (order=3),A,C,"Let's track the information flow: Hannah tells Alexander that the green_pepper is in the blue_crate. Then, Alexander tells Evelyn about this. Finally, we need to determine where Hannah thinks Alexander thinks the green_pepper is. Since Hannah directly states the location, and she doesn't change her mind, the answer remains the same. This points to option C. [[C]]",0,5,True,rationale_cot_3shot,,1
91db06d031a85aba,0266d5ddddcd8211,664e618f4d52f00b,HiToM,high-order,Belief,High-Order False Beliefs (order=1),B,B,[[B]],1,5,True,rationale_cot_3shot,,1
24c2174371937821,0f884a91123e9683,b63ac48284062d58,HiToM,high-order,Belief,High-Order False Beliefs (order=1),B,B,[[B]],1,5,True,rationale_cot_3shot,,1
5ba7d8ed3b28367f,4aede376586ef27d,ea06844c2b815e65,HiToM,high-order,Belief,High-Order False Beliefs (order=0),C,C,[[C]],1,5,True,rationale_cot_3shot,,1
ec563070152a097f,5d89716714feb306,7e155da5a5becbf9,HiToM,high-order,Belief,High-Order False Beliefs (order=4),A,D,Let's analyze the story step by step: I track the movements and the thoughts of each person regarding the location of the watermelon. This points to option D. [[D]],0,5,True,rationale_cot_3shot,,1
5deb945bb456e567,fde5dee746025e13,272712d216b8e40b,HiToM,high-order,Belief,High-Order False Beliefs (order=4),D,C,[[C]],0,5,True,rationale_cot_3shot,,1
af9bef3fd676688b,40e1e944a9806da5,26f6b2cfc620f8d7,HiToM,high-order,Belief,High-Order False Beliefs (order=0),E,E,"Let's track the sequence of events involving the spinach: spinach was initially in the green_drawer (line 2), then moved to the green_cupboard (line 31). No other location for the spinach is mentioned after this point. This points to option E. [[E]]",1,5,True,rationale_cot_3shot,,1
ef86f317e0a6e1d4,f7cfaf3089862960,a175944f008c8dba,HiToM,high-order,Belief,High-Order False Beliefs (order=1),A,A,[[A]],1,5,True,rationale_cot_3shot,,1
826ce071e2ba9c33,da5388d0897e190d,e4098d3fb59c9280,HiToM,high-order,Belief,High-Order False Beliefs (order=0),C,C,[[C]],1,5,True,rationale_cot_3shot,,1
7d71269b1f226465,dd97d58288cc5386,450eea5525d4ecfd,HiToM,high-order,Belief,High-Order False Beliefs (order=2),B,B,[[B]],1,5,True,rationale_cot_3shot,,1
16b9050e098370c7,84e203ea3f5c7d6c,c0b5adbfdf88cbf3,HiToM,high-order,Belief,High-Order False Beliefs (order=2),B,C,[[C]],0,5,True,rationale_cot_3shot,,1
68623efb9fb4fb60,f14b31df8eb1881b,725d74f5e774999c,HiToM,high-order,Belief,High-Order False Beliefs (order=4),E,D,[[D]],0,5,True,rationale_cot_3shot,,1
66fbd8467cfff25a,0a71522f819fa664,68c6cd0b3d68f164,HiToM,high-order,Belief,High-Order False Beliefs (order=4),B,B,[[B]],1,5,True,rationale_cot_3shot,,1
f42e512a456d0199,b5a4f53f92da565c,04ae4e06d20df95a,HiToM,high-order,Belief,High-Order False Beliefs (order=4),E,C,[[C]],0,5,True,rationale_cot_3shot,,1
af618a3521c2884a,a5ecbe12c7bdc5a7,2356694ad7aff450,HiToM,high-order,Belief,High-Order False Beliefs (order=2),D,D,"Let's track the information flow: The cabbage is moved from the blue_bathtub to the blue_bottle, and Isla moves it back to the blue_bathtub. Elizabeth sees the cabbage in the blue_bathtub and thinks Isla will also think it is there. This points to option D. [[D]]",1,5,True,rationale_cot_3shot,,1
5b09387a85b2d8bc,f307ed606078bfc2,664e618f4d52f00b,HiToM,high-order,Belief,High-Order False Beliefs (order=0),C,C,C. [[C]],1,5,True,rationale_cot_3shot,,1
d5bb4015f55e6169,2960be9f42bca35f,c2bb5ef1e69e3384,HiToM,high-order,Belief,High-Order False Beliefs (order=0),B,B,[[B]],1,5,True,rationale_cot_3shot,,1
f3f5c4e5b5c794bd,abd8c3e97f11b19e,0d21f61fa116ccd8,HiToM,high-order,Belief,High-Order False Beliefs (order=4),E,C,[[C]],0,5,True,rationale_cot_3shot,,1
027f235a169cd5b1,5a1e2f81f5dc8300,6bcbef17f455d6a9,HiToM,high-order,Belief,High-Order False Beliefs (order=2),D,C,[[C]],0,5,True,rationale_cot_3shot,,1
760bcb6078e507c9,5219f69cc71fdc59,0c46504cc02b0489,HiToM,high-order,Belief,High-Order False Beliefs (order=3),A,C,[[C]],0,5,True,rationale_cot_3shot,,1
c6a184ec5a42633c,59d4fd1bdb7f48f0,55584ea54a5c3558,HiToM,high-order,Belief,High-Order False Beliefs (order=2),C,C,[[C]],1,5,True,rationale_cot_3shot,,1
92b3775cb7704afb,ce601ce0fc20bbdd,705826a78472707d,HiToM,high-order,Belief,High-Order False Beliefs (order=1),A,A,[[A]],1,5,True,rationale_cot_3shot,,1
4883288b0e4e9140,3722caa2989fec0c,a3434dd9fbad401d,HiToM,high-order,Belief,High-Order False Beliefs (order=3),C,C,[[C]],1,5,True,rationale_cot_3shot,,1
a8955f359987bef9,3914d800fadb31b4,54a610f5fa80a582,HiToM,high-order,Belief,High-Order False Beliefs (order=4),C,C,Let's reason step by step: I track the sequence of events and the changes in the location of the sweet_potato. This points to option C. [[C]],1,5,True,rationale_cot_3shot,,1
fa239b4a948bfbf4,caa9e594df7f812d,76ee2a602c04de26,HiToM,high-order,Belief,High-Order False Beliefs (order=3),C,C,[[C]],1,5,True,rationale_cot_3shot,,1
13d5f1de31caf407,4a8cee89610afe5b,779ff9fe838a4aac,HiToM,high-order,Belief,High-Order False Beliefs (order=0),D,D,[[D]],1,5,True,rationale_cot_3shot,,1
7846a9dcf7a1075b,0d253fc58602491a,7fee1305fc730ed8,HiToM,high-order,Belief,High-Order False Beliefs (order=2),B,B,[[B]],1,5,True,rationale_cot_3shot,,1
f27c7d773ff5b525,84e37aae2d3798be,44dc96355277f91f,HiToM,high-order,Belief,High-Order False Beliefs (order=0),E,B,"Let's track the movement of the pear through the story: The pear starts in the red_box and ends up in the red_pantry. This means the pear was moved from the red_box to the red_pantry. Given the candidate answers, the correct location of the pear is B. red_pantry. [[B]]",0,5,True,rationale_cot_3shot,,1
94fb92169db8ff98,1314693eada7d0f5,565f3cce1257f2d0,HiToM,high-order,Belief,High-Order False Beliefs (order=0),C,C,[[C]],1,5,True,rationale_cot_3shot,,1
182aaf4241b7c988,368760b98796f9e9,768c8aaf2fee2d01,HiToM,high-order,Belief,High-Order False Beliefs (order=2),A,B,[[B]],0,5,True,rationale_cot_3shot,,1
d8fd3657717029ce,c4ef55599f26a782,11ccd4c010d1920f,HiToM,high-order,Belief,High-Order False Beliefs (order=2),A,A,[[A]],1,5,True,rationale_cot_3shot,,1
c23124b131f8fde8,a7e7ac7147e350bc,baa532add988c5af,HiToM,high-order,Belief,High-Order False Beliefs (order=0),C,C,[[C]],1,5,True,rationale_cot_3shot,,1
b0eaf8cc2dc16737,b411082f0eafdd41,278ea6ec77e283aa,HiToM,high-order,Belief,High-Order False Beliefs (order=1),D,B,[[B]],0,5,True,rationale_cot_3shot,,1
e9cecb2ce58c3ba2,f5e69888f4a62a37,bf6c56536c18452d,HiToM,high-order,Belief,High-Order False Beliefs (order=3),D,C,[[C]],0,5,True,rationale_cot_3shot,,1
264b15d11f15b73b,45c3568009872b6e,baa532add988c5af,HiToM,high-order,Belief,High-Order False Beliefs (order=2),E,B,[[B]],0,5,True,rationale_cot_3shot,,1
9e15ebbb6d243b34,fc5bf679e6864d07,21ab2d70b39cce03,HiToM,high-order,Belief,High-Order False Beliefs (order=4),A,B,"Let's reason step by step: I track the sequence of events and the changes in the location of the cherry. Then, I look at the last statement about Ella's belief. This points to option B. [[B]]",0,5,True,rationale_cot_3shot,,1
3f6fd2a2268b05d8,dbb6a4582e643976,20ee47184cbdd13f,HiToM,high-order,Belief,High-Order False Beliefs (order=2),E,C,C [[C]],0,5,True,rationale_cot_3shot,,1
1ab298f53aa4974d,4fad1396b10df1c4,ed6f4b1799d018ea,HiToM,high-order,Belief,High-Order False Beliefs (order=3),C,C,[[C]],1,5,True,rationale_cot_3shot,,1
b78c81f79506c08b,014f028261221637,bf6c56536c18452d,HiToM,high-order,Belief,High-Order False Beliefs (order=2),D,D,[[D]],1,5,True,rationale_cot_3shot,,1
72ba7487fb818688,24070bbf0ae3a23f,4aa2c7960a774ac5,HiToM,high-order,Belief,High-Order False Beliefs (order=4),A,A,[[A]],1,5,True,rationale_cot_3shot,,1
9b5feb1d6ed28e38,224b7d80f267e4b5,baa532add988c5af,HiToM,high-order,Belief,High-Order False Beliefs (order=4),A,B,[[B]],0,5,True,rationale_cot_3shot,,1
e7816cdd46176897,fd4c78167dbf577e,e4098d3fb59c9280,HiToM,high-order,Belief,High-Order False Beliefs (order=4),C,C,[[C]],1,5,True,rationale_cot_3shot,,1
08f859c8ada25a5c,3b81358b0180aa61,4122aa40159d9900,HiToM,high-order,Belief,High-Order False Beliefs (order=2),A,A,[[A]],1,5,True,rationale_cot_3shot,,1
7ac9ea138a8a310e,50d48799d6a2a9ff,1b65a96b942c3796,HiToM,high-order,Belief,High-Order False Beliefs (order=2),D,C,Let's reason step by step: I track the sequence of events and the conversations to determine the last statement made about the turnip's location. This points to option C. [[C]],0,5,True,rationale_cot_3shot,,1
5d78f84b8d823909,1d1fc80a4cdd2570,5e84c9ef5e36854e,HiToM,high-order,Belief,High-Order False Beliefs (order=2),E,A,[[A]],0,5,True,rationale_cot_3shot,,1
f258e298e30d8aef,df85737e6511ed2e,c1494a2b86e5b8e1,HiToM,high-order,Belief,High-Order False Beliefs (order=0),B,D,[[D]],0,5,True,rationale_cot_3shot,,1
bb8efdf216ebe517,6fe7a735a683c576,779ff9fe838a4aac,HiToM,high-order,Belief,High-Order False Beliefs (order=4),A,D,[[D]],0,5,True,rationale_cot_3shot,,1
877c60cc55164f35,66d0a70849cd1469,120a5f2c70c4086d,HiToM,high-order,Belief,High-Order False Beliefs (order=0),C,C,[[C]],1,5,True,rationale_cot_3shot,,1
a8a74403ec054a07,86482272a44b57dc,2efcb28232e3d353,HiToM,high-order,Belief,High-Order False Beliefs (order=3),B,B,[[B]],1,5,True,rationale_cot_3shot,,1
6b206694b7e34829,94265a053df1c801,aa45a6050a68d316,HiToM,high-order,Belief,High-Order False Beliefs (order=4),E,E,[[E]],1,5,True,rationale_cot_3shot,,1
6917849c53f29611,c8a20511b9e9c770,fe4d8c16223f0e79,HiToM,high-order,Belief,High-Order False Beliefs (order=0),E,D,[[D]],0,5,True,rationale_cot_3shot,,1
2a9d30e8acba2515,02478a7d2f131b72,6f3b261e30122139,HiToM,high-order,Belief,High-Order False Beliefs (order=4),D,D,[[D]],1,5,True,rationale_cot_3shot,,1
317487ecefca8521,63508fa5a843e501,cf04bff1913d8614,HiToM,high-order,Belief,High-Order False Beliefs (order=0),C,A,[[A]],0,5,True,rationale_cot_3shot,,1
cce819a190b85a31,c2ea9fe0ffe61ebb,05df4908e6e84d0f,HiToM,high-order,Belief,High-Order False Beliefs (order=3),D,D,[[D]],1,5,True,rationale_cot_3shot,,1
d0f4f1680c0dd779,08a449980cb8274b,4f06e5415bb163c4,HiToM,high-order,Belief,High-Order False Beliefs (order=0),E,C,[[C]],0,5,True,rationale_cot_3shot,,1
4214d1d36a4fa858,8c00564d47be9bd2,c0b5adbfdf88cbf3,HiToM,high-order,Belief,High-Order False Beliefs (order=4),C,C,C [[Red_bucket]],1,5,True,rationale_cot_3shot,,1
d84a5fd6761c34ec,951b6ca853dc4760,b14c88dfc01cceaa,HiToM,high-order,Belief,High-Order False Beliefs (order=0),E,C,[[C]],0,5,True,rationale_cot_3shot,,1
384fd0f44631136a,c82f49aabce3ff20,d254664a784101b2,HiToM,high-order,Belief,High-Order False Beliefs (order=1),C,C,[[C]],1,5,True,rationale_cot_3shot,,1
6c8ed5b6bf9d072f,c02d4d1e4e1f9cb8,f8db6d32e9401d8d,HiToM,high-order,Belief,High-Order False Beliefs (order=2),E,C,[[C]],0,5,True,rationale_cot_3shot,,1
866c95fab6493f52,47e5a1e0be27ca4f,ade3c560d0bfd5da,HiToM,high-order,Belief,High-Order False Beliefs (order=3),C,C,Let's analyze the story step by step: I track the movements and thoughts of each person regarding the cabbage's location. This points to option C. [[C]],1,5,True,rationale_cot_3shot,,1
865258393af9c1f9,87a49bcc8485ac11,8053df50341e08e9,HiToM,high-order,Belief,High-Order False Beliefs (order=3),E,B,[[B]],0,5,True,rationale_cot_3shot,,1
52e11e7efee7709b,0b1331b37566b028,a3434dd9fbad401d,HiToM,high-order,Belief,High-Order False Beliefs (order=4),D,D,[[D]],1,5,True,rationale_cot_3shot,,1
f89519023ad69fb9,6ffcdced45ec45e3,fec06a7f4a591883,HiToM,high-order,Belief,High-Order False Beliefs (order=3),D,D,[[D]],1,5,True,rationale_cot_3shot,,1
a63934392792407b,a714fef29534af97,8bd4f266764fc2b0,HiToM,high-order,Belief,High-Order False Beliefs (order=2),E,A,[[A]],0,5,True,rationale_cot_3shot,,1
4f12e2169798cc13,d58a40ab11d2f2d4,0ab029bc369f1f77,HiToM,high-order,Belief,High-Order False Beliefs (order=4),E,B,B. [[Red_pantry]],0,5,True,rationale_cot_3shot,,1
3c27860d2ba57f27,726dda51f2bcc546,cf04bff1913d8614,HiToM,high-order,Belief,High-Order False Beliefs (order=3),E,C,[[C]],0,5,True,rationale_cot_3shot,,1
2b2365105a804aa9,2e4fe2c99306ca81,dcc6219ae3ff38a1,HiToM,high-order,Belief,High-Order False Beliefs (order=1),B,B,[[B]],1,5,True,rationale_cot_3shot,,1
976a79aa3f175098,e68b9ac59e8a5f4b,f58e37a9aeae0383,HiToM,high-order,Belief,High-Order False Beliefs (order=3),A,A,[[A]],1,5,True,rationale_cot_3shot,,1
0c62cf0f0b1c194b,2be1883c7b30c78f,9497cf9d93bb1161,HiToM,high-order,Belief,High-Order False Beliefs (order=4),B,B,[[B]],1,5,True,rationale_cot_3shot,,1
f8437fda4a2cb1e5,d9c091ea4d0f509c,8fc72bdb81d755ba,HiToM,high-order,Belief,High-Order False Beliefs (order=4),B,B,[[B]],1,5,True,rationale_cot_3shot,,1
ff2e40eed31e3c13,21539cc9e7958214,cf04bff1913d8614,HiToM,high-order,Belief,High-Order False Beliefs (order=4),A,B,[[B]],0,5,True,rationale_cot_3shot,,1
debd377d66d6a9e1,00dc96d2295fedf5,fd499037f71b49da,HiToM,high-order,Belief,High-Order False Beliefs (order=2),E,C,[[C]],0,5,True,rationale_cot_3shot,,1
3b20367dad0db6e7,42fbd5cae3a06cb4,7a78e9b46fa17522,HiToM,high-order,Belief,High-Order False Beliefs (order=2),B,C,[[C]],0,5,True,rationale_cot_3shot,,1
3f7516bff606c1b4,1aa41cfcb4c5461e,b75a6a7be4ed409a,HiToM,high-order,Belief,High-Order False Beliefs (order=0),C,C,C [[C]],1,5,True,rationale_cot_3shot,,1
4386235078d8659d,209d2c719673927f,17ecd57aeab2b36d,HiToM,high-order,Belief,High-Order False Beliefs (order=1),D,D,[[D]],1,5,True,rationale_cot_3shot,,1
dc361167759e7cf7,aebacc3595b42308,e9d49ad35ce5182e,HiToM,high-order,Belief,High-Order False Beliefs (order=3),B,B,"Based on the story provided, Chloe, Benjamin, Alexander, Ella, and Elizabeth all left the study without moving the orange. Elizabeth moved the orange back to the red_box. Since Elizabeth was the last person to move the orange and she put it back in the red_box, Chloe would think that Elizabeth thinks the orange is in the red_box. [[B]]",1,5,True,rationale_cot_3shot,,1
70f502c4158e333b,184cda948314d49a,ed45d07cce932a5b,HiToM,high-order,Belief,High-Order False Beliefs (order=0),A,A,"Let's track the movement of the potato based on the story: The potato was initially in the blue_bathtub. It was moved by Jacob to the green_cupboard. No other movements were mentioned after Jacob's move. Therefore, the potato is now in the green_cupboard. This points to option A. [[A]]",1,5,True,rationale_cot_3shot,,1
8d17e0c8841850ee,d466c626b38000ce,d818e01b546089ea,HiToM,high-order,Belief,High-Order False Beliefs (order=3),C,C,[[C]],1,5,True,rationale_cot_3shot,,1
2c0581cb147ebf10,91491ff5293a8680,bf6c56536c18452d,HiToM,high-order,Belief,High-Order False Beliefs (order=0),B,C,[[C]],0,5,True,rationale_cot_3shot,,1
c3f2cdc2f32a4d4b,3f4e8e1a2e1e0ff7,fd499037f71b49da,HiToM,high-order,Belief,High-Order False Beliefs (order=4),B,B,[[B]],1,5,True,rationale_cot_3shot,,1
1d68e2f2231a83be,9e02d02b22d8d8a7,bc4d9b51da7e65ed,HiToM,high-order,Belief,High-Order False Beliefs (order=2),A,D,"Let's track the movements of the corn and Emily's actions: Emily moves the corn from the green_bathtub to the blue_crate. This means Emily knows the last place she moved the corn was the blue_crate. Therefore, Emily thinks William thinks the corn is in the blue_crate. The correct answer is E. [[D]]",0,5,True,rationale_cot_3shot,,1
c4f6a64354da146d,8608cb91aa4f6fe6,a175944f008c8dba,HiToM,high-order,Belief,High-Order False Beliefs (order=2),B,C,[[C]],0,5,True,rationale_cot_3shot,,1
bd796531fdb2ff17,d460b7e996e20ef0,3df1515485e81654,HiToM,high-order,Belief,High-Order False Beliefs (order=2),D,D,"Let's track the movements of the lettuce in the story: Avery moves the lettuce to the green_bathtub, then Charlotte moves it to the blue_pantry, and finally Owen moves it back to the green_drawer. Since Charlotte last saw the lettuce in the green_bathtub, she would think that Avery thinks the lettuce is in the green_bathtub. This points to option D. [[",1,5,True,rationale_cot_3shot,,1
a275d9bbcf4e5b3e,4777f8f960d9c7e0,65df4c146c118538,HiToM,high-order,Belief,High-Order False Beliefs (order=1),B,D,"Let's track the information flow: Amelia moved the tangerine to the red_crate, and she stayed in the cellar for 1 minute. She did not move the tangerine again after exiting the cellar. Therefore, Amelia would still think the tangerine is in the red_crate. This points to option D. [[D]]",0,5,True,rationale_cot_3shot,,1
49a01ef4938f3a01,1d7611bdf21d8491,efd5ac785e0e98e6,HiToM,high-order,Belief,High-Order False Beliefs (order=4),D,D,"Based on the story provided, the sequence of events indicates that Evelyn saw the spinach in the green_bucket. Since Mila moved the spinach to the green_bucket, and since Mila was the last person to move it, Evelyn would think that Emily, Noah, and Avery all think that the spinach is in the green_bucket. Therefore, the answer is E. [[D]]",1,5,True,rationale_cot_3shot,,1
f20854069f46c867,49e3b092869c3857,fb87c094c6022450,HiToM,high-order,Belief,High-Order False Beliefs (order=1),B,B,[[B]],1,5,True,rationale_cot_3shot,,1
90347b58e047a302,f3b8d37d76fd8b0c,6d9b09ad84eab421,HiToM,high-order,Belief,High-Order False Beliefs (order=4),A,A,[[A]],1,5,True,rationale_cot_3shot,,1
7e69a75c84d7dc73,5c0fe5aff8e679a6,9497cf9d93bb1161,HiToM,high-order,Belief,High-Order False Beliefs (order=3),C,C,[[C]],1,5,True,rationale_cot_3shot,,1
b8b5a1a1492217bc,0f0f97873476c72e,8bd4f266764fc2b0,HiToM,high-order,Belief,High-Order False Beliefs (order=1),D,D,[[D]],1,5,True,rationale_cot_3shot,,1
ffaa323f9e5cb306,177ffe6cc6057357,9d22f82f20f526d6,HiToM,high-order,Belief,High-Order False Beliefs (order=3),E,C,[[C]],0,5,True,rationale_cot_3shot,,1
0b77f1aeb5567577,8e911b12d9062b28,a175944f008c8dba,HiToM,high-order,Belief,High-Order False Beliefs (order=3),B,C,[[C]],0,5,True,rationale_cot_3shot,,1
f225bcf294b2eb34,03b2ec049e288a65,9d22f82f20f526d6,HiToM,high-order,Belief,High-Order False Beliefs (order=0),A,C,[[C]],0,5,True,rationale_cot_3shot,,1
019b34a335f554e5,4d5c8e246ce08539,efb1214091bf3e23,HiToM,high-order,Belief,High-Order False Beliefs (order=0),C,C,[[C]],1,5,True,rationale_cot_3shot,,1
17c3f924dfbb1d68,e1494501234aff64,05df4908e6e84d0f,HiToM,high-order,Belief,High-Order False Beliefs (order=0),A,D,[[D]],0,5,True,rationale_cot_3shot,,1
b42c8153ee5891d6,5b5c00a134179576,7fee1305fc730ed8,HiToM,high-order,Belief,High-Order False Beliefs (order=0),E,D,D. [[D]],0,5,True,rationale_cot_3shot,,1
558147dd3082b0fa,00d13c8fa271eec7,cf04bff1913d8614,HiToM,high-order,Belief,High-Order False Beliefs (order=1),A,A,[[A]],1,5,True,rationale_cot_3shot,,1
abda7543be1c1bcb,a90dde81e34a2891,b1d91b7e60985825,HiToM,high-order,Belief,High-Order False Beliefs (order=4),A,A,Let's reason step by step: I track the sequence of events and the changes in thoughts. The key is to follow the chain of statements about where the peas is thought to be. This points to option A. [[A]],1,5,True,rationale_cot_3shot,,1
d790046238073ca3,01fdce1822a07125,483dfca194dec44e,HiToM,high-order,Belief,High-Order False Beliefs (order=0),B,B,[[B]],1,5,True,rationale_cot_3shot,,1
4b2d6785a9f4d96d,68b6116ee8b255e4,8053df50341e08e9,HiToM,high-order,Belief,High-Order False Beliefs (order=1),E,C,[[C]],0,5,True,rationale_cot_3shot,,1
1ab76407072b12d4,866dbbabe6cbbbf9,2e34bb1cecde66d2,HiToM,high-order,Belief,High-Order False Beliefs (order=1),C,C,"Let's reason step by step: We need to identify the last piece of information that directly states Alexander's belief about the location of the green_pepper. This point comes from line 15, where Hannah tells Alexander that the green_pepper is in the blue_crate. This means Alexander knows the green_pepper is in the blue_crate. Therefore, the correct answer is C. [[",1,5,True,rationale_cot_3shot,,1
aa3f0dea02dc759c,1bebfb68d2c42714,2f4be7cf5a314587,HiToM,high-order,Belief,High-Order False Beliefs (order=3),B,B,[[B]],1,5,True,rationale_cot_3shot,,1
6f58fb1b1ee405c3,c5a2111a19f03014,68c6cd0b3d68f164,HiToM,high-order,Belief,High-Order False Beliefs (order=2),C,C,[[C]],1,5,True,rationale_cot_3shot,,1
2051cc34a58baf8e,adbef882a5ef2d71,ea06844c2b815e65,HiToM,high-order,Belief,High-Order False Beliefs (order=1),B,E,[[E]],0,5,True,rationale_cot_3shot,,1
69af090187549942,101dc67cc85266da,7a78e9b46fa17522,HiToM,high-order,Belief,High-Order False Beliefs (order=0),A,E,[[E]],0,5,True,rationale_cot_3shot,,1
08b20bb80fc27837,11d1cb04f41c6eb5,8b5d645c389196bf,HiToM,high-order,Belief,High-Order False Beliefs (order=2),A,A,[[A]],1,5,True,rationale_cot_3shot,,1
d8f34f8f74323c91,2002215037a2df93,e5d42380bce5718f,HiToM,high-order,Belief,High-Order False Beliefs (order=3),B,B,[[B]],1,5,True,rationale_cot_3shot,,1
bccfebfd322d27e2,2ae1b605c36705e3,83d211f42bd24401,HiToM,high-order,Belief,High-Order False Beliefs (order=0),C,C,C [[C]],1,5,True,rationale_cot_3shot,,1
601cf5db837170d2,db1e91f07459f978,8fc72bdb81d755ba,HiToM,high-order,Belief,High-Order False Beliefs (order=2),A,A,[[A]],1,5,True,rationale_cot_3shot,,1
33740797247784f9,813bd6a5ccaf493d,2f4be7cf5a314587,HiToM,high-order,Belief,High-Order False Beliefs (order=2),E,A,[[A]],0,5,True,rationale_cot_3shot,,1
dde2396abb0a277a,e26cec0347f58bef,10bbed8dc0ea3ad2,HiToM,high-order,Belief,High-Order False Beliefs (order=0),B,B,[[B]],1,5,True,rationale_cot_3shot,,1
9d78de2b07b8ab8f,c6e3fdd6461db56c,e7e5c2a076a4d6c4,HiToM,high-order,Belief,High-Order False Beliefs (order=4),B,B,[[B]],1,5,True,rationale_cot_3shot,,1
9086a66858a87efa,479baf8c468ab3ed,083a43b0431efd6e,HiToM,high-order,Belief,High-Order False Beliefs (order=3),E,C,[[C]],0,5,True,rationale_cot_3shot,,1
640ee24c0ccd468b,f1bb6da786c10320,62a7a95b96330d17,HiToM,high-order,Belief,High-Order False Beliefs (order=4),E,E,"Let's analyze the story and the question carefully. The key point is understanding the last statement: ""Jackson privately told Abigail that the cherry is in the green_bucket."" This means Abigail believes that Benjamin thinks that Jackson thinks the cherry is in the green_bucket. Given the options, the correct answer is:

[[E]]",1,5,True,rationale_cot_3shot,,1
0b30c2b446af212e,7c9691b4b74e0742,1b65a96b942c3796,HiToM,high-order,Belief,High-Order False Beliefs (order=1),B,B,"Let's reason step by step: I track the sequence of events and the conversations between the characters. William tells Sophia that the turnip is in the red_bottle. This point directly answers the question. Therefore, the correct answer is B. [[B]]",1,5,True,rationale_cot_3shot,,1
8782cf41bc2247da,97085323d5dc3562,ac0e62879398e112,HiToM,high-order,Belief,High-Order False Beliefs (order=3),A,A,[[A]],1,5,True,rationale_cot_3shot,,1
2904ed68bc19a2d4,55e96d9076614689,d8a7a04324ecfdac,HiToM,high-order,Belief,High-Order False Beliefs (order=0),E,E,[[E]],1,5,True,rationale_cot_3shot,,1
a88f9d3aedacbb0e,ef36f70366a9793f,0d21f61fa116ccd8,HiToM,high-order,Belief,High-Order False Beliefs (order=2),E,C,[[C]],0,5,True,rationale_cot_3shot,,1
fce63e34e395e026,928caa896baa46d8,ab4416b1bcf11f2f,HiToM,high-order,Belief,High-Order False Beliefs (order=0),C,C,"Let's track the movement of the orange through the story: 
- It starts in the red_pantry (line 2).
- Then it moves to the blue_treasure_chest (line 5).
- Finally, it moves to the red_container (line 9).

Given these steps, the correct answer is C. [[C]]",1,5,True,rationale_cot_3shot,,1
e1ba4e11a002b6e0,35a2566b06e67cbe,837d5f7726e81360,HiToM,high-order,Belief,High-Order False Beliefs (order=3),B,B,Let's reason step by step: I track the sequence of events and the final state of the persimmon's location. This points to option B. [[B]],1,5,True,rationale_cot_3shot,,1
2582843eaca72a05,c59a25c636017e7f,b63ac48284062d58,HiToM,high-order,Belief,High-Order False Beliefs (order=3),E,B,[[B]],0,5,True,rationale_cot_3shot,,1
eb3c917158cd1cbe,163aa03afd35b18e,e60d60593422d692,HiToM,high-order,Belief,High-Order False Beliefs (order=2),D,C,[[C]],0,5,True,rationale_cot_3shot,,1
79913ce7fb39273e,5f45e731cd29a24d,2356694ad7aff450,HiToM,high-order,Belief,High-Order False Beliefs (order=0),C,D,"Let's track the movement of the cabbage through the story: cabbage -> blue_bathtub (moved by Isla) -> blue_bottle (moved by William). Given these steps, the final location of the cabbage is the blue_bottle. Therefore, the correct answer is E. [[D]]",0,5,True,rationale_cot_3shot,,1
50ca479bfe2c7a0c,1fb60d1ce9dfbe62,ed45d07cce932a5b,HiToM,high-order,Belief,High-Order False Beliefs (order=2),C,C,"Let's track the information flow: Jacob moves the potato from the blue_bathtub to the green_cupboard, and he publicly claims that the potato is in the blue_bathtub. Since Jacob made this claim, he believes that Carter also thinks the potato is in the blue_bathtub. This points to option C. [[C]]",1,5,True,rationale_cot_3shot,,1
42844cdcb42ca655,e9b182db55981b74,6d9b09ad84eab421,HiToM,high-order,Belief,High-Order False Beliefs (order=0),B,B,[[B]],1,5,True,rationale_cot_3shot,,1
34c8dd0752f0b568,420e9236280a42c8,0d352c6eaf88273a,HiToM,high-order,Belief,High-Order False Beliefs (order=2),B,B,[[B]],1,5,True,rationale_cot_3shot,,1
70e8bfc49de5da7a,25f259937dc1fd06,5e0333c54b11aa96,HiToM,high-order,Belief,High-Order False Beliefs (order=2),D,D,"Let's track the movement of the cabbage in the story: The cabbage was moved by Amelia to the green_envelope, then by Abigail to the green_crate. Since Nathan did not move the cabbage, he would think that Abigail placed the cabbage in the green_crate. Therefore, the correct answer is D. [[D]]",1,5,True,rationale_cot_3shot,,1
703cddf0b1ef44e1,26edb90d6bbef459,8a734cc77628dc60,HiToM,high-order,Belief,High-Order False Beliefs (order=4),E,E,"Based on the story, Amelia moved the watermelon back to the blue_container. Therefore, Amelia thinks that Owen thinks that Avery thinks the watermelon is in the blue_container. Since the correct answer should be among the provided options and the closest match is E. [[E]]",1,5,True,rationale_cot_3shot,,1
c779a2ce61547a12,1a672de19ff8f7ad,478d64d99312b67d,HiToM,high-order,Belief,High-Order False Beliefs (order=1),D,D,D. [[D]],1,5,True,rationale_cot_3shot,,1
28d178f909488d91,f9e4481a4b5c686f,083a43b0431efd6e,HiToM,high-order,Belief,High-Order False Beliefs (order=0),A,C,[[C]],0,5,True,rationale_cot_3shot,,1
69e1d51052cf6cb3,0c3878b161615662,2d9dd017b01059dd,HiToM,high-order,Belief,High-Order False Beliefs (order=2),E,E,"Based on the story provided, Hannah moved the apple to the blue_cupboard and then Jack moved it to the green_drawer. Since we don't have any information that Lily moved the apple again or that she knows where it is, we can only assume based on the last known position. Therefore, the most logical answer is the blue_cupboard. The correct answer is E. [[E]]",1,5,True,rationale_cot_3shot,,1
43a4112475450291,d4d61ef5f404f595,efd5ac785e0e98e6,HiToM,high-order,Belief,High-Order False Beliefs (order=0),E,E,"Let's track the information flow: The spinach is initially mentioned as being in the green_bucket (line 3). Then, Mila moves the spinach to the green_bucket (line 13). This action means that the spinach is now in the green_bucket. Therefore, the correct answer is E. [[E]]",1,5,True,rationale_cot_3shot,,1
725f1dfa0f41d12b,a4647d2b9f0dc68a,dcc6219ae3ff38a1,HiToM,high-order,Belief,High-Order False Beliefs (order=2),A,A,[[A]],1,5,True,rationale_cot_3shot,,1
e69195390cd1d1ef,31f2ff0fa861b82a,779ff9fe838a4aac,HiToM,high-order,Belief,High-Order False Beliefs (order=2),E,C,[[C]],0,5,True,rationale_cot_3shot,,1
ddf23234562ce9c9,f94de37fc0b44c94,725d74f5e774999c,HiToM,high-order,Belief,High-Order False Beliefs (order=3),C,C,[[C]],1,5,True,rationale_cot_3shot,,1
a98589915369ec4f,6e221e0332c70883,272712d216b8e40b,HiToM,high-order,Belief,High-Order False Beliefs (order=1),A,A,[[A]],1,5,True,rationale_cot_3shot,,1
5aa5c17da40655d5,56c06211d6ada8e9,8aea1f5db84b3c84,HiToM,high-order,Belief,High-Order False Beliefs (order=1),B,B,[[B]],1,5,True,rationale_cot_3shot,,1
a02aacd917838df5,d9b471ecfcf29ec0,9497cf9d93bb1161,HiToM,high-order,Belief,High-Order False Beliefs (order=2),B,C,[[C]],0,5,True,rationale_cot_3shot,,1
307b39dd495fe8e0,b483392d9ec5709a,d25e95394c46689b,HiToM,high-order,Belief,High-Order False Beliefs (order=1),E,E,"Let's analyze the story carefully: The lettuce is explicitly stated to be in the blue_crate. Liam did not move the lettuce or change its location. Therefore, Liam would still think the lettuce is in the blue_crate. The correct answer is E. [[E]]",1,5,True,rationale_cot_3shot,,1
56c489cdcdb56f1c,e66321eab3543986,2f4be7cf5a314587,HiToM,high-order,Belief,High-Order False Beliefs (order=4),E,E,[[E]],1,5,True,rationale_cot_3shot,,1
fb59451658e940a8,c920befe969fd863,73cdb3e3c3cd01b1,HiToM,high-order,Belief,High-Order False Beliefs (order=3),A,A,[[A]],1,5,True,rationale_cot_3shot,,1
625b43c3a1774a48,af8c60b2558d953f,44dc96355277f91f,HiToM,high-order,Belief,High-Order False Beliefs (order=2),B,B,"Let's analyze the story step by step: The key information is that Charlotte moved the pear from the red_box to the red_bucket. Since Alexander knows this sequence of events, he would understand that Charlotte thought the pear was in the red_bucket. This points to option B. [[B]]",1,5,True,rationale_cot_3shot,,1
f43e7958edd3e00d,41ee1da29a0e53af,ea06844c2b815e65,HiToM,high-order,Belief,High-Order False Beliefs (order=3),B,B,[[B]],1,5,True,rationale_cot_3shot,,1
3155102718272d53,394a04cb4b519b68,26c6b189a9705d6e,HiToM,high-order,Belief,High-Order False Beliefs (order=4),C,C,[[C]],1,5,True,rationale_cot_3shot,,1
8cdab82f4887cb2e,38066ee1659cae62,798a08ce27805a27,HiToM,high-order,Belief,High-Order False Beliefs (order=2),C,C,[[C]],1,5,True,rationale_cot_3shot,,1
4ce6dd0c0095d66e,909394e18d74ff57,956ee8c9f503c9ce,HiToM,high-order,Belief,High-Order False Beliefs (order=0),B,B,[[B]],1,5,True,rationale_cot_3shot,,1
dc7f4b5614e34e54,64b84c160de53d8c,b016d4b488e7dc12,HiToM,high-order,Belief,High-Order False Beliefs (order=3),D,D,[[D]],1,5,True,rationale_cot_3shot,,1
1e6b2f3019b5bbd3,1da9102f4089a1db,878e6dbb50903ca9,HiToM,high-order,Belief,High-Order False Beliefs (order=4),E,B,Let's reason step by step: I track the sequence of events and the changes in the location of the watermelon. This points to option B. [[B]],0,5,True,rationale_cot_3shot,,1
bf03c801c73852ed,b8969719ba1d92e2,d8a7a04324ecfdac,HiToM,high-order,Belief,High-Order False Beliefs (order=3),A,A,[[A]],1,5,True,rationale_cot_3shot,,1
501fe8f0dfd780cb,fa1fb521a8059fe0,1dadaf03d619577c,HiToM,high-order,Belief,High-Order False Beliefs (order=1),E,B,[[B]],0,5,True,rationale_cot_3shot,,1
97154bdd3de4c652,1fbf88f8b26fb4ca,e7e5c2a076a4d6c4,HiToM,high-order,Belief,High-Order False Beliefs (order=3),C,C,[[C]],1,5,True,rationale_cot_3shot,,1
adff7e2bdc90001d,d9757a3d83a0b52b,fec06a7f4a591883,HiToM,high-order,Belief,High-Order False Beliefs (order=4),E,E,[[E]],1,5,True,rationale_cot_3shot,,1
0e2ccd60cf64b56a,f721fb179c88bad8,4122aa40159d9900,HiToM,high-order,Belief,High-Order False Beliefs (order=3),C,C,[[C]],1,5,True,rationale_cot_3shot,,1
d3d36999c957cac2,90d07ee3ef6c7774,5ad3fc64474e6111,HiToM,high-order,Belief,High-Order False Beliefs (order=2),C,C,[[C]],1,5,True,rationale_cot_3shot,,1
171fbcd089db92dd,46eb44248bfd3a70,9b834c53ec2e160b,HiToM,high-order,Belief,High-Order False Beliefs (order=1),E,E,"Let's track the information flow: Jack moved the tomato to the green_box (step 7), but he was also informed by Carter that the tomato is in the green_box (step 14). Given the last piece of information, Jack would believe the tomato is in the green_box. This points to option E. [[E]]",1,5,True,rationale_cot_3shot,,1
210f3ae80de75f3a,441ba5f72ee3610b,5aeecd18286f1e43,HiToM,high-order,Belief,High-Order False Beliefs (order=2),C,C,[[C]],1,5,True,rationale_cot_3shot,,1
dbfe8d96ac2c2132,ffd6f64a0a21d44e,9074bfb4cea6ad9e,HiToM,high-order,Belief,High-Order False Beliefs (order=2),D,A,[[A]],0,5,True,rationale_cot_3shot,,1
e8bb9752ef81b93f,5786d6173e0a2518,74a442b932800e88,HiToM,high-order,Belief,High-Order False Beliefs (order=1),E,C,[[C]],0,5,True,rationale_cot_3shot,,1
fcde9ff8ef13b114,48add363d1cfce62,2d9dd017b01059dd,HiToM,high-order,Belief,High-Order False Beliefs (order=1),B,B,[[B]],1,5,True,rationale_cot_3shot,,1
2363e2e2fed18882,6cae1455aa483fbe,47680b685312d45c,HiToM,high-order,Belief,High-Order False Beliefs (order=2),D,C,[[C]],0,5,True,rationale_cot_3shot,,1
ebefbcd7b903fc5f,4de23111af6a0e29,6bcbef17f455d6a9,HiToM,high-order,Belief,High-Order False Beliefs (order=1),E,E,[[E]],1,5,True,rationale_cot_3shot,,1
95f486192ec95392,2673de9686a35b48,fb6e6943535ff288,HiToM,high-order,Belief,High-Order False Beliefs (order=0),C,B,[[B]],0,5,True,rationale_cot_3shot,,1
ec37b8a10c05ee08,c4801dd81741233c,f58e37a9aeae0383,HiToM,high-order,Belief,High-Order False Beliefs (order=4),E,C,[[C]],0,5,True,rationale_cot_3shot,,1
68a1dd635014fbfb,f9a950ecb2c6ff21,d7ee8ea1898602d1,HiToM,high-order,Belief,High-Order False Beliefs (order=2),B,D,[[D]],0,5,True,rationale_cot_3shot,,1
bdab633d5c1dfbd5,ac33e1fdd7d4ebbc,c83352670314479c,HiToM,high-order,Belief,High-Order False Beliefs (order=0),C,C,"Let's track the movement of the cherry through the story: Emily moves the cherry to the red_container, then Emma moves it to the green_envelope, and finally Avery moves it to the blue_suitcase. Given these steps, the final location of the cherry is the blue_suitcase. This points to option C. [[C]]",1,5,True,rationale_cot_3shot,,1
b775e62b69c21216,aca85ae677f851e4,e60d60593422d692,HiToM,high-order,Belief,High-Order False Beliefs (order=4),C,C,[[C]],1,5,True,rationale_cot_3shot,,1
3b0a5c9a76983335,10370ea821550555,b7cb8da3efcb43d3,HiToM,high-order,Belief,High-Order False Beliefs (order=3),E,C,[[C]],0,5,True,rationale_cot_3shot,,1
81ae449eb9e9c03b,1e7f5c3d86d45557,6bcbef17f455d6a9,HiToM,high-order,Belief,High-Order False Beliefs (order=4),B,B,[[B]],1,5,True,rationale_cot_3shot,,1
1b2cb6158a116226,612a7869f460c1b2,f56dffb1da04c8ac,HiToM,high-order,Belief,High-Order False Beliefs (order=1),E,E,"Let's track the movements of the lemon in the story: 
- Aiden moved the lemon to the green_basket.
Given that Aiden was the last person to move the lemon and he moved it to the green_basket, Aiden would still think the lemon is in the green_basket. 

The correct answer is: [[E]]",1,5,True,rationale_cot_3shot,,1
5fc2fae4fd287d7f,71650356890c0172,26c6b189a9705d6e,HiToM,high-order,Belief,High-Order False Beliefs (order=1),D,C,C. [[C]],0,5,True,rationale_cot_3shot,,1
6a4581cb3baa7353,c61100a4be0ea7ea,e5d42380bce5718f,HiToM,high-order,Belief,High-Order False Beliefs (order=2),C,C,[[C]],1,5,True,rationale_cot_3shot,,1
16f3ee356adbe6b4,41e4667f0c24d984,5bf4ad33ea4712fc,HiToM,high-order,Belief,High-Order False Beliefs (order=0),C,C,[[C]],1,5,True,rationale_cot_3shot,,1
ae318f0c8a745ddc,663c3fe1866cce64,b7cb8da3efcb43d3,HiToM,high-order,Belief,High-Order False Beliefs (order=4),A,D,[[D]],0,5,True,rationale_cot_3shot,,1
97094b9fc0deb9d7,ffaa8bac9209982f,feae001f51ad870f,HiToM,high-order,Belief,High-Order False Beliefs (order=1),A,A,[[A]],1,5,True,rationale_cot_3shot,,1
3f2d377fc882a077,8fc649f08b9f3298,9b834c53ec2e160b,HiToM,high-order,Belief,High-Order False Beliefs (order=3),D,D,[[D]],1,5,True,rationale_cot_3shot,,1
d2870f2a16d02e21,5466ae8c68c47199,c474f4d889073dac,HiToM,high-order,Belief,High-Order False Beliefs (order=1),E,E,[[E]],1,5,True,rationale_cot_3shot,,1
eaca1bab5105bfd3,ff8d391571bf83d7,478d64d99312b67d,HiToM,high-order,Belief,High-Order False Beliefs (order=3),A,A,[[A]],1,5,True,rationale_cot_3shot,,1
a47014fafc428175,4b1a3a21175e86a5,6f3b261e30122139,HiToM,high-order,Belief,High-Order False Beliefs (order=2),C,C,[[C]],1,5,True,rationale_cot_3shot,,1
a6e55e039d52d6e5,926e8df26b90ba96,7c734c23c5b12fcc,HiToM,high-order,Belief,High-Order False Beliefs (order=1),D,C,[[C]],0,5,True,rationale_cot_3shot,,1
a7652c7d12818406,62e886913edae1d0,c8ce9a24b3acbd91,HiToM,high-order,Belief,High-Order False Beliefs (order=0),C,C,"Let's track the movement of the orange through the story:

- It starts in the red_pantry (step 2).
- Then it moves to the blue_treasure_chest (step 5).
- Next, it moves to the red_container (step 9).

Therefore, the final location of the orange is the red_container. 

The correct answer is: [[C]]",1,5,True,rationale_cot_3shot,,1
826a69c92fba1c50,f1d2acf6b1879f6f,6f3b261e30122139,HiToM,high-order,Belief,High-Order False Beliefs (order=1),B,B,[[B]],1,5,True,rationale_cot_3shot,,1
af4b90decaf9718c,37eb5260634810ca,7286c429382d3674,HiToM,high-order,Belief,High-Order False Beliefs (order=1),E,E,"Let's track the sequence of events involving the banana: The banana was first in the green_envelope (line 2), then moved by Abigail to the blue_bottle (line 8). No other location for the banana is mentioned after this. Given this information, the most likely answer is:

[[E]]",1,5,True,rationale_cot_3shot,,1
d7e69d2010b7f1e3,f65a9ea884b4210c,33a9f039f8e5ef6c,HiToM,high-order,Belief,High-Order False Beliefs (order=4),A,A,[[A]],1,5,True,rationale_cot_3shot,,1
156b6b3517e1376c,0c2b10d602c7db9d,d94a888343731141,HiToM,high-order,Belief,High-Order False Beliefs (order=2),A,B,"Let's track the information flow: Sophia hears Benjamin's private statement that the peach is in the red_pantry. Since Sophia doesn't interact with Abigail or hear any other statements about Abigail's thoughts, she would think that Abigail thinks the peach is in the red_pantry. This points to option B. [[B]]",0,5,True,rationale_cot_3shot,,1
aa843dfffd0bad3a,1f453bfed33aff72,1dadaf03d619577c,HiToM,high-order,Belief,High-Order False Beliefs (order=2),B,B,[[B]],1,5,True,rationale_cot_3shot,,1
7f2eaf4be0b2a52f,e425eff2b6aff62e,f89d13bc79af5a5b,HiToM,high-order,Belief,High-Order False Beliefs (order=4),A,C,C [[C]],0,5,True,rationale_cot_3shot,,1
db18f5103cc3db67,e7bccdc461d2c171,04ae4e06d20df95a,HiToM,high-order,Belief,High-Order False Beliefs (order=2),C,C,[[C]],1,5,True,rationale_cot_3shot,,1
802ad7dcdc9e512d,8e4b1748b9807527,b016d4b488e7dc12,HiToM,high-order,Belief,High-Order False Beliefs (order=2),E,C,[[C]],0,5,True,rationale_cot_3shot,,1
f2739e923873773a,117420c7c0ffa201,dc41bc5c46ce363d,HiToM,high-order,Belief,High-Order False Beliefs (order=2),D,C,[[C]],0,5,True,rationale_cot_3shot,,1
54809e1dbddafb03,ed7a1e15072bf3ad,fd499037f71b49da,HiToM,high-order,Belief,High-Order False Beliefs (order=1),B,B,[[B]],1,5,True,rationale_cot_3shot,,1
e2456af8cc513474,ab79ad1198a8a40e,231ccaea7aba2907,HiToM,high-order,Belief,High-Order False Beliefs (order=4),B,B,Let's reason step by step: I track the sequence of events and the movements of the items. This points to option B. [[B]],1,5,True,rationale_cot_3shot,,1
146e0087737e430e,f850952496a4b5db,e6ee6472b65fe46b,HiToM,high-order,Belief,High-Order False Beliefs (order=4),E,E,[[E]],1,5,True,rationale_cot_3shot,,1
e62734efa2458294,11ca6d8466fa1126,9d22f82f20f526d6,HiToM,high-order,Belief,High-Order False Beliefs (order=4),D,B,[[B]],0,5,True,rationale_cot_3shot,,1
3172200c5a47e27a,b0f0f6fcea409187,c54f381665e0e370,HiToM,high-order,Belief,High-Order False Beliefs (order=0),E,E,"Let's track the movement of the spinach through the story: 
- It starts in the box (line 3).
- Then it moves to the blue_container (line 4).
- Finally, it moves back to the green_envelope (line 12).
Given these steps, the correct answer is E. green_envelope. [[E]]",1,5,True,rationale_cot_3shot,,1
cda253c31f52a65c,de1896a6926fd51c,55584ea54a5c3558,HiToM,high-order,Belief,High-Order False Beliefs (order=3),A,A,[[A]],1,5,True,rationale_cot_3shot,,1
677eaca703aba650,ec9f832117379f0c,9401c4c2e0bf810d,HiToM,high-order,Belief,High-Order False Beliefs (order=1),A,A,[[A]],1,5,True,rationale_cot_3shot,,1
f0247717c21b2145,be314539e3b5b3fa,cdf26945b5aa6009,HiToM,high-order,Belief,High-Order False Beliefs (order=2),B,B,[[B]],1,5,True,rationale_cot_3shot,,1
5d5275155df3ea4a,4137cb95d73cf7ca,7925835973ff3c65,HiToM,high-order,Belief,High-Order False Beliefs (order=0),B,B,"Let's track the movement of the onion through the story: 
- It starts in the blue_treasure_chest.
- Then it moves to the red_drawer.
- Next, it is moved to the blue_bottle.
Therefore, the final location of the onion is the blue_bottle. This points to option B. [[B]]",1,5,True,rationale_cot_3shot,,1
0a8e26850eb5cd04,d3ee497ffd66b929,5bf4ad33ea4712fc,HiToM,high-order,Belief,High-Order False Beliefs (order=3),E,D,[[D]],0,5,True,rationale_cot_3shot,,1
821369893970ade3,9ad94e1ca4382108,7abd4268111027de,HiToM,high-order,Belief,High-Order False Beliefs (order=4),C,A,[[A]],0,5,True,rationale_cot_3shot,,1
3de543aba9e8e9f2,006811178e6827e3,05038b4769b9d67e,HiToM,high-order,Belief,High-Order False Beliefs (order=2),B,B,[[B]],1,5,True,rationale_cot_3shot,,1
40d7f7a2697dfc64,3735fb0a41c29b8f,1dadaf03d619577c,HiToM,high-order,Belief,High-Order False Beliefs (order=0),C,C,[[C]],1,5,True,rationale_cot_3shot,,1
3bcf5756c81c011e,bd006c529ee706d3,563b79287f2b6e9a,HiToM,high-order,Belief,High-Order False Beliefs (order=0),E,D,[[D]],0,5,True,rationale_cot_3shot,,1
e1b35e11b5b5ba74,2f25ac919b5697fc,c474f4d889073dac,HiToM,high-order,Belief,High-Order False Beliefs (order=0),C,C,[[C]],1,5,True,rationale_cot_3shot,,1
29a935c5f7a03197,5a9efc334cf2b9ad,b75a6a7be4ed409a,HiToM,high-order,Belief,High-Order False Beliefs (order=2),B,B,B. [[B]],1,5,True,rationale_cot_3shot,,1
cc267e2a5195ddb7,2e99d98d62f52633,a3434dd9fbad401d,HiToM,high-order,Belief,High-Order False Beliefs (order=0),C,C,[[C]],1,5,True,rationale_cot_3shot,,1
5ee519b6d0b40385,5ab24b2beddf295c,47f4e2864b147f66,HiToM,high-order,Belief,High-Order False Beliefs (order=2),A,C,[[C]],0,5,True,rationale_cot_3shot,,1
18777e68c4a98729,b5e5bc00f51f7206,83d211f42bd24401,HiToM,high-order,Belief,High-Order False Beliefs (order=4),C,C,C [[Green_drawer]],1,5,True,rationale_cot_3shot,,1
f08c89cf1706807d,432a4ed8a2626d23,0c46504cc02b0489,HiToM,high-order,Belief,High-Order False Beliefs (order=0),E,E,[[E]],1,5,True,rationale_cot_3shot,,1
314adf351a3bde03,979430175a43d143,7abd4268111027de,HiToM,high-order,Belief,High-Order False Beliefs (order=3),D,D,[[D]],1,5,True,rationale_cot_3shot,,1
c416961affdabfd4,4d0e7823de261323,120a5f2c70c4086d,HiToM,high-order,Belief,High-Order False Beliefs (order=1),D,D,[[D]],1,5,True,rationale_cot_3shot,,1
64bcc54912f52a84,0aac551c929b193b,59b29b17e3eadfe8,HiToM,high-order,Belief,High-Order False Beliefs (order=2),A,C,[[C]],0,5,True,rationale_cot_3shot,,1
7a049c8ff758d7d7,11598bb9af67b36a,4f06e5415bb163c4,HiToM,high-order,Belief,High-Order False Beliefs (order=4),A,C,[[C]],0,5,True,rationale_cot_3shot,,1
f184f9c7922d8ba0,f9a2445b9f159cc9,7ce22d47a228ad25,HiToM,high-order,Belief,High-Order False Beliefs (order=1),A,E,"Let's track the information flow: Sophia enters the waiting room after everyone else, and she privately tells Isabella that the pear is in the blue crate. Since Sophia is the last to move and the only one to provide a direct statement about the location of the pear, she must be the one who truly thinks the pear is in the blue crate. This points to option E. [[E]]",0,5,True,rationale_cot_3shot,,1
6166d115d856bba4,86b42fecf100aefa,9d03128b85982a6a,HiToM,high-order,Belief,High-Order False Beliefs (order=4),C,C,[[C]],1,5,True,rationale_cot_3shot,,1
4133564df00a296e,f3e104ae37eccac6,aa45a6050a68d316,HiToM,high-order,Belief,High-Order False Beliefs (order=0),A,A,[[A]],1,5,True,rationale_cot_3shot,,1
41c27cace5df1467,afe771aa0d8f701f,5ad4771330f6d096,HiToM,high-order,Belief,High-Order False Beliefs (order=0),C,C,[[C]],1,5,True,rationale_cot_3shot,,1
aa83348ae94ac684,d29c022564381cb3,7c734c23c5b12fcc,HiToM,high-order,Belief,High-Order False Beliefs (order=3),A,B,[[B]],0,5,True,rationale_cot_3shot,,1
40bb11638c967682,2fcf8a568b45065c,3df1515485e81654,HiToM,high-order,Belief,High-Order False Beliefs (order=0),C,C,"Let's track the sequence of events involving the lettuce: Avery moves it to the green_bathtub (step 3), Charlotte moves it to the blue_pantry (step 6), and finally, Owen moves it back to the green_drawer (step 14). Given these steps, the final location of the lettuce is the green_drawer. Therefore, the correct answer is C. [[C",1,5,True,rationale_cot_3shot,,1
258ec88c9bc99d90,8d3ce9afb761ed1b,e60d60593422d692,HiToM,high-order,Belief,High-Order False Beliefs (order=0),A,C,[[C]],0,5,True,rationale_cot_3shot,,1
c11a66c583f8f8c1,00cd75faf966c712,2efcb28232e3d353,HiToM,high-order,Belief,High-Order False Beliefs (order=4),E,B,[[B]],0,5,True,rationale_cot_3shot,,1
da44de11fb86f976,885775dd2541012c,baa532add988c5af,HiToM,high-order,Belief,High-Order False Beliefs (order=3),A,E,[[E]],0,5,True,rationale_cot_3shot,,1
6937d7f799be965b,b00d2c5da1297ccc,10bbed8dc0ea3ad2,HiToM,high-order,Belief,High-Order False Beliefs (order=1),B,B,[[B]],1,5,True,rationale_cot_3shot,,1
1f83d18f5f5c74af,a1739237c170a3c3,fb6e6943535ff288,HiToM,high-order,Belief,High-Order False Beliefs (order=2),A,D,[[D]],0,5,True,rationale_cot_3shot,,1
f23beab1563e31dc,e64a7a1cbccd6f66,f18ed93b9ecdbf1b,HiToM,high-order,Belief,High-Order False Beliefs (order=0),C,E,"Let's track the movement of the persimmon through the story: 
- It starts in the blue_crate.
- Then it moves to the blue_cupboard (by Evelyn).
- Next, it moves to the green_pantry (by Amelia).

Given these steps, the correct answer is E. green_pantry. [[E]]",0,5,True,rationale_cot_3shot,,1
7958a48b0a1c6167,ef12180705dbbf3b,a4d5aad396162e9f,HiToM,high-order,Belief,High-Order False Beliefs (order=0),C,C,[[C]],1,5,True,rationale_cot_3shot,,1
8df8cb89dc9f64e4,2a8a45909ceba249,ac0e62879398e112,HiToM,high-order,Belief,High-Order False Beliefs (order=1),E,E,[[E]],1,5,True,rationale_cot_3shot,,1
cd01a5f9029343da,e7a05f715eb955c9,a8b3e7de7499a0a7,HiToM,high-order,Belief,High-Order False Beliefs (order=2),B,B,[[B]],1,5,True,rationale_cot_3shot,,1
c07393dc12a55c96,987d739f78810b8b,5ad3fc64474e6111,HiToM,high-order,Belief,High-Order False Beliefs (order=3),B,B,[[B]],1,5,True,rationale_cot_3shot,,1
0affa89c50da176e,de1fe1353d33e9ef,8b5d645c389196bf,HiToM,high-order,Belief,High-Order False Beliefs (order=0),E,D,C. [[D]],0,5,True,rationale_cot_3shot,,1
13e35af34ee15abf,f85f86e1ee47c38d,c83352670314479c,HiToM,high-order,Belief,High-Order False Beliefs (order=2),C,A,Let's reason step by step: Lily saw Avery move the cherry to the blue_suitcase. Lily knows that Avery thought the cherry was in the blue_suitcase. This points to option A. [[A]],0,5,True,rationale_cot_3shot,,1
e57741945e8ab4a5,53b66ba701cf7ec4,20ee47184cbdd13f,HiToM,high-order,Belief,High-Order False Beliefs (order=3),C,B,[[B]],0,5,True,rationale_cot_3shot,,1
d8eea0b722fa8163,6b65ae951a4c44fd,069d6bf79a4e6345,HiToM,high-order,Belief,High-Order False Beliefs (order=2),B,B,[[B]],1,5,True,rationale_cot_3shot,,1
8208bea604561198,20f5e3cf853f62e3,dc41bc5c46ce363d,HiToM,high-order,Belief,High-Order False Beliefs (order=4),E,A,[[A]],0,5,True,rationale_cot_3shot,,1
cc18f3f1aa23ed49,d1622306a6600ded,450eea5525d4ecfd,HiToM,high-order,Belief,High-Order False Beliefs (order=1),B,D,[[D]],0,5,True,rationale_cot_3shot,,1
7dbda14ae71170ce,20c9f5c5fcaaaff6,76ee2a602c04de26,HiToM,high-order,Belief,High-Order False Beliefs (order=2),C,C,[[C]],1,5,True,rationale_cot_3shot,,1
ef6f554eac060654,0a7726c453202a97,768c8aaf2fee2d01,HiToM,high-order,Belief,High-Order False Beliefs (order=4),C,C,[[C]],1,5,True,rationale_cot_3shot,,1
8d63c56df9c7bd9c,eaa619824939d96f,4f06e5415bb163c4,HiToM,high-order,Belief,High-Order False Beliefs (order=2),D,C,[[C]],0,5,True,rationale_cot_3shot,,1
d4d97b0b79bf8e0b,83926791254b90e1,baa532add988c5af,HiToM,high-order,Belief,High-Order False Beliefs (order=1),E,B,[[B]],0,5,True,rationale_cot_3shot,,1
889e5d76a1364810,35a46c37674e0d62,2d9dd017b01059dd,HiToM,high-order,Belief,High-Order False Beliefs (order=0),A,A,[[A]],1,5,True,rationale_cot_3shot,,1
d69acfdb41c47ea4,8a2bcc6496229548,70698e2534da87fa,HiToM,high-order,Belief,High-Order False Beliefs (order=0),C,C,[[C]],1,5,True,rationale_cot_3shot,,1
06e0c57e324cb6bf,af89335376a1e730,e574e3d2d3860754,HiToM,high-order,Belief,High-Order False Beliefs (order=4),C,B,[[B]],0,5,True,rationale_cot_3shot,,1
b3d41b1825fd4cf8,35a98dcdb323cd5f,68c6cd0b3d68f164,HiToM,high-order,Belief,High-Order False Beliefs (order=1),A,A,[[A]],1,5,True,rationale_cot_3shot,,1
2849c01b872e1929,8e50dd33feff62d1,5ad4771330f6d096,HiToM,high-order,Belief,High-Order False Beliefs (order=3),B,B,[[B]],1,5,True,rationale_cot_3shot,,1
cddc2f4a6309b260,34c52dd05050b90d,68c6cd0b3d68f164,HiToM,high-order,Belief,High-Order False Beliefs (order=3),C,C,[[C]],1,5,True,rationale_cot_3shot,,1
ec1be35627b80233,f0a306609b1bf3f9,65d64758604b18a8,HiToM,high-order,Belief,High-Order False Beliefs (order=3),E,C,[[C]],0,5,True,rationale_cot_3shot,,1
64e53d20e5c5be14,490580048ffda67d,0ab029bc369f1f77,HiToM,high-order,Belief,High-Order False Beliefs (order=0),C,C,C. [[Red_bucket]],1,5,True,rationale_cot_3shot,,1
4cf2fdfa35328417,b86893aec62ba490,9401c4c2e0bf810d,HiToM,high-order,Belief,High-Order False Beliefs (order=3),C,C,[[C]],1,5,True,rationale_cot_3shot,,1
3f7712a2c1591fea,4eeccc2ed7c77f2a,9195ab778785f4d4,HiToM,high-order,Belief,High-Order False Beliefs (order=1),A,A,[[A]],1,5,True,rationale_cot_3shot,,1
ecfb0853e4673794,f431c808a8f5c246,83d211f42bd24401,HiToM,high-order,Belief,High-Order False Beliefs (order=3),B,B,B. [[B]],1,5,True,rationale_cot_3shot,,1
e9cca2e3a23f9aa0,48ad2e6fcc776bdd,2f4be7cf5a314587,HiToM,high-order,Belief,High-Order False Beliefs (order=0),E,A,[[A]],0,5,True,rationale_cot_3shot,,1
e119c89ff953e257,944cde40e31f97ec,c2bb5ef1e69e3384,HiToM,high-order,Belief,High-Order False Beliefs (order=1),A,A,[[A]],1,5,True,rationale_cot_3shot,,1
224c3d8ed5125620,27963c97365bc68e,c2bb5ef1e69e3384,HiToM,high-order,Belief,High-Order False Beliefs (order=2),D,A,[[A]],0,5,True,rationale_cot_3shot,,1
8083216482c1a3ea,d43d86a8a904e0b6,278ea6ec77e283aa,HiToM,high-order,Belief,High-Order False Beliefs (order=2),B,B,[[B]],1,5,True,rationale_cot_3shot,,1
d94f73a088a787c9,e0e6f35e9f00ef0f,e574e3d2d3860754,HiToM,high-order,Belief,High-Order False Beliefs (order=1),D,D,[[D]],1,5,True,rationale_cot_3shot,,1
8603b8895c18b217,1070233be6909a3e,4122aa40159d9900,HiToM,high-order,Belief,High-Order False Beliefs (order=1),A,C,[[C]],0,5,True,rationale_cot_3shot,,1
a7fb221efef35f57,849797eb4105c571,c2bb5ef1e69e3384,HiToM,high-order,Belief,High-Order False Beliefs (order=4),A,A,[[A]],1,5,True,rationale_cot_3shot,,1
c3bf9f6d7e91b609,823a516376ff4d58,120a5f2c70c4086d,HiToM,high-order,Belief,High-Order False Beliefs (order=2),C,C,[[C]],1,5,True,rationale_cot_3shot,,1
d3af8b045bd7c1c1,b09fd7feb603e0ea,b75a6a7be4ed409a,HiToM,high-order,Belief,High-Order False Beliefs (order=1),D,D,[[D]],1,5,True,rationale_cot_3shot,,1
6ef4428f240e2f41,10c27b0a4cc65f7a,083a43b0431efd6e,HiToM,high-order,Belief,High-Order False Beliefs (order=1),C,C,[[C]],1,5,True,rationale_cot_3shot,,1
d469755912227b25,a88fc2cf04c064a8,f63db42624a734d6,HiToM,high-order,Belief,High-Order False Beliefs (order=4),B,B,[[B]],1,5,True,rationale_cot_3shot,,1
a7a34af7fd965803,d3b04707097745fc,664e618f4d52f00b,HiToM,high-order,Belief,High-Order False Beliefs (order=4),E,E,[[E]],1,5,True,rationale_cot_3shot,,1
3d0c7b43885bfc12,4309f9063b832616,26c6b189a9705d6e,HiToM,high-order,Belief,High-Order False Beliefs (order=0),D,D,[[D]],1,5,True,rationale_cot_3shot,,1
f1078850b08140e4,4450cb82f2e18fb6,26c6b189a9705d6e,HiToM,high-order,Belief,High-Order False Beliefs (order=2),D,D,[[D]],1,5,True,rationale_cot_3shot,,1
bcfb237b8232ee34,93802d1e67ab70e0,5bf4ad33ea4712fc,HiToM,high-order,Belief,High-Order False Beliefs (order=4),A,A,[[A]],1,5,True,rationale_cot_3shot,,1
f24787703660c55a,bcb694d8155f5a0d,0d21f61fa116ccd8,HiToM,high-order,Belief,High-Order False Beliefs (order=0),E,C,C. [[C]],0,5,True,rationale_cot_3shot,,1
f173e6cd5cfaf457,115178311a003af1,f8db6d32e9401d8d,HiToM,high-order,Belief,High-Order False Beliefs (order=1),A,C,[[C]],0,5,True,rationale_cot_3shot,,1
c379b72d2988011b,13c751d86b20eb2e,272712d216b8e40b,HiToM,high-order,Belief,High-Order False Beliefs (order=0),E,E,[[E]],1,5,True,rationale_cot_3shot,,1
40d34ce71f8731d2,882f97250e291a96,8aea1f5db84b3c84,HiToM,high-order,Belief,High-Order False Beliefs (order=4),C,D,[[D]],0,5,True,rationale_cot_3shot,,1
65a9530f35d6a5dd,eafca3d81342710e,c0b5adbfdf88cbf3,HiToM,high-order,Belief,High-Order False Beliefs (order=0),C,C,C [[C]],1,5,True,rationale_cot_3shot,,1
a535e1fb87564248,5725a07b7c8c89d6,272712d216b8e40b,HiToM,high-order,Belief,High-Order False Beliefs (order=3),D,D,[[D]],1,5,True,rationale_cot_3shot,,1
5aa1e58007059786,6c6b3334b16bf328,05df4908e6e84d0f,HiToM,high-order,Belief,High-Order False Beliefs (order=1),C,C,[[C]],1,5,True,rationale_cot_3shot,,1
e69183f6c5a834f2,4cfcb4ae95d05792,efd5ac785e0e98e6,HiToM,high-order,Belief,High-Order False Beliefs (order=3),D,D,"Let's analyze the story step by step: The story doesn't provide any information about Emily's thoughts or perceptions regarding where Mila thinks Noah thinks the spinach is. It only states that Mila moved the spinach to the green_bucket. Therefore, based on the information provided, the correct answer is:

The correct answer is E. green_bucket. [[D]]",1,5,True,rationale_cot_3shot,,1
bcf410bcf2ff667a,41d88183aba08e04,45bacf572038e7ad,HiToM,high-order,Belief,High-Order False Beliefs (order=1),A,A,[[A]],1,5,True,rationale_cot_3shot,,1
8ba8a739c36c7d0e,7f87087e65afd7b2,3df1515485e81654,HiToM,high-order,Belief,High-Order False Beliefs (order=1),A,D,"Let's track the movements of the lettuce in the story: Avery moves the lettuce to the green_bathtub, then Charlotte moves it to the blue_pantry, and finally Owen moves it back to the green_drawer. Since Owen is the last to move the lettuce, he would be the one who thinks the lettuce is in its final position. This points to option D. [[D]]",0,5,True,rationale_cot_3shot,,1
fae56882366ce669,3e03e64890cf06be,10bbed8dc0ea3ad2,HiToM,high-order,Belief,High-Order False Beliefs (order=4),D,D,[[D]],1,5,True,rationale_cot_3shot,,1
f2982c63c052ee00,fb78a598b5ac5900,0d21f61fa116ccd8,HiToM,high-order,Belief,High-Order False Beliefs (order=3),B,C,[[C]],0,5,True,rationale_cot_3shot,,1
d318b4d9a86f91b1,e1071f0cc34037fa,47680b685312d45c,HiToM,high-order,Belief,High-Order False Beliefs (order=3),B,B,[[B]],1,5,True,rationale_cot_3shot,,1
e1104297a5730e93,786288b827fee5b6,1cea02ff310916f9,HiToM,high-order,Belief,High-Order False Beliefs (order=0),A,A,[[A]],1,5,True,rationale_cot_3shot,,1
95a7e42d8b0dce2c,1d35bd02d155db3c,fec06a7f4a591883,HiToM,high-order,Belief,High-Order False Beliefs (order=1),C,C,[[C]],1,5,True,rationale_cot_3shot,,1
88f0113d75bab706,5914b9131131f05f,5e84c9ef5e36854e,HiToM,high-order,Belief,High-Order False Beliefs (order=3),C,C,[[C]],1,5,True,rationale_cot_3shot,,1
4dfc31d6b1b18207,4b5db3097d7f6df5,f4545eed16c4296f,HiToM,high-order,Belief,High-Order False Beliefs (order=4),C,A,"Based on the story, Benjamin privately told Hannah that the peach is in the red_envelope, and Liam privately told Benjamin that the peach is in the red_bottle. Since Hannah was last seen before entering the waiting room, she would still think that Liam thinks Benjamin thinks the peach is in the red_bottle. Therefore, the answer is A. [[A]]",0,5,True,rationale_cot_3shot,,1
417329cd8187f4fe,948a79ba695ee4cf,11ccd4c010d1920f,HiToM,high-order,Belief,High-Order False Beliefs (order=4),A,A,[[A]],1,5,True,rationale_cot_3shot,,1
a23bb2b7afa01dfd,2d5371f3f65ed3c9,62a7a95b96330d17,HiToM,high-order,Belief,High-Order False Beliefs (order=1),B,B,"Let's analyze the story carefully: Jackson privately tells Abigail that the cherry is in the green_bucket. Since Jackson directly communicates the location to Abigail, we can infer that Jackson believes the cherry is in the green_bucket. This points to option B. [[B]]",1,5,True,rationale_cot_3shot,,1
49cabc2060f3def9,ce97fd952b115d57,efb1214091bf3e23,HiToM,high-order,Belief,High-Order False Beliefs (order=2),C,C,[[C]],1,5,True,rationale_cot_3shot,,1
05f378a58160a564,c262da017aa78e54,483dfca194dec44e,HiToM,high-order,Belief,High-Order False Beliefs (order=1),B,B,"Let's reason step by step: We need to focus on the sequence of events and the last person to move the plum. According to the story, William moved the plum from the red_pantry to the green_bucket. Since William was the last person to move the plum, he would logically think that the plum is still in the green_bucket. This points to option B. [[B]]",1,5,True,rationale_cot_3shot,,1
d7b0a583258f6399,e3942703e3a3b797,cbfa45fbe5f2e4d6,HiToM,high-order,Belief,High-Order False Beliefs (order=3),D,D,[[D]],1,5,True,rationale_cot_3shot,,1
325d156c83fb6eff,447338159e1c9728,9195ab778785f4d4,HiToM,high-order,Belief,High-Order False Beliefs (order=2),D,D,[[D]],1,5,True,rationale_cot_3shot,,1
4d6a3e2a0f28a16d,0e0d77c23f5e6bbd,3f68efd9f9f6b0a4,HiToM,high-order,Belief,High-Order False Beliefs (order=2),E,C,[[C]],0,5,True,rationale_cot_3shot,,1
53d8bdbc498cf31c,198577099bf1e262,069d6bf79a4e6345,HiToM,high-order,Belief,High-Order False Beliefs (order=1),A,A,"Let's track the information flow: Sophia moved the corn to the blue_suitcase, and she was the last person to enter the crawlspace. This means she had the last opportunity to observe the location of the corn. Therefore, Sophia would think the corn is in the blue_suitcase. The correct answer is A. [[A]]",1,5,True,rationale_cot_3shot,,1
df8845a8d2e5ba69,a23039bdae7258a0,bea0c2312f16af3c,HiToM,high-order,Belief,High-Order False Beliefs (order=0),A,B,[[B]],0,5,True,rationale_cot_3shot,,1
f4fa82b3afa4c030,4accb7adc38e3550,73cdb3e3c3cd01b1,HiToM,high-order,Belief,High-Order False Beliefs (order=2),D,D,[[D]],1,5,True,rationale_cot_3shot,,1
6316a8bccaaa4aa9,e809c0b4f3b03340,a3434dd9fbad401d,HiToM,high-order,Belief,High-Order False Beliefs (order=1),E,B,[[B]],0,5,True,rationale_cot_3shot,,1
bc9b4209bf1035fa,2e695e51fea304df,a4d5aad396162e9f,HiToM,high-order,Belief,High-Order False Beliefs (order=1),B,B,[[B]],1,5,True,rationale_cot_3shot,,1
38b98db998f83d41,8794197d526fc9e3,779ff9fe838a4aac,HiToM,high-order,Belief,High-Order False Beliefs (order=3),E,D,[[D]],0,5,True,rationale_cot_3shot,,1
6b9d575450bff76e,e39305013cb033f6,e4098d3fb59c9280,HiToM,high-order,Belief,High-Order False Beliefs (order=2),E,D,[[D]],0,5,True,rationale_cot_3shot,,1
72f3cbda6a44e4a6,3cda7750725d8277,e6f553d574b98551,HiToM,high-order,Belief,High-Order False Beliefs (order=1),A,B,Let's reason step by step: I track the sequence of events and the movements of the spinach. This points to option B. [[B]],0,5,True,rationale_cot_3shot,,1
d6bed564c224d0cf,395ce9d552c4d64c,956ee8c9f503c9ce,HiToM,high-order,Belief,High-Order False Beliefs (order=1),C,C,[[C]],1,5,True,rationale_cot_3shot,,1
ac50afb8ce459fb5,d9b0dda759cd21a5,efb1214091bf3e23,HiToM,high-order,Belief,High-Order False Beliefs (order=1),B,B,[[B]],1,5,True,rationale_cot_3shot,,1
3eeff59329230bcb,64811855ea3a9b58,620effcda3924595,HiToM,high-order,Belief,High-Order False Beliefs (order=4),C,C,Let's analyze the story step by step: I track the sequence of events and the statements made by each person. This points to option C. [[C]],1,5,True,rationale_cot_3shot,,1
d928de8b4882735a,ae85b29ef7d389c8,1cea02ff310916f9,HiToM,high-order,Belief,High-Order False Beliefs (order=2),E,A,[[A]],0,5,True,rationale_cot_3shot,,1
c65b2f438a43e43b,f1de243e25847def,0005e820fca39d29,HiToM,high-order,Belief,High-Order False Beliefs (order=1),E,C,[[C]],0,5,True,rationale_cot_3shot,,1
2d86e3316e2ffcf7,5e8fd539ab3ebb88,b75a6a7be4ed409a,HiToM,high-order,Belief,High-Order False Beliefs (order=4),B,B,[[B]],1,5,True,rationale_cot_3shot,,1
057eab9629be40c4,586564d3714df467,71113a34200bd6b3,HiToM,high-order,Belief,High-Order False Beliefs (order=0),D,D,[[D]],1,5,True,rationale_cot_3shot,,1
20014a857847ebc7,08d83a5a4dfb5af3,8b4b3e5482663f4c,HiToM,high-order,Belief,High-Order False Beliefs (order=3),B,E,[[E]],0,5,True,rationale_cot_3shot,,1
7f7da022aadaa7c0,2042c638b9451b08,50056476d5575daf,HiToM,high-order,Belief,High-Order False Beliefs (order=2),D,B,"Based on the story, Hannah told Isabella that the spinach is in the green_cupboard. Then, Avery told Hannah that the spinach is in the green_pantry. Therefore, Hannah thinks that Avery thinks the spinach is in the green_cupboard. The correct answer is B. [[B]]",0,5,True,rationale_cot_3shot,,1
7a3707f4d65dc79c,9faa74e5152018a1,563b79287f2b6e9a,HiToM,high-order,Belief,High-Order False Beliefs (order=4),B,C,[[C]],0,5,True,rationale_cot_3shot,,1
c19832a764264d33,ff82c7704cdb2a50,8bd4f266764fc2b0,HiToM,high-order,Belief,High-Order False Beliefs (order=4),C,A,[[A]],0,5,True,rationale_cot_3shot,,1
ab35c5222c32c707,1a6e6e3d6da8cd24,8b4b3e5482663f4c,HiToM,high-order,Belief,High-Order False Beliefs (order=2),D,C,C [[C]],0,5,True,rationale_cot_3shot,,1
7af958760851aa81,2bb8151c2c0c90b0,0c46504cc02b0489,HiToM,high-order,Belief,High-Order False Beliefs (order=2),C,C,[[C]],1,5,True,rationale_cot_3shot,,1
c92a5beef5b6f0ed,7fa56c5c72bb5885,20ee47184cbdd13f,HiToM,high-order,Belief,High-Order False Beliefs (order=0),D,D,[[D]],1,5,True,rationale_cot_3shot,,1
b7ca319ed2c65c9d,0d6b7656ed9d59ad,05df4908e6e84d0f,HiToM,high-order,Belief,High-Order False Beliefs (order=4),E,C,[[C]],0,5,True,rationale_cot_3shot,,1
d62e80b58b5e1e10,3cce39fe35ce5a82,daa33907a8c9df32,HiToM,high-order,Belief,High-Order False Beliefs (order=0),C,C,"Let's track the movements of the cherry in the story: The cherry was first moved from the red_drawer to the green_pantry by Chloe, then from the green_pantry to the green_bucket by Owen. Therefore, the cherry is now in the green_bucket. However, the question asks for the real location, and based on the sequence, the correct answer is C. [[C]]",1,5,True,rationale_cot_3shot,,1
0e51877e1d472850,6b1083cf63f12992,795e5003b68855c3,HiToM,high-order,Belief,High-Order False Beliefs (order=1),D,D,"Let's reason step by step: We need to identify the sequence of events and the final location of the apple. Jack moved the apple to the green_bottle. Thereafter, no one else moved the apple. Therefore, Jack would still think the apple is in the green_bottle. This points to option D. [[D]]",1,5,True,rationale_cot_3shot,,1
24f21f60941b3686,729b3812431f7939,7a78e9b46fa17522,HiToM,high-order,Belief,High-Order False Beliefs (order=1),E,C,[[C]],0,5,True,rationale_cot_3shot,,1
73a4833f83dfaa24,fb265870fe01bf20,7c734c23c5b12fcc,HiToM,high-order,Belief,High-Order False Beliefs (order=4),A,C,[[C]],0,5,True,rationale_cot_3shot,,1
1bc73d1c6015f184,79c931aaf9c7ed2d,cf04bff1913d8614,HiToM,high-order,Belief,High-Order False Beliefs (order=2),D,D,[[D]],1,5,True,rationale_cot_3shot,,1
04e47e3ffac95f13,80fef71db820fde8,9c91c29d4de0cb67,HiToM,high-order,Belief,High-Order False Beliefs (order=0),C,C,[[C]],1,5,True,rationale_cot_3shot,,1
967d76e53a859117,72ff8e2ef2b881f5,20ee47184cbdd13f,HiToM,high-order,Belief,High-Order False Beliefs (order=1),C,C,[[C]],1,5,True,rationale_cot_3shot,,1
673397351c44652d,4da2fa52e322833a,e574e3d2d3860754,HiToM,high-order,Belief,High-Order False Beliefs (order=2),D,D,[[D]],1,5,True,rationale_cot_3shot,,1
7d141fd9ec3578e2,d65c81ed5740ae0a,0c46504cc02b0489,HiToM,high-order,Belief,High-Order False Beliefs (order=4),C,C,[[C]],1,5,True,rationale_cot_3shot,,1
42f3321748251678,01605c8916da78ee,7fee1305fc730ed8,HiToM,high-order,Belief,High-Order False Beliefs (order=3),E,B,[[B]],0,5,True,rationale_cot_3shot,,1
2a38e3d7a3f305db,e06153a420b53dbf,cbfa45fbe5f2e4d6,HiToM,high-order,Belief,High-Order False Beliefs (order=0),C,C,[[C]],1,5,True,rationale_cot_3shot,,1
c774765afb76cf1c,6d537253702b74f0,563b79287f2b6e9a,HiToM,high-order,Belief,High-Order False Beliefs (order=2),A,B,[[B]],0,5,True,rationale_cot_3shot,,1
e76f731164016f89,ca49db6a0e909492,11ccd4c010d1920f,HiToM,high-order,Belief,High-Order False Beliefs (order=0),C,C,[[C]],1,5,True,rationale_cot_3shot,,1
3518d576fca6f819,66178e7cf4674839,73cdb3e3c3cd01b1,HiToM,high-order,Belief,High-Order False Beliefs (order=1),A,D,[[D]],0,5,True,rationale_cot_3shot,,1
fb3a8c6d29e9f547,03bb5a49eb8d2263,478d64d99312b67d,HiToM,high-order,Belief,High-Order False Beliefs (order=4),A,B,[[B]],0,5,True,rationale_cot_3shot,,1
5beb305611d59c46,b75d567c77ffa0f3,70698e2534da87fa,HiToM,high-order,Belief,High-Order False Beliefs (order=3),C,C,[[C]],1,5,True,rationale_cot_3shot,,1
a4b3b7be65ed946b,ab01ded451d83321,c8ce9a24b3acbd91,HiToM,high-order,Belief,High-Order False Beliefs (order=4),A,B,[[B]],0,5,True,rationale_cot_3shot,,1
e5e5b0277fb28c74,ac7ad91bbbb15b37,d8a7a04324ecfdac,HiToM,high-order,Belief,High-Order False Beliefs (order=2),D,D,[[D]],1,5,True,rationale_cot_3shot,,1
f36848819bbfca9d,96438f30c1aca5a8,fb87c094c6022450,HiToM,high-order,Belief,High-Order False Beliefs (order=2),D,D,[[D]],1,5,True,rationale_cot_3shot,,1
5972a822ff70b76f,14bc465ef98d3d24,3b2c235d8472dc41,HiToM,high-order,Belief,High-Order False Beliefs (order=1),A,A,"Based on the story provided, Emily did not move the asparagus from the green_bottle to any other location. Therefore, Emily would still think the asparagus is in the green_bottle. The correct answer is A. [[A]]",1,5,True,rationale_cot_3shot,,1
ca29f98c63f946b9,d05325633b785712,4aa2c7960a774ac5,HiToM,high-order,Belief,High-Order False Beliefs (order=1),B,B,[[B]],1,5,True,rationale_cot_3shot,,1
a23e19732e5279f7,884fe02b49971a41,0d352c6eaf88273a,HiToM,high-order,Belief,High-Order False Beliefs (order=3),B,B,[[B]],1,5,True,rationale_cot_3shot,,1
784bc0f503c6ae8f,3cdf7e983c064cff,2e34bb1cecde66d2,HiToM,high-order,Belief,High-Order False Beliefs (order=0),C,E,"Let's analyze the story step by step: The key point is that Hannah told Alexander that the green_pepper is in the blue_crate. No one else mentioned the green_pepper being in any other place. Therefore, the correct answer is E. [[E]]",0,5,True,rationale_cot_3shot,,1
7ebac3851aba7ad6,58d8718de7ed389a,c474f4d889073dac,HiToM,high-order,Belief,High-Order False Beliefs (order=2),A,A,[[A]],1,5,True,rationale_cot_3shot,,1
e0272277316244d6,cc0939f6fb62610f,956ee8c9f503c9ce,HiToM,high-order,Belief,High-Order False Beliefs (order=4),D,D,[[D]],1,5,True,rationale_cot_3shot,,1
eca48ef440f40838,e0803ac79b0f2913,620effcda3924595,HiToM,high-order,Belief,High-Order False Beliefs (order=1),C,C,"Let's reason step by step: I track the sequence of events and the statements made by each person. Logan privately told Hannah that the asparagus is in the blue_drawer. This means Logan's private statement contradicts his public claim that the asparagus is in the red_crate. Therefore, the correct answer is based on his private statement. This points to option C. [[C]]",1,5,True,rationale_cot_3shot,,1
4a1f97752a51afad,ced29767783a4ef6,e84c23ba5e817c33,HiToM,high-order,Belief,High-Order False Beliefs (order=1),A,B,[[B]],0,5,True,rationale_cot_3shot,,1
2310ca758764c657,271a44529dae5eb6,76ee2a602c04de26,HiToM,high-order,Belief,High-Order False Beliefs (order=4),E,E,[[E]],1,5,True,rationale_cot_3shot,,1
0676e2c13d57fe13,95cddfdcbe131f5d,664e618f4d52f00b,HiToM,high-order,Belief,High-Order False Beliefs (order=3),D,D,[[D]],1,5,True,rationale_cot_3shot,,1
c9114281e3fcf942,e326cd5ff65bf729,705826a78472707d,HiToM,high-order,Belief,High-Order False Beliefs (order=0),A,A,[[A]],1,5,True,rationale_cot_3shot,,1
acbaec20cf049c70,a4c93d4e326e8b64,563b79287f2b6e9a,HiToM,high-order,Belief,High-Order False Beliefs (order=3),A,D,[[D]],0,5,True,rationale_cot_3shot,,1
64cf5202fc22767d,a293d281e2812ba1,8bd4f266764fc2b0,HiToM,high-order,Belief,High-Order False Beliefs (order=3),C,B,[[B]],0,5,True,rationale_cot_3shot,,1
e9943b93f82adf1e,6fd7af3aeb643f42,d7ee8ea1898602d1,HiToM,high-order,Belief,High-Order False Beliefs (order=3),A,E,[[E]],0,5,True,rationale_cot_3shot,,1
a722117e6e792948,0b111266ad4ea855,e60d60593422d692,HiToM,high-order,Belief,High-Order False Beliefs (order=1),A,A,[[A]],1,5,True,rationale_cot_3shot,,1
ccac1002f5c612d1,a188a966b259894f,e4f8845e8043bfe9,HiToM,high-order,Belief,High-Order False Beliefs (order=1),C,C,[[C]],1,5,True,rationale_cot_3shot,,1
141c170312102dd0,dd74ada1f70cad4f,f4545eed16c4296f,HiToM,high-order,Belief,High-Order False Beliefs (order=1),C,D,"Let's track the information provided in the story. We see that Benjamin privately told Avery that the peach is in the red_bottle. This means Avery was informed about the location of the peach. Given this information, the correct answer is:

[[D]]",0,5,True,rationale_cot_3shot,,1
3b136544703712a3,4e733939a767853a,8053df50341e08e9,HiToM,high-order,Belief,High-Order False Beliefs (order=4),C,C,[[C]],1,5,True,rationale_cot_3shot,,1
c80243f4000dd6af,156e05fff926652c,1cea02ff310916f9,HiToM,high-order,Belief,High-Order False Beliefs (order=1),B,B,[[B]],1,5,True,rationale_cot_3shot,,1
ac72377fc31172f6,496833b24ab77438,6d9b09ad84eab421,HiToM,high-order,Belief,High-Order False Beliefs (order=3),B,B,[[B]],1,5,True,rationale_cot_3shot,,1
0c7be6f1b13878d1,96d865e40af79e93,2fb65cec09d735de,HiToM,high-order,Belief,High-Order False Beliefs (order=1),D,A,"Let's reason step by step: We need to identify the sequence of events and locations where the persimmon was moved. The persimmon was first in the red_basket (line 2), then moved to the blue_crate (line 3). Therefore, the final location of the persimmon is the blue_crate. This points to option A. [[A]]",0,5,True,rationale_cot_3shot,,1
44b851bc0c14d5d2,6ae0b4099c8ac39e,e84c23ba5e817c33,HiToM,high-order,Belief,High-Order False Beliefs (order=3),D,C,[[C]],0,5,True,rationale_cot_3shot,,1
78457a1bba6b1bac,40c720b84e4df3be,3b2c235d8472dc41,HiToM,high-order,Belief,High-Order False Beliefs (order=3),B,B,"Based on the story provided, the asparagus is in the green_bottle. Since Amelia did not move and stayed in the staircase for 1 minute, she would think that Emily, who was also in the staircase, thought that the asparagus was in the green_bottle. Therefore, the answer is B. [[B]]",1,5,True,rationale_cot_3shot,,1
ef5c1fd08fdd9fce,f4b9a282642ce45c,f89d13bc79af5a5b,HiToM,high-order,Belief,High-Order False Beliefs (order=1),B,B,[[B]],1,5,True,rationale_cot_3shot,,1
52f2c9cf1d19eabb,1c96cfe52d96d798,e9d49ad35ce5182e,HiToM,high-order,Belief,High-Order False Beliefs (order=4),A,A,"Based on the story provided, Alexander exits the study after 1 minute and makes no movements. By the time he exits, all the movements involving the orange (moving from the red_box to the red_envelope) have already occurred. Therefore, Alexander would think that the orange is back in the red_box. 

The correct answer is: [[A]]",1,5,True,rationale_cot_3shot,,1
301e15ac9e476239,7b648c0c3b609f90,956ee8c9f503c9ce,HiToM,high-order,Belief,High-Order False Beliefs (order=3),B,B,[[B]],1,5,True,rationale_cot_3shot,,1
a17fbd7a733a34f5,fa45c970a3757f1c,59b29b17e3eadfe8,HiToM,high-order,Belief,High-Order False Beliefs (order=1),E,A,[[A]],0,5,True,rationale_cot_3shot,,1
aef019da3e1475cb,5a681fb9bd2f3ace,17ecd57aeab2b36d,HiToM,high-order,Belief,High-Order False Beliefs (order=2),E,C,[[C]],0,5,True,rationale_cot_3shot,,1
ae9f9ce64acbe777,3c95196f8d96137b,8053df50341e08e9,HiToM,high-order,Belief,High-Order False Beliefs (order=2),A,B,[[B]],0,5,True,rationale_cot_3shot,,1
7aba3d20d5d8ba72,8ead39451ccb7670,c474f4d889073dac,HiToM,high-order,Belief,High-Order False Beliefs (order=4),D,D,[[D]],1,5,True,rationale_cot_3shot,,1
638b1e4e52a9d6a9,0ca377fd530186d8,c1494a2b86e5b8e1,HiToM,high-order,Belief,High-Order False Beliefs (order=1),E,B,[[B]],0,5,True,rationale_cot_3shot,,1
f37fb8540cc713b5,460be4e53a08c5e1,725d74f5e774999c,HiToM,high-order,Belief,High-Order False Beliefs (order=0),C,C,[[C]],1,5,True,rationale_cot_3shot,,1
48c34fdfd98a8a3f,3a0ab4ddc5764081,e4efb7bd2ff41671,HiToM,high-order,Belief,High-Order False Beliefs (order=3),B,B,"Let's reason step by step: I track the sequence of events and the final position of the onion, and the statements made by each person. This points to option B. [[B]]",1,5,True,rationale_cot_3shot,,1
83cba0ce6f6f184d,c494b5b3ca8e6902,e6ee6472b65fe46b,HiToM,high-order,Belief,High-Order False Beliefs (order=3),A,C,[[C]],0,5,True,rationale_cot_3shot,,1
8d9f1d55e3645990,5e3e9277e83b03ed,efb1214091bf3e23,HiToM,high-order,Belief,High-Order False Beliefs (order=4),C,A,[[A]],0,5,True,rationale_cot_3shot,,1
9edc7f36dee0a7dc,1dba0586040b227f,6bf521ed2280ae3f,HiToM,high-order,Belief,High-Order False Beliefs (order=1),C,C,"Let's track the sequence of events involving the melon: Owen moves the melon to the green_basket (line 3). Owen likes the red_basket (line 8), but this like doesn't necessarily reflect where he thinks the melon is. Given the information, the most likely answer based on Owen's actions is C. [[C]]",1,5,True,rationale_cot_3shot,,1
b9773d7a02ee71df,f4e54f7d3da4ee6b,feae001f51ad870f,HiToM,high-order,Belief,High-Order False Beliefs (order=2),D,D,[[D]],1,5,True,rationale_cot_3shot,,1
13b9063a216356a3,653b14c2ca6506f0,3aa33327cbeb5648,HiToM,high-order,Belief,High-Order False Beliefs (order=2),D,D,[[D]],1,5,True,rationale_cot_3shot,,1
28400f65e15a71b3,a4d5d2ed5eda86fb,1dadaf03d619577c,HiToM,high-order,Belief,High-Order False Beliefs (order=4),A,B,[[B]],0,5,True,rationale_cot_3shot,,1
8c6c650be371eff5,dbf7edc9e59aac08,278ea6ec77e283aa,HiToM,high-order,Belief,High-Order False Beliefs (order=3),B,C,[[C]],0,5,True,rationale_cot_3shot,,1
6c044dbdd0545681,53135818bcc62279,9195ab778785f4d4,HiToM,high-order,Belief,High-Order False Beliefs (order=4),A,A,[[A]],1,5,True,rationale_cot_3shot,,1
be21fa08f6be303f,ca3757ed8faa7265,a175944f008c8dba,HiToM,high-order,Belief,High-Order False Beliefs (order=0),B,D,[[D]],0,5,True,rationale_cot_3shot,,1
4445e3c4b063f58a,8003508f1de7307c,768c8aaf2fee2d01,HiToM,high-order,Belief,High-Order False Beliefs (order=0),E,D,[[D]],0,5,True,rationale_cot_3shot,,1
76b3b4d0c95610c7,f0245b6a2f2763a9,c7edfae8a8ada7e7,HiToM,high-order,Belief,High-Order False Beliefs (order=0),D,D,"Let's track the sequence of events involving the peach: Nathan places the peach in the red_basket (step 2), William moves the peach to the green_bathtub (step 7), and Elizabeth moves the peach back to the red_basket (step 11). Given these steps, the peach ends up in the red_basket. This points to option D. [[D]]",1,5,True,rationale_cot_3shot,,1
a14cf486c653b471,66ddd64c717d46af,2efcb28232e3d353,HiToM,high-order,Belief,High-Order False Beliefs (order=1),B,B,[[B]],1,5,True,rationale_cot_3shot,,1
5d6897ff4bfc5db8,87a1d96362d86110,f8db6d32e9401d8d,HiToM,high-order,Belief,High-Order False Beliefs (order=4),C,C,[[C]],1,5,True,rationale_cot_3shot,,1
c0350aa6dbf7c43e,6d0f6dcb8f4bbca1,6baf366ac0032216,HiToM,high-order,Belief,High-Order False Beliefs (order=0),B,B,"Let's track the sequence of events involving the carrot: Evelyn initially puts it in the red_basket (step 2), then she moves it to the red_pantry (step 3). No one else moves it again. This points to option B. [[B]]",1,5,True,rationale_cot_3shot,,1
2fbda1a09c9dd4c1,1807b0d0d765b8b0,d2a3e3553bbc3eae,HiToM,high-order,Belief,High-Order False Beliefs (order=1),B,B,"Let's reason step by step: We need to identify the final location of the watermelon and the person who moved it last. The story shows that Carter moved the watermelon from the blue_suitcase to the green_basket. Since Carter was the last person to move the watermelon, he would think it is in the green_basket. This points to option B. [[B]]",1,5,True,rationale_cot_3shot,,1
0c25666cb5df7ce3,e581c90c3670d590,f8db6d32e9401d8d,HiToM,high-order,Belief,High-Order False Beliefs (order=0),E,C,[[C]],0,5,True,rationale_cot_3shot,,1
45cab7d37a587880,1675393d94b4f032,a8b3e7de7499a0a7,HiToM,high-order,Belief,High-Order False Beliefs (order=3),D,B,[[B]],0,5,True,rationale_cot_3shot,,1
dc25e40e22cabd05,5ecf1e1748b84ea4,9d03128b85982a6a,HiToM,high-order,Belief,High-Order False Beliefs (order=3),A,D,[[D]],0,5,True,rationale_cot_3shot,,1
4a88f5d31003cd8a,e0e2925ffd1a7da1,fff4c0232280db84,HiToM,high-order,Belief,High-Order False Beliefs (order=1),B,B,"Let's track Benjamin's actions and the last time he moved the grapes: Benjamin moved the grapes to the blue_suitcase (line 3), then to the red_crate (line 7). Benjamin also publicly claimed that the watermelon is in the green_pantry (line 25), but we need to focus on the grapes. This points to option B. [[B]]",1,5,True,rationale_cot_3shot,,1
e5bb0b036fc3cf95,050b20054af98ac5,0d352c6eaf88273a,HiToM,high-order,Belief,High-Order False Beliefs (order=0),E,C,[[C]],0,5,True,rationale_cot_3shot,,1
480b5dfa32ceff7c,1227e8483a77c656,cbfa45fbe5f2e4d6,HiToM,high-order,Belief,High-Order False Beliefs (order=1),A,A,[[A]],1,5,True,rationale_cot_3shot,,1
ed96f87d480e31c0,32cb45893976933b,ed6f4b1799d018ea,HiToM,high-order,Belief,High-Order False Beliefs (order=4),D,D,[[D]],1,5,True,rationale_cot_3shot,,1
977fb4682d935ff0,f2ed8e52ca0d949e,3f68efd9f9f6b0a4,HiToM,high-order,Belief,High-Order False Beliefs (order=1),C,C,[[C]],1,5,True,rationale_cot_3shot,,1
0ac4b45de2ac071f,2253697dc9552543,5d25c021d5c81748,HiToM,high-order,Belief,High-Order False Beliefs (order=1),D,D,"Let's reason step by step: We need to focus on the actions and locations of Isabella as described in the story. Isabella moved the potato to the green_bottle. This means she placed the potato in that location. Therefore, Isabella thinks the potato is in the green_bottle. The correct answer is D. [[D]]",1,5,True,rationale_cot_3shot,,1
55fb2057e377c75d,c7f4608de6ad215c,aa45a6050a68d316,HiToM,high-order,Belief,High-Order False Beliefs (order=3),D,D,[[D]],1,5,True,rationale_cot_3shot,,1
282a34fcad15e7f8,d180ad90b59e5b77,4f06e5415bb163c4,HiToM,high-order,Belief,High-Order False Beliefs (order=1),C,C,[[C]],1,5,True,rationale_cot_3shot,,1
dc4d27c278fcab2d,985a16482ffc89eb,7fee1305fc730ed8,HiToM,high-order,Belief,High-Order False Beliefs (order=4),E,A,[[A]],0,5,True,rationale_cot_3shot,,1
d8e7987cfe1553ab,12a534110215a678,e4f8845e8043bfe9,HiToM,high-order,Belief,High-Order False Beliefs (order=3),E,C,[[C]],0,5,True,rationale_cot_3shot,,1
9b109ca315e3a662,9cb832983fa4249d,a4d5aad396162e9f,HiToM,high-order,Belief,High-Order False Beliefs (order=3),E,E,[[E]],1,5,True,rationale_cot_3shot,,1
ffe51b361f4b1d60,2dcfb4031b5de655,9195ab778785f4d4,HiToM,high-order,Belief,High-Order False Beliefs (order=3),D,D,[[D]],1,5,True,rationale_cot_3shot,,1
608da3edfcdcc6b0,435b84a25212620d,d818e01b546089ea,HiToM,high-order,Belief,High-Order False Beliefs (order=0),C,C,[[C]],1,5,True,rationale_cot_3shot,,1
71117eb40b61ef72,b1c7dba3ba0a28c0,e6ee6472b65fe46b,HiToM,high-order,Belief,High-Order False Beliefs (order=2),A,A,[[A]],1,5,True,rationale_cot_3shot,,1
4fad94a06eda544f,8e84bd10d9fb7a8c,8fc72bdb81d755ba,HiToM,high-order,Belief,High-Order False Beliefs (order=1),A,A,[[A]],1,5,True,rationale_cot_3shot,,1
e06a3a13ef8d5ba7,c126c29816149745,4122aa40159d9900,HiToM,high-order,Belief,High-Order False Beliefs (order=0),A,C,[[C]],0,5,True,rationale_cot_3shot,,1
8fa064b988f67b76,db7c75f123bf6f83,68c6cd0b3d68f164,HiToM,high-order,Belief,High-Order False Beliefs (order=0),A,D,[[D]],0,5,True,rationale_cot_3shot,,1
8c998c985e96547b,4ee82a2d9c4929f6,9074bfb4cea6ad9e,HiToM,high-order,Belief,High-Order False Beliefs (order=0),C,C,C. [[C]],1,5,True,rationale_cot_3shot,,1
01cfd306a032b17d,6f2187045d55bf1f,26c6b189a9705d6e,HiToM,high-order,Belief,High-Order False Beliefs (order=3),C,C,[[C]],1,5,True,rationale_cot_3shot,,1
6d4bde33e4926660,dd2475ae24502db6,59b29b17e3eadfe8,HiToM,high-order,Belief,High-Order False Beliefs (order=0),B,B,[[B]],1,5,True,rationale_cot_3shot,,1
58668b9a2e847534,c144bc63e76b63ca,083a43b0431efd6e,HiToM,high-order,Belief,High-Order False Beliefs (order=2),A,D,[[D]],0,5,True,rationale_cot_3shot,,1
27838ef21e1a9d8d,80c94f2fe4861759,d8a7a04324ecfdac,HiToM,high-order,Belief,High-Order False Beliefs (order=4),D,D,[[D]],1,5,True,rationale_cot_3shot,,1
d793c1bc0861ec80,5504bd70a988cefb,74a442b932800e88,HiToM,high-order,Belief,High-Order False Beliefs (order=3),C,C,[[C]],1,5,True,rationale_cot_3shot,,1
1b0236641fe4b343,06141029ae49acbd,3b2c235d8472dc41,HiToM,high-order,Belief,High-Order False Beliefs (order=4),E,E,[[E]],1,5,True,rationale_cot_3shot,,1
ea32446d8c2b5ba3,d97b647d8ddb15a3,5aeecd18286f1e43,HiToM,high-order,Belief,High-Order False Beliefs (order=4),E,B,[[B]],0,5,True,rationale_cot_3shot,,1
d7da78e1f1fb1fc3,115c543a13212fed,e84c23ba5e817c33,HiToM,high-order,Belief,High-Order False Beliefs (order=0),B,B,[[B]],1,5,True,rationale_cot_3shot,,1
3658d313d11206f5,e87bb82526fcf40d,9074bfb4cea6ad9e,HiToM,high-order,Belief,High-Order False Beliefs (order=3),B,D,D. [[D]],0,5,True,rationale_cot_3shot,,1
b0c2058f9a31c53b,1785cb209006ca3e,8383ae9a4ec0f27a,HiToM,high-order,Belief,High-Order False Beliefs (order=1),D,D,"Let's track the information flow: Ava initially made no movements and stayed in the front_yard for 1 minute, then she privately told Elizabeth that the tangerine is in the red_basket. This means Ava's private statement is the last known position of the tangerine. This points to option D. [[D]]",1,5,True,rationale_cot_3shot,,1
187cb38142429c97,41a9b1820fc26a9d,dcc6219ae3ff38a1,HiToM,high-order,Belief,High-Order False Beliefs (order=0),C,C,[[C]],1,5,True,rationale_cot_3shot,,1
82c43780164754a6,3fd73bd62ad473d6,6d9b09ad84eab421,HiToM,high-order,Belief,High-Order False Beliefs (order=1),E,C,[[C]],0,5,True,rationale_cot_3shot,,1
a0114394599b62b6,082bd0603f2bd5ab,bbb364b1ee4da68a,HiToM,high-order,Belief,High-Order False Beliefs (order=0),B,B,"Let's track the movement of the lime through the story: 
- It starts in the red_bottle (line 3).
- Then it is moved to the blue_drawer by Lily (line 4).
- Finally, it is moved to the green_pantry by Evelyn (line 10).

Given these steps, the correct answer is B. [[B]]",1,5,True,rationale_cot_3shot,,1
8f1ab819b7540c84,bcfd5001b3c24b21,069d6bf79a4e6345,HiToM,high-order,Belief,High-Order False Beliefs (order=0),E,E,[[E]],1,5,True,rationale_cot_3shot,,1
02d16810e07415bf,c86693b84d014cd4,e4098d3fb59c9280,HiToM,high-order,Belief,High-Order False Beliefs (order=1),C,B,[[B]],0,5,True,rationale_cot_3shot,,1
3336b73394aefd62,145ec04e6f69e5e0,7a78e9b46fa17522,HiToM,high-order,Belief,High-Order False Beliefs (order=3),C,C,[[C]],1,5,True,rationale_cot_3shot,,1
968f6b26e6a56e2f,ee5a4ab1813999a5,a4d5aad396162e9f,HiToM,high-order,Belief,High-Order False Beliefs (order=4),A,A,[[A]],1,5,True,rationale_cot_3shot,,1
d0508fcd92a8211d,47dfaf47364b85bc,e0f1d854fff2eff8,HiToM,high-order,Belief,High-Order False Beliefs (order=3),D,D,[[D]],1,5,True,rationale_cot_3shot,,1
dc26271a1fa933c6,7fa52c941aff2249,8b5d645c389196bf,HiToM,high-order,Belief,High-Order False Beliefs (order=3),C,C,[[C]],1,5,True,rationale_cot_3shot,,1
a1e82dae650d35fa,8ea33482e195958c,120a5f2c70c4086d,HiToM,high-order,Belief,High-Order False Beliefs (order=3),A,C,[[C]],0,5,True,rationale_cot_3shot,,1
176e1a0686202955,dd9fbe8289bc3f82,565f3cce1257f2d0,HiToM,high-order,Belief,High-Order False Beliefs (order=1),D,D,[[D]],1,5,True,rationale_cot_3shot,,1
6a876cd29bae6de1,f3ca58cf92cb5521,168a9ace8c03696f,HiToM,high-order,Belief,High-Order False Beliefs (order=0),C,C,"Let's track the movement of the asparagus through the story: 
- It starts in the green_cupboard (line 2).
- Hannah moves it to the green_treasure_chest (line 5).
No other movements are mentioned for the asparagus. Therefore, the asparagus is in the green_treasure_chest. 

The correct answer is C. [[C]]",1,5,True,rationale_cot_3shot,,1
612664d07dd6dc5f,ed203cd62a246238,8b5d645c389196bf,HiToM,high-order,Belief,High-Order False Beliefs (order=4),D,C,[[C]],0,5,True,rationale_cot_3shot,,1
84085b3245aff727,9576adf90b745690,74a442b932800e88,HiToM,high-order,Belief,High-Order False Beliefs (order=4),E,C,[[C]],0,5,True,rationale_cot_3shot,,1
b48f72a29c75b01f,0df8245e332853ed,c62b2ffcc19429ce,HiToM,high-order,Belief,High-Order False Beliefs (order=1),D,D,"Let's track the sequence of events and the movements of the spinach: Ella moves the spinach to the green_basket, then Benjamin moves it to the green_envelope. Since Benjamin was the last person to move the spinach, and he moved it to the green_envelope, Emma would think the spinach is in the green_envelope. This points to option D. [[D]]",1,5,True,rationale_cot_3shot,,1
98cd0483bf65f6b2,0a7c5b099a86aed7,cdf26945b5aa6009,HiToM,high-order,Belief,High-Order False Beliefs (order=0),C,C,[[C]],1,5,True,rationale_cot_3shot,,1
af57af05403e2a70,4500ab79928d29a9,9401c4c2e0bf810d,HiToM,high-order,Belief,High-Order False Beliefs (order=0),E,C,[[C]],0,5,True,rationale_cot_3shot,,1
b9c332d0d22c5f1e,a3c0db7192186b41,0ff11fc1bd7f7b52,HiToM,high-order,Belief,High-Order False Beliefs (order=1),E,E,"Let's track the movements of the lime in the story: The lime was first moved by Abigail to the green_envelope (line 13). Then, Abigail exited the playroom (line 14), and no further movement of the lime is mentioned after that. Therefore, the final location of the lime is the green_envelope. This points to option E. [[E]]",1,5,True,rationale_cot_3shot,,1
cfd84230a419dc69,61d5378069f5c4ab,e574e3d2d3860754,HiToM,high-order,Belief,High-Order False Beliefs (order=3),C,C,[[C]],1,5,True,rationale_cot_3shot,,1
345ef6389df7594e,9344ea397cc5ece4,ed6f4b1799d018ea,HiToM,high-order,Belief,High-Order False Beliefs (order=1),E,D,[[D]],0,5,True,rationale_cot_3shot,,1
67aad3778a654aa7,7ff1fd4e9f35a860,fb6e6943535ff288,HiToM,high-order,Belief,High-Order False Beliefs (order=1),E,D,[[D]],0,5,True,rationale_cot_3shot,,1
6e330c6230c127db,080e8f1aba21bbda,d25e95394c46689b,HiToM,high-order,Belief,High-Order False Beliefs (order=3),A,A,[[A]],1,5,True,rationale_cot_3shot,,1
801b6027220b9129,522b07f898a74cf8,0d21f61fa116ccd8,HiToM,high-order,Belief,High-Order False Beliefs (order=1),A,C,[[C]],0,5,True,rationale_cot_3shot,,1
c5710d8367ca4d1b,a26661d76343c510,768c8aaf2fee2d01,HiToM,high-order,Belief,High-Order False Beliefs (order=1),A,A,[[A]],1,5,True,rationale_cot_3shot,,1
d2c90da87f09627d,c742e99bf7712db3,4aa2c7960a774ac5,HiToM,high-order,Belief,High-Order False Beliefs (order=2),C,B,[[B]],0,5,True,rationale_cot_3shot,,1
e2f0a8ddbfe9c434,7f852e6017493fc3,c54f381665e0e370,HiToM,high-order,Belief,High-Order False Beliefs (order=1),C,C,"Let's reason step by step: We need to focus on the sequence of events involving the spinach and Avery. According to the story, Avery moved the spinach to the blue_container. Avery did not move the spinach anywhere else. This means Avery believes the spinach is in the blue_container. This points to option C. [[C]]",1,5,True,rationale_cot_3shot,,1
b683889a42744c23,107b87dfa5b2447c,b9f22d5ba2c41718,HiToM,high-order,Belief,High-Order False Beliefs (order=0),A,E,"Let's track the movement of the cucumber through the story: 
- It starts in the blue_drawer.
- Then it moves to the blue_container (by Abigail).
- Next, it moves to the blue_bathtub (by Hannah).
- Finally, it moves to the red_pantry (by Owen).

Given these steps, the correct answer is E. [[E]]",0,5,True,rationale_cot_3shot,,1
e0b169f65caf0b73,ca8084a1d2f5cab0,efb1214091bf3e23,HiToM,high-order,Belief,High-Order False Beliefs (order=3),B,B,[[B]],1,5,True,rationale_cot_3shot,,1
9d64946eb06b8ba7,a93f8c6beadc41e0,6bcbef17f455d6a9,HiToM,high-order,Belief,High-Order False Beliefs (order=3),A,B,[[B]],0,5,True,rationale_cot_3shot,,1
1fe511742ebf0b24,466623ab7256b2a2,9755a9b8ebe59fd7,HiToM,high-order,Belief,High-Order False Beliefs (order=1),B,B,"Let's track the changes in the location of the watermelon throughout the story. The watermelon starts in the green_cupboard and is moved by Chloe to the green_cupboard again (line 13 and line 26). This means the watermelon was last in the green_cupboard. Given this information, the correct answer is:

[[B]]",1,5,True,rationale_cot_3shot,,1
387aa66fbb26143b,091d8baa70f4e59f,0d352c6eaf88273a,HiToM,high-order,Belief,High-Order False Beliefs (order=4),C,C,[[C]],1,5,True,rationale_cot_3shot,,1
f88097214dcb6649,681b3a62ef706208,5ad4771330f6d096,HiToM,high-order,Belief,High-Order False Beliefs (order=2),D,D,[[D]],1,5,True,rationale_cot_3shot,,1
89aee7bd5968bfcb,14d221b7815dc0ed,9c91c29d4de0cb67,HiToM,high-order,Belief,High-Order False Beliefs (order=3),B,B,[[B]],1,5,True,rationale_cot_3shot,,1
d599daba3ade6adb,79527e18270bd9da,a581268301ce9a7b,HiToM,high-order,Belief,High-Order False Beliefs (order=1),B,D,"Let's track the information flow: The onion starts in the green_crate, then it moves to the blue_bucket, then to the green_crate again. Mila privately tells Jack that the onion is in the blue_bucket. This means Mila thinks the onion is in the blue_bucket. [[D]]",0,5,True,rationale_cot_3shot,,1
45ea2516ebebc85b,10e34ffa083c0f88,d254664a784101b2,HiToM,high-order,Belief,High-Order False Beliefs (order=3),A,A,[[A]],1,5,True,rationale_cot_3shot,,1
56ba0171bdcb8060,d871887a26721aaa,1dadaf03d619577c,HiToM,high-order,Belief,High-Order False Beliefs (order=3),C,C,[[C]],1,5,True,rationale_cot_3shot,,1
3b26eef324d21c7f,b2f90dba6250db9b,9809da73ea3dd0b5,HiToM,high-order,Belief,High-Order False Beliefs (order=3),C,C,Let's reason step by step: I track the sequence of events and the statements made by each person. This points to option C. [[C]],1,5,True,rationale_cot_3shot,,1
46fcf9a73846f8e3,bd17cd6507aa6f62,8b4b3e5482663f4c,HiToM,high-order,Belief,High-Order False Beliefs (order=4),A,B,[[B]],0,5,True,rationale_cot_3shot,,1
9c87e513d6af4aba,2712ce56284247b3,231ccaea7aba2907,HiToM,high-order,Belief,High-Order False Beliefs (order=2),B,A,"Let's track the movements of the cucumber and Charlotte's statements: Benjamin moved the cucumber to the red_container, and Charlotte moved the cucumber to the red_basket. Charlotte then said that Benjamin thinks the cucumber is in the red_basket. This points to option A. [[A]]",0,5,True,rationale_cot_3shot,,1
940d33b360e4695e,0960e66d80432ba6,a4d5aad396162e9f,HiToM,high-order,Belief,High-Order False Beliefs (order=2),C,C,[[C]],1,5,True,rationale_cot_3shot,,1
4c7e88e250005e47,dd316a360819486f,d25e95394c46689b,HiToM,high-order,Belief,High-Order False Beliefs (order=0),C,C,[[C]],1,5,True,rationale_cot_3shot,,1
847edd6b357ec81e,d4b5f8313964d7a3,5bf4ad33ea4712fc,HiToM,high-order,Belief,High-Order False Beliefs (order=2),D,D,[[D]],1,5,True,rationale_cot_3shot,,1
02edc0edd35844b5,fa7de820df4e1be1,23ba70c81ae24afa,HiToM,high-order,Belief,High-Order False Beliefs (order=2),B,B,"Let's reason step by step: We need to focus on the sequence of events involving Emma and Noah. Emma moved the watermelon from the green_bucket to the blue_treasure_chest. Noah did not move the watermelon; he simply stayed in the hall for 1 minute. Therefore, Noah would still think the watermelon is in the green_bucket. This points to option B. [[",1,5,True,rationale_cot_3shot,,1
876234125a28ffd7,9f443051c3f5d253,854f9173e1fe25f3,HiToM,high-order,Belief,High-Order False Beliefs (order=0),C,C,"Let's track the movements of the peas in the story: The peas start in the blue_suitcase, then move to the red_basket, then to the blue_cupboard, and finally back to the blue_suitcase. Given these steps, the final location of the peas is the blue_suitcase. This points to option C. [[C]]",1,5,True,rationale_cot_3shot,,1
7eadd78ca556b6b3,9184ad2bea1ad5d7,4aa2c7960a774ac5,HiToM,high-order,Belief,High-Order False Beliefs (order=3),D,D,[[D]],1,5,True,rationale_cot_3shot,,1
d3581953e163f81f,a00b9dbe69b664cd,cdf26945b5aa6009,HiToM,high-order,Belief,High-Order False Beliefs (order=4),D,C,[[C]],0,5,True,rationale_cot_3shot,,1
4c594bc03d0a532f,ce885addc8cc6d13,47680b685312d45c,HiToM,high-order,Belief,High-Order False Beliefs (order=0),C,C,[[C]],1,5,True,rationale_cot_3shot,,1
ee6a4ff72b25d84d,322f9575688b9303,65df4c146c118538,HiToM,high-order,Belief,High-Order False Beliefs (order=0),C,C,"Let's track the sequence of events and the movements of the tangerine: Ava moved the tangerine to the red_crate, Abigail moved it to the red_basket, and Carter moved it back to the red_basket. Since Carter moved the tangerine to the red_basket, and Carter confirmed this position, the correct answer is C. [[C]]",1,5,True,rationale_cot_3shot,,1
1f7a18c2e5417554,2fbe5e52afdb79e1,3b2c235d8472dc41,HiToM,high-order,Belief,High-Order False Beliefs (order=0),C,C,[[C]],1,5,True,rationale_cot_3shot,,1
f62524c29064d601,43c7b9126e25366a,d254664a784101b2,HiToM,high-order,Belief,High-Order False Beliefs (order=2),E,C,[[C]],0,5,True,rationale_cot_3shot,,1
f5788e705ec1041a,cea1125d53c7f3b9,a175944f008c8dba,HiToM,high-order,Belief,High-Order False Beliefs (order=4),D,A,[[A]],0,5,True,rationale_cot_3shot,,1
cfa8147da5b4e86b,eb41222276c9dca5,fec06a7f4a591883,HiToM,high-order,Belief,High-Order False Beliefs (order=0),C,C,[[C]],1,5,True,rationale_cot_3shot,,1
48a736846513e751,e67716a7e5a07626,2efcb28232e3d353,HiToM,high-order,Belief,High-Order False Beliefs (order=2),E,C,[[C]],0,5,True,rationale_cot_3shot,,1
3ad41c847171d60a,d7d6fd6d8d476b12,dcc6219ae3ff38a1,HiToM,high-order,Belief,High-Order False Beliefs (order=3),D,D,[[D]],1,5,True,rationale_cot_3shot,,1
a856862dd6ed51e9,48869ad3aad20763,5d25c021d5c81748,HiToM,high-order,Belief,High-Order False Beliefs (order=0),A,E,"Let's track the movement of the potato through the story: 
- It starts in the blue_drawer (line 2).
- Then it moves to the red_basket (line 7).
- Finally, it moves back to the blue_drawer (line 11).

Given these steps, the final location of the potato is the red_basket. Therefore, the correct answer is E. [[",0,5,True,rationale_cot_3shot,,1
ceeca6ab2efae1d8,698dbabef1768d44,9809da73ea3dd0b5,HiToM,high-order,Belief,High-Order False Beliefs (order=4),C,C,Let's reason step by step: I track the sequence of events and the changes in thoughts about the location of the cherry. This points to option C. [[C]],1,5,True,rationale_cot_3shot,,1
d03b300c342bcc1e,e0287f5cd702810a,dcc6219ae3ff38a1,HiToM,high-order,Belief,High-Order False Beliefs (order=4),B,B,[[B]],1,5,True,rationale_cot_3shot,,1
ab67520ec18b73fd,b04e496f7024aa25,956ee8c9f503c9ce,HiToM,high-order,Belief,High-Order False Beliefs (order=2),D,C,[[C]],0,5,True,rationale_cot_3shot,,1
8ba95a80a740b6f3,eac06b8697605773,5ad3fc64474e6111,HiToM,high-order,Belief,High-Order False Beliefs (order=0),A,C,[[C]],0,5,True,rationale_cot_3shot,,1
b3ce354026185e12,4b9ed536b390ec84,e9d49ad35ce5182e,HiToM,high-order,Belief,High-Order False Beliefs (order=0),C,C,"Let's track the movement of the orange through the story: 
- It starts in the red_box (line 2).
- Then it moves to the red_envelope (line 6).
- Finally, it returns to the red_box (line 13).

Given these steps, the correct answer is C. [[C]]",1,5,True,rationale_cot_3shot,,1
f3d175402ea22e3c,48f47728a1ebd718,f63db42624a734d6,HiToM,high-order,Belief,High-Order False Beliefs (order=3),B,B,[[B]],1,5,True,rationale_cot_3shot,,1
8d6dcf829df80340,62c4b93d8d13dfbe,73cdb3e3c3cd01b1,HiToM,high-order,Belief,High-Order False Beliefs (order=4),A,A,[[A]],1,5,True,rationale_cot_3shot,,1
c3115247dadb3b9f,99902e7d660bdcc0,45bacf572038e7ad,HiToM,high-order,Belief,High-Order False Beliefs (order=3),D,C,[[C]],0,5,True,rationale_cot_3shot,,1
c9094eb0c23e7ec1,90dc59133caba308,0c46504cc02b0489,HiToM,high-order,Belief,High-Order False Beliefs (order=1),B,B,[[B]],1,5,True,rationale_cot_3shot,,1
2331cbdb6f20a61e,501172f62e0a2e48,6f3b261e30122139,HiToM,high-order,Belief,High-Order False Beliefs (order=0),D,D,[[D]],1,5,True,rationale_cot_3shot,,1
1a93a71646a18689,24c63c1f8247e34e,47f4e2864b147f66,HiToM,high-order,Belief,High-Order False Beliefs (order=3),B,B,[[B]],1,5,True,rationale_cot_3shot,,1
c067eb703c6a64f7,989db1375623d1dd,dc41bc5c46ce363d,HiToM,high-order,Belief,High-Order False Beliefs (order=0),A,A,[[A]],1,5,True,rationale_cot_3shot,,1
2aae9eb2bf9622a1,de10e0904a0b3678,2f4be7cf5a314587,HiToM,high-order,Belief,High-Order False Beliefs (order=1),E,A,[[A]],0,5,True,rationale_cot_3shot,,1
429defafe3bffe0e,39be9959633a726c,76ee2a602c04de26,HiToM,high-order,Belief,High-Order False Beliefs (order=1),E,E,[[E]],1,5,True,rationale_cot_3shot,,1
a3285ad8f0d1b138,69a73e6aebdb2233,ade3c560d0bfd5da,HiToM,high-order,Belief,High-Order False Beliefs (order=2),B,B,Let's analyze the story step by step: I track the movements and thoughts of each person regarding the cabbage's location. This points to option B. [[B]],1,5,True,rationale_cot_3shot,,1
7a4949601271dde6,619d39119543a1e9,8f5f23fd55bc31cf,HiToM,high-order,Belief,High-Order False Beliefs (order=4),C,B,Let's reason step by step: I track the sequence of events and the movements of the items. This points to option B. [[B]],0,5,True,rationale_cot_3shot,,1
814880cf300647b5,5834dc15c5dd3459,20ee47184cbdd13f,HiToM,high-order,Belief,High-Order False Beliefs (order=4),A,C,[[C]],0,5,True,rationale_cot_3shot,,1
6c4d39ba7c4bc041,d2b824d8ec8393af,3aa33327cbeb5648,HiToM,high-order,Belief,High-Order False Beliefs (order=3),A,C,[[C]],0,5,True,rationale_cot_3shot,,1
131d8d027c26b745,969ebe17d98b5e54,05038b4769b9d67e,HiToM,high-order,Belief,High-Order False Beliefs (order=1),D,D,"Let's track the sequence of events involving the apple and Jack's actions:

- The apple is initially in the green_pantry (Step 2).
- Jack moves the apple to the green_bottle (Step 7).

Given that Jack moved the apple to the green_bottle, he would think the apple is in the green_bottle. 

The correct answer is: [[D]]",1,5,True,rationale_cot_3shot,,1
656aab212f761923,5012be1475f23289,0ab029bc369f1f77,HiToM,high-order,Belief,High-Order False Beliefs (order=2),C,C,[[C]],1,5,True,rationale_cot_3shot,,1
63ceb7ef7c83f665,c55dfba418556ae9,725d74f5e774999c,HiToM,high-order,Belief,High-Order False Beliefs (order=2),B,B,[[B]],1,5,True,rationale_cot_3shot,,1
19702bb1ca73b32e,d8e319ec6d8c8738,05038b4769b9d67e,HiToM,high-order,Belief,High-Order False Beliefs (order=4),E,A,[[A]],0,5,True,rationale_cot_3shot,,1
6abe9dd9a3dd96c8,6c1314a4b4027d9e,d3adc9f5b9b1b884,HiToM,high-order,Belief,High-Order False Beliefs (order=4),A,D,"Let's reason step by step: We need to trace back the sequence of events to determine the final location of the turnip. From the story, we can see that the turnip was initially in the red_basket. It was then moved by Elizabeth to the blue_pantry, and finally by Noah to the red_envelope. Since the question asks about Logan's perception, we need to look at the last known position of the turnip, which is the red_envelope. This points to option D. [[D]]",0,5,True,rationale_cot_3shot,,1
a48baf57fff4da2a,3247c8b9afcdb8c2,8926d6ab2616e003,HiToM,high-order,Belief,High-Order False Beliefs (order=0),E,E,"Let's track the movement of the sweet_potato through the story: 
- It starts in the red_container.
- Then it moves to the blue_cupboard (by Ava).
- Next, it moves to the green_drawer (by Charlotte).
- Finally, it moves back to the red_container (by William).

Given these steps, the final location of the sweet_potato is the red_container. Therefore, the correct answer is E. [[E]]",1,5,True,rationale_cot_3shot,,1
12451f726a4aa95d,cb0edb1178a66d86,2d9dd017b01059dd,HiToM,high-order,Belief,High-Order False Beliefs (order=3),C,C,"Let's track the movements of the apple and the thoughts of the characters: The apple was first moved by Hannah to the blue_cupboard. Then Jack moved it to the green_drawer. Next, Lily moved it to the red_box. Since we need to determine where Jack thinks Hannah thinks Lily thinks the apple is, we follow the last movement of the apple, which is the red_box. However, Jack did not think about the location of the apple after he moved it to the green_drawer. Therefore, Jack would think that the apple is still in the blue_cupboard. This points to option C. [[C]]",1,5,True,rationale_cot_3shot,,1
7674b6a776efb6e7,18b1da64f6d97c6c,8a734cc77628dc60,HiToM,high-order,Belief,High-Order False Beliefs (order=2),A,A,"Based on the story provided, Owen did not move the watermelon or make any movements. Therefore, he would not know where Avery thinks the watermelon is. Since none of the candidate answers involve movement or are mentioned as being moved by anyone, the correct answer is that Owen doesn't know. However, since the question asks where Owen thinks Avery thinks the watermelon is, and based on the sequence, the watermelon was initially in the blue_container and later moved to the blue_container again by Amelia, Owen would logically think Avery thinks the watermelon is still in the blue_container. Thus, the answer should be A. [[A]]",1,5,True,rationale_cot_3shot,,1
80d3d291740c1cba,963caec914171074,acb6e40d7488d6f4,HiToM,high-order,Belief,High-Order False Beliefs (order=2),A,C,"Let's track the information flow: We see that Mila was in the sunroom when Owen moved the turnip to the blue_cupboard. However, Mila left the sunroom and did not stay to hear Owen's decision. Therefore, Mila would not know where Owen thinks the turnip is. This means the correct answer is none of the provided options since the information about Owen's thoughts is not available. But based on the given options, the closest answer would be the one that is mentioned as a location, which is C. [[C]]",0,5,True,rationale_cot_3shot,,1
cfb7b4b519ff131e,2549b77ab18ef1ad,0ff11fc1bd7f7b52,HiToM,high-order,Belief,High-Order False Beliefs (order=0),B,B,"Let's track the movements of the lime in the story: 
- It starts in the green_envelope (line 2).
- Emily moves it to the blue_pantry (line 3).
- Jack moves it to the blue_suitcase (line 4).
- Abigail moves it back to the green_envelope (line 13).

Given these steps, the final location of the lime is the green_envelope. Therefore, the correct answer is B. [[B]]",1,5,True,rationale_cot_3shot,,1
2f1c0c25ff54a58c,d28908e248f6f99e,2e34bb1cecde66d2,HiToM,high-order,Belief,High-Order False Beliefs (order=4),B,B,"Let's reason step by step: We need to trace back the last statement about the location of the green_pepper. Hannah told Alexander that the green_pepper is in the blue_crate. Then, Evelyn told Hannah that the green_pepper is in the blue_suitcase. Finally, Hannah told Abigail that the green_pepper is in the blue_suitcase. Therefore, Abigail thinks that the green_pepper is in the blue_suitcase. [[B]]",1,5,True,rationale_cot_3shot,,1
a4b1099a41528425,0a2cab1057df5814,ed45d07cce932a5b,HiToM,high-order,Belief,High-Order False Beliefs (order=4),B,C,"Let's reason step by step: We need to trace back the last known position of the potato as described in the story. According to the story, Jacob moved the potato to the green_cupboard. Since Jackson did not move the potato, he would think it is in the same place as Jacob left it. This means Jackson thinks the potato is in the green_cupboard. However, Alexander told Jackson that the potato is in the blue_bottle, which contradicts Jackson's belief. Given the information provided, the correct answer based on the last known position is C. [[C]]",0,5,True,rationale_cot_3shot,,1
806beb70d7f80d0b,36d2b69551dabf30,01d232b9e9be5571,HiToM,high-order,Belief,High-Order False Beliefs (order=0),D,C,"Let's track the movement of the watermelon through the story: 
- It starts in the blue_bottle (line 3).
- Benjamin moves it to the green_drawer (line 5).
- Then, Charlotte moves it to the blue_container (line 12).
- Finally, Charlotte moves it to the green_envelope (line 21), but we don't need to consider this as the final location since it was moved again.

The last mention of the watermelon is when Charlotte exits the lounge with it in the blue_container (line 12). 

This points to option C. [[C]]",0,5,True,rationale_cot_3shot,,1
f7f2f742dd860fca,c89c73b9fe4d3bad,2fb65cec09d735de,HiToM,high-order,Belief,High-Order False Beliefs (order=2),E,E,"Let's reason step by step: We need to track the movement of the persimmon and the associated thoughts of Hannah. Hannah moved the persimmon from the red_basket to the blue_crate. Since Hannah is the last person to move the persimmon, she would think that William thinks the persimmon is in the blue_crate. Therefore, the correct answer is E. [[E]]",1,5,True,rationale_cot_3shot,,1
1fef57595e333f8d,ea757a877ee6f605,5c2052a7a2cf4a81,HiToM,high-order,Belief,High-Order False Beliefs (order=3),A,A,"Let's reason step by step: First, we identify the sequence of events related to the corn. The corn was initially in the red_basket (line 2), then moved by Liam to the red_container (line 3). Then, it was moved back to the red_basket by Amelia (line 11). Next, it was moved to the red_container by Carter (line 21). Since Sophia did not move the corn, she would not be aware of its current location. However, based on the last known position of the corn, it was in the red_container when Carter moved it. Therefore, Sophia would think that Amelia thought the corn was in the red_container. This points to option A. [[A]]",1,5,True,rationale_cot_3shot,,1
f57c51455bb06f94,90dfe2ffa9b2fd43,d38b045f505942c2,HiToM,high-order,Belief,High-Order False Beliefs (order=0),B,B,"Let's track the sequence of events and the changes in the location of the carrot:
- Initially, the carrot was in the red_basket (line 3).
- Noah moved the carrot to the green_envelope (line 12).
- Hannah moved the carrot back to the red_basket (line 14).

Given these steps, the carrot is back in the red_basket. This points to option B. [[B]]",1,5,True,rationale_cot_3shot,,1
df7410ba6cd41a04,9ca5d602b8ebbc75,837d5f7726e81360,HiToM,high-order,Belief,High-Order False Beliefs (order=2),B,E,"Let's reason step by step: I track the sequence of events and the changes in the location of the persimmon. Amelia is the last person to move the persimmon to the blue_bottle, so she would think that Owen also thinks the persimmon is in the blue_bottle. This points to option E. [[E]]",0,5,True,rationale_cot_3shot,,1
789eab05ee293533,8bc2c14758a8c469,9755a9b8ebe59fd7,HiToM,high-order,Belief,High-Order False Beliefs (order=0),D,D,"Let's track the movement of the watermelon through the story: 
- Initially, the watermelon is in the green_cupboard (line 3).
- Then, Mila moves the watermelon to the green_cupboard (line 13).
- Later, Chloe moves the watermelon to the green_cupboard (line 22).
- Finally, Logan moves the watermelon to the red_bottle (line 31).

Given these steps, the final location of the watermelon is the red_bottle. This points to option D. [[D]]",1,5,True,rationale_cot_3shot,,1
327a1630e5adeaeb,9794baebe37a1690,b016d4b488e7dc12,HiToM,high-order,Belief,High-Order False Beliefs (order=1),E,E,"Let's track the movements of the lime in the story:

1. The lime is in the green_envelope.
2. Emily moves the lime to the blue_pantry.
3. Jack moves the lime to the blue_suitcase.
4. Abigail moves the lime back to the green_envelope.
5. Abigail exits the playroom.

Given these steps, the final position of the lime is the green_envelope. However, the question asks where Abigail thinks the lime is. Since Abigail moved the lime back to the green_envelope, she still believes it is there. 

This points to option E. [[E]]",1,5,True,rationale_cot_3shot,,1
e67ba18d86196bba,4409d2462a68a65c,6a42d21f1606cae7,HiToM,high-order,Belief,High-Order False Beliefs (order=2),B,B,"Let's reason step by step: Noah moved the carrot to the blue_suitcase, so Noah knows the carrot is in the blue_suitcase. Benjamin saw the carrot in the blue_suitcase (since Noah moved it there), but he did not confirm the location to Noah or anyone else. Benjamin later said the beans were in the blue_bottle, but this does not affect his belief about the carrot. Therefore, Noah thinks Benjamin thinks the carrot is in the blue_suitcase. However, since the options do not include 'blue_suitcase', the closest correct answer based on the given options is B. [[B]]",1,5,True,rationale_cot_3shot,,1
52f1ae6b7b47d041,915e452e2afe456b,f229ac1341d02475,HiToM,high-order,Belief,High-Order False Beliefs (order=1),A,A,"Let's track the movement of the lettuce in the story: The lettuce starts in the green_pantry, then moves to the blue_cupboard, then to the blue_bathtub, then to the red_box, and finally to the green_pantry again. Since Isla last moved the lettuce to the green_pantry, she would still think the lettuce is there. However, the question asks where Isla really thinks the lettuce is, and based on the sequence of events, the lettuce was last seen in the green_pantry. This points to option A. [[A]]",1,5,True,rationale_cot_3shot,,1
02683735d6251a67,eb7e61dc49187a79,bc0c8b98534ae607,HiToM,high-order,Belief,High-Order False Beliefs (order=2),D,D,"Let's reason step by step: We need to identify the sequence of events and actions related to the melon. The key point is that Nathan moved the melon to the blue_treasure_chest, and Isabella moved the spinach from the blue_treasure_chest to the red_bottle. Since the question asks about Nathan's thought process regarding the melon, we focus on Nathan's actions. This points to option D. [[D]]",1,5,True,rationale_cot_3shot,,1
16e511a0dd74db33,4c7e0c772b9cce3f,620effcda3924595,HiToM,high-order,Belief,High-Order False Beliefs (order=3),C,C,"Let's reason step by step: We need to trace back the sequence of events and the statements made. From the story, we learn that:

- Sophia said the asparagus is in the red_crate.
- Logan privately told Hannah that the asparagus is in the blue_drawer.

Since Elizabeth doesn't know the final location, she would be aware of the last statement made by Logan, which is that the asparagus is in the blue_drawer. Therefore, Elizabeth would think that Logan thinks the asparagus is in the blue_drawer. This points to option C. [[C]]",1,5,True,rationale_cot_3shot,,1
e9674c5a17e98a59,0ba568d2c193b18f,852b2535a575b572,HiToM,high-order,Belief,High-Order False Beliefs (order=0),E,E,"Let's track the sequence of events and the movements of the corn:

1. The corn is initially in the red_basket.
2. Hannah moves the corn to the green_bathtub.
3. Avery moves the corn to the red_basket.
4. Abigail moves the corn to the green_bucket.
5. Hannah moves the corn to the red_basket again.

The final movement of the corn is from Hannah to the red_basket. This action occurs after Hannah exits the basement and enters the waiting room. Therefore, the corn is in the red_basket. 

This points to option E. [[E]]",1,5,True,rationale_cot_3shot,,1
e0b6a4ca2616e307,b566f0d053c3cb7d,0d6417eeeabd37f4,HiToM,high-order,Belief,High-Order False Beliefs (order=2),E,D,"Let's reason step by step: From the story, we learn that Liam moved the tomato to the green_drawer. However, the question asks about what Liam thinks Emma thinks. According to the last part of the story, Nathan publicly claimed that the tomato is in the blue_bottle, but Carter privately told Emma that the tomato is in the green_drawer. Since Liam moved the tomato to the green_drawer, he would think that Emma thinks the tomato is in the green_drawer. This points to option D. [[D]]",0,5,True,rationale_cot_3shot,,1
3873f6425864d6e2,0d3c6a6688b893a4,89e8be171289a11f,HiToM,high-order,Belief,High-Order False Beliefs (order=1),E,D,"Let's track the movements of the tangerine in the story: 
- Initially, the tangerine is in the green_bottle (line 2).
- Liam moves it to the blue_treasure_chest (line 3).
- Then, Jackson moves it to the green_bathtub (line 6).
- Next, Benjamin moves it to the red_bucket (line 10).
- Finally, Benjamin moves it back to the green_bottle (line 12).

Given these steps, Benjamin must have last seen the tangerine in the red_bucket. This points to option D. [[D]]",0,5,True,rationale_cot_3shot,,1
4f78f5ed0f7a0577,f598866d7adaf263,5ad4771330f6d096,HiToM,high-order,Belief,High-Order False Beliefs (order=1),E,B,"Let's track Benjamin's actions regarding the tangerine:
- Benjamin moved the tangerine to the red_bucket (10).
- Benjamin moved the tangerine to the green_crate (17).
Since Benjamin moved the tangerine to the green_crate, the final location Benjamin thought the tangerine was in is the green_crate. However, since this option is not provided, we need to look at the closest option that matches his last known movement. 

The closest option is B. blue_crate. 

However, the correct answer based on Benjamin's last movement is B. blue_crate. [[B]]",0,5,True,rationale_cot_3shot,,1
2a469404ba01f0b4,65bcffb75acbc7e4,041b0aa4f6894c82,HiToM,high-order,Belief,High-Order False Beliefs (order=0),E,E,"Let's track the information flow: spinach is initially in the green_pantry (line 2). Then, Isla moves the spinach to the green_pantry (line 11), but since Isla is the one who moved it, we need to consider the final position based on her actions. However, the last line indicates that Isla moved the spinach to the green_pantry again, suggesting the spinach is back in the green_pantry. 

This points to option E. [[E]]",1,5,True,rationale_cot_3shot,,1
2fd7445e67c68b86,91c9c69f2ca4d08b,dcdcddd5f37214fe,HiToM,high-order,Belief,High-Order False Beliefs (order=0),C,C,"Let's track the information flow: The cabbage starts in the green_bucket. It is moved from the green_bucket to the green_crate (line 18-19). Then it is moved back to the green_bucket (lines 20-21). Finally, it is moved to the green_crate again (lines 32-33). Given these steps, the cabbage is in the green_crate. Therefore, the correct answer is C. [[C]]",1,5,True,rationale_cot_3shot,,1
0ff8c32773f4e0a3,9af2c6142c8d7acc,e4efb7bd2ff41671,HiToM,high-order,Belief,High-Order False Beliefs (order=2),D,D,"Let's track the sequence of events and the onion's movement: 
- Initially, the onion was in the red_crate (line 2).
- Owen moved the onion to the red_drawer (line 7).
- Emily moved the onion to the red_bottle (line 8).
- Owen moved the onion back to the red_crate (line 9).
- Owen told Emily that the onion is in the blue_crate (line 26).

Given this information, Emily would be thinking that Owen thinks the onion is in the blue_crate. Therefore, the correct answer is D. [[D]]",1,5,True,rationale_cot_3shot,,1
02bb03f869d962dc,47ec168d0e9c88d2,2efcb28232e3d353,HiToM,high-order,Belief,High-Order False Beliefs (order=0),B,C,[[C]],0,5,True,rationale_cot_3shot,,1
a459d0052e522589,0697df439043566e,6228e677c50dd0e2,HiToM,high-order,Belief,High-Order False Beliefs (order=1),D,C,"Let's track the sequence of events involving the peas and Hannah's movements: Hannah moved the peas from the green_basket to the blue_bathtub (line 9), then to the blue_container (line 10). Hannah also likes the green_crate (line 26). Given these steps, Hannah must think the peas is in the blue_container as it is the last place she moved the peas. Therefore, the correct answer is C. [[C]]",0,5,True,rationale_cot_3shot,,1
22aa437ef52e2f88,3fa1d893d9d989a2,c83352670314479c,HiToM,high-order,Belief,High-Order False Beliefs (order=1),D,D,"Let's reason step by step: We need to focus on the sequence of events involving the cherry and Avery's actions. According to the story, Avery moved the cherry to the blue_suitcase. There is no mention of Avery thinking about the location of the cherry. Therefore, the correct answer based on the provided information is:

The answer is D. [[D]]",1,5,True,rationale_cot_3shot,,1
cf5d97d030b343dd,1dd03fc6ff9a656a,795e5003b68855c3,HiToM,high-order,Belief,High-Order False Beliefs (order=4),E,B,"Let's reason step by step: We need to trace back the last known position of the apple, which is provided in the story as being in the green_pantry. This means the correct answer is the final location of the apple, which points to option B. [[B]]",0,5,True,rationale_cot_3shot,,1
e72ff7fb0a5ed6ce,ce8c78d9217ef85a,f1448650324f79f7,HiToM,high-order,Belief,High-Order False Beliefs (order=1),B,C,"Let's track the movement of the sweet_potato in the story: 
- It starts in the green_bottle.
- Then it is moved to the blue_bucket (by Aiden).
- Next, it is moved to the green_bottle again (by Amelia).
- Finally, it is moved to the green_bucket (by Jacob).

Given these steps, Jacob, who last moved the sweet_potato, would think it is in the green_bucket. Therefore, the answer is C. [[C]]",0,5,True,rationale_cot_3shot,,1
7b5d803c342bb0c6,03a2255e1284078f,5265bd085505fef5,HiToM,high-order,Belief,High-Order False Beliefs (order=0),B,E,"Let's track the movement of the lemon through the story: 
- It starts in the blue_bathtub.
- Then it moves to the blue_treasure_chest (moved by Abigail).
- Then it moves to the blue_pantry (moved by Avery).
- Finally, it returns to the blue_bathtub (moved by Lily).

Given these steps, the lemon's final location is the blue_bathtub. However, the last statement indicates that the lemon is actually in the green_drawer, as Avery revealed this to Abigail. 

So, the correct answer is E. [[E]]",0,5,True,rationale_cot_3shot,,1
d0e86315f4d21917,b5b6530eb0607871,041b0aa4f6894c82,HiToM,high-order,Belief,High-Order False Beliefs (order=4),C,E,"Let's track the movement of the spinach through the story: spinach → green_pantry (moved by Isla). Then, Jack claims it's in the green_pantry. Next, Isla tells Jack that Benjamin thinks it's in the blue_suitcase. Finally, Jack tells Amelia that Benjamin thinks it's in the blue_suitcase. Therefore, Amelia thinks Jack thinks Benjamin thinks the spinach is in the blue_suitcase. The answer is E. [[E]]",0,5,True,rationale_cot_3shot,,1
a7be1d628c1e999b,5330e331baa4cf1a,0f1a26cb4a00ca8c,HiToM,high-order,Belief,High-Order False Beliefs (order=0),B,B,"Let's track the movement of the lime through the story: 
- It starts in the blue_crate (line 3).
- Then it moves to the green_pantry (line 4) by Elizabeth.
- Next, it moves to the green_basket (line 9) by Nathan.
- Finally, it moves back to the blue_crate (line 13) by Jackson.

Given these steps, the final location of the lime is the blue_crate. Therefore, the correct answer is B. [[B]]",1,5,True,rationale_cot_3shot,,1
c8a02c0dce4da987,598335159250602c,8383ae9a4ec0f27a,HiToM,high-order,Belief,High-Order False Beliefs (order=0),C,C,"Let's track the movement of the tangerine through the story: 
- It starts in the red_bottle.
- Then it moves to the green_box (by Logan).
- Then it moves to the red_basket (by Elizabeth).
- Finally, Elizabeth claims it is in the red_basket, and Ava confirms this privately.

Given these steps, the most accurate place the tangerine is really is C. [[C]]",1,5,True,rationale_cot_3shot,,1
c45d6d00b78717e6,24552bf73e270377,4c563d91d8a2df3b,HiToM,high-order,Belief,High-Order False Beliefs (order=0),C,C,[[C]],1,5,True,rationale_cot_3shot,,1
103389d0d659a00c,cb47f17895eac877,62a7a95b96330d17,HiToM,high-order,Belief,High-Order False Beliefs (order=3),B,B,"Let's analyze the story step by step: The story doesn't provide any information about where Mila thinks Benjamin thinks Jackson thinks the cherry is. However, based on the last part of the story, we can infer that Benjamin and Jackson both thought the cherry was in the green_bucket. Avery informed Benjamin that the cherry is in the blue_crate, but this doesn't affect Mila's thoughts. Therefore, the most logical answer is the place where Jackson initially thought the cherry was, which is the green_bucket. The answer is [[B]].",1,5,True,rationale_cot_3shot,,1
ee41482c0e2f2893,da2a05be3dc4a70f,2d80d12af4bbccd6,HiToM,high-order,Belief,High-Order False Beliefs (order=2),A,E,"Let's reason step by step: We need to determine where William thinks Nathan thinks the cherry is. From the story, we learn that Isla moved the cherry to the green_basket, and then Isla told William that the cherry is in the green_bathtub. Since Isla told William about the location, and Isla moved the cherry to the green_bathtub, it follows that William would think Nathan thinks the cherry is in the green_bathtub. However, among the given options, the closest match is the green_bathtub, which corresponds to option E. [[E]]",0,5,True,rationale_cot_3shot,,1
f34aa4fb060b6d2f,2a7b8795d9cf6f76,ed45d07cce932a5b,HiToM,high-order,Belief,High-Order False Beliefs (order=1),A,A,"Let's track the information flow: Carter sees the potato in the blue_bathtub, but he doesn't move it. He exits the study and enters the waiting room. In the waiting room, Jacob claims the potato is in the blue_bathtub. However, Alexander privately tells Jacob that the potato is actually in the blue_bottle. Since Carter saw the potato initially in the blue_bathtub, and he didn't move it, he would still think the potato is in the blue_bathtub. This points to option A. [[A]]",1,5,True,rationale_cot_3shot,,1
e10e9060045cefdd,835e55c38273b5c2,fe1eac4cd8d06711,HiToM,high-order,Belief,High-Order False Beliefs (order=0),C,C,"Let's track the movement of the tomato from the story: The tomato starts in the blue_container (line 2), then Sophia moves it to the blue_cupboard (line 3), and later Nathan moves it back to the blue_container (line 11). This means the final location of the tomato is the blue_container. However, since the question asks for the real location, we should consider the last known position before it was moved again, which is the blue_cupboard. But among the given options, the correct answer is C. [[C]]",1,5,True,rationale_cot_3shot,,1
4ad82fa467e84d19,1b04ee4e94faa7d6,5c2052a7a2cf4a81,HiToM,high-order,Belief,High-Order False Beliefs (order=2),D,E,"Let's reason step by step: First, we identify that Lily did not move the corn or make any movements related to the corn. Then, we look at the sequence of events to determine where the corn was last seen by Lily. According to the story, the corn was initially in the red_basket, then moved to the red_container by Liam. Since Lily did not move the corn and stayed in the hallway for 1 minute, she would have seen the corn in the red_container. However, the question asks where Lily thinks Amelia thinks the corn is, and since Amelia moved the corn from the red_basket to the red_container, Amelia would think the corn is still in the red_container. Therefore, the answer is E. [[E",0,5,True,rationale_cot_3shot,,1
1816d74f6326251e,cb66e452ed552c01,706529863f27499d,HiToM,high-order,Belief,High-Order False Beliefs (order=3),A,B,"Let's track the movements of the peas through the story: 
- Initially, the peas are in the green_treasure_chest (line 2).
- Then, Mila moves them to the blue_bucket (line 3).
- Next, Carter moves them to the green_bucket (line 6).
- Finally, Carter moves them to the blue_bucket again (line 21).

Given that the peas are back in the blue_bucket when Carter exits the staircase, we can infer that Carter thinks Amelia thinks Isla thinks the peas is in the blue_bucket. 

The correct answer is: [[B]]",0,5,True,rationale_cot_3shot,,1
842df761771ed8e8,aa2037fe9a60ded6,efd5ac785e0e98e6,HiToM,high-order,Belief,High-Order False Beliefs (order=2),D,D,"Let's reason step by step: From the story, we know that Mila moved the spinach to the green_bucket. There is no mention of Noah thinking about the location of the spinach. Therefore, the correct answer is based on the action taken by Mila, which is the green_bucket. The answer is D. [[D]]",1,5,True,rationale_cot_3shot,,1
357124028a714f67,441814bea171d43e,6bf521ed2280ae3f,HiToM,high-order,Belief,High-Order False Beliefs (order=2),D,E,"Let's reason step by step: We need to focus on the sequence of events involving the melon and Owen. Owen moved the melon from the red_pantry to the green_basket. Avery saw Owen move the melon to the green_basket. Therefore, Avery would logically think that Owen thinks the melon is in the green_basket. However, since the options provided do not include 'green_basket', we must choose the closest option. The correct answer based on the given options is E. [[E]]",0,5,True,rationale_cot_3shot,,1
b0145d659dade9ec,b60a9bf9a720d2f9,4aa00b5a74337bd4,HiToM,high-order,Belief,High-Order False Beliefs (order=1),A,A,"Let's track the sequence of events involving the cucumber: Ava initially places the cucumber in the green_treasure_chest, then Evelyn moves it to the red_envelope, and finally Jacob moves it back to the green_treasure_chest. Given that Evelyn was the last person to move the cucumber, she would logically think it is still in the place she last saw it, which is the red_envelope. 

This points to option A. [[A]]",1,5,True,rationale_cot_3shot,,1
5506af88e4d9c595,db8d1bdce9daa823,a4976a8a03fa27a0,HiToM,high-order,Belief,High-Order False Beliefs (order=2),E,E,"Let's analyze the story step by step to determine the most likely answer:

1. Benjamin sees the green_pepper in the red_basket.
2. Benjamin moves the green_pepper to the blue_container.
3. Benjamin thinks that Emma will think the green_pepper is in the blue_container because he moved it there.

Given these steps, Benjamin would think that Emma thinks the green_pepper is in the blue_container. Therefore, the correct answer is E. [[E]]",1,5,True,rationale_cot_3shot,,1
a2022a667ccf3659,4ef7c0849f54a8c0,5aeecd18286f1e43,HiToM,high-order,Belief,High-Order False Beliefs (order=0),C,C,[[C]],1,5,True,rationale_cot_3shot,,1
51e347378b641299,70cb13389e7d0a11,8f5f23fd55bc31cf,HiToM,high-order,Belief,High-Order False Beliefs (order=0),E,E,"Let's track the movements of the corn in the story: 
- It starts in the green_bottle.
- Then it moves to the red_envelope (by Nathan).
- Next, it moves to the green_envelope (by Lily).
- Then it moves to the green_drawer (by Amelia).
- After that, it moves to the green_box (by Alexander).
- Finally, it moves back to the green_bottle (by Abigail).

Given these steps, the final position of the corn is the green_bottle. This points to option E. [[E]]",1,5,True,rationale_cot_3shot,,1
59a859ebe40b97ca,67a472275a5a806e,63a269b33e2b0c32,HiToM,high-order,Belief,High-Order False Beliefs (order=1),D,B,"Let's track the sequence of events and the movements of the lime: Amelia moved the lime to the green_pantry (lines 27-28). Amelia also publicly claimed that the lime is in the green_bottle (line 30). Given these steps, the most likely answer is E. [[B]]",0,5,True,rationale_cot_3shot,,1
9cf2b983d7f3e030,65ed38ee3d84a686,71113a34200bd6b3,HiToM,high-order,Belief,High-Order False Beliefs (order=4),D,D,"Based on the sequence of events, we can trace back the final position of the watermelon. The watermelon was moved from the blue_cupboard to the red_box, then to the green_bottle, and finally to the blue_bathtub. Therefore, Evelyn thinks that Jacob thinks that Ava thinks that Emily thinks the watermelon is in the blue_bathtub. However, since the options provided do not include 'blue_bathtub', the closest answer is D. [[D]]",1,5,True,rationale_cot_3shot,,1
5752cacd537c522e,587626b39ca38f05,168a9ace8c03696f,HiToM,high-order,Belief,High-Order False Beliefs (order=2),C,E,"Let's reason step by step: First, identify the sequence of events related to the asparagus. According to the story, the asparagus was initially in the green_cupboard. Then, Hannah moved the asparagus to the green_treasure_chest. Next, Hannah exited the hall, and no one else moved the asparagus again. Finally, Hannah publicly claimed that the carrot (which was actually the asparagus) is in the blue_crate. Since Emily liked the red_crate, she would believe Hannah's public statement. Therefore, Emily thinks the asparagus is in the blue_crate. This points to option E. [[E]]",0,5,True,rationale_cot_3shot,,1
1869f734b19764cf,a836a9b558de5de2,54e3842a5d6d0436,HiToM,high-order,Belief,High-Order False Beliefs (order=2),D,E,"Let's track the movements of the carrot and the thoughts of the characters: The carrot was first moved from the red_container to the blue_container by Isabella. Then, it was moved back to the red_container by Alexander. Since we need to determine where Evelyn thinks William thinks the carrot is, we look at the last known position of the carrot, which is the red_container. However, since William did not move the carrot, he would think it is still in the red_container according to the last movement recorded. Therefore, the answer is E. [[E]]",0,5,True,rationale_cot_3shot,,1
e3cc8cdf785319ad,7357058c5fbc5b65,ed45d07cce932a5b,HiToM,high-order,Belief,High-Order False Beliefs (order=3),B,C,"Let's track the information flow: The story shows that Jacob initially moved the potato to the blue_cupboard, but later Jacob publicly claimed that the potato is in the blue_bathtub. Since Alexander privately told Jacob that the potato is in the blue_bottle, we can infer that Alexander thinks Jacob thinks Carter thinks the potato is in the blue_bottle. This points to option C. [[C]]",0,5,True,rationale_cot_3shot,,1
25fa43d557b1c995,3ad18569856a994e,4aa00b5a74337bd4,HiToM,high-order,Belief,High-Order False Beliefs (order=0),A,A,"Let's track the movement of the cucumber through the story: 
- It starts in the green_treasure_chest.
- Then it moves to the red_envelope.
- Next, it moves to the red_crate.
- Finally, it moves back to the green_treasure_chest.
Given these steps, the cucumber ends up in the green_treasure_chest. However, since it was initially in the green_treasure_chest and then moved to other places, the final location is the green_treasure_chest. This points to option A. [[A]]",1,5,True,rationale_cot_3shot,,1
74995fe05526055a,b67e5c70d24e2704,798a08ce27805a27,HiToM,high-order,Belief,High-Order False Beliefs (order=3),A,E,"Based on the story provided, Jack moved the eggplant to the green_bathtub, so he would think that Hannah, who moved it to the blue_cupboard, would think that Noah, who moved it to the green_envelope, would think that the eggplant is in the green_basket. Therefore, the answer is E. [[E]]",0,5,True,rationale_cot_3shot,,1
1963c22dd93f29c7,9bb268a8b77daf72,c7edfae8a8ada7e7,HiToM,high-order,Belief,High-Order False Beliefs (order=2),C,C,"Let's track the sequence of events involving the peach and Isabella's thoughts: 
- Isabella moved the peach to the red_basket (line 11).
- Isabella moved the peach back to the red_basket (line 26).

Given that Isabella moved the peach back to the red_basket, she believes the peach is still in the red_basket. Since Isabella doesn't know that the peach was moved again, she thinks Chloe also thinks it is in the red_basket. 

This points to option C. [[C]]",1,5,True,rationale_cot_3shot,,1
23c95248ac4f2a83,8bad47371540edf3,acb6e40d7488d6f4,HiToM,high-order,Belief,High-Order False Beliefs (order=0),B,B,"Let's track the sequence of events involving the turnip: The turnip is initially in the green_pantry (line 2). Then, Owen moves the turnip to the blue_cupboard (line 7), and finally, Avery moves the turnip to the red_envelope (line 8). Since the turnip was last seen in the red_envelope, the correct answer is:

[[B]]",1,5,True,rationale_cot_3shot,,1
81adfea6fd1cfe85,59fad2c38eb0dc94,f1448650324f79f7,HiToM,high-order,Belief,High-Order False Beliefs (order=2),C,C,"Let's reason step by step: We need to identify the sequence of events involving Aiden and Jacob and their movements regarding the sweet_potato. From the story, we can see that Aiden moved the sweet_potato from the box (where it was found) to the blue_bucket. Jacob moved the sweet_potato from the box to the green_bottle. Since Aiden moved the sweet_potato to the blue_bucket, Jacob must still think it is in the green_bottle. Therefore, the correct answer is C. [[C]]",1,5,True,rationale_cot_3shot,,1
f3eab1b2908c5f10,bca10480df934d88,23ba70c81ae24afa,HiToM,high-order,Belief,High-Order False Beliefs (order=4),D,E,"Let's reason step by step: We need to trace back the last known position of the watermelon, which was moved from the green_bucket to the blue_bathtub. This means that the last person to move the watermelon thought it was in the green_bucket. Therefore, the correct answer is E. [[E]]",0,5,True,rationale_cot_3shot,,1
b4951802ff46f277,0aa49129d6ada9c7,1b65a96b942c3796,HiToM,high-order,Belief,High-Order False Beliefs (order=3),C,C,"Let's reason step by step: We need to trace back the information flow. From the story, we can see that:

- William moved the turnip to the red_bottle (line 7).
- William told Sophia that the turnip is in the red_bottle (line 16).
- Benjamin moved the turnip to the green_crate (line 23).
- Benjamin told Liam that the turnip is in the green_crate (line 22).
- Liam told Sophia that the turnip is in the green_crate (line 16).

So, Benjamin thinks that William thinks the turnip is in the green_crate. This points to option C. [[C]]",1,5,True,rationale_cot_3shot,,1
9be37b59e205fff7,6705170c21fc4971,5e84c9ef5e36854e,HiToM,high-order,Belief,High-Order False Beliefs (order=4),D,D,[[D]],1,5,True,rationale_cot_3shot,,1
8e09b3d1346b3767,8dfd1e47ac15baac,2c294f5191d1b057,HiToM,high-order,Belief,High-Order False Beliefs (order=3),D,D,"Based on the story, we can deduce that Benjamin believes the lettuce is in the red_bucket (from line 14), and Isla believes it is in the red_pantry (from line 15). However, Benjamin tells Sophia that Isla thinks the lettuce is in the red_bucket. Therefore, Sophia thinks Benjamin thinks Isla thinks the lettuce is in the red_bucket. This means the correct answer is D. [[D]]",1,5,True,rationale_cot_3shot,,1
ba3abd31b024f31c,1526b78aa7e1f832,54e3842a5d6d0436,HiToM,high-order,Belief,High-Order False Beliefs (order=0),B,E,"Let's track the movements of the carrot in the story: 
- It starts in the red_container (line 2).
- Isabella moves it to the blue_container (line 3).
- Logan moves it back to the red_container (line 13).
- Finally, Logan moves it to the blue_bathtub (line 12).

Given these steps, the final location of the carrot is the blue_bathtub. Thus, the correct answer is E. [[E]]",0,5,True,rationale_cot_3shot,,1
e7a8e453ffeef909,1921b869920cf365,fad38c1f7edf755c,HiToM,high-order,Belief,High-Order False Beliefs (order=3),B,E,"Based on the story, we can trace the movements and statements about the persimmon:

- Initially, Emily moved the persimmon to the red_envelope.
- Then, Mila moved the persimmon to the green_box.
- Finally, Charlotte moved the persimmon to the green_bathtub.
- Charlotte privately told Emily that the persimmon is in the green_bathtub.

Therefore, Charlotte thinks that Emily thinks that Mila thinks the persimmon is in the green_bathtub. 

The correct answer is E. green_bucket. [[E]]",0,5,True,rationale_cot_3shot,,1
aa2d5beff64e07fb,9fc627e46fbbc8fb,706529863f27499d,HiToM,high-order,Belief,High-Order False Beliefs (order=2),B,D,"Let's track the sequence of events involving the peas and Isla's movements: The peas start in the green_treasure_chest (line 2). Then, Mila moves the peas to the blue_bucket (line 3), and Carter moves the peas to the green_bucket (line 5). Since Isla never moved the peas, she would still think it's in the place it was last seen, which was the green_treasure_chest. However, since Isla didn't move the peas, she would think it's still in the green_treasure_chest. This points to option D. [[D]]",0,5,True,rationale_cot_3shot,,1
942efe19f9acb9b7,153a249cef5798e2,c83352670314479c,HiToM,high-order,Belief,High-Order False Beliefs (order=3),A,C,"Let's reason step by step: We need to trace back the movement of the cherry as described in the story. The key point is that Ella was the last person to enter the pantry, and she saw the cherry in the red_drawer. Since Ella did not move the cherry, she would think that the cherry is still in the red_drawer. This reasoning leads to option C. [[C]]",0,5,True,rationale_cot_3shot,,1
50c1f15174def32b,a678bb4f785dd71e,45bacf572038e7ad,HiToM,high-order,Belief,High-Order False Beliefs (order=0),D,D,[[D]],1,5,True,rationale_cot_3shot,,1
2c22b1f22d4aa31b,d34381acc1140019,6b750355ce4a8a10,HiToM,high-order,Belief,High-Order False Beliefs (order=0),E,E,"Let's track the movement of the pear through the story: 
- It starts in the blue_crate.
- Then it moves to the blue_drawer (by Jack).
- Then it moves to the green_crate (by William).
- Finally, it moves to the blue_suitcase (by Noah).

Given these steps, the pear is last seen in the blue_suitcase. However, the question asks where the pear is ""really,"" implying we should consider the final location. 

The correct answer is E. green_crate, as the pear was last seen in the blue_suitcase but the final movement (to the green_crate) is the most recent and definitive position. [[E]]",1,5,True,rationale_cot_3shot,,1
ceba978dc62a3cab,c3ad109b663adc68,0e17ac90b0ab5102,HiToM,high-order,Belief,High-Order False Beliefs (order=3),B,D,"Let's track the movements of the lettuce and the opinions of the characters: Avery moved the lettuce to the green_bathtub, then Owen moved it back to the green_drawer. We also know that Charlotte moved the lettuce to the blue_pantry. Given these facts, we can infer that Owen, when he moved the lettuce to the green_drawer, would think that Avery, who moved it to the green_bathtub, thinks it is in the green_drawer. Therefore, the answer is D. [[D]]",0,5,True,rationale_cot_3shot,,1
fbaf046f5eafe5c7,3dc3ed68127b4b3d,e6f553d574b98551,HiToM,high-order,Belief,High-Order False Beliefs (order=0),E,D,"Let's track the sequence of events involving the spinach: The spinach starts in the red_container, then moves to the red_drawer (by Ella), then to the blue_drawer (by Jack), and finally to the green_crate (by Jackson). Given these steps, the final location of the spinach is the green_crate. Therefore, the correct answer is D. [[D]]",0,5,True,rationale_cot_3shot,,1
8edd97783e9b2245,cfddcef599dc2eb6,e0f1d854fff2eff8,HiToM,high-order,Belief,High-Order False Beliefs (order=0),E,C,C. [[C]],0,5,True,rationale_cot_3shot,,1
063aceb245fb6295,a29617361401601b,706529863f27499d,HiToM,high-order,Belief,High-Order False Beliefs (order=1),D,D,"Let's track the movement of the peas in the story: The peas start in the green_treasure_chest, then move to the blue_bucket (by Mila), and finally to the blue_cupboard (by Amelia). Since Isla did not move the peas, she would think it is still in its last known location, which is the blue_cupboard. 

The correct answer is: [[D]]",1,5,True,rationale_cot_3shot,,1
845aba880766bf57,a68e6f4be1d3165e,71113a34200bd6b3,HiToM,high-order,Belief,High-Order False Beliefs (order=2),C,C,"Based on the story provided, Jacob did not move the watermelon and he saw Ava move the watermelon to the green_bottle. Therefore, Jacob would think that Ava thinks the watermelon is in the green_bottle. The correct answer is C. [[C]]",1,5,True,rationale_cot_3shot,,1
ee293cf10bf12838,d8e6e8108a15a013,b14c88dfc01cceaa,HiToM,high-order,Belief,High-Order False Beliefs (order=2),E,A,[[A]],0,5,True,rationale_cot_3shot,,1
f2f6cea8b810f666,fa7613a5baa92d28,3b2c235d8472dc41,HiToM,high-order,Belief,High-Order False Beliefs (order=2),C,C,"Let's reason step by step: First, we identify that Emily was the last person to enter the staircase and she did not move or stay there for any time. This means she didn't have a chance to see the asparagus. Next, we see that no one else (Abigail, Amelia, Elizabeth, and Hannah) moved or stayed in the staircase. Therefore, the asparagus must still be in the green_bottle, which was initially in the staircase. Since Emily saw the asparagus in the green_bottle, she would think that Emily thinks the asparagus is in the green_bottle. This points to option C. [[C]]",1,5,True,rationale_cot_3shot,,1
07d8e2124e208688,ef775723edc5a2fe,fe4d8c16223f0e79,HiToM,high-order,Belief,High-Order False Beliefs (order=4),C,A,"Based on the story, we can trace back the movement of the eggplant. It started in the green envelope, then was moved to the green bathtub, then to the blue cupboard, then to the green basket, and finally to the green envelope again. Since the eggplant ended up in the green envelope, and the last person to move it was Noah, the sequence of thoughts would be that Noah thinks it is in the green envelope. Therefore, the answer is A. [[A]]",0,5,True,rationale_cot_3shot,,1
8ee9e6cd948a5dae,9a8b9ffa572f57f5,c83352670314479c,HiToM,high-order,Belief,High-Order False Beliefs (order=4),B,E,"Let's track the movements of the cherry and the thoughts of the characters as described in the story. Emily moves the cherry to the red_container, and then Emma moves it to the green_envelope. Finally, Avery moves it to the blue_suitcase. Since we need to determine where Emily thinks Ella thinks Lily thinks Avery thinks the cherry is, we follow the last movement of the cherry, which is in the blue_suitcase. Therefore, the answer is E. [[E]]",0,5,True,rationale_cot_3shot,,1
0c86dc45b0e2a018,a8445dc5e2ed82e5,1c54086e92dd554b,HiToM,high-order,Belief,High-Order False Beliefs (order=2),E,C,"Let's track the movements of the lettuce in the story: 
- It starts in the blue_container.
- Then it moves to the green_cupboard (by Nathan).
- Next, it moves to the blue_treasure_chest (by Logan).
- Then it moves to the red_basket (by Abigail).
- Finally, it moves to the blue_container again (by Isabella).

Given that Isabella moved the lettuce to the red_basket, and Abigail knows this, we can conclude that Abigail thinks Isabella thinks the lettuce is in the red_basket. 

The correct answer is: [[C]]",0,5,True,rationale_cot_3shot,,1
09463a1a22b2b00e,c16ebb99f0a59413,13e6a80a32a8d238,HiToM,high-order,Belief,High-Order False Beliefs (order=0),E,E,"Let's track the sequence of events and the changes made to the spinach's location:
- Initially, the spinach was in the blue_suitcase (line 2).
- Jack moved the spinach to the green_pantry (line 9).
- Aiden moved the spinach back to the blue_suitcase (line 12).

Given these steps, the spinach is really in the blue_suitcase. Therefore, the correct answer is E. [[E]]",1,5,True,rationale_cot_3shot,,1
91c8d1c601aae3b7,c9bd2d75a6b7c300,f1b0380834ca8f90,HiToM,high-order,Belief,High-Order False Beliefs (order=3),D,D,"Let's track the information flow: Amelia tells Mila the tangerine is in the red_box, and Mila tells Elizabeth that the tangerine is in the red_box. Elizabeth then moves the tangerine to the green_treasure_chest. Therefore, Elizabeth thinks that Mila thinks that Amelia thinks the tangerine is in the red_box. However, since the options provided do not include 'red_box', we must choose the closest option, which is D. [[D]]",1,5,True,rationale_cot_3shot,,1
aad504783bf03f05,e629d9b72601c1a1,f56dffb1da04c8ac,HiToM,high-order,Belief,High-Order False Beliefs (order=3),A,A,"Let's track the movement of the lemon through the story: 
- Jack moves the lemon to the blue_pantry.
- Then, Jack exits the garage, and Nathan moves the lemon to the green_basket.
- Finally, Nathan moves the lemon to the green_drawer.
Given that Jack knows the last position of the lemon (green_drawer) and Nathan is the last person to move it, Jack would think that Nathan thinks Aiden thinks the lemon is in the green_drawer. However, since the question asks about the initial position of the lemon, the correct answer is the first place it was moved to, which is the blue_pantry. 

The answer is [[A]].",1,5,True,rationale_cot_3shot,,1
3bfce65eaa1cb7f7,2b495256a4f5aa33,6228e677c50dd0e2,HiToM,high-order,Belief,High-Order False Beliefs (order=2),B,B,"Let's track the information flow: Amelia is last seen moving the peas from the green_basket to the blue_cupboard. Since she did not change her mind about the location of the peas, we can assume that Hannah still thinks the peas are in the blue_cupboard. However, the question asks where Amelia thinks Hannah thinks the peas are, and since Amelia herself moved the peas to the blue_cupboard, she would not think that Hannah thinks the peas are somewhere else. Therefore, the correct answer is the location where the peas were last found by Amelia, which is the blue_cupboard. This points to option B. [[B]]",1,5,True,rationale_cot_3shot,,1
8eff2f80aa6557e7,99e3802cd2a3d094,852b2535a575b572,HiToM,high-order,Belief,High-Order False Beliefs (order=1),C,C,"Let's track the sequence of events and the changes in the location of the corn: Initially, the corn was in the red_basket. It was moved from the red_basket to the green_bucket by Abigail. Hannah, William, and Abigail all stayed in the basement for 1 minute each, but none of them moved the corn back to the red_basket or any other container. Therefore, Abigail would still think the corn is in the green_bucket. 

The correct answer is C. [[C]]",1,5,True,rationale_cot_3shot,,1
20740b62dbd50ae2,efcc3fc017881406,2c294f5191d1b057,HiToM,high-order,Belief,High-Order False Beliefs (order=4),E,D,"Let's track the sequence of events and the changes in the location of the lettuce:

1. Initially, the lettuce is in the red_bucket.
2. Sophia moves the lettuce to the red_box.
3. Emily moves the lettuce back to the red_bucket.
4. Benjamin tells Sophia that the lettuce is in the red_bucket.
5. Isla tells Benjamin that the lettuce is in the red_pantry.

Given these steps, we can deduce:
- Emily thinks Benjamin thinks Isla thinks the lettuce is in the red_bucket (since Benjamin told Sophia it was in the red_bucket).

The final answer is D. [[D]]",0,5,True,rationale_cot_3shot,,1
c400093aa088cf9b,05238c97896f8c14,9497cf9d93bb1161,HiToM,high-order,Belief,High-Order False Beliefs (order=0),E,C,[[C]],0,5,True,rationale_cot_3shot,,1
8348ad9e8792e6dc,cbbae2b77e0cebb8,0d6417eeeabd37f4,HiToM,high-order,Belief,High-Order False Beliefs (order=1),A,D,"Let's reason step by step: I track the sequence of events and the actions taken by each person. Emma saw the tomato in the red_container, but later Nathan publicly claimed that the tomato is in the blue_bottle. Since Emma saw the tomato first, she might still believe it was in the red_container initially. However, since Nathan's claim was made after Emma's observation, and he is more likely to be correct, Emma would likely believe the tomato is in the blue_bottle. This points to option D. [[D]]",0,5,True,rationale_cot_3shot,,1
3dd2c341409d2b20,75843b760ea99b3b,7286c429382d3674,HiToM,high-order,Belief,High-Order False Beliefs (order=0),A,A,"Let's track the sequence of events involving the banana: The banana was initially in the green envelope (step 2). Then it was moved to the blue bottle (step 8), and later to the green envelope again (step 13). Given these steps, the banana ends up in the green envelope. However, since the final position is not explicitly mentioned, we consider the last known position, which is the green envelope. This points to option A. [[A]]",1,5,True,rationale_cot_3shot,,1
005d916b9b549697,04cfd495579a893a,f4545eed16c4296f,HiToM,high-order,Belief,High-Order False Beliefs (order=3),D,B,"Let's reason step by step: We need to trace back the chain of thoughts Benjamin had about where he thought Liam thought Avery thought the peach was. From the story, Benjamin told Hannah that the peach is in the red_envelope, and he also told Liam that the peach is in the red_bottle. Since Benjamin did not change his mind about the location, we can conclude that Liam and Avery both believed the peach was in the red_bottle. Therefore, Benjamin thinks Liam thinks Avery thinks the peach is in the red_bottle. However, since the options provided do not include 'red_bottle', the closest option is 'red_container'. [[B]]",0,5,True,rationale_cot_3shot,,1
1beffc890c3af6c4,e461975a77681e24,bc0c8b98534ae607,HiToM,high-order,Belief,High-Order False Beliefs (order=0),A,A,"Let's track the movement of the melon through the story: Evelyn moved the melon to the green_treasure_chest, then Nathan moved the melon to the blue_treasure_chest. Since Nathan is the last person to move the melon, it means the melon is now in the blue_treasure_chest. This points to option A. [[A]]",1,5,True,rationale_cot_3shot,,1
ac9e3a8b9d0dc097,c9d15e1df1185cf6,d02f71c703101ab8,HiToM,high-order,Belief,High-Order False Beliefs (order=1),A,A,"Let's reason step by step: We need to focus on the information provided about Noah and the corn. The story states that ""The corn is in the blue_treasure_chest."" However, it also mentions that ""Noah dislikes the green_pepper,"" which might be confusing. But since the question specifically asks about the corn, and the only mention of the corn's location is in the blue_treasure_chest, we can conclude that Noah thinks the corn is in the blue_treasure_chest. Therefore, the answer is A. [[A]]",1,5,True,rationale_cot_3shot,,1
6ab04f23ba70bd8a,1fffaeef79398717,854f9173e1fe25f3,HiToM,high-order,Belief,High-Order False Beliefs (order=2),A,A,"Let's reason step by step: We need to focus on the sequence of events involving Emily and Nathan. Emily moved the peas from the blue_suitcase to the red_basket. Since Emily is the last person to move the peas, she would think that Nathan, who was the first to move the peas (from the blue_suitcase to the red_basket), would still think that the peas are in the red_basket. This points to option A. [[A]]",1,5,True,rationale_cot_3shot,,1
69d631ac9b29c6ab,59220e0d000191d4,2356694ad7aff450,HiToM,high-order,Belief,High-Order False Beliefs (order=4),D,C,"Let's track the movement of the cabbage through the story: 
- It starts in the blue_bathtub.
- Then it moves to the blue_treasure_chest (by William).
- Next, it moves to the blue_bottle (by Aiden).
- Finally, it moves back to the blue_bathtub (by Isla).

Given that the cabbage is in the blue_bathtub when Aiden thinks about it, the correct answer is C. [[C]]",0,5,True,rationale_cot_3shot,,1
3a7d0bcc043ee278,60bb0cedbe04c6f5,f60ffc495d8d247b,HiToM,high-order,Belief,High-Order False Beliefs (order=1),D,D,"Let's track the information flow: The story states that Charlotte initially thinks the potato is in the blue_cupboard (line 1). However, later, Nathan tells her that the potato is actually in the blue_crate (line 25). Given this information, Charlotte should believe the potato is in the blue_crate. This points to option D. [[D]]",1,5,True,rationale_cot_3shot,,1
c08771c226d20f79,dffa4604b2a4d49a,2d80d12af4bbccd6,HiToM,high-order,Belief,High-Order False Beliefs (order=0),C,E,"Let's track the movements of the cherry: 
- It starts in the blue_suitcase.
- Then it moves to the red_bottle (by Isla).
- Next, it moves to the blue_cupboard (by Ava).
- Finally, it moves to the green_bathtub (by Isla).

Given these steps, the final location of the cherry is the green_bathtub. [[E]]",0,5,True,rationale_cot_3shot,,1
22a98f4eb3ca68e8,fda6fccecde9ff22,041b0aa4f6894c82,HiToM,high-order,Belief,High-Order False Beliefs (order=1),D,D,"Let's track the information flow: The spinach is initially in the green_pantry. Then, Isla moves the spinach to the green_pantry (line 11). However, Abigail dislikes the spinach (line 14), and Isla tells Jack that the spinach is in the blue_suitcase (line 16). Since Abigail believes Isla, she thinks the spinach is in the blue_suitcase. This points to option D. [[D]]",1,5,True,rationale_cot_3shot,,1
75bb31a68e559c82,6f927c48b210bc67,1b65a96b942c3796,HiToM,high-order,Belief,High-Order False Beliefs (order=0),B,C,"Let's track the movement of the turnip through the story: 
- It starts in the green_crate (line 2).
- Then it moves to the red_bottle (line 6).
- Finally, it is moved back to the green_crate (line 21 and line 23).

Given these steps, the final location of the turnip is the green_crate. However, the last known position before it was moved again is the red_bottle. Therefore, the correct answer is C. [[C]]",0,5,True,rationale_cot_3shot,,1
1030cff4c5b8b2c9,c34f924d932b5cf0,b730fb2270fcb17c,HiToM,high-order,Belief,High-Order False Beliefs (order=1),A,A,"Let's reason step by step: We need to identify the sequence of events and the final location of the lemon. The key point here is that Isla saw the lemon in the red_box and moved it to the red_container before she left the hall. Since Isla did not move the lemon further, we can conclude that Isla thought the lemon was in the red_container. However, among the given options, the correct answer is not listed. But based on the story, the closest answer from the provided options is A. red_container. [[A]]",1,5,True,rationale_cot_3shot,,1
d7a97fbd5fdf4e81,096537e44ea89120,9fd1174378051a9c,HiToM,high-order,Belief,High-Order False Beliefs (order=2),D,E,"Let's reason step by step: I track the sequence of events and the conversations. Elizabeth moved the onion to the green_bucket and then told Noah about it. However, the question asks about Owen's belief, not Elizabeth's. Owen moved the onion to the red_crate and told Elizabeth that he thought the onion was in the red_crate. This points to option E. [[E]]",0,5,True,rationale_cot_3shot,,1
d25bb67ea0fa9943,204f85271a9e1b98,e869e05f92d9137b,HiToM,high-order,Belief,High-Order False Beliefs (order=2),C,E,"Let's reason step by step: We need to determine where Lily thinks Jacob thinks the melon is based on the sequence of events. Jacob moved the melon to the green_bottle (event 7-8). Since Jacob did not move the melon to any other location after that, we can assume he thinks the melon is in the green_bottle. This points to option E. [[E]]",0,5,True,rationale_cot_3shot,,1
ef1299ccd4d55aa1,64a48812872cde44,9d292bbcae051f09,HiToM,high-order,Belief,High-Order False Beliefs (order=1),B,E,"Let's track the information flow: Emma moves the peas from the red_bottle to the blue_treasure_chest (line 7), then to the red_pantry (line 18). Emma also privately tells Logan that the peas is in the red_bottle (line 26). Given this sequence, Emma's private statement indicates her true belief. This points to option E. [[E]]",0,5,True,rationale_cot_3shot,,1
a649b72492781242,912b2b9bc9bb90a4,33a9f039f8e5ef6c,HiToM,high-order,Belief,High-Order False Beliefs (order=3),E,D,[[D]],0,5,True,rationale_cot_3shot,,1
c2a3c5613713cfa3,040353687458d7e3,0ab029bc369f1f77,HiToM,high-order,Belief,High-Order False Beliefs (order=3),D,D,[[D]],1,5,True,rationale_cot_3shot,,1
3dbf17e59dcb7384,34357bcf8b8b93ba,fad38c1f7edf755c,HiToM,high-order,Belief,High-Order False Beliefs (order=2),A,A,"Let's track the information flow: Emily sees Charlotte privately telling Emily that the persimmon is in the green_bathtub. Then, Charlotte tells Emma that the persimmon is in the green_bathtub. Since Emily doesn't know what Charlotte said to Emma, she can't be sure about Emma's belief. However, we can conclude that Emily thinks the persimmon is in the green_bathtub based on Charlotte's private statement. This points to option A. [[A]]",1,5,True,rationale_cot_3shot,,1
080e4a3fc1cb2929,5badde3ea776f732,dc96143fb9cabeef,HiToM,high-order,Belief,High-Order False Beliefs (order=4),A,E,"Let's track the movement of the onion and the thoughts of each person based on the story:
- Initially, the onion is in the green_crate.
- Emily moves the onion to the blue_pantry.
- Liam moves the onion to the red_drawer.
- Avery tells Emily that the onion is in the blue_bottle.
- Emily tells Liam that the onion is in the blue_treasure_chest.
- Elizabeth makes no movements and stays in the hallway for 1 minute.
Elizabeth will think that Emily thinks that Liam thinks that Avery thinks that Lily thinks the onion is in the blue_treasure_chest. Therefore, the correct answer is E. [[E]]",0,5,True,rationale_cot_3shot,,1
d831cc6bd6ddcdda,9057dde14fae568f,f60ffc495d8d247b,HiToM,high-order,Belief,High-Order False Beliefs (order=2),C,C,"Let's reason step by step: I track the sequence of events and the movements of the potato. Noah moved the potato from the blue_cupboard to the blue_crate, and Charlotte lastly said the potato is in the blue_cupboard. Given this, Noah would still think the potato is in the blue_cupboard. This points to option C. [[C]]",1,5,True,rationale_cot_3shot,,1
cf4e8f6e3aed025d,eb02c965e5589d21,b7a7bd8b4f6003fb,HiToM,high-order,Belief,High-Order False Beliefs (order=2),D,D,"Let's track the movement of the watermelon from the story: The watermelon was first in the red_container (line 2), then moved to the red_basket (line 7). Jacob moved the watermelon to the red_basket (line 9). Then, Isla moved the watermelon back to the red_container (line 13). Given Jacob's last known action (moving the watermelon to the red_basket) and Isla's last known action (moving the watermelon back to the red_container), we can infer that Isla thinks Jacob thought the watermelon was in the red_basket. However, since the options provided do not include 'red_basket', the closest answer is D. [[D]]",1,5,True,rationale_cot_3shot,,1
9dc6dbdb6e1188f9,e93e291481955cd6,b9f22d5ba2c41718,HiToM,high-order,Belief,High-Order False Beliefs (order=3),C,E,"Let's track the movement of the cucumber through the story: 
- It starts in the blue_drawer (line 2).
- Then it moves to the blue_container (line 8), then to the blue_bathtub (line 9), and finally to the blue_pantry (line 32).

Given that Hannah moved the cucumber from the blue_bathtub to the blue_pantry, and she is the last person to move it, she would think that Abigail and Avery think it is in the blue_pantry. Therefore, the correct answer is E. [[E]]",0,5,True,rationale_cot_3shot,,1
390482a889806a5d,74117f42f1a1105d,6a42d21f1606cae7,HiToM,high-order,Belief,High-Order False Beliefs (order=0),B,B,"Let's track the movement of the carrot through the story: The carrot was initially in the green_treasure_chest (step 2). Noah moved the carrot to the blue_suitcase (step 3). Noah then exited the pantry (step 4), and no one else moved the carrot again. Therefore, the carrot is now in the blue_suitcase. However, the question asks where the carrot really is, and based on the last statement, it is in the blue_drawer. 

Given the context, the most accurate answer is B. [[B]]",1,5,True,rationale_cot_3shot,,1
4ae14b30179c5a80,f163d3ab2a9ac252,6228e677c50dd0e2,HiToM,high-order,Belief,High-Order False Beliefs (order=0),C,C,"Let's track the movement of the peas through the story: The peas start in the green_basket (line 2). Then, Hannah moves the peas to the blue_bathtub (line 9), and later Hannah moves the peas to the blue_cupboard (line 10). Finally, Hannah moves the peas to the blue_envelope (line 11). However, the last known position of the peas is the blue_cupboard (line 10).

Given the sequence of events, the most recent and definitive location of the peas is the blue_cupboard. Therefore, the correct answer is:

[[C]]",1,5,True,rationale_cot_3shot,,1
6105b949d8971904,e75190589f394736,b9f22d5ba2c41718,HiToM,high-order,Belief,High-Order False Beliefs (order=1),A,D,"Let's track the sequence of events involving the cucumber and Avery's actions: Avery moved the cucumber to the blue_container (line 23). Since Avery did not move the cucumber to any other location, and he left the basement after moving it to the blue_container, we can conclude that Avery thinks the cucumber is in the blue_container. Therefore, the correct answer is E. [[D]]",0,5,True,rationale_cot_3shot,,1
43246d3e30dadeff,b7a572b51978ddfe,d02f71c703101ab8,HiToM,high-order,Belief,High-Order False Beliefs (order=4),D,E,"Let's reason step by step: We need to trace the movement of the corn through the story. The corn starts in the blue_treasure_chest (line 2). It is then moved by Sophia to the blue_container (line 10), and finally by Lily to the green_drawer (line 22). Since the corn ends up in the green_drawer, we can conclude that Mila, Isla, Noah, Sophia, and Lily all think the corn is in the green_drawer. However, the question asks where Mila thinks Isla thinks Sophia thinks Lily thinks Noah thinks the corn is. Given the sequence and the final position, the answer is E. [[E]]",0,5,True,rationale_cot_3shot,,1
a95ec403e9f1aba4,b3bb66c65c518b45,8fc72bdb81d755ba,HiToM,high-order,Belief,High-Order False Beliefs (order=0),B,B,[[B]],1,5,True,rationale_cot_3shot,,1
19c7e1548952b4a5,b92a5bd0148e3b19,c1f58a1886914379,HiToM,high-order,Belief,High-Order False Beliefs (order=3),C,C,"Let's analyze the story step by step: The melon was initially in the green_box. It was moved by Ella to the red_bottle. No one else moved the melon after that. Therefore, the final position of the melon is in the red_bottle. Since Ella moved the melon to the red_bottle, she would think that William thinks the melon is in the red_bottle. However, since the options provided do not include 'red_bottle', we need to choose the closest option. The correct answer should be 'green_box' as it is the closest option to 'red_bottle'. But since 'red_bottle' is not an option, the best answer from the given options is C. [[",1,5,True,rationale_cot_3shot,,1
2d47fe2ce87b3c4c,c73e8ccf9924f801,2e34bb1cecde66d2,HiToM,high-order,Belief,High-Order False Beliefs (order=2),E,B,"Let's reason step by step: First, we identify the key information about the green_pepper's location from the story. It was initially in the blue_crate. Then, Hannah told Alexander that the green_pepper is in the blue_crate. Since Evelyn heard this conversation between Alexander and Hannah, she would know that Alexander thinks the green_pepper is in the blue_crate. However, the question asks where Evelyn thinks Alexander thinks the green_pepper is, which is still in the blue_crate. This points to option B. [[B]]",0,5,True,rationale_cot_3shot,,1
84ef36172e459546,e07de4b6fbc7a60f,fad38c1f7edf755c,HiToM,high-order,Belief,High-Order False Beliefs (order=1),B,E,"Let's track the information flow: Mila moved the persimmon from the green bathtub to the green box. Then, Charlotte told Emily that the persimmon is in the green bathtub. Finally, Charlotte privately told Emily that the persimmon is in the green bathtub. Given this sequence, Mila would still believe the persimmon is in the green box based on her last action. However, Mila might be influenced by Charlotte's private statement. Since the question asks for Mila's true belief, we should consider the last piece of information she received, which is from Charlotte. Therefore, the answer is E. [[E]]",0,5,True,rationale_cot_3shot,,1
efe3412269b84d62,842a4b32921c06ac,acb6e40d7488d6f4,HiToM,high-order,Belief,High-Order False Beliefs (order=3),E,E,"Let's track the information flow: The key point is understanding the last statement about where Isla told Carter that the turnip is in the red envelope. Then we look at what Carter did next, which was to move the turnip to the blue cupboard. Since Carter moved the turnip to the blue cupboard, he must have thought it was in the red envelope. Therefore, Carter thinks that Owen thinks that Isla thinks the turnip is in the red envelope. However, the options provided do not include 'red envelope'. The closest option is 'green_pantry', but it's not correct based on the story. So, the answer should be inferred from the story, which is E. [[E]]",1,5,True,rationale_cot_3shot,,1
95a1729cc62dca91,fba288a26da5b07b,88e6d5d9710a204e,HiToM,high-order,Belief,High-Order False Beliefs (order=4),E,E,"Based on the story, we can trace back the movement of the peas. The peas were initially in the green_drawer, then moved by Liam to the blue_container, then by Noah to the green_crate, then by Avery to the blue_bucket, and finally by Mila to the blue_crate. Since the question asks where Avery thinks Liam thinks Noah thinks Benjamin thinks the peas is, we need to follow the last movement, which was by Mila moving the peas to the blue_crate. Therefore, the answer is E. [[E]]",1,5,True,rationale_cot_3shot,,1
601c88809d96beea,5c13fd4f9522ccb4,7ce22d47a228ad25,HiToM,high-order,Belief,High-Order False Beliefs (order=0),E,E,"Let's track the movements of the pear in the story: Ava moves the pear to the green envelope, and Avery moves the pear to the red pantry. No one else moves the pear. Ava and Avery both claim the pear is in different places (green envelope and red pantry respectively). However, Isabella privately tells Sophia that the pear is in the blue crate. Given the sequence of events, the most reliable information comes from Isabella, who says the pear is in the blue crate. Therefore, the correct answer is E. [[E]]",1,5,True,rationale_cot_3shot,,1
eddcbdb4782e54f4,9cb60f0034097ef7,21ab2d70b39cce03,HiToM,high-order,Belief,High-Order False Beliefs (order=3),C,B,"Let's reason step by step: We need to trace back the movement of the cherry and the associated beliefs. The key steps are:
- Owen moved the cherry to the blue_bucket (step 3).
- Noah publicly claimed that the cherry is in the green_envelope (step 11).
- Noah believes the cherry is in the green_envelope.
- Aiden moved the cherry to the blue_cupboard (step 12), but this doesn't affect Noah's belief.
- Noah's belief about the location of the cherry is based on Owen's action, not Aiden's.
Therefore, Owen thinks Noah thinks the cherry is in the green_envelope. The correct answer is B. [[B]]",0,5,True,rationale_cot_3shot,,1
5ad57e508b4f057d,43a6faa546e063ad,63a269b33e2b0c32,HiToM,high-order,Belief,High-Order False Beliefs (order=0),B,B,"Let's track the movements of the lime in the story: 
- It starts in the green_bottle (line 2).
- Benjamin moves it to the green_treasure_chest (line 3).
- Isabella moves it to the blue_crate (line 5).
- Chloe moves it to the green_envelope (line 7).
- Benjamin moves it back to the green_bottle (line 11).

Given these steps, the lime ends up in the green_bottle again. This points to option B. [[B]]",1,5,True,rationale_cot_3shot,,1
7345d8bc48be3a22,4f2abd3c287230bc,b7a7bd8b4f6003fb,HiToM,high-order,Belief,High-Order False Beliefs (order=1),D,E,"Let's track the sequence of events involving the watermelon: Jacob moves the watermelon to the red_basket (line 9). Jacob exits the front_yard (line 9), and then Jacob enters the hall (line 18), where he moves the watermelon to the red_pantry (line 21). Given that Jacob moved the watermelon to the red_pantry, the correct answer is:

The candidate answer is D. red_basket. However, since Jacob moved the watermelon to the red_pantry, the correct answer should be E. red_pantry. [[E]]",0,5,True,rationale_cot_3shot,,1
47bf3988054b63c5,968e71e0ec1f5562,b7a7bd8b4f6003fb,HiToM,high-order,Belief,High-Order False Beliefs (order=0),D,D,"Let's track the sequence of events involving the watermelon: 
- It starts in the red_container.
- Then it is moved by Jacob to the red_basket (line 7).
- Then it is moved back to the red_container by Isla (line 13).

Given these steps, the final location of the watermelon is the red_container. [[D]]",1,5,True,rationale_cot_3shot,,1
54969ece8daca07d,b68b21b64f733f6c,341c6c1b61262bfc,HiToM,high-order,Belief,High-Order False Beliefs (order=1),A,D,"Let's track the information flow: Abigail thinks the carrot is in the red_envelope (lines 3-11). She also tells Nathan that the carrot is in the red_envelope (line 17). Nathan then tells Isabella about this (line 18), and Isabella tells Emma about it (line 28). Finally, Isabella privately tells Nathan that the carrot is in the green_crate (line 36).

Given this sequence, the most reliable information comes from Abigail herself and Nathan. Therefore, the most likely answer is the place Abigail initially thought the carrot was, which is the red_envelope. 

The answer is: [[D]]",0,5,True,rationale_cot_3shot,,1
c1199adaf34a5bd4,9fd57f1bb2a58b42,23ba70c81ae24afa,HiToM,high-order,Belief,High-Order False Beliefs (order=1),E,E,"Let's track the sequence of events involving the watermelon: Noah initially finds the watermelon in the green_bucket (line 2). Then, Emma moves the watermelon to the blue_treasure_chest (line 10). After Emma exits, Noah, Owen, and Liam enter the waiting room (lines 14-18), but they do not move the watermelon again. Noah thinks about the location of the watermelon based on the last known position he saw it at, which was the blue_treasure_chest. Therefore, the correct answer is E. [[E]]",1,5,True,rationale_cot_3shot,,1
1160ce90147be3ec,d71c341c21d0a07c,837d5f7726e81360,HiToM,high-order,Belief,High-Order False Beliefs (order=4),A,C,Let's reason step by step: I track the sequence of events and the changes in the location of the persimmon. This points to option C. [[C]],0,5,True,rationale_cot_3shot,,1
72717285553980d4,92b85fe2f76833ce,b9f22d5ba2c41718,HiToM,high-order,Belief,High-Order False Beliefs (order=4),A,C,"Let's track the movement of the cucumber based on the story:
- Initially, the cucumber is in the blue_drawer (1).
- Abigail moves it to the blue_container (3).
- Hannah moves it to the blue_bathtub (7).
- Owen moves it to the red_pantry (26).

Given that Owen is the last person to move the cucumber, he would think it is in the place it was last moved to, which is the red_pantry. Therefore, the answer is C. [[C]]",0,5,True,rationale_cot_3shot,,1
643cdd5ce580f809,3118eaec2c431be8,f60ffc495d8d247b,HiToM,high-order,Belief,High-Order False Beliefs (order=3),B,B,"Let's reason step by step: I track the sequence of events and the thoughts of each person. Ava lastly heard that Charlotte believes the potato is in the blue_cupboard. Noah dislikes the cherry, but there's no direct link between his dislike and his opinion about the potato's location. Since Ava doesn't know what Noah thinks, she can only guess based on what she knows, which is Charlotte's belief. Therefore, Ava would think that Noah thinks Charlotte thinks the potato is in the blue_cupboard. However, since the options provided do not include 'blue_cupboard', the closest option is B. [[B]]",1,5,True,rationale_cot_3shot,,1
a41c0539ba301f69,9b3156ec832e75f9,18f475623b94946f,HiToM,high-order,Belief,High-Order False Beliefs (order=4),E,D,"Based on the story provided, Emma publicly claims that the sweet_potato is in the blue_container, and Mila privately tells her that it is in the blue_suitcase. Since Mila made this claim, we can trace back to Hannah, who in turn told Liam about it. Therefore, the correct answer is E. red_container. [[D]]",0,5,True,rationale_cot_3shot,,1
261c584d96c13d7b,4024c3a7ca49d044,f4545eed16c4296f,HiToM,high-order,Belief,High-Order False Beliefs (order=2),B,B,"Let's reason step by step: From the story, we learn that Benjamin privately told Hannah that the peach is in the red_envelope, and Liam privately told Avery that the peach is in the red_bottle. Since the question asks about where Liam thinks Avery thinks the peach is, we need to focus on Liam's statement to Avery. This points to option B. [[B]]",1,5,True,rationale_cot_3shot,,1
b967caaf3c7cba35,a91b6a127d1d0886,c62b2ffcc19429ce,HiToM,high-order,Belief,High-Order False Beliefs (order=4),D,C,"Based on the story provided, we can deduce that Benjamin moved the spinach to the green_envelope. Since Aiden left the attic and didn't move anything, he wouldn't have an updated location for the spinach. Similarly, Ella, Jack, and Emma all left the attic without moving the spinach. Therefore, the correct answer is based on Benjamin's last known position of the spinach, which was the green_envelope. The answer is C. [[C]]",0,5,True,rationale_cot_3shot,,1
6e556782c8bf588c,1aa446ddc7765e84,22b6cf558d351c1a,HiToM,high-order,Belief,High-Order False Beliefs (order=4),B,B,"Let's track the movement of the melon as described in the story: 
- Initially, the melon was in the green_bathtub (line 2).
- Then, Aiden moved the melon to the blue_pantry (line 7).
- Next, Emma moved the melon to the green_bucket (line 8).
- Then, Isla moved the melon to the green_bathtub (line 12).

Given that Isla moved the melon back to the green_bathtub, we can conclude that Isla thinks the melon is in the green_bathtub. This points to option B. [[B]]",1,5,True,rationale_cot_3shot,,1
507f57da29cfb81d,e539829dfe96435a,13e6a80a32a8d238,HiToM,high-order,Belief,High-Order False Beliefs (order=2),E,B,"Let's track the information flow: Owen moved the spinach to the red_basket, and Amelia publicly claimed that spinach is in the red_container. Given that Amelia said she was correct, and considering the context, the most likely answer is the place where Owen put the spinach, which is the red_basket. However, since the options do not include the red_basket, we need to choose the closest option. This points to option B. [[B]]",0,5,True,rationale_cot_3shot,,1
01cc538906c8c1ec,56b64ab9a34fa834,e0f1d854fff2eff8,HiToM,high-order,Belief,High-Order False Beliefs (order=2),D,C,C [[C]],0,5,True,rationale_cot_3shot,,1
ee66bedc6235bb73,a282490c0431519e,22b6cf558d351c1a,HiToM,high-order,Belief,High-Order False Beliefs (order=1),A,A,"Let's track the sequence of events: William sees the melon in the green_bathtub (line 2), then he exits the porch (line 7). He never changes his mind about the location of the melon. Therefore, the answer is line 2. [[A]]",1,5,True,rationale_cot_3shot,,1
6afa7db7401e06a1,7aeccdbb1351df0c,a4976a8a03fa27a0,HiToM,high-order,Belief,High-Order False Beliefs (order=0),C,C,"Let's track the movement of the green_pepper through the story: 
- It starts in the red_basket.
- Jackson moves it to the blue_container (step 3).
- Then, Benjamin moves it to the green_bathtub (step 19).
- Finally, Benjamin moves it to the red_container (step 20).

Given these steps, the final location of the green_pepper is the red_container. However, since the question asks where it was before, the correct answer is the blue_container. 

The most likely answer is option C. [[C]]",1,5,True,rationale_cot_3shot,,1
d004397d11e2ff95,ee9331d908e55a76,041b0aa4f6894c82,HiToM,high-order,Belief,High-Order False Beliefs (order=2),D,A,"Let's reason step by step: We need to identify the sequence of events and the final positions of the spinach and the tangerine. Benjamin was last seen in the front_yard, and he moved the tangerine to the blue_cupboard. However, the question asks about Benjamin's belief about where Abigail thinks the spinach is. 

From the story, we see that Isla moved the spinach to the green_pantry, and Isla told Jack that the spinach is in the blue_suitcase. Since Jack informed Benjamin about this, Benjamin would believe that Abigail thinks the spinach is in the blue_suitcase. 

This leads us to the correct answer being A. [[A]]",0,5,True,rationale_cot_3shot,,1
e056fa68446589c5,5355bca94c275fcf,7e155da5a5becbf9,HiToM,high-order,Belief,High-Order False Beliefs (order=1),C,C,[[C]],1,5,True,rationale_cot_3shot,,1
bf16512d00ffb7a4,d4a524f7695c92c5,b63ac48284062d58,HiToM,high-order,Belief,High-Order False Beliefs (order=0),D,E,"Let's track the movement of the watermelon through the story:

- Initially, the watermelon is in the green_cupboard (line 3).
- Then, Mila moves the watermelon to the green_cupboard (line 13).
- Later, the watermelon is in the green_cupboard again (lines 26 and 32).

Given these steps, the final location of the watermelon is the green_cupboard. [[E]]",0,5,True,rationale_cot_3shot,,1
c96d9bd52d80d292,f9f2e75ce0419ca2,9d292bbcae051f09,HiToM,high-order,Belief,High-Order False Beliefs (order=4),A,E,Let's reason step by step: I track the sequence of events and the changes in the location of the peas. This points to option E. [[E]],0,5,True,rationale_cot_3shot,,1
2bf65bc4e831433e,ab2e0b2c0ec8596f,878e6dbb50903ca9,HiToM,high-order,Belief,High-Order False Beliefs (order=1),E,C,"Let's track the changes in the location of the watermelon based on the story: The watermelon was initially in the blue_bottle, then moved to the red_envelope, blue_cupboard, and finally to the blue_bucket. Each time the watermelon was moved, Isla was not involved in the movement. Therefore, Isla would still think the watermelon is in its last known location, which is the blue_bucket. 

The answer is: [[C]]",0,5,True,rationale_cot_3shot,,1
c306920840e43e51,a1a2f603d77ada0d,4aa00b5a74337bd4,HiToM,high-order,Belief,High-Order False Beliefs (order=4),C,C,"Let's track the movement of the cucumber through the story: cucumber -> green_treasure_chest -> red_envelope -> green_treasure_chest -> red_pantry. Given that Jacob moved the cucumber to the green_treasure_chest, we need to determine what he thinks Charlotte thinks Evelyn thinks. Since Jacob moved the cucumber back to the green_treasure_chest, Jacob would think that Charlotte thinks that Evelyn thinks the cucumber is in the green_treasure_chest. Therefore, the correct answer is C. [[C]]",1,5,True,rationale_cot_3shot,,1
1b77c2e9377f9376,7e6a3ed134c18c69,72ef113df83a3be2,HiToM,high-order,Belief,High-Order False Beliefs (order=1),B,C,"Let's track the movement of the cabbage through the story: The cabbage starts in the box (step 2), Noah moves it to the box (step 3), then to the envelope (step 20). Finally, Avery moves it back to the box (step 21). Given that the last known position of the cabbage is in the green envelope (step 20) and it was moved by Avery, the most logical inference is that Avery thinks the cabbage is still in the green envelope. However, since the question asks where Avery really thinks the cabbage is, and considering the final action, the most plausible answer is the box. 

The correct answer is C. [[C]]",0,5,True,rationale_cot_3shot,,1
d04b6f2dd69da456,eec44a95aa17592d,bbb364b1ee4da68a,HiToM,high-order,Belief,High-Order False Beliefs (order=1),A,A,"Let's reason step by step: We need to focus on the sequence of events and the movements of the objects. The key point here is that the lime was initially in the red_bottle, then moved to the blue_drawer by Lily. Owen liked the blue_drawer, so he would think the lime is in the blue_drawer. This points to option A. [[A]]",1,5,True,rationale_cot_3shot,,1
29b09f8ac8ca5c25,c232c1fb240ae19d,fff4c0232280db84,HiToM,high-order,Belief,High-Order False Beliefs (order=0),B,E,"Let's track the movements of the grapes through the story: grapes -> blue_pantry (step 2) -> blue_suitcase (step 3) -> red_crate (step 7) -> blue_pantry (step 13) -> red_drawer (step 20) -> red_pantry (step 24). Given these steps, the final location of the grapes is the red_pantry. [[E]]",0,5,True,rationale_cot_3shot,,1
dbcaf21da7c98613,5fcfd09ce07e96b4,b1d91b7e60985825,HiToM,high-order,Belief,High-Order False Beliefs (order=2),B,B,"Let's reason step by step: I track the sequence of events and the information shared between characters. From the story, we can see that Isabella told Logan that the peas is in the green_bottle, and Isabella told Jack that the cherry is in the blue_cupboard. However, the question asks about Jackson's opinion, and the only statement involving Jackson is that he dislikes the turnip (which is unrelated to the location of the peas). Therefore, Jackson doesn't have an opinion on where Jack thinks the peas is. This points to option B. [[B]]",1,5,True,rationale_cot_3shot,,1
b7c82fd675bbf4c3,2ec287ea4b8f094c,91b89bfaa91dc819,HiToM,high-order,Belief,High-Order False Beliefs (order=0),B,D,"Let's track the sequence of events and the movements of the carrot in the story. The carrot starts in the red_pantry (line 2). It is then moved by Avery to the red_bucket (line 3), then by Jack to the blue_crate (line 7), and finally by Sophia back to the red_pantry (line 25). 

Given these steps, the carrot's final location is the red_pantry. However, the last reported position is Jack moving the carrot to the blue_crate (line 7). Therefore, the most recent and accurate position of the carrot is the blue_crate. 

The correct answer is D. [[D]]",0,5,True,rationale_cot_3shot,,1
723c944830475dd1,d1fe2207103bb23f,d94a888343731141,HiToM,high-order,Belief,High-Order False Beliefs (order=3),B,C,"Based on the story provided, we can trace back the movement and statements made by each person regarding the location of the peach. This leads us to conclude that Aiden thinks that Abigail thinks that the peach is in the red_pantry. Therefore, the correct answer is C. [[C]]",0,5,True,rationale_cot_3shot,,1
d4d52669d878aaef,bd0326c6761101f5,7925835973ff3c65,HiToM,high-order,Belief,High-Order False Beliefs (order=4),A,E,"Let's track the movement of the onion based on the story:
- Initially, the onion was in the blue_treasure_chest (step 2).
- Then, it was moved to the red_drawer by Owen (step 7).
- Next, it was moved to the blue_bottle by Owen (step 32).

Given that the onion is last seen in the blue_bottle, and considering the sequence of events, Liam would think that the onion is in the blue_bottle. Therefore, the correct answer is E. [[E]]",0,5,True,rationale_cot_3shot,,1
bc22f6e165988577,c95f711f639eef64,71113a34200bd6b3,HiToM,high-order,Belief,High-Order False Beliefs (order=3),B,B,"Based on the story provided, the watermelon was last moved by Emily to the blue_bathtub. Since Emily did not move the watermelon to any other location, she would think that Jacob and Ava think the watermelon is in the blue_bathtub. However, since the candidate answers do not include 'blue_bathtub', and considering the context of the remaining options, the most logical answer based on the sequence of events is B. [[B]]",1,5,True,rationale_cot_3shot,,1
d46af4b07bbaa113,e7f340aed679b948,54a610f5fa80a582,HiToM,high-order,Belief,High-Order False Beliefs (order=1),B,B,"Let's reason step by step: I track the sequence of events and the changes in the location of the sweet_potato. Sophia initially moved the sweet_potato to the green_bottle, but later, Jackson moved it to the red_box. Then, Hannah moved it to the green_box. Finally, Jackson moved it back to the red_box. Given these steps, the most recent and definitive position of the sweet_potato is the red_box. This points to option B. [[B]]",1,5,True,rationale_cot_3shot,,1
e14e896151de269e,bcc74e0a0b7a1e56,7ce22d47a228ad25,HiToM,high-order,Belief,High-Order False Beliefs (order=2),A,E,"Let's reason step by step: Ava is the last person to enter the lounge, and she is the first to leave the waiting room. Therefore, Ava would be the one who heard Isabella's claim about the pear being in the green envelope. Since Isabella said this, it implies that Isabella believes the pear is in the green envelope. Now, Sophia tells Isabella that the pear is in the blue crate. However, since Ava is the last to hear Isabella's statement, she would believe Isabella's last statement. This means Ava thinks that Sophia thinks the pear is in the blue crate. This points to option E. [[E]]",0,5,True,rationale_cot_3shot,,1
b544e5ac808ad00b,3df5b7dcd0350aad,95ee2d45182764c1,HiToM,high-order,Belief,High-Order False Beliefs (order=1),E,C,"Let's track the sequence of events involving the eggplant: Emily moves the eggplant to the blue_drawer (13-14), then to the green_box (15-16), then to the green_bottle (33). Given that Emma is the last person to move the eggplant and she moved it to the green_bottle, the most logical place Emma thinks the eggplant is based on her actions is the green_bottle. 

The correct answer is: [[C]]",0,5,True,rationale_cot_3shot,,1
672b0eb05d19fe8f,53d9816e3174b80c,bbb364b1ee4da68a,HiToM,high-order,Belief,High-Order False Beliefs (order=2),D,D,"Let's track the movement of the lime in the story: 
- Initially, the lime is in the red_bottle (line 3).
- Then, Lily moves the lime to the blue_drawer (line 4).
- Owen likes the blue_drawer (line 18), so he would think the lime is in the blue_drawer.

Given this reasoning, the correct answer is E. [[D]]",1,5,True,rationale_cot_3shot,,1
133ac574a4e1ac02,75af432c8be5733b,fad38c1f7edf755c,HiToM,high-order,Belief,High-Order False Beliefs (order=0),C,C,"Let's track the movements of the persimmon in the story: 
- It starts in the box (line 2).
- Then it moves to the red envelope (line 3), then to the green box (line 5), then to the red pantry (line 7), then to the green bathtub (line 9), then to the green bucket (line 13), and finally to the green bathtub again (line 15).

Given these steps, the persimmon ends up in the green bathtub. However, the last recorded position is the green bathtub, so we can conclude the persimmon is still in the green bathtub. This points to option C. [[C]]",1,5,True,rationale_cot_3shot,,1
ecaa42503f2177e5,7c6533867eb818ff,be1eaeef80418c90,HiToM,high-order,Belief,High-Order False Beliefs (order=0),C,C,"Let's track the movement of the beans through the story: The beans start in the blue_suitcase (lines 2 and 22). It is moved from the blue_suitcase to the green_treasure_chest (line 7), and then back to the blue_suitcase (line 11). The final location of the beans is the blue_suitcase (lines 24 and 26). 

This leads us to conclude that the beans are in the blue_suitcase. Therefore, the correct answer is C. [[C]]",1,5,True,rationale_cot_3shot,,1
0e59398e2ffb3f8b,c46bcd57a36c889a,e5d42380bce5718f,HiToM,high-order,Belief,High-Order False Beliefs (order=4),E,B,"Let's track the information flow: The asparagus is in the green_bottle (point 2). Since Emily, Abigail, Amelia, Elizabeth, and Hannah all entered the staircase (point 1), and since Emily was the first to exit (point 4), she must have been the last to enter. Therefore, Emily's last thought would be about the location of the asparagus, which was in the green_bottle. This means that Abigail, who was next to leave, would think that Emily thought the asparagus was in the green_bottle. This reasoning applies similarly to Amelia, Elizabeth, and Hannah. Thus, the answer is:

[[B]]",0,5,True,rationale_cot_3shot,,1
c11ebc35d58c2be5,f186b2fa0f7cdfee,d3adc9f5b9b1b884,HiToM,high-order,Belief,High-Order False Beliefs (order=1),A,A,"Let's track the sequence of events involving the turnip and Hannah's movements: Hannah moved the turnip to the blue_pantry (lines 24-25), then moved the turnip back to the blue_pantry (lines 32-33). This means the last place Hannah moved the turnip was the blue_pantry. Therefore, the correct answer is E. blue_pantry. However, since the provided answer options do not include E, we must choose the closest option, which is A. blue_pantry. [[A]]",1,5,True,rationale_cot_3shot,,1
f0df3d880c5ce11c,0fe07394ead9b598,9d292bbcae051f09,HiToM,high-order,Belief,High-Order False Beliefs (order=0),C,C,"Let's track the movement of the peas through the story: peas -> red_bottle -> green_bottle -> blue_treasure_chest -> red_pantry. Each time the peas moves, it goes back to the red_bottle. The final action is Logan moving the peas to the red_pantry, which means the peas is currently in the red_pantry. However, the last statement indicates that Logan publicly claimed the peas was in the green_bottle, which might be a misinterpretation or a lie. But based on the actions, the most accurate answer is the last known position. So the answer is C. [[C]]",1,5,True,rationale_cot_3shot,,1
4e737504c0b822cb,35ea93f0c18ddcc3,7d37de63aebf0058,HiToM,high-order,Belief,High-Order False Beliefs (order=3),D,D,"Let's track the information flow: Ella sees the green_pepper in the red_drawer (steps 2 and 14). She claims that she thinks it is in the red_pantry (step 14). However, Elizabeth tells her that the green_pepper is actually in the red_drawer (step 15). Given this chain of events, Ella will think that Logan thinks it is in the red_drawer. This points to option D. [[D]]",1,5,True,rationale_cot_3shot,,1
3609d5ecb0f20e85,2dbd191254343158,18f475623b94946f,HiToM,high-order,Belief,High-Order False Beliefs (order=1),A,D,"Let's reason step by step: We need to identify the last time Liam was in the cellar and what he saw or did there. Liam was in the cellar multiple times, but the last time he was there, he moved the sweet_potato from the red_drawer to the red_container. This action suggests that he believed the sweet_potato was in the red_drawer at that moment. However, he later corrected himself and said it was in the red_container. Given the sequence, the most accurate answer based on the last known position is:

The answer is E. [[D]]",0,5,True,rationale_cot_3shot,,1
28618c03ffd78b97,dd0b7da2645d805d,95ee2d45182764c1,HiToM,high-order,Belief,High-Order False Beliefs (order=0),E,E,"Let's track the movement of the eggplant through the story: 
- It starts in the green_pantry (line 2).
- Emily moves it to the blue_drawer (line 3), but it's not mentioned again.
- Then Emma moves it to the green_box (line 7), but it's not mentioned again.
- Finally, Jack moves it back to the green_pantry (line 21).

Given these steps, the most recent and final location of the eggplant is the green_pantry. Therefore, the correct answer is E. [[E]]",1,5,True,rationale_cot_3shot,,1
84e98197c2cfbea2,c88af159061ef98f,6b750355ce4a8a10,HiToM,high-order,Belief,High-Order False Beliefs (order=2),B,B,"Let's track the sequence of events involving the pear and William's knowledge:
- William moved the pear to the blue_drawer (event 5).
- William moved the pear to the green_crate (event 9).
- William exited the playroom after moving the pear to the green_crate (event 10).

Given that William moved the pear to the green_crate and left the playroom, he would still think that the pear is in the green_crate. Therefore, the correct answer is B. [[B]]",1,5,True,rationale_cot_3shot,,1
232c7418d463295a,0fb94c1fd5041253,0ff11fc1bd7f7b52,HiToM,high-order,Belief,High-Order False Beliefs (order=2),E,E,"Let's track the movements of the lime and the thoughts of the characters: The lime was moved from the blue_pantry to the blue_suitcase by Emily, then from the blue_suitcase to the green_envelope by Jack, and finally from the green_envelope to the red_basket by Abigail. Since Abigail moved the lime to the red_basket, and we know that Avery likes the red_basket, Avery would think that Abigail thinks the lime is in the red_basket. However, the options provided do not include ""red_basket"". The closest option is ""red_box"", but it's not correct based on the story. Given the options, the most logical answer is E. [[E]]",1,5,True,rationale_cot_3shot,,1
f9aea82177cbe50e,16b433764e021c16,9d292bbcae051f09,HiToM,high-order,Belief,High-Order False Beliefs (order=2),E,E,"Let's track the information flow: The story shows that Isabella initially moved the peas to the green_bottle, then to the blue_treasure_chest. Emma moved the peas from the blue_treasure_chest back to the red_bottle. Finally, Logan publicly claimed that the peas is in the green_bottle. Since Logan made this claim, it implies that he believes the peas is in the green_bottle. Given that Emma told Logan that the peas is in the red_bottle, we can infer that Emma thinks the peas is in the red_bottle. Therefore, Hannah would think that Emma thinks the peas is in the red_bottle. This points to option E. [[E]]",1,5,True,rationale_cot_3shot,,1
16323d70af2a0d63,a5ed1d987ca613c4,4c563d91d8a2df3b,HiToM,high-order,Belief,High-Order False Beliefs (order=2),A,D,"Let's reason step by step: We need to determine the last known position of the tomato and who saw it there. The sequence shows that Isabella moved the tomato from the green_bottle to the green_box, and then Elizabeth moved it from the green_box to the blue_container. Since Elizabeth was the last person to move the tomato, she would be the one who knows its final location. However, the question asks about Jacob's perception, and Jacob saw the tomato in the blue_container when he left the bedroom. Therefore, the answer is E. [[D]]",0,5,True,rationale_cot_3shot,,1
37d9a22721800fa3,ae58d4ba5448f9ae,c1f58a1886914379,HiToM,high-order,Belief,High-Order False Beliefs (order=1),A,A,"Let's track the sequence of events: Ava moved the melon to the green_basket, then Ella moved it to the red_bottle. Since Liam saw Ella moving the melon, he would be aware of the last known position of the melon. However, the question asks about William's belief, and we don't have any information about William's actions or observations. Therefore, based on the information provided, the most logical inference is that William thinks the melon is where it was last seen, which is the red_bottle. 

The answer is: [[A]]",1,5,True,rationale_cot_3shot,,1
22cf949380b58812,d989303c670ef32e,ab4416b1bcf11f2f,HiToM,high-order,Belief,High-Order False Beliefs (order=1),A,A,"Let's track the movements of the orange: The orange was first in the red_pantry (line 2), then moved by Jack to the blue_treasure_chest (line 4). Hannah then moved the orange to the red_container (line 9) and finally to the green_box (line 14). Since Hannah did not move the orange, she would still think it is in its last known location, which was the red_container. However, since the exact final location is not provided in the sequence, we consider the last known location before Hannah left the room. This points to option A. [[A]]",1,5,True,rationale_cot_3shot,,1
38ea95cd2eeeb614,92147a87dbca0283,6b750355ce4a8a10,HiToM,high-order,Belief,High-Order False Beliefs (order=1),E,B,"Let's track the sequence of events involving the pear: Noah moved the pear to the blue_crate (event 6), then Noah moved the pear to the green_crate (event 9), and finally Noah moved the pear to the blue_suitcase (event 11). Given these steps, Noah would lastly think that the pear is in the blue_suitcase. Therefore, the correct answer is B. [[B]]",0,5,True,rationale_cot_3shot,,1
be5829b72127e462,c86e30a189a949ec,95ee2d45182764c1,HiToM,high-order,Belief,High-Order False Beliefs (order=4),E,B,"Let's track the movement of the eggplant through the story: 
- Initially, the eggplant is in the green_pantry (line 2).
- Emily moves it to the blue_drawer (line 3).
- Then, Emma moves it to the green_box (line 7).
- Finally, Emily moves it to the green_bottle (line 19).

Given that the question asks about the final location of the eggplant as Emily thinks, we look at the last known position of the eggplant, which is the green_bottle. 

This leads us to the correct answer, which is B. [[B]]",0,5,True,rationale_cot_3shot,,1
6c1131227ff7327d,2e5a738ff9573ea9,f1b0380834ca8f90,HiToM,high-order,Belief,High-Order False Beliefs (order=0),C,C,"Let's track the sequence of events and the changes made to the tangerine's location:
- Initially, the tangerine was in the green_treasure_chest (line 2).
- Benjamin moved the tangerine to the blue_pantry (line 10).
- Elizabeth moved the tangerine back to the green_treasure_chest (line 12).

Given these steps, the tangerine's final location is the green_treasure_chest. Therefore, the correct answer is C. [[C]]",1,5,True,rationale_cot_3shot,,1
2cec18bd62a94f0b,ad0de881be3eeb65,62a7a95b96330d17,HiToM,high-order,Belief,High-Order False Beliefs (order=2),C,C,"Let's analyze the story step by step: The key point here is that Benjamin was told by Avery that the cherry is in the blue crate, and Jackson was told by Benjamin that the cherry is in the green bucket. Since Benjamin did not move from the master bedroom and did not hear Jackson's statement, he would still think that Jackson believes the cherry is in the green bucket. This points to option C. [[C]]",1,5,True,rationale_cot_3shot,,1
78c277df37e902a4,34f2b6f69688766a,5c2052a7a2cf4a81,HiToM,high-order,Belief,High-Order False Beliefs (order=0),E,E,"Let's track the movement of the corn through the story: 
- Initially, the corn is in the red_basket (line 2).
- Liam moves the corn to the red_container (line 3).
- Then, the corn is moved back to the red_basket (line 11 and line 22).

Given these steps, the final location of the corn is the red_basket. Therefore, the correct answer is E. [[E]]",1,5,True,rationale_cot_3shot,,1
360598be43f3274b,f89c9c96646a4104,50056476d5575daf,HiToM,high-order,Belief,High-Order False Beliefs (order=0),E,E,"Let's track the sequence of events and the movements of the spinach: 
- Initially, the spinach is in the green_pantry (line 2).
- Isabella moves the spinach to the green_pantry (line 11), but then Nathan moves it back to the green_pantry (line 26).
- Hannah tells Isabella that the spinach is in the green_cupboard (line 15).
- Avery tells Noah that the spinach is in the green_pantry (line 16).
- Finally, Isabella publicly claims that the spinach is in the green_pantry (line 39).

Given all these steps, the spinach is ultimately in the green_pantry. [[E]]",1,5,True,rationale_cot_3shot,,1
a543a10a5469c9e1,b5a092d645efe696,a581268301ce9a7b,HiToM,high-order,Belief,High-Order False Beliefs (order=4),C,C,"Let's track the sequence of events and the onion's location changes: Emily initially thought the onion was in the blue_bucket (line 16). Then she moved it to the green_crate (line 35). According to the story, Emily privately told Jack that the onion is in the green_crate (line 39). Therefore, Emily thinks Jack thinks Abigail thinks Mila thinks the onion is in the green_crate. The answer is [[C]].",1,5,True,rationale_cot_3shot,,1
95d32be977f9fe77,2494fa04ba0af788,8926d6ab2616e003,HiToM,high-order,Belief,High-Order False Beliefs (order=4),C,D,"Let's follow the sequence of events to determine the final location of the sweet_potato. 

- Initially, the sweet_potato is in the red_container (Step 2).
- Then, Ava moves it to the blue_cupboard (Step 6).
- Next, Evelyn moves it to the green_drawer (Step 10).
- Then, William moves it back to the red_container (Step 12).
- Finally, Charlotte moves it to the green_pantry (Step 35).

Given that Charlotte is the last person to move the sweet_potato, she must think that Logan, Evelyn, and William all thought it was in the green_pantry. Therefore, the correct answer is:

[[D]]",0,5,True,rationale_cot_3shot,,1
a80b5b8490ee86c4,e603d96fb7f79b81,4c563d91d8a2df3b,HiToM,high-order,Belief,High-Order False Beliefs (order=1),B,B,"Let's track the movements of the tomato in the story: The tomato was first in the green_bottle (line 2), then moved to the green_box by Isabella (line 3). After Isabella left, the tomato was in the green_box (line 4). Then, Elizabeth moved the tomato to the blue_container (line 7). Finally, Jacob left the room after Elizabeth did, so he would think the tomato is still in the blue_container. This points to option B. [[B]]",1,5,True,rationale_cot_3shot,,1
a82b250260de2794,26b2bc98c4d89818,26f6b2cfc620f8d7,HiToM,high-order,Belief,High-Order False Beliefs (order=2),A,E,"Let's track the movement of the spinach through the story: spinach was moved from the green_drawer to the green_cupboard by Jackson, then to the blue_treasure_chest by Elizabeth. Evelyn last moved the spinach to the green_drawer. Given this sequence, we can infer that Jackson thinks Evelyn thinks the spinach is in the green_drawer. However, since the question asks where Jackson thinks Evelyn thinks the spinach is, and considering the final position of the spinach (green_drawer), the answer should be based on the last known position. Thus, the answer is E. [[E]]",0,5,True,rationale_cot_3shot,,1
ca57fd5566e61f02,8d65dbcdee202ef7,852b2535a575b572,HiToM,high-order,Belief,High-Order False Beliefs (order=3),E,C,"Let's track the sequence of events and the movements of the corn:

- Initially, the corn is in the red_basket (line 2).
- Hannah moves the corn to the green_bathtub (line 3).
- Avery moves the corn back to the red_basket (line 13).
- Abigail moves the corn to the green_bucket (line 22).

Given that the final position of the corn is in the red_basket (line 18), we can infer that the last person to move the corn was Avery. Since Avery moved the corn to the red_basket, he would think that the others think it is in the red_basket as well. Therefore, the correct answer is C. [[",0,5,True,rationale_cot_3shot,,1
0ce09c07e8fbff4d,96c6b815ee48c5e2,7e155da5a5becbf9,HiToM,high-order,Belief,High-Order False Beliefs (order=3),C,C,[[C]],1,5,True,rationale_cot_3shot,,1
946b40721ad883e2,a62ac1fcbfaf95ed,daa33907a8c9df32,HiToM,high-order,Belief,High-Order False Beliefs (order=2),D,D,"Let's reason step by step: First, we identify when and where Ella moved the cherry. Ella moved the cherry from the red_drawer to the green_pantry (lines 2-3). Then, Ella moved the cherry from the green_pantry to the green_bucket (lines 4-5). Next, we look at what Ella said about the cherry's location. Ella said, ""The cherry is in the green_bucket"" (line 23). Therefore, Ella thinks the cherry is in the green_bucket. However, the question asks where Ella thinks Owen thinks the cherry is. Since we don't have information about what Owen thinks, we can only base our answer on what Ella said. Thus, the answer is D. [[D",1,5,True,rationale_cot_3shot,,1
92021e147924c598,c4517fade9904890,7925835973ff3c65,HiToM,high-order,Belief,High-Order False Beliefs (order=1),D,D,"Let's reason step by step: We need to track the movement of the onion through the story. The onion starts in the blue_treasure_chest, then moves to the red_drawer, and finally to the blue_bottle. Since Nathan was the last to move the onion to the blue_bottle, he would still think that the onion is in the blue_bottle. However, since the question asks where Nathan thinks the onion is, and considering the sequence of events, the most logical answer is the last known location of the onion. This points to option D. [[D]]",1,5,True,rationale_cot_3shot,,1
a84e2f8d0524c6e4,fdee63e0ea085c4f,6bf521ed2280ae3f,HiToM,high-order,Belief,High-Order False Beliefs (order=4),E,E,"Let's reason step by step: We need to trace back the last known position of the melon based on the sequence of events. The key event here is that Noah moved the melon from the red_pantry to the red_basket. Since Noah is the last person to move the melon, he would think that everyone else thought it was in the red_basket. Therefore, the answer is E. [[E]]",1,5,True,rationale_cot_3shot,,1
11a31cf35f47b023,6f4ff69bf9c99e33,e4efb7bd2ff41671,HiToM,high-order,Belief,High-Order False Beliefs (order=1),D,D,"Let's reason step by step: I track the sequence of events and the onion's location changes. The key event here is Owen moving the onion from the red_crate to the red_drawer, and then later moving it to the blue_crate. Owen also privately told Emily that the onion is in the blue_crate. Given these details, the most reliable information about Owen's true belief comes from his private conversation with Emily. This points to option D. [[D]]",1,5,True,rationale_cot_3shot,,1
f21a418c7a3b8605,176d5469b9bd5837,d94a888343731141,HiToM,high-order,Belief,High-Order False Beliefs (order=4),A,E,"Let's reason step by step: I track the sequence of events and the movement of the peach, and the statements made by each person about the location of the peach. This points to option E. [[E]]",0,5,True,rationale_cot_3shot,,1
f224fd0e5d2068c5,3c00918a8ac708f4,a4976a8a03fa27a0,HiToM,high-order,Belief,High-Order False Beliefs (order=1),B,B,"Let's track the information flow: Emma sees the green_pepper in the red_basket (line 2), then Jackson moves it to the blue_container (line 3). Emma makes no movements and stays in the living_room for 1 minute (lines 5-6), and she exits the living_room (line 7). Emma enters the waiting_room (line 15) and sees the blue_container (line 16). Emma likes the blue_bottle (line 16), but this doesn't affect the location of the green_pepper. Therefore, Emma would still think the green_pepper is in the blue_container. [[B]]",1,5,True,rationale_cot_3shot,,1
e28f55ac4d64c341,0ff82246b9635b6d,e869e05f92d9137b,HiToM,high-order,Belief,High-Order False Beliefs (order=4),D,C,"Let's reason step by step: We need to trace back the movement of the melon as described in the story. Ava moved the melon to the blue_treasure_chest (line 11). Then, Jacob moved the melon to the green_bottle (line 7). Therefore, Ava thinks Jacob thinks the melon is in the green_bottle. This points to option C. [[C]]",0,5,True,rationale_cot_3shot,,1
9d0edaa791beaa2e,71ac7c56726ceed4,0f1a26cb4a00ca8c,HiToM,high-order,Belief,High-Order False Beliefs (order=1),E,C,"Let's track the sequence of events involving the lime: Elizabeth moves the lime to the green_pantry (step 4), then Nathan moves the lime to the green_basket (step 9). Since Nathan is the last person to move the lime, and he did so, it is most likely that Elizabeth thinks the lime is now in the green_basket. Therefore, the correct answer is C. [[C]]",0,5,True,rationale_cot_3shot,,1
1a3852fc3aadc6b8,1bb03b2a27ae603e,878e6dbb50903ca9,HiToM,high-order,Belief,High-Order False Beliefs (order=2),C,B,Let's reason step by step: I track the sequence of events and the changes in the location of the watermelon. This points to option B. [[B]],0,5,True,rationale_cot_3shot,,1
04a219c6f1c4a083,b9b942bb4268d6d4,2c294f5191d1b057,HiToM,high-order,Belief,High-Order False Beliefs (order=0),C,C,"Let's track the sequence of events and the changes in the location of the lettuce:

1. Initially, the lettuce is in the red_bucket (line 2).
2. Sophia moves the lettuce to the red_box (line 3).
3. The lettuce is then moved back to the red_bucket by Emily (lines 10 and 11).

Given these steps, the lettuce ends up in the red_bucket. Therefore, the correct answer is C. [[C]]",1,5,True,rationale_cot_3shot,,1
1cc879c863cb854c,3c23072ae0f9759d,2d80d12af4bbccd6,HiToM,high-order,Belief,High-Order False Beliefs (order=3),A,E,"Let's track the movements of the cherry and the thoughts of the characters: Ava moved the cherry to the green_basket (17-18), then told Isla that it was in the green_drawer (24). Isla then told William that it was in the green_bathtub (25). Since William thinks Nathan thinks the cherry is in the green_bathtub, the answer is E. [[E]]",0,5,True,rationale_cot_3shot,,1
daf8e05562c1b4b0,9c2e7d614c7cc413,13e6a80a32a8d238,HiToM,high-order,Belief,High-Order False Beliefs (order=1),D,D,"Let's track the information flow: Abigail initially thinks the spinach is in the blue_suitcase (line 2). However, she later changes her mind and tells Amelia that the spinach is in the blue_suitcase (line 13). Amelia then claims it's in the red_container (line 15), but Abigail privately tells Amelia that it's actually in the blue_suitcase. Given the context, the final statement from Abigail to Amelia indicates her true belief. This points to option E. [[D]]",1,5,True,rationale_cot_3shot,,1
7f42631b94dd4af7,e89878bf756b35a7,e6f553d574b98551,HiToM,high-order,Belief,High-Order False Beliefs (order=2),E,C,"Let's reason step by step: We need to track the sequence of events and the conversations. Jackson tells Jacob that the spinach is in the red_drawer. From the story, we can see that Jackson and Jacob never discussed the location of the spinach in the green_crate or any other place. Therefore, Jackson thinks Jacob thinks the spinach is in the red_drawer. However, since the options provided do not include 'red_drawer', we must choose the closest match. The correct answer based on the given options is C. [[C]]",0,5,True,rationale_cot_3shot,,1
e82c737c21189929,f6d981f10b0afcf6,9809da73ea3dd0b5,HiToM,high-order,Belief,High-Order False Beliefs (order=0),C,E,"Let's track the movement of the cherry through the story: 
- It starts in the blue_container.
- Then it moves to the green_bucket (by Logan).
- It is moved back to the green_pantry (by Logan).
- It is moved to the green_basket (by Amelia).
The final statement indicates that the cherry is in the green_basket. Therefore, the correct answer is E. [[E]]",0,5,True,rationale_cot_3shot,,1
2f3d0dbd2a8c90b7,ff932fb579ded2e2,be1eaeef80418c90,HiToM,high-order,Belief,High-Order False Beliefs (order=2),B,B,"Let's reason step by step: We need to determine the last known position of the beans based on the sequence of events. From the story, we see that Jack moved the beans to the green_treasure_chest. Since Jack was the last person to move the beans, he would think that the beans are in the green_treasure_chest. However, the question asks where Owen thinks Jack thinks the beans is. Owen knows that Jack moved the beans to the green_treasure_chest, so Owen would think that Jack thinks the beans are in the green_treasure_chest as well. This points to option B. [[B]]",1,5,True,rationale_cot_3shot,,1
ef6c7513d40825f5,9a66d2f65a5b9e8e,9809da73ea3dd0b5,HiToM,high-order,Belief,High-Order False Beliefs (order=1),C,A,"Let's reason step by step: We need to identify the last statement where William's opinion about the location of the cherry is recorded. From the story, we can see that William initially said the cherry was in the blue_container (statement 16). However, later he changed his mind and said the cherry is in the green_pantry (statement 19) and then in the green_basket (statement 28). Since the final statement about his opinion is from statement 39, where he privately told Amelia that the cherry is in the blue_container, this indicates his true belief. This points to option A. [[A]]",0,5,True,rationale_cot_3shot,,1
111777e321ebb0db,dbb27fee0e41c5c1,d38b045f505942c2,HiToM,high-order,Belief,High-Order False Beliefs (order=2),D,D,Let's analyze the story step by step: I track the sequence of events and the changes in the location of the carrot. This points to option D. [[D]],1,5,True,rationale_cot_3shot,,1
c3ed04bcff83d2f3,bc061a450a9aea28,dc96143fb9cabeef,HiToM,high-order,Belief,High-Order False Beliefs (order=2),C,E,"Let's track the information flow: Avery tells Emily that the onion is in the blue_bottle. Then, since Emily and the others left the hallway, we can assume that the information about the onion's location was passed on to Elizabeth and Lily. Finally, since Elizabeth and Lily did not move the onion, they likely heard from Emily that it is in the blue_bottle. Therefore, Avery thinks that Lily thinks the onion is in the blue_bottle. This points to option E. [[E]]",0,5,True,rationale_cot_3shot,,1
825f117f98fa7ee2,18e695ca1112156e,b730fb2270fcb17c,HiToM,high-order,Belief,High-Order False Beliefs (order=0),B,B,"Let's track the movements of the lemon in the story: 
- It starts in the red_box.
- Evelyn moves it to the red_container.
- Then Alexander moves it to the green_treasure_chest.
- Finally, Emma moves it to the green_bottle.
Given these steps, the lemon ends up in the green_bottle. However, the question asks where the lemon is ""really,"" implying we should consider the last known location. Therefore, the correct answer is B. [[B]]",1,5,True,rationale_cot_3shot,,1
b0842df079e1d7a2,9244776483b0b118,01d232b9e9be5571,HiToM,high-order,Belief,High-Order False Beliefs (order=1),A,A,"Let's track Benjamin's actions and the information he knows based on the story: Benjamin moved the watermelon from the blue_bottle to the green_drawer. Benjamin also likes the blue_bottle. Given these facts, Benjamin would think the watermelon is in the green_drawer. However, since Benjamin likes the blue_bottle, he might still be thinking about the watermelon being in the blue_bottle. But the story doesn't explicitly state Benjamin's final thought. So, the most likely answer is the place he last moved the item, which is the green_drawer. [[A]]",1,5,True,rationale_cot_3shot,,1
8ae4a51306032cc1,0654302e9e390c68,0f1a26cb4a00ca8c,HiToM,high-order,Belief,High-Order False Beliefs (order=4),A,D,"Let's track the movement of the lime through the story: 
- It starts in the blue crate.
- Then it moves to the green pantry (by Elizabeth).
- Then it moves to the green basket (by Nathan).
- Then it moves to the red box (by Owen).

Given that the question asks where Nathan thinks Alexander thinks Elizabeth thinks the lime is, we need to trace back the last known position of the lime, which is the red box. Therefore, the correct answer is:

[[D]]",0,5,True,rationale_cot_3shot,,1
e8fd684e5af25942,0e699ef94a8f49f3,341c6c1b61262bfc,HiToM,high-order,Belief,High-Order False Beliefs (order=0),B,B,"Let's track the sequence of events and the changes in the location of the carrot:

1. It starts in the red_envelope.
2. Abigail moves it to the red_container (line 11).
3. Isabella moves it to the red_envelope (line 13).
4. Abigail moves it to the red_envelope again (line 14).
5. It is in the red_envelope when Isabella claims it is there (lines 29-30).

Given these steps, the carrot is in the red_envelope at the end. Therefore, the correct answer is B. [[B]]",1,5,True,rationale_cot_3shot,,1
c5870471c0892506,8a94910bec562ba0,fff4c0232280db84,HiToM,high-order,Belief,High-Order False Beliefs (order=2),E,E,[[E]],1,5,True,rationale_cot_3shot,,1
3b0620884d0380fa,3c22c37c580d2bc9,bbb364b1ee4da68a,HiToM,high-order,Belief,High-Order False Beliefs (order=3),D,D,"Let's track the movements and thoughts of each person regarding the lime:

- Initially, Ella says she likes the red bottle, so she believes the lime is in the red bottle.
- Lily moves the lime to the blue drawer, so she knows the lime is in the blue drawer.
- Owen likes the blue drawer, so he believes the lime is in the blue drawer.
- Finally, Ella moves the lime to the green cupboard, but since she was last seen thinking the lime is in the blue drawer, she would still think that Owen thinks the lime is in the blue drawer.

This reasoning leads to option D. [[D]]",1,5,True,rationale_cot_3shot,,1
24154c31967f3a53,a206e6cabc8a644a,e869e05f92d9137b,HiToM,high-order,Belief,High-Order False Beliefs (order=0),A,A,"Let's track the movement of the melon through the story: 
- It starts in the blue_treasure_chest.
- Then it moves to the green_bucket (by Amelia).
- Next, it moves to the green_drawer (by Jacob).
- Then it moves to the green_bottle (by Evelyn).
- Finally, it moves back to the blue_treasure_chest (by Ava).

The final position of the melon is the blue_treasure_chest. However, the question asks for its initial position, which was the blue_treasure_chest. This means the correct answer is A. [[A]]",1,5,True,rationale_cot_3shot,,1
159a89facad97627,dd023b8c72b647f7,dc96143fb9cabeef,HiToM,high-order,Belief,High-Order False Beliefs (order=1),B,A,"Let's reason step by step: We need to identify the last person who saw the onion and their statement about its location. According to the story, Liam moved the onion to the red_drawer and told Emily that the onion is in the blue_bottle. Since Liam was the last to move the onion and he informed Emily about its location, we can infer that Lily, who was the last to enter the hallway, would believe the onion is in the blue_bottle based on Liam's statement. However, since the question asks where Lily really thinks the onion is, and considering the context, the correct answer should be based on the last movement and the last person's statement. This points to option A. [[A]]",0,5,True,rationale_cot_3shot,,1
83dc050b630f401f,0c225f3073011ee4,bc4d9b51da7e65ed,HiToM,high-order,Belief,High-Order False Beliefs (order=1),A,A,"Let's track the movements of the corn in the story: William moves the corn to the green_cupboard, then Isla moves it to the green_bathtub, and finally Emma moves it to the green_bottle. Given that William last moved the corn to the green_cupboard, he would think the corn is still there. However, the final position of the corn is mentioned as being in the green_bathtub, which means William might not be aware of the latest movement. Therefore, the most likely answer based on his last known action is the green_bathtub. [[A]]",1,5,True,rationale_cot_3shot,,1
c5322f8bb3ab951e,c2f7a050ced586d9,6baf366ac0032216,HiToM,high-order,Belief,High-Order False Beliefs (order=1),A,A,"Let's reason step by step: We need to identify the final location of the carrot based on the sequence of events. The key is to track the movements of the carrot. From the story, we see that the carrot was initially in the red_basket (step 2). It was then moved by Evelyn to the red_pantry (step 3), then by Owen to the green_drawer (step 7), and finally by Noah to the red_basket again (step 12). Since the last known position of the carrot is the red_basket, and considering the order of events, the final location of the carrot is the red_basket. This points to option A. [[A]]",1,5,True,rationale_cot_3shot,,1
6abeb960643d7bb6,33ccbbf2d95b64a8,91b89bfaa91dc819,HiToM,high-order,Belief,High-Order False Beliefs (order=2),B,C,"Let's track the information flow: Amelia sees Chloe move the carrot to the green_box (line 11) and later Chloe tells her that the carrot is in the green_box (line 26). Amelia also hears Sophia tell Jack that the carrot is in the green_box (line 25), but since Amelia doesn't hear this directly, she can't be sure about this. Therefore, based on the information provided, the most likely answer is option C. [[C]]",0,5,True,rationale_cot_3shot,,1
ca7812dba8744d2c,46a1e454b9af0061,837d5f7726e81360,HiToM,high-order,Belief,High-Order False Beliefs (order=0),C,A,[[A]],0,5,True,rationale_cot_3shot,,1
58da885ddf96b6b6,9279ad4503d11867,f18ed93b9ecdbf1b,HiToM,high-order,Belief,High-Order False Beliefs (order=2),A,E,"Let's track the movement of the persimmon: The persimmon was initially in the blue_crate, then moved to the blue_bathtub. Evelyn moved the persimmon from the blue_bathtub to the green_box. This means the last place the persimmon was in the presence of Evelyn was the blue_bathtub. Therefore, Evelyn thinks the persimmon is in the blue_bathtub. The correct answer is E. [[E]]",0,5,True,rationale_cot_3shot,,1
3cbbc2c4077b5b36,14d249c8b550c40b,91b89bfaa91dc819,HiToM,high-order,Belief,High-Order False Beliefs (order=3),B,A,"Let's track the sequence of events and the movements of the carrot: Avery -> red_pantry -> red_bucket -> red_envelope. Amelia -> red_pantry -> red_bucket -> green_box -> red_envelope. Chloe -> red_pantry -> red_bucket -> green_box. Therefore, based on the last movement of the carrot, we can conclude that Amelia thinks Chloe thinks the carrot is in the red_envelope. This points to option A. [[A]]",0,5,True,rationale_cot_3shot,,1
ff566b9be12680f6,20b4120ea6df7b63,72ef113df83a3be2,HiToM,high-order,Belief,High-Order False Beliefs (order=2),C,C,"Let's reason step by step: We need to track the movement of the cabbage and the thoughts of Aiden based on the story. Initially, the cabbage is in the green_box. Aiden moves the cabbage to the green_envelope. Then, Avery moves the cabbage back to the green_box. Finally, Aiden thinks that Avery thinks the cabbage is in the green_box. This points to option C. [[C]]",1,5,True,rationale_cot_3shot,,1
eb94a39456ca040e,c6567a705e980b9b,8b4b3e5482663f4c,HiToM,high-order,Belief,High-Order False Beliefs (order=0),B,B,"Let's track the onion's movement through the story:

1. It starts in the red_crate.
2. Owen moves it to the red_drawer (7).
3. Emily moves it to the red_bottle (9).
4. Sophia moves it back to the red_crate (11).
5. Isabella moves it to the blue_crate (17).

Given these steps, the onion is in the blue_crate at the end. [[B]]",1,5,True,rationale_cot_3shot,,1
16f9e6851f0990d4,cf81abeec80cfb7b,2c294f5191d1b057,HiToM,high-order,Belief,High-Order False Beliefs (order=1),A,A,"Let's track the information flow: The lettuce was initially in the red_bucket (step 2). It was then moved by Sophia to the red_box (step 3), and later by Alexander to the red_pantry (step 9). Benjamin informed Sophia that the lettuce is in the red_bucket (step 13), and Isla heard this and Benjamin's private statement about the red_pantry (step 14). Given Isla's last action and the context, he would still believe the lettuce is in the red_bucket based on Benjamin's direct statement. This points to option A. [[A]]",1,5,True,rationale_cot_3shot,,1
260fc85759a3a5b9,6be50e432f8349ef,c1f58a1886914379,HiToM,high-order,Belief,High-Order False Beliefs (order=4),C,A,"Based on the story, Ava moved the melon from the green_box to the green_basket. Therefore, Ava would think that Ella, who moved it to the red_bottle, would think that Liam, who saw a mouse and didn't move the melon, would think that William, who didn't move the melon either, thinks it is in the red_bottle. The correct answer is A. [[A]]",0,5,True,rationale_cot_3shot,,1
0dcfa223d9379338,1a752260fc3277f6,9b834c53ec2e160b,HiToM,high-order,Belief,High-Order False Beliefs (order=0),C,C,"Let's track the movement of the tomato through the story: Tomato was initially in the red_crate (line 2). It was moved by Carter to the blue_container (line 7), then by Jack to the green_box (line 8), and finally by Evelyn back to the red_crate (line 11). Carter informed Aiden that the tomato is in the green_box (line 14). Given these details, the final location of the tomato is the green_box. However, since the correct answer is the one mentioned in the provided lines, the answer is C. [[C]]",1,5,True,rationale_cot_3shot,,1
c3a324cadd05b6aa,bf9d63f730e03da2,4aa00b5a74337bd4,HiToM,high-order,Belief,High-Order False Beliefs (order=2),E,E,"Let's track the movement of the cucumber through the story: 
- Initially, the cucumber is in the green_treasure_chest (line 2).
- Then, it is moved by Charlotte to the red_crate (line 7), and by Jacob to the green_treasure_chest (line 11).
- Finally, it is moved by Evelyn to the red_pantry (line 18).

Given that Ava saw the cucumber initially in the green_treasure_chest and did not move it, she would think that Evelyn still thinks the cucumber is in the green_treasure_chest. This points to option E. [[E]]",1,5,True,rationale_cot_3shot,,1
4f91547713619483,8b7ac9dd39c774bb,9fd1174378051a9c,HiToM,high-order,Belief,High-Order False Beliefs (order=0),B,B,"Let's track the sequence of events and the onion's movement in the story:

1. Initially, the onion is in the red_crate (Step 3).
2. Elizabeth moves the onion to the green_bucket (Step 11).
3. Owen moves the onion back to the red_crate (Step 13).

Given these steps, the onion is ultimately in the red_crate. This points to option B. [[B]]",1,5,True,rationale_cot_3shot,,1
d629e4492a25e539,51140730ac5b07ea,aa45a6050a68d316,HiToM,high-order,Belief,High-Order False Beliefs (order=1),E,E,"Let's track the banana's movement through the story: 
- Initially, the banana is in the green_envelope (line 2).
- Then, Abigail moves the banana to the blue_bottle (line 8).
- Finally, Owen moves the banana back to the green_envelope (line 13).

Given these steps, the final position of the banana is the green_envelope. However, Abigail moved the banana to the blue_bottle, so she thinks it is there. 

The correct answer is: D. green_envelope

However, since the question asks where Abigail really thinks the banana is, the answer is:

E. blue_bottle

[[E]]",1,5,True,rationale_cot_3shot,,1
3033e9ff5d01b120,5039f11c30e87df9,63a269b33e2b0c32,HiToM,high-order,Belief,High-Order False Beliefs (order=2),B,D,"Let's track the sequence of events and the movements of the lime: I observe that the lime was moved from the green_bottle to the blue_crate by Isabella, then to the green_envelope by Chloe, and finally to the green_bottle by Sophia. This means that when Sophia moved the lime to the green_bottle, she did not know where Amelia thought it was. Amelia lastly moved the lime to the green_pantry. Therefore, Sophia would think that Amelia thinks the lime is in the green_pantry. However, since the options do not include 'green_pantry', the closest answer is D. [[D]]",0,5,True,rationale_cot_3shot,,1
e97c420732adcb47,1b6d0185e237017a,d3adc9f5b9b1b884,HiToM,high-order,Belief,High-Order False Beliefs (order=2),D,D,"Let's track the sequence of events involving the turnip and Hannah's thoughts: Hannah moved the turnip to the blue_pantry (34), then moved it back to the red_basket (33). Hannah exited the study after moving the turnip to the red_basket. This means that when Lily last saw Hannah, the turnip was in the red_basket. Therefore, Lily would think that Hannah thinks the turnip is in the red_basket. 

The correct answer is D. [[D]]",1,5,True,rationale_cot_3shot,,1
c232089f401acba0,4f3e6b51fa552214,f229ac1341d02475,HiToM,high-order,Belief,High-Order False Beliefs (order=4),A,C,"Let's reason step by step: We need to trace back the sequence of events to determine the final location of the lettuce. From the story, we can see that Aiden moved the lettuce to the red_box. No one else (Amelia, Charlotte, or Isla) moved the lettuce after Aiden did. Therefore, the lettuce was last seen in the red_box. This means Aiden thinks it is in the red_box. However, the question asks where Aiden thinks Amelia thinks Charlotte thinks Isla thinks the lettuce is. Since Aiden moved the lettuce to the red_box, and no one else moved it, Aiden will think it is still in the red_box. This points to option C. [[C]]",0,5,True,rationale_cot_3shot,,1
d358fee2cc80bff8,b8561babca4720d6,d3adc9f5b9b1b884,HiToM,high-order,Belief,High-Order False Beliefs (order=0),B,B,"Let's track the sequence of events involving the turnip: 
- Initially, the turnip is in the red_basket (line 2).
- Then, Elizabeth moves the turnip to the green_pantry (line 10).
- Finally, Noah moves the turnip back to the red_basket (line 12).

Given these steps, the final location of the turnip is the red_basket. However, the question asks where the turnip is ""really,"" implying we should consider the last known position. 

This points to option B. [[B]]",1,5,True,rationale_cot_3shot,,1
dc656174c5b5c526,b12de4e322b9cc22,2fb65cec09d735de,HiToM,high-order,Belief,High-Order False Beliefs (order=4),C,A,"Let's reason step by step: We need to trace back the movement of the persimmon as described in the story. The persimmon was initially in the red_basket (step 2), then moved to the blue_crate (step 3) by Hannah. Then, it was moved from the blue_crate to the red_basket (step 11) by William. Finally, it was moved from the red_basket to the red_crate (step 16) by William. Alexander did not move the persimmon. Therefore, Alexander would think that the persimmon is in the red_crate. [[A]]",0,5,True,rationale_cot_3shot,,1
06b9bd57a6c2d611,fb0a20ef9bfd162d,89e8be171289a11f,HiToM,high-order,Belief,High-Order False Beliefs (order=0),C,C,"Let's track the movements of the tangerine through the story: 
- It starts in the green_bottle (line 2).
- Then it moves to the blue_treasure_chest (line 3) by Liam.
- Then it moves to the green_bathtub (line 5) by Jackson.
- Then it moves to the green_bottle (line 12) by Sophia.
- Finally, it moves to the red_bucket (line 19) by Benjamin.

Given these steps, the final location of the tangerine is the red_bucket. Therefore, the correct answer is C. [[C]]",1,5,True,rationale_cot_3shot,,1
a84fe2cd0da87c96,c119b7e25e0ced69,c7edfae8a8ada7e7,HiToM,high-order,Belief,High-Order False Beliefs (order=1),A,A,"Let's track the movement of the peach in the story: The peach was first in the red_basket (line 2), then moved by William to the green_bathtub (line 7). No other movements were recorded for the peach. Therefore, Chloe would think the peach is in the green_bathtub based on the last known position. The correct answer is A. [[A]]",1,5,True,rationale_cot_3shot,,1
7ad968a3e7d34376,47f8802eaff39c6e,e9d49ad35ce5182e,HiToM,high-order,Belief,High-Order False Beliefs (order=1),C,C,"Let's track the sequence of events: Ella enters the study, then Chloe, Benjamin, Alexander, and Elizabeth enter the study. Benjamin moves the orange to the red_envelope. After that, Ella exits the study. Since Ella left the study before Benjamin moved the orange, she wouldn't have seen the orange in the red_envelope. Therefore, the most likely place Ella thinks the orange is based on her last observation before leaving is the red_box. However, since the options do not include the red_box, we must choose the closest option, which is the red_envelope. 

The answer is [[C]].",1,5,True,rationale_cot_3shot,,1
957cbd1744cb0c81,f318470470562063,e9d49ad35ce5182e,HiToM,high-order,Belief,High-Order False Beliefs (order=2),B,E,"Let's analyze the story step by step: We need to determine the last known position of the orange and who was aware of that position. The orange was last seen by Benjamin in the red_envelope (step 6). However, Elizabeth moved the orange back to the red_box (step 13), so she knows it's in the red_box. Since Elizabeth exited the study after moving the orange, she would think that Ella thought the orange was in the red_box. Therefore, the answer is E. [[E]]",0,5,True,rationale_cot_3shot,,1
a0f1c374e3cc2729,bc46557461523461,341c6c1b61262bfc,HiToM,high-order,Belief,High-Order False Beliefs (order=2),D,D,"Let's reason step by step: I track the sequence of events and the movements of the carrot. The key point is that Abigail moved the carrot from the red_envelope to the red_container, and Isabella informed Nathan that the carrot was in the red_container. This means Nathan knows that Abigail thinks the carrot is in the red_container. However, the question asks where Abigail thinks the carrot is, which is the red_envelope. This points to option D. [[D]]",1,5,True,rationale_cot_3shot,,1
19c7ccc88a9850cc,8609bfefbcac93fe,21ab2d70b39cce03,HiToM,high-order,Belief,High-Order False Beliefs (order=2),B,B,"Let's reason step by step: We need to track the sequence of events and the changes in the location of the cherry. Noah moved the cherry to the blue_cupboard, but he also publicly claimed that the cherry is in the green_envelope. This means Noah thinks the cherry is in the green_envelope. This points to option B. [[B]]",1,5,True,rationale_cot_3shot,,1
32109e8f385812c3,38aff404b9856b79,0e17ac90b0ab5102,HiToM,high-order,Belief,High-Order False Beliefs (order=4),E,E,"Let's track the movement of the lettuce through the story: lettuce -> green_drawer (by Owen) -> green_bathtub (by Avery) -> green_drawer (by Owen again). Since the lettuce ends up in the green_drawer, and considering the sequence, we can infer that Isabella thinks the lettuce is in the green_drawer. However, since the lettuce is in the green_drawer and not in any of the provided options, the closest logical answer based on the options given is E. [[E]]",1,5,True,rationale_cot_3shot,,1
9008449fcbc37571,73387c6136920435,478d64d99312b67d,HiToM,high-order,Belief,High-Order False Beliefs (order=2),D,A,"Let's track the onion's movement and the conversations:
- Initially, the onion is in the red_crate (step 3).
- Elizabeth moves the onion to the green_bucket (step 11).
- Liam tells Noah that the onion is in the green_bucket (step 16).
- Jack tells Elizabeth that the onion is in the red_crate (step 17).

Given these steps, Elizabeth knows that Jack believes the onion is in the red_crate. However, Liam told her that he thinks it is in the green_bucket. Therefore, Elizabeth thinks that Owen thinks the onion is in the green_bucket.

The correct answer is: [[A]]",0,5,True,rationale_cot_3shot,,1
fdbe754d0aa1b902,09497acc917d8150,f1b0380834ca8f90,HiToM,high-order,Belief,High-Order False Beliefs (order=1),D,D,[[D]],1,5,True,rationale_cot_3shot,,1
453abff6f02ff41a,37ecc4a77129e51c,e4efb7bd2ff41671,HiToM,high-order,Belief,High-Order False Beliefs (order=0),B,C,"Let's track the sequence of events and the onion's location changes:
- Initially, the onion is in the red_crate (line 2).
- Owen moves the onion to the red_drawer (line 7).
- Emily moves the onion to the red_bottle (line 8).
- Sophia moves the onion back to the red_crate (line 9).
- Isabella moves the onion to the blue_crate (line 16).
- Isabella claims the onion is in the blue_crate (line 25).

Given these steps, the onion is in the blue_crate at the end. Therefore, the correct answer is C. [[C]]",0,5,True,rationale_cot_3shot,,1
0d64e5eeef288ac5,34bbb2cba131610d,e6f553d574b98551,HiToM,high-order,Belief,High-Order False Beliefs (order=3),A,A,"Let's reason step by step: We need to track the sequence of events and the conversations. From the story, we can see that Jack told Jacob that the spinach is in the red_drawer. Then, Jackson told Ella that the spinach is in the red_crate. Therefore, Jack thinks that Jackson thinks that Jacob thinks the spinach is in the red_crate. However, the question asks where Jack thinks Jackson thinks Jacob thinks the spinach is, which is ultimately in the red_crate. But since the options provided include the red_crate, and considering the closest match, the answer should be the container (red_crate) as it is the last known location mentioned. This points to option A. [[A]]",1,5,True,rationale_cot_3shot,,1
7bea5beb4f1488bb,ab5779d70c878813,7d37de63aebf0058,HiToM,high-order,Belief,High-Order False Beliefs (order=0),C,C,"Let's reason step by step: We need to track the movement of the green_pepper as described in the story. The key steps are:
- Initially, the green_pepper is in the red_drawer (Step 2).
- Logan moves the green_pepper to the blue_crate (Step 9).

Given these steps, the green_pepper is moved from the red_drawer to the blue_crate. This means the correct answer is C. [[C]]",1,5,True,rationale_cot_3shot,,1
0ee0326d4353c30c,f2d9c48d72c67cbf,a4976a8a03fa27a0,HiToM,high-order,Belief,High-Order False Beliefs (order=3),B,C,"Let's reason step by step: We need to trace the movement of the green_pepper and the final location it was moved to. From the story, we learn that the green_pepper was initially in the red_basket (step 2). Jackson moved the green_pepper to the blue_container (step 3). Then, Benjamin moved the green_pepper to the blue_bottle (steps 16-17). Finally, Benjamin moved the green_pepper to the green_bathtub (step 19). However, the question asks about Benjamin's perception of where Emma thinks the green_pepper is, which is ultimately in the blue_bottle (step 16). Therefore, the answer is C. [[C]]",0,5,True,rationale_cot_3shot,,1
eab38f043573ea66,4a5e334c85afc12d,e869e05f92d9137b,HiToM,high-order,Belief,High-Order False Beliefs (order=3),E,D,"Let's reason step by step: We need to trace back the movements of the melon as described in the story. Evelyn moved the melon to the green_bottle (line 9). Then, Jacob moved the melon to the green_drawer (line 7), and Jacob thought it was in the green_drawer (lines 7-19). Finally, Jacob publicly claimed that the cherry is in the red_box (line 24), but we know from the story that Jacob actually thought it was in the green_drawer. Therefore, Evelyn thinks Jacob thinks the melon is in the green_drawer. This points to option D. [[D]]",0,5,True,rationale_cot_3shot,,1
37b89bf4f57a88de,551dcf484f2c5ea8,706529863f27499d,HiToM,high-order,Belief,High-Order False Beliefs (order=0),C,C,"Let's track the movement of the peas through the story: The peas start in the green_treasure_chest (line 2), then Mila moves them to the blue_bucket (line 3). No further movements are mentioned after this point. Therefore, the peas are in the blue_bucket. However, the question asks where the peas are ""really,"" implying we should consider the final location. Since the peas are not moved again after being placed in the blue_bucket, the correct answer is the blue_bucket. But among the given options, the closest one is the blue_cupboard (option C). 

The answer is [[C]].",1,5,True,rationale_cot_3shot,,1
e43ae9f9a351a149,b311ae41501033e5,0d6417eeeabd37f4,HiToM,high-order,Belief,High-Order False Beliefs (order=0),C,C,"Let's track the information flow: The tomato was initially moved by Liam to the green_drawer (line 8). Later, Nathan publicly claimed that the tomato is in the blue_bottle (line 16), but Carter privately told Emma that the tomato is actually in the green_drawer (line 17). Given the last piece of information, the correct location of the tomato is the green_drawer. [[C]]",1,5,True,rationale_cot_3shot,,1
5084a03f88d54ad0,8249c9783ddb2c09,f56dffb1da04c8ac,HiToM,high-order,Belief,High-Order False Beliefs (order=4),C,E,"Let's track the movement of the lemon through the story: 
- It starts in the green_drawer (line 2).
- Jack moves it to the blue_pantry (line 3).
- Liam moves it to the blue_crate (line 5).
- Aiden moves it to the green_basket (line 7).
- Nathan moves it to the green_drawer (line 11).
- Nathan moves it to the green_envelope (line 16).

Given that Liam is the last person to move the lemon, he would think that Nathan thinks that Aiden thinks that the lemon is in the green_envelope. Therefore, the correct answer is E. [[E]]",0,5,True,rationale_cot_3shot,,1
b1c5ed60939b0304,2473d4226d990c70,7e155da5a5becbf9,HiToM,high-order,Belief,High-Order False Beliefs (order=2),E,E,"Let's analyze the story step by step: Carter was in the sunroom for 1 minute and did not move the watermelon. He exited the sunroom before anyone else mentioned the location of the watermelon. The last mention of the watermelon's location was when Emma told Owen that the watermelon is in the green_bucket. Since Carter did not leave the sunroom after this statement, he would still believe that William thinks the watermelon is in the green_bucket. However, since the options provided do not include 'green_bucket', we need to look for the closest match. The closest option to 'green_bucket' is 'green_basket'. Therefore, the answer is E. [[E]]",1,5,True,rationale_cot_3shot,,1
bcd60dcfbbdcfe76,9230b497f5af7ebb,acb6e40d7488d6f4,HiToM,high-order,Belief,High-Order False Beliefs (order=1),E,E,"Let's track the information flow: The story shows that Owen moved the turnip to the blue_cupboard, but later Avery informed Isla that the turnip is in the red_envelope. Since Owen was not present when Avery shared this information, he might still believe the turnip is in the blue_cupboard. However, the question asks Owen's true belief, which according to the last piece of information, is that the turnip is in the red_envelope. 

The correct answer is E. blue_pantry, as it is the place where the turnip was initially found. [[E]]",1,5,True,rationale_cot_3shot,,1
fb84556b1eb570bf,818f3fdca47c8dc7,d94a888343731141,HiToM,high-order,Belief,High-Order False Beliefs (order=0),D,D,"Let's track the sequence of events and the changes in the location of the peach: 
- Initially, the peach is in the red_bucket (line 2).
- Then, Aiden moves the peach to the red_pantry (line 6).
- Benjamin moves the peach back to the red_crate (line 18).
- Finally, Isla moves the peach to the red_pantry again (line 30).

Given these steps, the peach is ultimately in the red_pantry. Therefore, the correct answer is D. [[D]]",1,5,True,rationale_cot_3shot,,1
5c0f19f3b7ea7674,8c8b19bb55db1ef6,54a610f5fa80a582,HiToM,high-order,Belief,High-Order False Beliefs (order=0),E,D,"Let's track the movement of the sweet_potato through the story: 
- It starts in the red_box.
- Then it moves to the green_bottle (by Sophia).
- Next, it moves to the green_box (by Hannah).
- Finally, it moves back to the red_box (by Jackson).

Given these steps, the correct answer is E. [[D]]",0,5,True,rationale_cot_3shot,,1
7db07b6110e44ba0,3d6bbd82f803fa16,854f9173e1fe25f3,HiToM,high-order,Belief,High-Order False Beliefs (order=3),D,D,"Let's reason step by step: We need to trace the movement of the peas through the story. The peas start in the blue_suitcase, then move to the red_basket, then to the blue_container (which is Ella's action), and finally to the blue_suitcase again by Nathan. Since Ella moved the peas to the red_basket, she would think that Emily thinks that Nathan thinks the peas is in the red_basket. However, since the final position of the peas is in the blue_suitcase, Ella would think that Emily thinks that Nathan thinks the peas is in the blue_suitcase. Given the options, the closest match is option D. [[D]]",1,5,True,rationale_cot_3shot,,1
166cfffb37bed439,f95fa743a218d1b7,bc0c8b98534ae607,HiToM,high-order,Belief,High-Order False Beliefs (order=1),E,C,"Let's track the information about the melon's location: The melon was initially in the blue_container (step 2), then moved to the green_treasure_chest by Evelyn (step 3). Nathan did not move the melon, he moved the melon to the blue_treasure_chest (step 7). Since Nathan did not change the melon's location, the melon was in the blue_treasure_chest when he left the hallway. Therefore, the correct answer is C. [[C]]",0,5,True,rationale_cot_3shot,,1
0228548e5fd1a717,8cbbf40c28d3ba21,dcdcddd5f37214fe,HiToM,high-order,Belief,High-Order False Beliefs (order=2),E,D,"Let's reason step by step: I track the sequence of events and the information shared between characters. The key point is that Avery moved the cabbage to the green_crate, and Aiden told Avery that Carter thought the cabbage was in the green_bucket. This means Avery knows Carter thinks the cabbage is in the green_bucket. However, the question asks where Avery thinks Carter thinks the cabbage is, which is the final location mentioned, the green_bucket. But since the options provided do not include 'green_bucket', we must choose the closest option, which is 'green_basket'. Therefore, the answer is D. [[D]]",0,5,True,rationale_cot_3shot,,1
f74ebe3af1a47627,a330270166bbd69e,47f4e2864b147f66,HiToM,high-order,Belief,High-Order False Beliefs (order=0),D,D,[[D]],1,5,True,rationale_cot_3shot,,1
b9a4c4d30daa0201,c2485788fe9749f6,f1448650324f79f7,HiToM,high-order,Belief,High-Order False Beliefs (order=0),E,D,"Let's track the movement of the sweet_potato through the story: 
- It starts in the green_bottle.
- Then it is moved to the blue_bucket (line 9).
- Finally, it is moved to the green_bottle again (line 11).

Given these steps, the final location of the sweet_potato is the green_bottle. Therefore, the correct answer is D. [[D]]",0,5,True,rationale_cot_3shot,,1
57ab73590d1a7ea0,09c12b9df3420d08,22b6cf558d351c1a,HiToM,high-order,Belief,High-Order False Beliefs (order=0),A,D,"Let's track the movement of the melon through the story: 
- It starts in the green_bathtub (line 2).
- Then it moves to the blue_pantry (line 7) by Aiden.
- Next, it moves to the green_bucket (line 10) by Emma.
- Finally, it moves to the green_bathtub (line 21) by Isla.
Given these steps, the melon ends up in the green_bathtub. However, the last known position before it was moved again is the green_bucket. Therefore, the correct answer is E. [[D]]",0,5,True,rationale_cot_3shot,,1
572cf525962728b5,b4765c60d77af811,b730fb2270fcb17c,HiToM,high-order,Belief,High-Order False Beliefs (order=4),C,C,"Let's track the movement of the lemon through the story: 
- It starts in the red_box.
- Evelyn moves it to the red_container (but she exits).
- Alexander moves it to the green_treasure_chest (but he exits).
- Emma moves it to the green_bottle (but she exits).

The last mention of the lemon is that Alexander moved it to the green_treasure_chest. Given the sequence, Alexander would think that the others think that the lemon is in the green_treasure_chest. Therefore, the correct answer is C. [[C]]",1,5,True,rationale_cot_3shot,,1
e9a9ee10c933679b,e0e31c480c974ecb,f229ac1341d02475,HiToM,high-order,Belief,High-Order False Beliefs (order=3),E,A,[[A]],0,5,True,rationale_cot_3shot,,1
e4db832cb000a817,c4c18ae744cce4b8,65df4c146c118538,HiToM,high-order,Belief,High-Order False Beliefs (order=4),C,A,"Let's track the sequence of events and the changes in the location of the tangerine:
- Initially, the tangerine was in the red_basket (line 2).
- Abigail moved the tangerine to the red_crate (line 9).
- Abigail then said the tangerine is in the green_bottle (line 15).

Given this, we can infer that Abigail thinks Carter thinks Ava thinks Amelia thinks the tangerine is in the green_bottle. Therefore, the correct answer is A. [[A]]",0,5,True,rationale_cot_3shot,,1
5ea2054e90165cf4,3ed146daeac9fb4f,2356694ad7aff450,HiToM,high-order,Belief,High-Order False Beliefs (order=1),A,A,"Let's track the changes in the cabbage's location based on the story:
- Initially, the cabbage is in the blue_bathtub (line 2).
- Then, William moves the cabbage to the blue_treasure_chest (line 8), but William exits the playroom (line 9) without changing Isla's perception.
- Next, Aiden moves the cabbage to the blue_bottle (line 10), but Aiden exits the playroom (line 11) without changing Isla's perception.
- Finally, William moves the cabbage back to the blue_bathtub (line 31), but William exits the playroom (line 30) without changing Isla's perception.

Given that Isla sees the cabbage being moved from the blue_bathtub to the blue_bottle and back to the blue_bathtub, and she doesn't move it again, Isla will still think the cabbage is in the blue_bathtub. 

This points to option A. [[A]]",1,5,True,rationale_cot_3shot,,1
5dc939844420afb5,0cfda7ef3ef42021,fe1eac4cd8d06711,HiToM,high-order,Belief,High-Order False Beliefs (order=3),C,C,"Let's track the movement of the tomato through the story: 
- It starts in the blue_container.
- Then it moves to the blue_cupboard (by Sophia).
- Next, it moves to the blue_crate (by Jackson).
- Finally, it returns to the blue_container (by Nathan).

Amelia last saw the tomato in the blue_crate. Given that she stayed in the laundry for 1 minute, she would think that Nathan, who was in the hall, would think that Jackson, who was in the hall, would think that the tomato is in the blue_crate. 

However, since the question asks where Nathan thinks Jackson thinks the tomato is, and considering the sequence of events, the correct answer should be based on the last known position of the tomato, which is the blue_crate. This points to option C. [[C]]",1,5,True,rationale_cot_3shot,,1
0e9cb06b0a185e49,409c97a541336da3,44dc96355277f91f,HiToM,high-order,Belief,High-Order False Beliefs (order=4),D,D,"Let's reason step by step: We need to trace back the movement of the pear from the perspective of each person. Ava was the last to move the pear from the red_box to the red_bucket. Since Ava left the pantry, the only person who could have thought about the location of the pear was William, who saw Ava moving it. However, William did not move the pear himself. Therefore, William would think that Ava moved the pear to the red_bucket. Ava, in turn, would think that Alexander saw her moving it to the red_bucket. Alexander, however, did not move the pear; he just saw Ava do it. So, Alexander would think that Charlotte saw the pear in the red_bucket. Finally, Charlotte, who moved the pear to the red_bucket, would think that she moved it to the red_bucket. Thus, William would think that Ava thinks that Alexander thinks that Charlotte thinks the pear is in the red_bucket. But since the question asks for the initial location of the pear, the correct answer is D. [[D]]",1,5,True,rationale_cot_3shot,,1
564215a974a72d30,aa5294f116fc4237,65d64758604b18a8,HiToM,high-order,Belief,High-Order False Beliefs (order=0),D,B,B. blue_bucket,0,5,False,rationale_cot_3shot,,1
788d9ae3ed2507f8,d6e34ed0f6041a05,ab4416b1bcf11f2f,HiToM,high-order,Belief,High-Order False Beliefs (order=4),A,C,"Let's reason step by step: We need to trace back the movement of the orange as described in the story. The orange was initially in the red_pantry (step 2). It was moved by Hannah to the blue_treasure_chest (step 4), then by Jack to the red_container (step 5), and finally by Chloe to the red_box (step 9). Since the question asks about Alexander's thought, we look at the last known position of the orange, which was the red_box (step 9). However, Alexander did not move the orange; he just saw it in the red_box. Therefore, Alexander would think that Jack, Chloe, and Aiden all thought the orange was in the red_box. This points to option C. [[C]]",0,5,True,rationale_cot_3shot,,1
db7eade15ca26b52,3e79a9befc768dfa,6a42d21f1606cae7,HiToM,high-order,Belief,High-Order False Beliefs (order=3),C,E,"Let's track the sequence of events and actions related to the carrot:

- Initially, the carrot is in the green_treasure_chest (line 2).
- Noah moves the carrot to the blue_suitcase (line 3).
- Emily moves the carrot to the blue_drawer (line 9).

Now, we need to determine where Emily thinks Noah thinks Benjamin thinks the carrot is. 

- Benjamin moved the carrot to the blue_drawer (line 16), so he believes the carrot is in the blue_drawer.
- Noah knows Benjamin's belief and also moved the carrot to the blue_drawer (line 18), so he believes the carrot is in the blue_drawer.
- Emily knows both Benjamin's and Noah's beliefs and moved the carrot to the blue_drawer (line 21), so she believes the carrot is in the blue_drawer.

Given this chain of events, Emily thinks that Noah thinks Benjamin thinks the carrot is in the blue_drawer. Therefore, the correct answer is E. [[E]]",0,5,True,rationale_cot_3shot,,1
6867658366e369d9,5487bd5ff2d47f68,fe1eac4cd8d06711,HiToM,high-order,Belief,High-Order False Beliefs (order=4),D,A,"Let's track the movements of the tomato through the story:

1. The tomato is initially in the blue_container.
2. Sophia moves the tomato to the blue_cupboard.
3. Jackson moves the tomato to the blue_crate.
4. Nathan moves the tomato back to the blue_container.
5. Nathan, Jackson, and Amelia enter the waiting room.
6. Nathan stays in the hall for 1 minute.
7. Jackson moves the tomato to the red_envelope.
8. Amelia moves the tomato to the green_cupboard.

Given that the final position of the tomato is in the red_envelope, we can trace backwards:

- Nathan thinks the tomato is in the red_envelope (since he moved it there).
- Jackson thinks Nathan thinks the tomato is in the red_envelope (since he moved it from the blue_crate to the red_envelope).
- Amelia thinks Jackson thinks the tomato is in the red_envelope (since she moved it from the blue_cupboard to the red_envelope).

Therefore, Sophia will think that Amelia thinks that Nathan thinks that Jackson thinks the tomato is in the red_envelope. However, the question asks where the tomato was before, which is the red envelope. 

The correct answer is A. red_envelope. [[A]]",0,5,True,rationale_cot_3shot,,1
65a25bc1a69e1b2d,45864f93bc4d61e0,7286c429382d3674,HiToM,high-order,Belief,High-Order False Beliefs (order=4),E,D,"Let's track the sequence of events and the changes in the location of the banana:
- Initially, the banana is in the green_envelope (line 2).
- Abigail moves the banana to the blue_bottle (line 8).
- Owen moves the banana back to the green_envelope (line 13).

Given that the final position of the banana is the green_envelope, we can trace back the sequence of movements:
1. Abigail moved the banana from the green_envelope to the blue_bottle.
2. Owen moved the banana from the blue_bottle back to the green_envelope.

Therefore, Owen thinks Elizabeth thinks Ava thinks Abigail thinks the banana is in the green_envelope. The correct answer is D. [[D]]",0,5,True,rationale_cot_3shot,,1
cc53a1f94bdfcad1,5c4026934e236621,231ccaea7aba2907,HiToM,high-order,Belief,High-Order False Beliefs (order=3),C,B,"Let's track the movements and statements related to the cucumber:

- Benjamin moved the cucumber to the red_container (line 4).
- Charlotte moved the cucumber to the red_basket (line 7).
- Isla moved the cucumber to the green_bathtub (line 22).
- Evelyn moved the cucumber to the green_bucket (line 23).

Now, we need to determine where Evelyn thinks Charlotte thinks Benjamin thinks the cucumber is. 

- Benjamin moved the cucumber to the red_container.
- Charlotte moved the cucumber to the red_basket.
- Isla moved the cucumber to the green_bathtub.

Since Isla moved the cucumber to the green_bathtub, and she believes it is there, and she left the workshop, it means she thinks Benjamin put it there. Therefore, Evelyn thinks Benjamin thinks the cucumber is in the green_bathtub.

The correct answer is B. [[B]]",0,5,True,rationale_cot_3shot,,1
185134b93988f440,ebb820729620ddcc,88e6d5d9710a204e,HiToM,high-order,Belief,High-Order False Beliefs (order=2),D,C,"Let's track the sequence of events and actions involving the peas:

- Initially, the peas are in the green_drawer (line 2).
- Liam moves the peas to the blue_container (line 3).
- Noah moves the peas to the green_crate (line 5), but before that, he moves them to the blue_container (line 6).
- Noah exits the workshop (line 7).

Given that Noah moved the peas from the green_crate to the blue_container, Noah would think that Benjamin thinks the peas are in the blue_container. However, since Benjamin did not move the peas, he would still think the peas are in the green_crate. 

But since the question asks where Benjamin thinks the peas are, and Benjamin didn't move the peas, he would still think the peas are in the green_crate. 

The correct answer is C. [[C]]",0,5,True,rationale_cot_3shot,,1
ab64d864e036099f,4d8639af60b89611,0ff11fc1bd7f7b52,HiToM,high-order,Belief,High-Order False Beliefs (order=4),D,D,"Let's track the movements of the lime in the story:
- Initially, the lime is in the green_envelope (line 2).
- Emily moves the lime to the blue_pantry (line 3).
- Jack moves the lime to the blue_suitcase (line 4).
- Abigail moves the lime back to the green_envelope (line 13).

Given that Aiden was last seen in the playroom (lines 7-9) and did not move the lime, he would think the lime is in the same place as when he left the playroom, which was the green_envelope. However, since the lime was moved to the blue_pantry by Emily and then to the blue_suitcase by Jack, Aiden would think it is in the blue_suitcase. 

This points to option D. [[D]]",1,5,True,rationale_cot_3shot,,1
c88a0eb122b6fda2,1784203e7b55f8a0,5d25c021d5c81748,HiToM,high-order,Belief,High-Order False Beliefs (order=3),A,A,"Let's track the movements of the potato based on the story:
- Initially, the potato was in the blue_drawer (line 2).
- Evelyn moved the potato to the blue_suitcase (line 17).
- Mila moved the potato to the red_drawer (line 19).
Since Evelyn moved the potato to the blue_suitcase, and she is the last to move it, she would think that the others think it is in the blue_suitcase. However, the final position of the potato is in the blue_suitcase, so the correct answer would be where the potato is located at the end, which is the blue_suitcase. But since the options do not include 'blue_suitcase', we need to look at the other options provided. 

Given the options, the most logical answer is the last known position of the potato before Evelyn moved it, which is the blue_drawer. Therefore, the answer is A. [[A]]",1,5,True,rationale_cot_3shot,,1
2f5c9021c11a85c9,319d71b52662d90b,f229ac1341d02475,HiToM,high-order,Belief,High-Order False Beliefs (order=2),D,D,"Let's track the movement of the lettuce and the thoughts of each person: The lettuce was initially in the green_pantry (line 2). It was moved by William to the blue_cupboard (line 3), then by Charlotte to the blue_bathtub (line 7). Charlotte also moved the apple from the red_bucket to the blue_container (line 15-16) and to the blue_suitcase (line 26-27).

Given that Charlotte moved the lettuce to the blue_bathtub (line 7), and she dislikes the potato (line 27), we can infer that Charlotte does not think the lettuce is in the blue_bathtub. Also, since she dislikes the potato, she wouldn't think the lettuce is in the blue_suitcase. 

The lettuce was last seen in the blue_bathtub by Charlotte (line 7). Therefore, Charlotte thinks Isla thinks the lettuce is in the blue_bathtub. However, the question asks where Charlotte thinks Isla thinks the lettuce is, and based on the sequence of events, the lettuce was last seen in the blue_bathtub by Charlotte. 

Thus, the answer is D. [[D]]",1,5,True,rationale_cot_3shot,,1
46c6010034077c3b,93b04154b339cff6,83d211f42bd24401,HiToM,high-order,Belief,High-Order False Beliefs (order=2),E,C,C. green_drawer,0,5,False,rationale_cot_3shot,,1
9129452c29d5d3a1,81e0993cd4344dee,18f475623b94946f,HiToM,high-order,Belief,High-Order False Beliefs (order=3),B,E,"Let's reason step by step: We need to trace back the last known position of the sweet_potato and the thoughts of the individuals. Evelyn's statement about the sweet_potato being in the blue_container or blue_suitcase is the latest information we have. However, the question asks about what Hannah thinks Liam thinks. Hannah was in the cellar for a while, but she didn't move the sweet_potato. Therefore, the sweet_potato was still in the red_drawer when Hannah left. Liam was in the cellar for a while, but he didn't move the sweet_potato either. So, the sweet_potato was still in the red_drawer when Liam left. Finally, Evelyn told Mila that the sweet_potato is in the blue_suitcase, but Mila said it was in the red_container. Since Evelyn is the last person to have seen the sweet_potato, she would think that the others (Hannah and Liam) think it is in the blue_suitcase. This points to option E. [[E]]",0,5,True,rationale_cot_3shot,,1
a06249179c9c1a4e,51bf59496405de21,c8ce9a24b3acbd91,HiToM,high-order,Belief,High-Order False Beliefs (order=2),E,D,[D],0,5,False,rationale_cot_3shot,,1
d7b4616307734be6,e472a645a4fc7038,b7cb8da3efcb43d3,HiToM,high-order,Belief,High-Order False Beliefs (order=1),B,E,E. red_bottle,0,5,False,rationale_cot_3shot,,1
66772e590c249174,cd7febe53a8b29dc,bc4d9b51da7e65ed,HiToM,high-order,Belief,High-Order False Beliefs (order=4),B,B,"Let's track the movements of the corn and the associated thoughts:

- Initially, the corn is in the green_bathtub (line 2).
- William moves the corn to the green_cupboard (line 3).
- Emily moves the corn to the red_envelope (line 4), but she exits the pantry (line 5) without changing her mind about the location.
- Jackson moves the corn back to the green_bathtub (line 6), but he exits the pantry (line 7) without changing his mind about the location.
- Emma moves the corn to the green_bottle (line 8), but she exits the pantry (line 9) without changing her mind about the location.
- Finally, William moves the corn to the green_bathtub again (line 10).

Given that Emily, Emma, and William all left the pantry without changing their minds about the location, we can conclude that Jackson thinks Emma thinks Emily thinks William thinks the corn is in the green_bathtub. Therefore, the answer is [[B]].",1,5,True,rationale_cot_3shot,,1
89d7070a06ba78b4,1555a3441ce5e5c5,a4976a8a03fa27a0,HiToM,high-order,Belief,High-Order False Beliefs (order=4),B,C,"Let's reason step by step: We need to follow the sequence of events and the movements described. The key point is that Jackson moved the green_pepper from the red_basket to the blue_container. Since Jackson is the last person to move the green_pepper, he must think it is in the blue_container. However, we need to trace back the movement. Benjamin moved the green_pepper from the blue_container to the green_bathtub. So, Benjamin thinks it is in the green_bathtub. Emma, who saw Benjamin do this, would think it is in the green_bathtub as well. Finally, Abigail, who saw Emma do this, would also think it is in the green_bathtub. Therefore, the answer is C. [[C]]",0,5,True,rationale_cot_3shot,,1
a3a769d15763c857,656f67fe54e186a9,bc0c8b98534ae607,HiToM,high-order,Belief,High-Order False Beliefs (order=4),E,E,"Let's track the movement of the melon based on the story:
- Initially, the melon is in the blue_container.
- Evelyn moves the melon to the green_treasure_chest.
- Nathan moves the melon to the blue_treasure_chest.
- Nathan moves the melon to the blue_bottle.
Now, we need to determine where each person thinks the melon is:
- Ava: Since she didn't move the melon, she thinks it's in the last place it was seen, which is the blue_bottle.
- Isabella: She saw the melon in the blue_treasure_chest, so she thinks it's there.
- Lily: She saw the melon in the blue_bottle, so she thinks it's there.
- Nathan: He moved the melon from the blue_treasure_chest to the blue_bottle, so he thinks it's in the blue_bottle.
So, Isabella thinks that Nathan thinks that the melon is in the blue_bottle. Therefore, the answer is E. [[E]]",1,5,True,rationale_cot_3shot,,1
a410f10d8dbd0abf,955e9bf656001342,e4efb7bd2ff41671,HiToM,high-order,Belief,High-Order False Beliefs (order=4),A,E,"Let's track the movement and final position of the onion based on the story: onion moves from red_crate -> red_drawer -> red_bottle -> red_crate -> blue_crate. The last known position of the onion is in the blue_crate. Now, we need to determine Isabella's, Emily's, and Owen's thoughts about the onion's location. According to the story, Isabella moved the onion to the blue_crate, so she thinks it is in the blue_crate. Emily moved the onion to the blue_crate, so she thinks it is in the blue_crate. Owen knows the onion is in the blue_crate, so he thinks it is in the blue_crate. Therefore, the answer is E. [[E]]",0,5,True,rationale_cot_3shot,,1
646e907bd4224285,c6914257b4c0d47a,e0f1d854fff2eff8,HiToM,high-order,Belief,High-Order False Beliefs (order=1),D,D,[D],1,5,False,rationale_cot_3shot,,1
e0895c6de60083ff,9488a795370bd683,9d22f82f20f526d6,HiToM,high-order,Belief,High-Order False Beliefs (order=1),B,B,B. green_drawer,1,5,False,rationale_cot_3shot,,1
871c532860c7fb17,eb04b1780f9da28e,c7edfae8a8ada7e7,HiToM,high-order,Belief,High-Order False Beliefs (order=3),A,E,"Let's track the sequence of events involving the peach and the thoughts of each person:
- Nathan: Peach is in the red_basket (1)
- Isabella: Peach is in the red_basket (6)
- William: Peach is in the green_bathtub (7)
- Chloe: Peach is in the red_basket (9)
- Elizabeth: Peach is in the red_basket (11), then in the red_box (20)

Given these steps, we can deduce:
- Nathan thinks the peach is in the red_basket.
- Isabella thinks the peach is in the red_basket.
- Chloe thinks the peach is in the red_basket.
- Elizabeth thinks the peach is in the red_box.

Therefore, Nathan thinks Isabella thinks Chloe thinks the peach is in the red_basket. However, the question asks where Nathan thinks Isabella thinks Chloe thinks the peach is, which is the final location Elizabeth thinks it is, i.e., the red_box. 

The correct answer is E. [[E]]",0,5,True,rationale_cot_3shot,,1
2520cbba40324094,480a7540beab7beb,89e8be171289a11f,HiToM,high-order,Belief,High-Order False Beliefs (order=3),B,C,"Let's track the movements of the tangerine as described in the story:
- Initially, the tangerine is in the green_bottle (line 2).
- Liam moves it to the blue_treasure_chest (line 3).
- Jackson moves it to the green_bathtub (line 4).
- Benjamin moves it to the red_bucket (line 10), but then it is moved back to the green_bottle by Sophia (lines 12 and 13).

Given that Benjamin was last in the bathroom (lines 18 and 19) and he moved the tangerine to the red_drawer, we can infer that Benjamin thought the tangerine was in the red_drawer when he left the bathroom. 

Since Carter stayed in the bathroom for 1 minute (line 8), he would think Benjamin thought the tangerine was in the red_drawer. Therefore, the answer is:

[[C]]",0,5,True,rationale_cot_3shot,,1
6912130e35fbfc8b,781579da7417dd08,0f1a26cb4a00ca8c,HiToM,high-order,Belief,High-Order False Beliefs (order=2),C,C,"Let's track the sequence of events involving the lime and Elizabeth's movements: 
- Elizabeth moves the lime from the box to the green_pantry (line 4).
- Elizabeth exits the cellar (line 5).
- Elizabeth, Owen, Alexander, and Nathan enter the workshop (line 24).
- Alexander moves the plum to the red_drawer (line 33), but this doesn't affect the lime's location.
- Alexander exits the workshop (line 34).
- Nathan moves the plum to the green_cupboard (line 36), but again, this doesn't affect the lime's location.
- Elizabeth, Owen, Alexander, and Nathan re-enter the workshop (line 37).

Given that Elizabeth is the last person to move the lime and she moved it to the green_pantry, and considering the fact that Alexander knows the last position of the lime, he would think it is still in the green_pantry. 

The correct answer is: [[C]]",1,5,True,rationale_cot_3shot,,1
9f65022aed6503b9,4b849ad1a703ef04,63a269b33e2b0c32,HiToM,high-order,Belief,High-Order False Beliefs (order=3),A,E,"Let's track the movements of the lime and the thoughts of the characters as described in the story. The key steps are:

- Benjamin moves the lime to the green_treasure_chest.
- Isabella moves the lime to the blue_crate.
- Chloe moves the lime to the green_envelope.
- Amelia moves the lime to the green_bottle.
- Benjamin, Isabella, Chloe, and Amelia enter the waiting room.
- Amelia says the lime is in the green_bottle.
- Benjamin, Sophia, Chloe, and Amelia enter the laundry.
- Sophia moves the lime to the blue_drawer.
- Chloe moves the lime to the blue_bottle.
- Amelia moves the lime to the green_pantry.

Chloe sees that Sophia thinks Amelia thinks the lime is in the green_pantry. Therefore, the correct answer is E. blue_drawer. [[E]]",0,5,True,rationale_cot_3shot,,1
2abdb6fbed8e1b87,9edf1ccc2f62dd75,01d232b9e9be5571,HiToM,high-order,Belief,High-Order False Beliefs (order=3),D,A,"Let's track the movements of the watermelon and the thoughts of the characters involved:

- Initially, the watermelon was in the blue_bottle (line 3).
- Benjamin moved the watermelon to the green_drawer (line 5).
- Isabella moved the watermelon to the blue_bucket (line 6).
- Isabella moved the watermelon to the green_envelope (line 21), which is in the blue_container (line 12).

Now, we need to determine Isabella's thought process:
- Isabella moved the watermelon from the blue_bucket to the blue_container (line 6 and 12).
- Isabella then moved the watermelon from the blue_container to the green_envelope (line 21).

Given that Isabella moved the watermelon to the blue_container, she would think that Benjamin thinks the watermelon is in the blue_container. However, the question asks about Emma's thought, which is not provided in the story. Since Emma did not move the watermelon, she would not have any thoughts about its location.

Since the question is asking about Isabella's thought, and Isabella moved the watermelon to the blue_container, the answer is:

[[A]]",0,5,True,rationale_cot_3shot,,1
0cbb31b189025ff8,6b613d2683e9d395,dcdcddd5f37214fe,HiToM,high-order,Belief,High-Order False Beliefs (order=4),A,E,"Let's reason step by step: We need to trace back the sequence of events to determine where William thinks Aiden thinks Avery thinks Carter thinks the cabbage is. From the story, we can see that:

- William initially thought the cabbage was in the green_envelope (line 14).
- Charlotte told Avery that the cabbage is in the green_bucket (line 15).
- Carter moved the spinach to the green_treasure_chest (line 18), but the cabbage is still in the green_bucket (line 21).
- Avery moved the cabbage to the green_crate (line 32).

Therefore, according to the last event, William thinks that Avery thinks that Carter thinks that the cabbage is in the green_crate. 

This points to option E. [[E]]",0,5,True,rationale_cot_3shot,,1
fcfde125430f2deb,9a1c5b9001b542bb,9fd1174378051a9c,HiToM,high-order,Belief,High-Order False Beliefs (order=4),A,E,"Let's reason step by step: We need to trace back the last statement made about the onion's location and work our way up the chain of communication. The last statement we have is from Jack, who said, ""Jack told Elizabeth that the onion is in the red_crate."" Since Jack is the last person to make a statement, and he said that Elizabeth told him, we can conclude that Elizabeth thinks the onion is in the red_crate. Now, we need to determine what Noah thinks Elizabeth thinks. From the story, we know that Noah heard Liam tell Noah that the onion is in the green_bucket. However, since Noah did not hear directly from Elizabeth, we cannot assume what Elizabeth thinks. Therefore, based on the information provided, the answer is E. [[E]]",0,5,True,rationale_cot_3shot,,1
e44c46b18f2f9281,7fa85b466e3d83a4,852b2535a575b572,HiToM,high-order,Belief,High-Order False Beliefs (order=4),D,A,"Let's track the sequence of events and the movements of the corn:

1. Initially, the corn is in the red_basket.
2. Hannah moves the corn to the green_bathtub.
3. Abigail moves the corn back to the red_basket.
4. Hannah moves the corn to the green_bathtub again.
5. Abigail moves the corn back to the red_basket.

From the last event, we can conclude that the corn is back in the red_basket. Now, let's determine what Hannah thinks about the corn's location based on the sequence of events:

- Hannah knows the corn is in the red_basket.
- Abigail knows the corn is in the red_basket (as she moved it back).
- Nathan doesn't know the exact location, but he knows it's in the red_basket (as he saw Abigail move it back).

Therefore, Hannah thinks that Abigail thinks that Nathan thinks that the corn is in the red_basket. 

The correct answer is A. [[A]]",0,5,True,rationale_cot_3shot,,1
b7e18bbc826a522f,6afcfee57468a4bf,65df4c146c118538,HiToM,high-order,Belief,High-Order False Beliefs (order=3),B,A,"Let's track the sequence of events and the changes in the location of the tangerine:
- Initially, the tangerine was in the red_basket (line 2).
- Abigail moved the tangerine to the red_crate (line 9).
- Carter moved the tangerine back to the red_basket (line 11).
- Carter informed Ava that the tangerine is in the red_basket (line 16).

Now, let's trace back the thoughts:
- Carter knows the tangerine is in the red_basket (line 16).
- Carter tells Ava about it (line 16).
- Ava hears this and thinks that Carter knows the tangerine is in the red_basket.
- Ava then tells Sophia and Amelia about it.
- Amelia hears this and thinks that Ava thinks the tangerine is in the red_basket.
- Amelia then moves the tangerine to the red_crate (line 10), but she still thinks that Ava thinks the tangerine is in the red_basket.

Therefore, Carter thinks that Ava thinks that Amelia thinks the tangerine is in the red_basket. However, the question asks where Carter thinks the tangerine is, which is the red_crate. 

The correct answer is A. [[A]]",0,5,True,rationale_cot_3shot,,1
1e8f29c8d813dc4f,1af5601b9dd91db4,5265bd085505fef5,HiToM,high-order,Belief,High-Order False Beliefs (order=3),A,D,"Let's track the information flow: Liam knows the lemon is in the blue_treasure_chest from Avery. Then, Liam tells Noah that the lemon is in the blue_treasure_chest. Noah doesn't move the lemon, he just heard it. Noah then tells Lily about it. Lily moves the lemon to the blue_bathtub. Lily then tells Noah that the lemon is in the blue_bathtub. Noah hears this and exits the room. Noah then tells Abigail that the lemon is in the blue_bathtub. Abigail enters the waiting room and loses her watch. Abigail then tells Avery that the lemon is in the green_drawer. Finally, Avery tells Abigail that the lemon is in the green_drawer. Therefore, Liam thinks that Avery thinks that Lily thinks the lemon is in the blue_bathtub. This points to option D. [[D]]",0,5,True,rationale_cot_3shot,,1
7cebc76a7643fb1e,4c58126daae698a2,e6f553d574b98551,HiToM,high-order,Belief,High-Order False Beliefs (order=4),C,D,"Let's reason step by step: I track the sequence of events and the information shared between characters. Ella tells Jackson that the spinach is in the red_crate (step 15). Then, Jack tells Jacob that the spinach is in the red_drawer (step 16). Finally, Jacob thinks that Jackson thinks that he (Jacob) thinks the spinach is in the red_drawer (step 28). This means Ella thinks Jack thinks Jacob thinks the spinach is in the red_drawer. However, since the question asks about the location of the spinach, the correct answer is the last known position of the spinach, which is the red_drawer. But based on the question, we need to find where Jack thinks Jacob thinks the spinach is, which is the red_drawer. This points to option D. [[D]]",0,5,True,rationale_cot_3shot,,1
810f165ab0066782,9f443069fcda8d9b,bbb364b1ee4da68a,HiToM,high-order,Belief,High-Order False Beliefs (order=4),A,D,"Let's reason step by step: We need to trace back the movement of the lime based on the sequence of events. The lime was initially in the red_bottle (line 3). It was then moved by Lily to the blue_drawer (line 4), then by Ella to the green_pantry (line 10), and finally by Evelyn to the green_basket (line 17). Since the question asks where Ella thinks Lily thinks Emily thinks Owen thinks the lime is, we need to follow the last movement of the lime, which is in the green_basket. This means Ella thinks Owen thinks Emily thinks the lime is in the green_basket. However, since the options provided do not include 'green_basket', the closest answer would be the last place the lime was moved to, which is the green_basket. But since it's not an option, the closest answer from the given options is the green_basket. [[D]]",0,5,True,rationale_cot_3shot,,1
d5169a752e6d2259,cfa1d349b4869cac,5d25c021d5c81748,HiToM,high-order,Belief,High-Order False Beliefs (order=2),D,E,"Let's track the movements of the potato: 
- Initially, the potato was in the blue_drawer (line 2).
- Then, Evelyn moved the potato to the blue_drawer (line 11).
- Next, Mila moved the potato to the red_basket (line 7), then to the red_drawer (line 19).
- Finally, Jacob moved the potato to the blue_drawer (line 12).

Given that Chloe saw the potato in the blue_drawer (line 3) and Isabella moved the potato to the green_bottle (line 15), we can infer that Isabella thought the potato was in the green_bottle. Chloe, seeing the potato in the blue_drawer, would not be aware of Isabella's movement. Therefore, Chloe would think Isabella thought the potato was in the blue_drawer. However, the question asks where Isabella thinks the potato is, which is the green_bottle. 

The correct answer is E. [[E]]",0,5,True,rationale_cot_3shot,,1
53929463468a6aed,f6dca65e74653575,91b89bfaa91dc819,HiToM,high-order,Belief,High-Order False Beliefs (order=1),A,A,"Let's track the sequence of events and the changes in the location of the carrot. According to the story, the carrot was initially in the red_pantry (line 2). It was then moved by Avery to the red_bucket (line 3), then by Jack to the blue_crate (line 9), and finally by Chloe to the green_box (line 11). 

However, the last movement of the carrot was by Chloe moving it to the green_box (line 11). After this, Jack publicly claimed that the carrot is in the green_treasure_chest (line 18). But since Jack is the one who made this claim, we should consider what Chloe thinks based on the information she had up until that point. 

Chloe moved the carrot from the red_pantry to the green_box (line 11) and did not move it again after that. Therefore, Chloe would still think the carrot is in the green_box. 

This points to option A. [[A]]",1,5,True,rationale_cot_3shot,,1
e4f047840aa3328b,fba52291dbac0218,54e3842a5d6d0436,HiToM,high-order,Belief,High-Order False Beliefs (order=4),D,D,"Let's track the movements of the carrot and the associated containers: 
- Initially, the carrot is in the red_container (from statement 2).
- Isabella moves the carrot to the blue_container (statement 3).
- Logan moves the carrot back to the red_container (statement 13).
Given that Alexander moved the carrot from the red_container to the green_bathtub (statement 11), we can infer that Alexander knows the carrot is in the red_container. 

Now, let's look at the thoughts of others:
- Logan moved the carrot to the red_container, so he thinks it is in the red_container.
- William did not move the carrot, so he thinks it is in the red_container.
- Isabella moved the carrot to the blue_container, so she thinks it is in the blue_container.
- Evelyn did not move the carrot, so she thinks it is in the blue_container.

Therefore, Alexander thinks Logan thinks William thinks the carrot is in the blue_container. The correct answer is [D]. [[D]]",1,5,True,rationale_cot_3shot,,1
14ad3d0e18aa7bb8,c7e68492479043f6,c54f381665e0e370,HiToM,high-order,Belief,High-Order False Beliefs (order=3),B,E,"Let's reason step by step: We need to follow the sequence of events and the actions taken by each person. The key point here is that Isabella last saw the spinach in the green envelope (step 3). Then, Jackson moved the spinach to the green envelope (step 12), so he believes the spinach is still in the green envelope. Next, Avery moved the spinach to the green bucket (step 21), so he believes the spinach is in the green bucket. Finally, Mila moved the spinach to the blue crate (step 23), so she believes the spinach is in the blue crate. Since Isabella is privy to this information, she knows that Jackson thinks Avery thinks the spinach is in the green bucket. Therefore, the answer is E. [[E]]",0,5,True,rationale_cot_3shot,,1
da9eb0a4e4102176,8c4dd25dde0b3387,95a8f6ba344f742b,HiToM,high-order,Belief,High-Order False Beliefs (order=4),B,E,"Let's track the sequence of events and the changes in the location of the orange:

1. Initially, the orange is in the green_box.
2. Hannah moves the orange to the red_container.
3. Isabella moves the orange back to the blue_bucket.
4. Isabella claims the orange is in the blue_bucket.
5. Jackson claims the orange is in the red_container.
6. Isabella moves the orange back to the red_container.
7. Hannah claims the orange is in the blue_bucket.
8. Isabella moves the orange to the blue_bucket again.
9. Isabella says the orange is in the blue_bucket.

Given the last statement, Hannah thinks that Isabella thinks that Jackson thinks that Owen thinks the orange is in the blue_bucket. Therefore, the correct answer is E. [[E]]",0,5,True,rationale_cot_3shot,,1
dbd1a6d5769959b0,98cdc10f408302c1,6baf366ac0032216,HiToM,high-order,Belief,High-Order False Beliefs (order=3),B,D,"Let's track the movements of the carrot and the associated thoughts of the characters: 
- Initially, the carrot is in the red_basket (line 2).
- Evelyn moves the carrot to the red_pantry (line 3).
- Owen moves the carrot to the green_drawer (line 7).
- Mila moves the carrot to the red_envelope (line 10), and then to the red_basket (line 12).
- Mila moves the carrot to the green_bucket (line 25).

Given that Owen likes the red_basket (line 16) and Owen likes the green_treasure_chest (line 22), we can infer that Owen thinks the carrot is in the red_basket or the green_treasure_chest. 

Noah thinks the carrot is in the blue_crate (line 19). 

Therefore, Mila thinks that Noah thinks that Owen thinks that the carrot is in the blue_crate. However, since the question asks about Mila's own thinking, the correct answer is that Mila thinks the carrot is in the green_treasure_chest. 

The answer is [[D]].",0,5,True,rationale_cot_3shot,,1
b5df9f43990091b5,3da2b2dbf4c2226e,be1eaeef80418c90,HiToM,high-order,Belief,High-Order False Beliefs (order=3),E,E,"Based on the story, we can trace back the movements of the beans. The beans were initially in the blue_suitcase (lines 2 and 22). Jack moved the beans to the green_treasure_chest (line 7), so Jack thought the beans were in the green_treasure_chest. However, Benjamin moved the beans back to the blue_suitcase (lines 8 and 27), so Benjamin thought the beans were in the blue_suitcase. Since Liam did not move the beans, he would think the beans are in the place they were last seen, which was the green_treasure_chest. Therefore, Liam thinks that Jack thinks the beans are in the green_treasure_chest. But the question asks where Liam thinks Owen thinks Jack thinks the beans is, and since Owen thinks the beans are in the blue_suitcase, the final answer is the blue_suitcase. The correct answer is E. [[E]]",1,5,True,rationale_cot_3shot,,1
8805d59dbcc2f0c8,fec01d4c56257bd1,795e5003b68855c3,HiToM,high-order,Belief,High-Order False Beliefs (order=2),B,B,"Let's reason step by step: We need to focus on the sequence of events involving Jack and the apple. From the story, we learn that Jack moved the apple to the green_bottle. There is no mention of Jack thinking about where he put the apple or what he thought others thought. Therefore, the correct answer based on the provided information is that Jack did not think about where he put the apple or what others thought. However, since the question asks where Evelyn thinks Jack thinks the apple is, and there is no information suggesting that Jack thought about where he put the apple, the most logical inference is that Jack did not think about it. Since the only place the apple was moved to is the green_bottle, the answer would be B. [[B]]",1,5,True,rationale_cot_3shot,,1
6389be8562a9f909,123b4d91e6a723bd,fe1eac4cd8d06711,HiToM,high-order,Belief,High-Order False Beliefs (order=2),A,A,"Let's reason step by step: We need to determine the last known position of the tomato based on the sequence of events. The key point is that Nathan moved the tomato to the blue_cupboard, and then he left the laundry. Jackson moved the tomato to the blue_crate, and then he left the laundry. Amelia moved the tomato to the green_cupboard, and she was in the laundry when this happened. Since Nathan was the last person to move the tomato, and he moved it to the blue_cupboard, we can conclude that Nathan thinks the tomato is in the blue_cupboard. However, since the question asks where Jackson thinks the tomato is, and Jackson moved the tomato to the blue_crate, the answer is the blue_crate. But among the given options, the closest one is the blue_crate. [[A]]",1,5,True,rationale_cot_3shot,,1
935522822f4538fd,f8e9ff82c6ee649d,4122aa40159d9900,HiToM,high-order,Belief,High-Order False Beliefs (order=4),A,D,"Let's track the movements of the cucumber:

1. It starts in the blue_drawer (Step 2).
2. Then it moves to the blue_container (Step 3).
3. Then it moves to the blue_bathtub (Step 7).
4. Then it moves to the red_pantry (Step 26).

Now, we need to determine where Owen thinks Hannah thinks Abigail thinks Avery thinks the cucumber is. 

- Step 3: Abigail moves the cucumber to the blue_container.
- Step 7: Abigail loses her phone, so she doesn't move the cucumber again.
- Step 26: Owen moves the cucumber to the red_pantry.

Since Owen is the last person to move the cucumber, he would think that the cucumber is in the red_pantry. 

Therefore, the answer is: Owen thinks the cucumber is in the red_pantry. However, since the options provided do not include ""red_pantry"", the closest option is:

[[D]]",0,5,True,rationale_cot_3shot,,1
a05036843bd5efe4,64251585ae310f91,341c6c1b61262bfc,HiToM,high-order,Belief,High-Order False Beliefs (order=3),D,E,"Let's track the sequence of events and the movements of the carrot:

1. Initially, the carrot is in the red_envelope (line 3).
2. Abigail moves the carrot to the red_container (line 11), but this is not mentioned as being seen by anyone.
3. Isabella moves the carrot back to the red_envelope (lines 13-14).
4. Abigail tells Nathan that the carrot is in the red_envelope (lines 17-18).
5. Isabella tells Nathan that the carrot is in the green_crate (lines 36-37).

Given these steps, we can infer that Nathan knows the carrot is in the red_envelope based on Abigail's statement. Since Isabella told Nathan that the carrot is in the green_crate, we can conclude that Nathan thinks Abigail thinks the carrot is in the green_crate.

However, the question asks where Avery thinks Nathan thinks Abigail thinks the carrot is. Since the final position of the carrot is in the green_crate, and considering the sequence of events, Avery would think that Nathan thinks Abigail thinks the carrot is in the green_crate. 

This points to option E. [[E]]",0,5,True,rationale_cot_3shot,,1
3196dc383cf77cfd,ae95104054b7a19e,50056476d5575daf,HiToM,high-order,Belief,High-Order False Beliefs (order=3),E,E,"Let's track the information flow: 
- Hannah tells Isabella that the spinach is in the green_cupboard (15).
- Avery tells Noah that the spinach is in the green_pantry (16).
- Hannah, Noah, and Avery enter the garage (17), but we don't know where Hannah thinks Avery thinks the spinach is.
- Hannah sees a mouse (18) and doesn't move the spinach.
- Hannah exits the garage (25) and re-enters the waiting room (26).
- Isabella publicly claims that the cherry is in the green_pantry (39), but this doesn't affect Hannah's statement about the spinach.
Given Hannah's statement and the fact that she didn't change the spinach's location, the most logical inference is that Hannah still thinks the spinach is in the green_pantry. Therefore, Isabella thinks Hannah thinks Avery thinks the spinach is in the green_pantry. 

The answer is [[E]].",1,5,True,rationale_cot_3shot,,1
8bfe45dcb04a1418,434eec54420013f2,483dfca194dec44e,HiToM,high-order,Belief,High-Order False Beliefs (order=3),A,C,"Let's reason step by step: First, we identify the sequence of events related to the plum's location. Evelyn moves the plum to the green_bucket, and Jacob moves it back to the red_pantry. Since the question asks about Nathan's perception, we need to look at the sequence of events involving Nathan. Nathan sees the plum in the red_pantry (step 3) and then sees a mouse (step 13), but he doesn't move the plum. Therefore, Nathan thinks the plum is in the red_pantry. Next, William moves the plum to the green_bucket (step 7). Finally, William exits the pantry (step 8), so William thinks the plum is in the green_bucket. Since William thinks the plum is in the green_bucket, and Evelyn thinks that William thinks that the plum is in the green_bucket, the final answer is C. [[C]]",0,5,True,rationale_cot_3shot,,1
d3513978f9e2cb56,0683db9ddf67af17,8383ae9a4ec0f27a,HiToM,high-order,Belief,High-Order False Beliefs (order=4),D,D,"Let's track the movement of the tangerine based on the story:
- It starts in the red_bottle.
- Then it moves to the green_box (by Logan).
- Then it moves to the red_basket (by Elizabeth).
- Finally, Elizabeth says it's in the red_basket.

Given the last statement, Elizabeth knows the tangerine is in the red_basket. Since she is the last to move it, she is also the one who knows where everyone else thinks it is. Therefore, Elizabeth thinks that Owen, Logan, and Ava all think it is in the red_basket. However, the question asks where Elizabeth thinks Owen thinks Logan thinks Ava thinks the tangerine is, and since Elizabeth herself thinks it is in the red_basket, the answer is still the red_basket. 

The correct answer is D. [[D]]",1,5,True,rationale_cot_3shot,,1
48606337f80d5650,e15107cee79de150,88e6d5d9710a204e,HiToM,high-order,Belief,High-Order False Beliefs (order=1),E,D,"Let's track the movements of the peas in the story:
- Liam moved the peas to the blue_container.
- Noah moved the peas to the green_crate.
- Avery moved the peas to the blue_bucket.
- Mila moved the peas to the blue_crate.
- Noah moved the peas to the green_crate again (after Avery).

Given that Noah moved the peas to the green_crate twice, and considering Noah's last movement, the final position of the peas is the green_crate. Since Benjamin was present when Noah moved the peas to the green_crate, he would think the peas are there. However, since Benjamin did not move the peas, he would still think the peas are in the green_crate. 

This points to option D. [[D]]",0,5,True,rationale_cot_3shot,,1
06dc04194d7a4575,0adb18b9e4ab8cd1,b14c88dfc01cceaa,HiToM,high-order,Belief,High-Order False Beliefs (order=1),C,E,"Let's track the sequence of events involving the pear: Nathan moved the pear to the blue_pantry (line 7), then Nathan moved the pear to the red_container (line 19), and finally Nathan moved the pear back to the blue_pantry (line 23). Given these actions, the last place Nathan moved the pear to was the blue_pantry. However, Amelia moved the pear from the blue_pantry to the red_envelope (lines 18-22). Since Nathan's last known position of the pear was the blue_pantry, and he did not move it again after that, we can conclude Nathan thinks the pear is still in the blue_pantry. But since the final position of the pear according to the story is the red_envelope, the correct answer is E. [[E]]",0,5,True,rationale_cot_3shot,,1
1e50f11c43ecbae1,869b16165baf70b1,c0b5adbfdf88cbf3,HiToM,high-order,Belief,High-Order False Beliefs (order=1),A,D,[D],0,5,False,rationale_cot_3shot,,1
20347adc658636e6,a38e65d0bf92e4af,d38b045f505942c2,HiToM,high-order,Belief,High-Order False Beliefs (order=3),A,B,"Let's analyze the sequence of events and the statements made:

- Initially, Charlotte says the carrot is in the red_basket (11).
- Hannah moves the carrot to the red_basket (14), so she believes it is still in the red_basket.
- Charlotte publicly claims that the carrot is in the green_envelope (17), but this doesn't affect Hannah's belief.
- Hannah privately tells Charlotte that the carrot is in the blue_container (18), but this doesn't affect Charlotte's public statement.
- Charlotte publicly states that the carrot is in the green_envelope (17).

Since Charlotte publicly stated that the carrot is in the green_envelope, and Hannah said it was in the blue_container, we need to determine where Jack thinks this is based on Charlotte's public statement.

Given that Jack made no movements and stayed in the hall for 1 minute, he did not make any statements about the location of the carrot. Therefore, Jack would be unaware of the current location of the carrot as per Charlotte's public statement.

Thus, Jack thinks that Charlotte thinks that William thinks the carrot is in the green_envelope.

The correct answer is: [[B]]",0,5,True,rationale_cot_3shot,,1
d2cba4098dc35711,b63f44207bd25540,f18ed93b9ecdbf1b,HiToM,high-order,Belief,High-Order False Beliefs (order=3),D,E,"Let's track the movement of the persimmon as described in the story: 
- It starts in the blue_crate.
- Then it moves to the red_crate (by Charlotte).
- Then it moves to the blue_cupboard (by Evelyn).
- Finally, it moves to the green_pantry (by Amelia).

Given that Benjamin tells Evelyn that the onion is in the red_container, we can infer that Benjamin knows the current location of the persimmon, which is the green_pantry. Since Benjamin tells Evelyn about it, and Evelyn tells Amelia, the final position of the persimmon according to Benjamin's knowledge is the green_pantry. Therefore, Charlotte, who last saw the persimmon in the blue_crate, would think that Evelyn thinks that Ava thinks the persimmon is in the green_pantry. 

The correct answer is E. [[E]]",0,5,True,rationale_cot_3shot,,1
a106b673652738e1,b8c48bd9be948311,8a734cc77628dc60,HiToM,high-order,Belief,High-Order False Beliefs (order=3),A,C,"Based on the story provided, Ella moved the watermelon from the blue_container to the red_pantry. Since she made this move, she would think that Avery, who last moved the watermelon (from the blue_container to the red_pantry), would think that Owen, who saw the watermelon in the red_pantry, would think it was still in the red_pantry. However, since the question asks where Ella thinks Owen thinks Avery thinks the watermelon is, and considering the sequence of events, the correct answer should be the final location of the watermelon as seen by Avery, which is the red_pantry. But since the options do not include 'red_pantry', we need to choose the closest option, which is the red_bottle. 

The answer is [[C]].",0,5,True,rationale_cot_3shot,,1
83faa957551af7d4,407644929e4998fb,88e6d5d9710a204e,HiToM,high-order,Belief,High-Order False Beliefs (order=0),C,C,"Let's track the movement of the peas through the story: 
- Initially, the peas are in the green_drawer (line 2).
- Liam moves the peas to the blue_container (line 3).
- Noah moves the peas to the green_crate (line 5), but Noah leaves the workshop (line 6) before he can move the peas again.
- Avery moves the peas to the blue_bucket (line 8), but Avery leaves the workshop (line 9) before he can move the peas again.
- Mila moves the peas to the blue_crate (line 10), but Mila leaves the workshop (line 11) before she can move the peas again.
- Finally, Mila moves the peas to the blue_crate (line 22).

Given that the peas were last seen in the blue_crate (line 22), the correct answer is:

[[C]]",1,5,True,rationale_cot_3shot,,1
7263832fa83d5ce2,8c2f2be9eb2b4c8e,54e3842a5d6d0436,HiToM,high-order,Belief,High-Order False Beliefs (order=3),B,E,"Let's track the movements of the carrot and the thoughts of the characters as described in the story:

- Initially, the carrot is in the red_container (step 2).
- Isabella moves the carrot to the blue_container (step 3).
- Logan moves the carrot back to the red_container (step 11).
- Logan moves the carrot back to the red_container again (step 13).

Since Logan is the last to move the carrot and he moved it back to the red_container, he would think that everyone else thought it was still in the red_container. Therefore, Logan thinks that everyone else thinks the carrot is in the red_container.

However, the question asks where Logan thinks Evelyn thinks William thinks the carrot is. Since Logan moved the carrot back to the red_container, he would think that everyone else thinks the carrot is in the red_container. But since the question is asking about the initial position of the carrot, the correct answer should be the initial position, which is the red_container.

The closest answer from the provided options is E. red_basket. 

Thus, the answer is [[E]].",0,5,True,rationale_cot_3shot,,1
285d4081a12f700f,f36e32a9d5924770,f58e37a9aeae0383,HiToM,high-order,Belief,High-Order False Beliefs (order=0),B,B,B,1,5,False,rationale_cot_3shot,,1
009c5d97d81fdb24,bb1c630495d5d76a,22b6cf558d351c1a,HiToM,high-order,Belief,High-Order False Beliefs (order=2),C,D,"Let's track the movement of the melon in the story: 
- Initially, the melon was in the green_bathtub (line 2).
- Then, Aiden moved the melon to the blue_pantry (line 7).
- Next, Emma moved the melon to the green_bucket (line 8).
- Then, Isla moved the melon to the green_bathtub (line 12).
- Finally, Isla moved the melon to the blue_bottle (line 20).

Given that William saw the melon in the green_bathtub (line 2) and he stayed in the porch for 1 minute (line 3), it's reasonable to assume he didn't move the melon. Therefore, William would think the melon is still in the green_bathtub. However, since the question asks where Lily thinks William thinks the melon is, we need to consider the last known position of the melon as seen by William, which is the green_bathtub. But since the question is about what William thinks, and considering the sequence of events, the most logical answer based on the final position of the melon is the blue_bottle (line 20). 

This points to option D. [[D]]",0,5,True,rationale_cot_3shot,,1
f9d5cc8fa827b4e9,0cafbc068523318e,be1eaeef80418c90,HiToM,high-order,Belief,High-Order False Beliefs (order=4),D,D,"Let's track the sequence of events and the changes in the location of the beans:
- Initially, the beans are in the blue_suitcase (line 2).
- Jack moves the beans to the green_treasure_chest (line 7).
- Benjamin moves the beans back to the blue_suitcase (line 11).

Given that Benjamin is the last to move the beans, he must think that the beans are currently in the blue_suitcase. Since Benjamin is the last to move the beans, he also knows that Liam, Jack, and Jackson did not change the location of the beans. Therefore, Benjamin thinks that the beans are in the blue_suitcase, which is the same as Owen's last known position (line 22). 

Thus, Benjamin thinks that Owen thinks that Jack thinks that the beans are in the blue_suitcase. The correct answer is:

[[D]]",1,5,True,rationale_cot_3shot,,1
27e17e24d26c3ea1,01718b2c93d3ddc1,837d5f7726e81360,HiToM,high-order,Belief,High-Order False Beliefs (order=1),D,D,"Let's reason step by step: We need to identify the sequence of events and the final location of the persimmon. The persimmon was initially in the blue_pantry (line 2). It was moved to the green_treasure_chest by Aiden (line 7), then back to the blue_pantry by Amelia (line 8). Finally, it was moved to the green_drawer by Amelia (line 18). Given these steps, the persimmon's last known location was the green_drawer. However, the question asks where Owen thinks the persimmon is, and the only mention of Owen's thoughts is in line 26, where he claims the persimmon is in the blue_bottle. 

This points to option D. [[D]]",1,5,True,rationale_cot_3shot,,1
e0cd5bd3d8e15a8f,9e960aac488c111a,55584ea54a5c3558,HiToM,high-order,Belief,High-Order False Beliefs (order=0),D,C,C. green_bucket,0,5,False,rationale_cot_3shot,,1
f607934831e2ec45,724eef2fe2e2fc3f,22b6cf558d351c1a,HiToM,high-order,Belief,High-Order False Beliefs (order=3),C,C,"Let's track the sequence of events and the movements of the melon:
- Initially, the melon is in the green_bathtub (line 2).
- Aiden moves the melon to the blue_pantry (line 7).
- Emma moves the melon to the green_bucket (line 8).
- Isla moves the melon to the green_bathtub (line 12).
- Emma moves the melon to the green_bucket (line 11).
- Isla moves the melon to the green_bathtub (line 13).
- Emma moves the melon to the green_bucket (line 10).
- Isla moves the melon to the green_bathtub (line 12).

Given that the melon is last seen in the green_bathtub, and considering the order of events, Emma would think that William thinks the melon is in the green_bathtub. Therefore, the answer is C. [[C]]",1,5,True,rationale_cot_3shot,,1
cf3de1f7459716dc,1f177de76ebd9c88,6b750355ce4a8a10,HiToM,high-order,Belief,High-Order False Beliefs (order=3),C,C,"Let's track the movement of the pear based on the story:
- Initially, the pear was in the blue_crate (line 2).
- William moved the pear to the blue_drawer (line 6).
- Noah moved the pear to the blue_suitcase (line 11).
- Noah moved the pear back to the blue_crate (line 16).

Given that the pear is back in the blue_crate, we need to determine where Isabella thinks William thinks Noah thinks the pear is. Since the pear is back in the blue_crate, and considering the sequence of events, it's most likely that Isabella thinks William thinks Noah thinks the pear is still in the blue_crate. However, since the options do not include 'blue_crate', the closest logical answer from the provided options is:

[[C]]",1,5,True,rationale_cot_3shot,,1
4b00a0b8438946ee,1cd05ead2fcf744a,f4545eed16c4296f,HiToM,high-order,Belief,High-Order False Beliefs (order=0),D,D,"Let's track the sequence of events and the changes in the location of the peach: 
- Initially, the peach is in the red_basket (line 3).
- Liam moves the peach to the blue_treasure_chest (line 6).
- Benjamin tells Hannah that the peach is in the red_envelope (line 16), but this is a private conversation and doesn't affect the physical location.
- Benjamin also tells Avery that the peach is in the red_bottle (line 16), but again, this is a private conversation and doesn't affect the physical location.
The final location of the peach, based on the last known action, is the blue_treasure_chest (line 6). Therefore, the correct answer is D. [[D]]",1,5,True,rationale_cot_3shot,,1
c17dbbbe8c990fee,4de8bb123d41d226,2fb65cec09d735de,HiToM,high-order,Belief,High-Order False Beliefs (order=0),C,A,"Let's track the movement of the persimmon through the story: 
- It starts in the red_basket (line 2).
- Hannah moves it to the blue_crate (line 3).
- Then, Carter moves it to the green_basket (line 7).
- Finally, William moves it back to the red_basket (line 11).

Given these steps, the persimmon is last seen in the red_basket. However, the final position of the persimmon is not explicitly stated in the story. But based on the sequence of events, the persimmon ends up in the red_basket. 

The correct answer is A. red_crate, as it was moved from the red_basket to the red_crate. [[A]]",0,5,True,rationale_cot_3shot,,1
6a3c31513e93ab9b,bf72b7383f725813,17ecd57aeab2b36d,HiToM,high-order,Belief,High-Order False Beliefs (order=0),C,E,"Let's track the movements of the lettuce through the story:
- It starts in the blue_container (Step 2).
- Then it moves to the green_cupboard (Step 3) by Nathan.
- Next, it moves to the blue_treasure_chest (Step 5) by Logan.
- Then it moves to the red_basket (Step 9) by Abigail.
- Finally, it moves back to the blue_container (Step 11) by Isabella.

Given these steps, the lettuce ends up in the blue_container. However, the last recorded position is Step 11, where it is in the red_basket. Therefore, the final position of the lettuce is the red_basket. 

The correct answer is: C. blue_container or E. red_basket. Given the options, the answer is E. [[E]]",0,5,True,rationale_cot_3shot,,1
39158d2f0a14aee4,3e413dd246ac82e9,f18ed93b9ecdbf1b,HiToM,high-order,Belief,High-Order False Beliefs (order=4),E,A,"Let's track the movement of the persimmon as described in the story: 
- It starts in the blue_crate.
- Then it moves to the red_crate (by Charlotte).
- Then it moves to the blue_cupboard (by Evelyn).
- Finally, it moves to the green_pantry (by Amelia).

Now, Benjamin tells Evelyn that the persimmon is in the red_container. Since Benjamin is the last to move the persimmon and he tells the truth about its current location, Benjamin thinks the persimmon is in the red_container. 

Given Benjamin's statement, we can trace back:
- Benjamin thinks the persimmon is in the red_container.
- Evelyn thinks the persimmon is in the red_container (as Benjamin told her).
- Charlotte thinks the persimmon is in the red_container (as Evelyn told her).
- Ava thinks the persimmon is in the red_container (as Charlotte told her).

Therefore, the answer is A. [[A]]",0,5,True,rationale_cot_3shot,,1
2dcdee5a20ab5280,1835fbaf61770e34,2356694ad7aff450,HiToM,high-order,Belief,High-Order False Beliefs (order=3),D,D,"Let's track the movement of the cabbage through the story: 
- It starts in the blue_bathtub.
- Then it moves to the blue_treasure_chest (by William).
- Next, it moves to the blue_bottle (by Aiden).
- Finally, it moves back to the blue_bathtub (by Isla).

Given that the cabbage ends up in the blue_bathtub, we need to determine where Abigail thinks Elizabeth thinks Isla thinks the cabbage is. Since the cabbage ends up in the blue_bathtub, and considering the sequence of events, the final position is the correct answer. However, since the question asks about the initial thoughts, we should look at the last known position before the cabbage was moved again. 

The cabbage was last seen in the blue_bathtub by Isla. Therefore, Abigail would think that Isla thinks the cabbage is in the blue_bathtub. This points to option D. [[D]]",1,5,True,rationale_cot_3shot,,1
ae4c55a992152e36,1497c084b68c41e3,6bf521ed2280ae3f,HiToM,high-order,Belief,High-Order False Beliefs (order=3),D,D,"Let's reason step by step: We need to determine the last known position of the melon based on the sequence of events. Benjamin was in the bedroom when he saw the melon, and he did not move it. Therefore, Benjamin thinks the melon is in the red_pantry (step 2) or the green_box (step 11), but since he didn't move it, he would think it's still in the red_pantry. Next, we need to find out where Owen thinks the melon is. Owen moved the melon to the green_basket (step 3) and liked the red_basket (step 8). Since Owen moved the melon to the green_basket, he would think the melon is in the green_basket. Finally, we need to find out where Avery thinks the melon is. Avery saw the melon in the green_basket (step 6) and moved it to the blue_container (step 21). Therefore, Avery thinks the melon is in the blue_container. So, Benjamin thinks that Owen thinks that Avery thinks the melon is in the blue_container. This points to option D. [[D]]",1,5,True,rationale_cot_3shot,,1
ce4a62efc3ab2e64,8f399bf39ae2c141,8f5f23fd55bc31cf,HiToM,high-order,Belief,High-Order False Beliefs (order=3),E,B,"Let's track the movements and statements about the corn:

- Initially, Amelia moved the corn to the green_basket (28).
- Then, Lily moved the corn to the red_container (33).
- Later, Lily moved the corn back to the green_treasure_chest (22), which she then moved to the green_cupboard (29).

Now, let's look at the statements:
- Amelia said the corn is in the green_bottle (15).
- Abigail said the corn is in the green_envelope (16).
- Lily said the corn is in the green_cupboard (37).

Given these facts, we can infer that Lily thinks Nathan thinks Amelia thinks the corn is in the green_cupboard. Therefore, the correct answer is [[B]].",0,5,True,rationale_cot_3shot,,1
7ce58b80bd13a7ef,77a37cd94779ed8e,f229ac1341d02475,HiToM,high-order,Belief,High-Order False Beliefs (order=0),C,C,"Let's track the sequence of events and the movements of the lettuce: 
- Initially, the lettuce was in the green_pantry (Step 2).
- William moved the lettuce to the blue_cupboard (Step 3), but he then exited the room (Step 4).
- Charlotte moved the lettuce to the blue_bathtub (Step 7), but she then exited the room (Step 8).
- Charlotte moved the lettuce back to the green_pantry (Step 11), but she then exited the room (Step 12).
- Finally, Charlotte, William, and Amelia entered the waiting_room (Step 13), and the lettuce was in the green_pantry (Step 11) when they entered.

Given these steps, the lettuce is back in the green_pantry. [[C]]",1,5,True,rationale_cot_3shot,,1
c45ee163840f0551,a9d65e683de47d48,d2a3e3553bbc3eae,HiToM,high-order,Belief,High-Order False Beliefs (order=2),E,E,"Let's reason step by step: We need to identify the sequence of events and the final location of the watermelon. The watermelon was initially in the blue_suitcase (step 2). Carter moved the watermelon to the green_basket (step 7), and then Carter moved it back to the blue_suitcase (step 9). Since the last known position of the watermelon before Carter moved it back to the blue_suitcase was the green_basket, we can conclude that Carter thinks the watermelon is in the green_basket. However, since the question asks where Avery thinks Carter thinks the watermelon is, and considering the sequence, Avery would think Carter thinks the watermelon is in the blue_suitcase. But based on the final movement, the correct answer should be the last known position, which is the green_basket. Given the options, the closest answer is E. [[E]]",1,5,True,rationale_cot_3shot,,1
61df3553f47bdfad,7d165172cda92331,7d37de63aebf0058,HiToM,high-order,Belief,High-Order False Beliefs (order=4),E,E,"Let's analyze the information provided:
- Elizabeth tells Ella that the green_pepper is in the red_drawer.
- Ella claims that the green_pepper is in the red_pantry.
- Logan moved the green_pepper to the blue_crate.
Given the sequence of events and the statements, we can trace back the last known position of the green_pepper. Since Logan moved the green_pepper to the blue_crate, and Ella believes it is in the red_pantry, and Elizabeth said it was in the red_drawer, the chain of thought would be:

1. Logan moved the green_pepper to the blue_crate.
2. Ella believes it is in the red_pantry.
3. Elizabeth says it is in the red_drawer.

Therefore, Elizabeth thinks that Ella thinks that Logan thinks the green_pepper is in the red_drawer. However, the question asks where the green_pepper is according to Elizabeth's belief, which is the red_drawer. 

The correct answer is E. [[E]]",1,5,True,rationale_cot_3shot,,1
d51f82c24c368703,1e991f9c94a3be50,6bf521ed2280ae3f,HiToM,high-order,Belief,High-Order False Beliefs (order=0),A,E,"Let's track the movement of the melon through the story: 
- It starts in the red_pantry (line 2).
- Owen moves it to the green_basket (line 3).
- Mila moves it back to the green_box (line 11), but this action is irrelevant as it doesn't change the final location.
- Noah moves it back to the red_pantry (line 13), but this action is also irrelevant as it doesn't change the final location.
- Finally, Noah moves it to the red_basket (line 18), but this is a different item (sweet_potato) and unrelated to the melon.

Given the sequence of events, the melon is last seen in the green_basket (line 3). Therefore, the correct answer is E. green_basket. [[E]]",0,5,True,rationale_cot_3shot,,1
b4253bcbe2b5b630,8e1c468746192ac1,bc0c8b98534ae607,HiToM,high-order,Belief,High-Order False Beliefs (order=3),D,B,"Let's track the movements of the melon as described in the story:
- It starts in the blue_container.
- Evelyn moves it to the green_treasure_chest.
- Nathan moves it to the blue_treasure_chest.
Isabella sees the melon in the blue_treasure_chest when she exits the hallway. Since she doesn't move it, she would think that Nathan put it there. Nathan, in turn, saw the melon in the blue_treasure_chest and moved it to the blue_bottle. Therefore, Isabella would think that Nathan thought the melon was in the blue_bottle. However, since the question asks where Isabella thinks Lily thinks Nathan thinks the melon is, and we don't have any information about Lily's thoughts, we can only conclude based on Nathan's last known position of the melon.

The correct answer is B. blue_container. [[B]]",0,5,True,rationale_cot_3shot,,1
aaf8d1b62cacc63b,c30f6365edc9536f,5c2052a7a2cf4a81,HiToM,high-order,Belief,High-Order False Beliefs (order=4),B,E,"Let's reason step by step: First, we identify the sequence of events involving the corn. The corn was initially in the red_basket (step 2). Liam moved the corn to the red_container (step 3). Then, Amelia moved the corn back to the red_basket (step 11). Next, Liam moved the corn to the red_basket again (step 16). Finally, Lily moved the corn to the green_pantry (step 19). Given that Liam moved the corn to the red_basket twice, and the last time he moved it, he put it in the red_basket, we can conclude that Liam thinks the corn is in the red_basket. Since Sophia dislikes the corn, she would not be thinking about its location. Therefore, the answer is E. [[E]]",0,5,True,rationale_cot_3shot,,1
367e379a8d6d4c58,18d92c390ce5e3a9,5d25c021d5c81748,HiToM,high-order,Belief,High-Order False Beliefs (order=4),A,A,"Let's track the movement of the potato based on the story:
- Initially, the potato was in the blue_drawer (line 2).
- Mila moved the potato to the red_basket (line 7).
- Isabella moved the potato to the green_bottle (line 9).
- Jacob moved the potato to the blue_drawer (line 11).
- Mila moved the potato to the red_drawer (line 19).

Since Jacob is the last to move the potato, he thinks it is in the red_drawer. However, the final position of the potato is in the blue_drawer, as Evelyn moved it there (line 12). Therefore, Evelyn thinks it is in the blue_drawer, Mila thinks it is in the red_drawer, and Isabella thinks it is in the green_bottle. Jacob, being the last to move it, thinks it is in the red_drawer.

This points to option A. [[A]]",1,5,True,rationale_cot_3shot,,1
87ed474965d432a7,f28fe6cf0a11f479,5aeecd18286f1e43,HiToM,high-order,Belief,High-Order False Beliefs (order=3),B,B,B,1,5,False,rationale_cot_3shot,,1
803126b05dbdeff2,b8b5a9970c712ca0,9b834c53ec2e160b,HiToM,high-order,Belief,High-Order False Beliefs (order=4),D,C,"Let's track the movement of the tomato and the conversations:
- Initially, the tomato was in the red_crate (line 2).
- Carter moved the tomato to the blue_container (line 7), but Carter then told Aiden that the tomato is in the green_box (line 13).
- Jack moved the tomato to the green_box (line 9), but Carter then told Aiden that the tomato is in the green_box (line 13).
- Evelyn moved the tomato back to the red_crate (line 11), but Carter then told Aiden that the tomato is in the green_box (line 13).

Given the conversation between Carter and Aiden, Aiden knows that Carter believes the tomato is in the green_box. Therefore, Aiden thinks Carter thinks Isla thinks Jack thinks the tomato is in the green_box. However, the question asks where Aiden thinks Carter thinks Isla thinks Jack thinks the tomato is, and the correct answer based on the last known position of the tomato is the green_box. 

The answer is [[C]].",0,5,True,rationale_cot_3shot,,1
d9b5c02e2ef92b25,6134860bbec1343c,c0b5adbfdf88cbf3,HiToM,high-order,Belief,High-Order False Beliefs (order=3),C,C,C. red_bucket,1,5,False,rationale_cot_3shot,,1
cfbf13d03ccb70c8,fc58dbeaa1438f2d,d38b045f505942c2,HiToM,high-order,Belief,High-Order False Beliefs (order=1),C,D,"Let's reason step by step: We need to identify the sequence of events and the final state of the carrot's location based on the information provided. The key point here is that William was the last person to enter the hall and exit the hall, and he did not move the carrot. Therefore, the carrot's position when William left the hall (and thus when he entered the waiting room) must be the same as when he left the hall. According to the story, the carrot was moved from the red_basket to the green_envelope by Noah, and then back to the red_basket by Hannah. Since William did not move the carrot, the carrot must still be in the red_basket when he left the hall. However, Charlotte, who was present when William left the hall, publicly claimed that the carrot is in the green_envelope. Given that Charlotte is the last person to have seen the carrot and she moved it, we can assume her claim is the most accurate. But since the question asks where William thinks the carrot is, and we don't have any direct statement from William about his thoughts, we should consider the last known position of the carrot, which is the red_basket. This points to option D. [[D]]",0,5,True,rationale_cot_3shot,,1
7132e060a8a9a16f,00363a61bdccacd5,5aeecd18286f1e43,HiToM,high-order,Belief,High-Order False Beliefs (order=1),B,B,B,1,5,False,rationale_cot_3shot,,1
87072b6186ab40ef,d3f2bacfed00df28,1c54086e92dd554b,HiToM,high-order,Belief,High-Order False Beliefs (order=3),E,E,"Let's track the movements of the lettuce as described in the story:
- It starts in the blue_container.
- Nathan moves it to the green_cupboard.
- Then it goes from the green_cupboard to the blue_treasure_chest (by Logan).
- Next, it moves to the red_basket (by Abigail).
- Then it goes to the blue_container again (by Isabella).
- Finally, it ends up in the red_container (by Nathan).

Given that Nathan moved the lettuce to the red_container, we can infer that he thinks it is in the red_container. Since Isabella moved it to the red_container, she thinks it is in the red_container. And since Abigail moved it to the red_container, she thinks it is in the red_container.

Therefore, the answer is A. blue_container. However, based on the provided options, the correct answer is E. red_cupboard. [[E]]",1,5,True,rationale_cot_3shot,,1
217865379b7692d5,df55478da73323eb,0d6417eeeabd37f4,HiToM,high-order,Belief,High-Order False Beliefs (order=4),C,C,"Let's analyze the information provided:
- Carter tells Emma that the tomato is in the green_drawer.
- Emma enters the study and sees the tomato in the red_container.
- Liam moves the tomato from the red_container to the green_drawer.
- Nathan claims the tomato is in the blue_bottle (publicly).
- Carter privately tells Emma that the tomato is in the green_drawer.

Given that Carter privately told Emma that the tomato is in the green_drawer, and since Emma saw the tomato in the red_container, she would likely believe that Liam moved it to the green_drawer. Therefore, Nathan's public claim about the tomato being in the blue_bottle would be the least likely scenario for Carter.

The answer is E. green_bucket. However, since the option 'green_bucket' is not listed, the closest answer based on the information provided is C. red_container. [[C]]",1,5,True,rationale_cot_3shot,,1
e2dcc758eeea58ab,71de52abd1709089,d38b045f505942c2,HiToM,high-order,Belief,High-Order False Beliefs (order=4),E,E,"Let's track the sequence of events and the changes in the location of the carrot:

1. Initially, the carrot is in the red_basket (line 3).
2. Noah moves the carrot to the green_envelope (line 12).
3. Hannah moves the carrot back to the red_basket (line 14).

Charlotte sees the carrot in the red_basket (line 16). 

Now, let's trace Charlotte's thoughts:
- Charlotte sees the carrot in the red_basket (line 16).
- Charlotte tells Jack that the carrot is in the green_envelope (line 17).
- Charlotte tells Hannah that the carrot is in the blue_container (line 18).

Since Charlotte believes the carrot is in the green_envelope, and she told Jack about this belief, Jack would think Charlotte thinks the carrot is in the green_envelope. Since Jack told William about this, William would think Jack thinks the carrot is in the green envelope. Since William told Charlotte about this, Charlotte would think William thinks the carrot is in the green envelope.

Therefore, Charlotte thinks that William thinks that Jack thinks that the carrot is in the green envelope. This means the correct answer is E. red_basket. [[E]]",1,5,True,rationale_cot_3shot,,1
5de8dbc82c2688c4,e5b54e1587e8bba4,878e6dbb50903ca9,HiToM,high-order,Belief,High-Order False Beliefs (order=3),C,D,"Let's reason step by step: We need to trace back the sequence of events to determine the final location of the watermelon according to Elizabeth's understanding. From the story, we can see that Elizabeth knows the watermelon was initially in the blue_bottle (step 2), then moved it to the red_envelope (step 5). Carter moved the watermelon from the red_envelope to the blue_cupboard (step 7). Elizabeth then moved the watermelon from the blue_cupboard to the blue_container (step 18). Finally, Elizabeth tells Carter that the watermelon is in the blue_container (step 26). Since Elizabeth is telling Carter that the watermelon is in the blue_container, Carter will believe that Isla thinks the watermelon is in the blue_container. Therefore, the answer is E. [[D]]",0,5,True,rationale_cot_3shot,,1
705055b944d0eba6,5650c5a1e1c021b8,21ab2d70b39cce03,HiToM,high-order,Belief,High-Order False Beliefs (order=1),B,C,"Let's track the sequence of events and the movements of the cherry. According to the story, the cherry was first moved from the box to the blue_cupboard by Aiden (lines 12-13). Then, it was moved from the blue_cupboard to the blue_treasure_chest by Avery (lines 36-37). Since Aiden made no movements and stayed in the bedroom for 1 minute after moving the cherry to the blue_cupboard, he must still believe the cherry is in the blue_cupboard. However, later, Avery told Noah that the cherry is in the blue_treasure_chest, but this does not change Aiden's belief. Therefore, the most likely answer is C. [[C]]",0,5,True,rationale_cot_3shot,,1
bb5069a62eb9758e,b63be13bf8facf87,5265bd085505fef5,HiToM,high-order,Belief,High-Order False Beliefs (order=1),B,B,"Let's track the information about the lemon's location and who knows what. Initially, the lemon is in the blue_bathtub. Then, it is moved to the blue_treasure_chest by Abigail, to the blue_pantry by Avery, and back to the blue_bathtub by Lily. The key point here is that Lily moved the lemon back to the blue_bathtub, so she would still believe it is in the blue_bathtub. However, Liam told Noah that the lemon is in the blue_treasure_chest. Since Noah left the garage, he might not be aware of the current position of the lemon. But since the question asks where Lily thinks the lemon is, and we don't have any information from Lily herself, we rely on the last known position she was aware of, which is the blue_bathtub. This points to option B. [[B]]",1,5,True,rationale_cot_3shot,,1
4bf6f317553c2cd4,c09d2392781509f2,3f68efd9f9f6b0a4,HiToM,high-order,Belief,High-Order False Beliefs (order=0),E,E,"Let's track the movement of the pear through the story:

- It starts in the blue_pantry (line 2).
- Then Amelia moves it to the green_bucket (line 7).
- Next, Aiden moves it to the blue_suitcase (line 10).
- Finally, Nathan moves it back to the blue_pantry (line 13).

The pear ends up in the blue_pantry. However, the last known position is the blue_suitcase, as Nathan moved it there. 

Given the sequence of events, the final position of the pear is the blue_suitcase. 

However, the question asks for the real location, which is the blue_pantry. 

Thus, the correct answer is E. [[E]]",1,5,True,rationale_cot_3shot,,1
08e576a239e6f58a,3375ebf4b9405064,b730fb2270fcb17c,HiToM,high-order,Belief,High-Order False Beliefs (order=3),D,D,"Let's track the movement of the lemon through the story: 
- It starts in the red_box.
- Evelyn moves it to the red_container.
- Alexander moves it to the green_treasure_chest.
- Emma moves it to the green_bottle.
- Finally, Alexander moves it to the blue_treasure_chest.

Given that the question asks about the last known location of the lemon, we can conclude that the lemon is in the blue_treasure_chest when Alexander exits the TV room. Therefore, Evelyn, who is in the waiting room, would think that Alexander, who is in the TV room, thinks that Emma, who is also in the TV room, thinks that the lemon is in the blue_treasure_chest. 

The correct answer is D. [[D]]",1,5,True,rationale_cot_3shot,,1
e79e2aa4d7d47da9,71439362012d8838,91b89bfaa91dc819,HiToM,high-order,Belief,High-Order False Beliefs (order=4),D,C,"Let's track the sequence of events and the changes in the location of the carrot:

1. The carrot is initially in the red_pantry.
2. Avery moves the carrot to the red_bucket.
3. Amelia moves the carrot to the red_pantry.
4. Sophia moves the carrot to the red_pantry.
5. Jack moves the carrot to the blue_crate.
6. Chloe moves the carrot to the green_box.
7. Sophia tells Jack that the carrot is in the green_box.
8. Jack claims the carrot is in the green_treasure_chest.
9. Sophia tells Avery that the carrot is in the green_box.
10. Avery tells Amelia that the carrot is in the green_box.
11. Amelia tells Chloe that the carrot is in the green_box.

Given these steps, Sophia thinks that Chloe thinks that Avery thinks that the carrot is in the green_box. However, the question asks where Sophia thinks Avery thinks Amelia thinks the carrot is, which is the final position of the carrot as indicated by Sophia. Therefore, the answer is the last known position of the carrot, which is the green_box. 

The correct answer is C. [[C]]",0,5,True,rationale_cot_3shot,,1
c7fb1ec86a7c7c2a,d910f8a3eaad03f8,04ae4e06d20df95a,HiToM,high-order,Belief,High-Order False Beliefs (order=1),B,B,B,1,5,False,rationale_cot_3shot,,1
d25984cf6de3f4ce,f50f5810557a2a62,854f9173e1fe25f3,HiToM,high-order,Belief,High-Order False Beliefs (order=4),A,B,"Let's track the movements of the peas through the story: 
- Initially, the peas were in the blue_suitcase (step 3).
- Emily moved the peas to the red_basket (step 4).
- Ella moved the peas to the red_envelope (step 7).
- Avery moved the peas to the blue_cupboard (step 8).
- Nathan moved the peas back to the blue_suitcase (step 12).

Given that Evelyn stayed in the kitchen for 1 minute (steps 17-18) and made no movements, she would think the peas are in the last place they were seen, which was the blue_suitcase. This means Evelyn thinks Ella thinks Emily thinks Nathan thinks the peas is in the blue_suitcase. 

The correct answer is [[B]].",0,5,True,rationale_cot_3shot,,1
5a60c31b6e69f1dc,20907d2c5aec642e,8926d6ab2616e003,HiToM,high-order,Belief,High-Order False Beliefs (order=2),A,A,"Let's reason step by step: We need to track the movement of the sweet_potato and the associated thoughts of Logan and Evelyn. The sweet_potato was initially in the red_container (step 2). Then, it was moved by Ava to the blue_cupboard (step 6), and then by Charlotte to the green_drawer (step 10). Since Logan did not move the sweet_potato, he would not know its current location. However, we need to determine where Logan thinks Evelyn thinks the sweet_potato is. Given that the sweet_potato was last seen by Logan in the blue_cupboard (moved by Ava) and then by Charlotte in the green_drawer (moved by Charlotte), it is reasonable to assume that Logan would think Evelyn thinks the sweet_potato is in the blue_cupboard. Therefore, the answer is A. [[A]]",1,5,True,rationale_cot_3shot,,1
81f462de2d5e2c7e,21ecccdae7eece20,478d64d99312b67d,HiToM,high-order,Belief,High-Order False Beliefs (order=0),B,B,B.,1,5,False,rationale_cot_3shot,,1
922a924348101907,a5e53e6257887005,b7a7bd8b4f6003fb,HiToM,high-order,Belief,High-Order False Beliefs (order=3),C,D,"Based on the story provided, we can trace the movement of the watermelon through the following sequence: 
- It was initially in the red_container (line 2).
- Then Jacob moved it to the red_basket (line 7).
- Next, Isla moved it back to the red_container (line 13).
- Finally, Jacob moved it to the red_pantry (line 21).

Given that Jacob moved the watermelon to the red_pantry, and Jacob told Isla about it, it follows that Isla would think Jacob placed the watermelon in the red_pantry. Since Logan publicly claimed the eggplant is in the red_box, he would think Isla thinks Jacob thinks the watermelon is in the red_pantry. 

However, the question asks about the watermelon, so the correct answer should be the red_pantry. [[D]]",0,5,True,rationale_cot_3shot,,1
4c4ab02136ecf112,c32dff2a49f4afbf,acb6e40d7488d6f4,HiToM,high-order,Belief,High-Order False Beliefs (order=4),D,E,"Let's track the information flow: The key point is to follow the sequence of events and the statements made by each person. From the story, we can see that Isla tells Carter that the turnip is in the red envelope. Carter then tells Avery that the turnip is in the blue pantry. Therefore, Isla thinks that Carter thinks that Avery thinks that the turnip is in the blue pantry. However, the question asks where Isla thinks Carter thinks Mila thinks Owen thinks the turnip is, and since Mila did not move the turnip, she didn't change its location. Thus, Isla thinks that Carter thinks that Owen thinks the turnip is in the blue pantry. Given the options, the correct answer is E. [[E]]",0,5,True,rationale_cot_3shot,,1
38e563d223566a62,c0a1c9175649cf32,88e6d5d9710a204e,HiToM,high-order,Belief,High-Order False Beliefs (order=3),C,B,"Let's track the movement of the peas through the story: 
- Initially, the peas are in the green_drawer (line 2).
- Liam moves the peas to the blue_container (line 3).
- Noah moves the peas to the green_crate (line 5), but before that, Noah moves the peas to the blue_bucket (line 6) and then back to the green_crate (line 7).
- Avery moves the peas to the blue_bucket (line 8), but before that, Avery moves the peas to the blue_crate (line 9) and then back to the blue_bucket (line 10).
- Mila moves the peas to the blue_crate (line 11), but before that, Mila moves the peas to the blue_bucket (line 12) and then back to the blue_crate (line 13).

Since Benjamin did not move the peas, he would think it is in the last place it was seen, which is the blue_bucket (line 10). Noah, seeing Benjamin's perspective, would think Benjamin thinks the peas is in the blue_bucket. Therefore, Liam, seeing Noah's perspective, would think Noah thinks Benjamin thinks the peas is in the blue_bucket. 

The correct answer is B. [[B]]",0,5,True,rationale_cot_3shot,,1
a848be7749a618c9,43ef4be2ba3f8401,d3adc9f5b9b1b884,HiToM,high-order,Belief,High-Order False Beliefs (order=3),A,A,"Let's track the sequence of events and the movements of the turnip:
- Initially, the turnip is in the red_basket (line 2).
- Then, Elizabeth moves the turnip to the green_pantry (line 10).
- Next, Noah moves the turnip to the red_basket (line 12).
- Finally, Noah moves the turnip to the red_envelope (line 18), but this doesn't affect the previous locations.
- Noah exits the dining room (line 22) and enters the waiting room (line 24).
- Noah, Lily, Hannah, and Elizabeth enter the study (line 30), and the turnip is back in the red_basket (line 36).

Given that Noah is the last person to move the turnip and he knows its current location, we can conclude that Noah thinks the turnip is in the red_basket. This means the correct answer is A. [[A]]",1,5,True,rationale_cot_3shot,,1
7ce740d630ddd627,e4effe823141a1de,b9f22d5ba2c41718,HiToM,high-order,Belief,High-Order False Beliefs (order=2),A,A,"Let's reason step by step: We need to track the movements of the cucumber and the last known location of the cucumber. From the story, we see that the cucumber was initially in the blue_drawer, then moved to the blue_container by Abigail, then to the blue_bathtub by Hannah, and finally to the red_pantry by Owen. Since the question asks about Abigail's belief about Avery's thinking, we should look at the last known position of the cucumber before Abigail left the basement, which is the red_pantry. However, the options provided do not include the red_pantry. The correct answer based on the given options is the closest one, which is the blue_container. But since the exact answer is not among the options, we choose the closest one. This points to option A. [[A]]",1,5,True,rationale_cot_3shot,,1
0dac82065512b560,0a65e5dc26cd0024,852b2535a575b572,HiToM,high-order,Belief,High-Order False Beliefs (order=2),E,A,"Let's track the movement of the corn and the thoughts of each person in the story:

- Initially, the corn is in the red_basket (line 2).
- Hannah moves the corn to the green_bathtub (line 3).
- Abigail moves the corn back to the red_basket (line 21).

Given that Abigail moved the corn back to the red_basket, Nathan would think that Abigail thinks the corn is in the red_basket. However, since the question asks where Abigail thinks the corn is, and Abigail moved the corn back to the red_basket, Abigail would think the corn is in the red_basket.

The correct answer is not listed among the options provided. But based on the logic of the story, the closest answer would be the one that matches the final position of the corn, which is the red_basket. Since the options do not include 'red_basket', we need to choose the closest match from the given options. 

However, since the options do not include the correct answer, we should select the option that best aligns with the logical conclusion of the story. The closest option to the red_basket is A. green_treasure_chest, although it is not accurate. 

[[A]]",0,5,True,rationale_cot_3shot,,1
ba9d8909f13cc722,13aa794d61c4e705,e7e5c2a076a4d6c4,HiToM,high-order,Belief,High-Order False Beliefs (order=0),E,C,C. green_envelope,0,5,False,rationale_cot_3shot,,1
2c3a29afff99c5e9,fcbf881875236031,26f6b2cfc620f8d7,HiToM,high-order,Belief,High-Order False Beliefs (order=3),A,A,"Based on the story, we can trace back the movements of the spinach: 
- Initially, the spinach was in the green_drawer (line 2).
- Then, it was moved to the green_cupboard (line 31, after Jackson moved it from the green_drawer).
- Finally, it was moved to the blue_treasure_chest (line 34, after Elizabeth moved it from the green_cupboard).

Liam, who last saw the spinach in the green_drawer (line 30), would think that Jackson thinks Evelyn thinks the spinach is in the blue_treasure_chest (line 34). 

However, the question asks where Liam thinks Jackson thinks Evelyn thinks the spinach is, and based on the sequence of events, the spinach was last seen by Liam in the green_drawer. Therefore, the final answer is:

[[A]]",1,5,True,rationale_cot_3shot,,1
20bd474f57b568f2,3b019887840a34e8,e4f8845e8043bfe9,HiToM,high-order,Belief,High-Order False Beliefs (order=0),E,B,B,0,5,False,rationale_cot_3shot,,1
7f9c87ba44a05b4b,d6329c20590c6721,ab4416b1bcf11f2f,HiToM,high-order,Belief,High-Order False Beliefs (order=3),B,B,"Let's track the movements of the orange through the story:
- Initially, the orange is in the red_pantry (line 2).
- Jack moves the orange to the blue_treasure_chest (line 5).
- Then, Aiden moves the orange to the red_container (line 9), but this move happens after Aiden, Hannah, and Jack have left the master_bedroom and entered the waiting_room (lines 13-15). 
- Finally, Hannah moves the orange to the green_envelope (line 19).

Given that Jack exits the front_yard (line 21) and Aiden, Hannah, and Jack enter the waiting_room (line 22), Jack would be unaware of Hannah's last movement. Therefore, Jack would think that Aiden thinks that Hannah thinks the orange is in the red_container.

However, since the question asks where Jack thinks Aiden thinks Hannah thinks the orange is, and considering the sequence of events, the most logical answer based on the provided information is:

The correct answer is B. red_pantry. [[B]]",1,5,True,rationale_cot_3shot,,1
19d9c16cb88767eb,4e2577cee1b1b9be,2d9dd017b01059dd,HiToM,high-order,Belief,High-Order False Beliefs (order=4),D,C,"Let's track the movements of the apple and the thoughts of each person based on the story:

- Initially, the apple is in the green_bathtub (Step 2).
- Hannah moves the apple to the blue_cupboard (Step 3).
- Jack moves the apple to the green_drawer (Step 5).
- Lily moves the apple to the red_box (Step 7).

Now, let's determine the final location of the apple:
- Hannah moved the apple to the blue_cupboard.
- Jack moved the apple to the green_drawer.
- Lily moved the apple to the red_box.

So, the apple ends up in the red_box.

Next, we need to determine what Aiden thinks about the apple's location:
- Aiden stayed in the closet for 1 minute (Steps 7-14) and did not make any movements (Step 8). 
- Aiden likes the green_pantry (Step 13), but this doesn't affect the apple's location.

Since Aiden didn't move the apple or change its location, he would think that the apple is in the same place it was last seen, which is the red_box.

Therefore, the correct answer is C. [[C]]",0,5,True,rationale_cot_3shot,,1
f80e8c90d220273c,ecb848a1ac6e8609,9755a9b8ebe59fd7,HiToM,high-order,Belief,High-Order False Beliefs (order=3),E,A,"Let's track the movement of the watermelon in the story. The watermelon starts in the green_cupboard, then it is moved to the red_bottle. Chloe moves the lemon (which was initially in the green_cupboard) to the green_cupboard again, but the watermelon is already in the red_bottle. Chloe exits the staircase after moving the lemon, so she wouldn't be thinking about the watermelon's location anymore. Therefore, the answer is based on the last known position of the watermelon, which is the red_bottle. However, since the question asks where Chloe thinks Logan thinks Evelyn thinks, we need to consider the last known positions of the watermelon. The most logical answer based on the sequence of events is:

[[A]]",0,5,True,rationale_cot_3shot,,1
e22e17e2550ff7ae,50ee7a0f627961ba,94e59bf10010569e,HiToM,high-order,Belief,High-Order False Beliefs (order=4),A,E,"Let's track the movements and statements about the melon:

- Initially, the melon is in the blue_treasure_chest (line 3).
- Ella moves the melon to the blue_bottle (line 5), but she leaves the back_yard (line 6).
- Owen moves the melon to the green_envelope (line 7), but he exits the back_yard (line 8).
- Aiden moves the melon to the blue_suitcase (line 11), but he exits the back_yard (line 12).

Since the last known position of the melon is in the blue_suitcase, and Isla tells Ella that the melon is in the green_treasure_chest (line 16), and Owen tells Aiden that the melon is in the blue_suitcase (line 17), and Aiden tells Evelyn that the melon is in the green_cupboard (line 39), we can conclude that Evelyn thinks that Aiden thinks that the melon is in the green_cupboard.

This points to option E. [[E]]",0,5,True,rationale_cot_3shot,,1
5909ad383c50f1a5,a8403de57b7e17e1,6228e677c50dd0e2,HiToM,high-order,Belief,High-Order False Beliefs (order=4),E,A,"Let's track the movement of the peas through the story: 
- It starts in the green_basket (line 2).
- Then it is moved to the blue_bathtub (line 9) by Jackson.
- Next, it is moved to the blue_container (line 20) by Amelia.
- Finally, it is moved to the green_box (line 23) by Hannah.
Given that Hannah is the last to move the peas, and she moved it to the green_box, we need to determine where Hannah thinks it is. According to line 24, Hannah likes the green_crate, so she might think it is in the green_crate. However, the question asks where Abigail thinks Jackson thinks Amelia thinks Hannah thinks the peas is. Since the peas is in the green_box, and Hannah is the last to move it, Abigail would think it is in the green_box. This points to option A. [[A]]",0,5,True,rationale_cot_3shot,,1
cd31548ceecfc718,2d73ace0c31a55d8,63a269b33e2b0c32,HiToM,high-order,Belief,High-Order False Beliefs (order=4),A,E,"Let's track the movements of the lime as described in the story. The key point here is to follow the last movement of the lime and the last statement made about it. According to the story, the lime was moved from the green_bottle to the blue_crate by Isabella, then to the blue_bottle by Chloe, and finally to the green_pantry by Amelia. The last person to move the lime was Amelia, and she said, ""The lime is in the green_pantry."" Therefore, Isabella, Chloe, and Sophia all believe that the lime is in the green_pantry. However, the question asks where Isabella thinks Chloe thinks Sophia thinks. Since Isabella said the lime is in the green_pantry, and she believes that Chloe and Sophia also think it is in the green_pantry, the answer is E. blue_suitcase. [[E]]",0,5,True,rationale_cot_3shot,,1
b7bc4a1b78fe6ddc,3fac9ea326c037b8,01d232b9e9be5571,HiToM,high-order,Belief,High-Order False Beliefs (order=2),A,D,"Let's reason step by step: First, identify the sequence of events related to the watermelon's movement. Emma moved the watermelon to the blue_drawer (line 4), and then Charlotte moved it to the blue_container (line 9). Emma stayed in the workshop for 1 minute (line 10), so she did not move the watermelon again. Next, we look at Benjamin's actions. Benjamin moved the watermelon to the green_drawer (line 5) and then to the blue_bottle (line 15). Benjamin also informed Isabella that the green_pepper is in the red_bottle (line 28). Since Emma left the workshop after moving the watermelon to the blue_drawer, she would not be aware of Benjamin's final position of the watermelon. Therefore, Emma would think the watermelon is in the blue_bottle. However, the question asks where Benjamin thinks the watermelon is, which is the blue_bottle. This points to option D. [[D]]",0,5,True,rationale_cot_3shot,,1
74e05de4f5bf1261,cc804938d52f98a6,9074bfb4cea6ad9e,HiToM,high-order,Belief,High-Order False Beliefs (order=4),D,D,D,1,5,False,rationale_cot_3shot,,1
bfa08a1703098eff,5de7d1293035ae91,17ecd57aeab2b36d,HiToM,high-order,Belief,High-Order False Beliefs (order=4),C,C,"Let's track the movements of the lettuce as described in the story:

1. Nathan -> blue_container
2. Logan -> green_cupboard
3. Logan -> blue_treasure_chest
4. Abigail -> red_basket
5. Isabella -> red_container

Logan sees the lettuce in the blue_container (Step 2), Abigail moves it to the red_basket (Step 4), Isabella moves it to the red_container (Step 5). Therefore, Logan thinks Nathan thinks Abigail thinks Isabella thinks the lettuce is in the red_container.

However, the question asks where Logan thinks Nathan thinks Abigail thinks the lettuce is, which is the final position of the lettuce according to the sequence of events, which is the red_container. But since the options provided do not include ""red_container"", we need to choose the closest option.

The correct answer is:
[[C]]",1,5,True,rationale_cot_3shot,,1
505e7712b05d8b69,7c96f9889519944d,8f5f23fd55bc31cf,HiToM,high-order,Belief,High-Order False Beliefs (order=1),E,C,"Let's track the movements of the corn and the associated thoughts of Amelia based on the story:

- Initially, the corn is in the green_bottle (line 2).
- Nathan moves the corn to the red_envelope (line 3).
- Then, Lily moves the corn to the green_envelope (line 5).
- Next, Abigail moves the corn to the green_bottle (line 12).
- Finally, Abigail moves the corn to the green_envelope again (line 16).

Amelia sees the corn in the green_bottle (line 7) and in the green_envelope (line 16). However, she publicly claims that the corn is in the green_bottle (line 15), while privately tells Nathan that the corn is in the green_envelope (line 18).

Given these details, the most likely answer is that Amelia thinks the corn is in the green_envelope. [[C]]",0,5,True,rationale_cot_3shot,,1
7a0911f402089011,32022ae049892b09,6baf366ac0032216,HiToM,high-order,Belief,High-Order False Beliefs (order=4),B,E,"Let's track the movements of the carrot and the associated thoughts:

- Initially, the carrot is in the red_basket (line 2).
- Evelyn moves the carrot to the red_pantry (line 3).
- Owen moves the carrot to the green_drawer (line 7).
- Lily moves the carrot to the red_envelope (line 10), but since she left the hall, we can assume she doesn't think about the location anymore.
- Noah moves the carrot back to the red_basket (line 12).

Now, let's trace the thoughts:
- **Noah** thinks the carrot is in the red_basket (line 12).
- **Owen** thinks that Noah thinks the carrot is in the red_basket (line 12).
- **Mila** thinks that Owen thinks that Noah thinks the carrot is in the red_basket (line 12).

Therefore, Lily thinks Mila thinks Owen thinks Noah thinks the carrot is in the red_basket. However, the question asks where Lily thinks Mila thinks Owen thinks the carrot is, and the only place mentioned in the final state is the red_basket.

The correct answer is: [[E]]",0,5,True,rationale_cot_3shot,,1
1577d793b1f70b7d,1a8113b53af79ca7,95a8f6ba344f742b,HiToM,high-order,Belief,High-Order False Beliefs (order=1),E,C,"Let's track the sequence of events and the changes in the location of the orange. From the story, we can see that the orange was initially in the red_container. It was moved from the red_container to the blue_bucket, and then back to the red_container. Finally, it was moved again to the blue_bucket. Given these steps, the last place the orange was in the red_container. However, Owen, who was present when the orange was moved to the blue_bucket, might remember the last place he saw it. But since the question asks Owen's true belief, we should consider the final position he was aware of, which was the blue_bucket. 

However, the question asks where Owen thinks the orange is, and based on the last action he took, he would believe it is in the blue_bucket. This points to option C. [[C]]",0,5,True,rationale_cot_3shot,,1
7be19d509f7cd037,147dd49c92052acc,f1448650324f79f7,HiToM,high-order,Belief,High-Order False Beliefs (order=4),A,C,"Let's track the movement of the sweet_potato as described in the story:
- It starts in the green_bottle (line 2).
- Then it is moved to the blue_bucket (line 9) by Aiden.
- Next, it is moved to the green_bottle (line 11) by Amelia.
- Finally, it is moved to the blue_pantry (line 16) by Mila.
- It is then moved back to the green_bottle (line 24) by Amelia.
Given that Elizabeth last saw the sweet_potato in the green_bottle (line 11), she would think that Aiden, who moved it to the blue_bucket, thinks it is in the blue_bucket. However, since it was moved back to the green_bottle by Amelia, Elizabeth would think that Aiden thinks it is in the green_bottle. Since Aiden last moved it to the blue_bucket, Aiden would think it is in the blue_bucket. Therefore, Jacob, who last saw it in the blue_bucket, would think it is in the blue_bucket. Thus, Elizabeth would think that Jacob thinks it is in the blue_bucket. This points to option C. [[C]]",0,5,True,rationale_cot_3shot,,1
c5348e43d362aded,a68288f82d8bc2c2,04ae4e06d20df95a,HiToM,high-order,Belief,High-Order False Beliefs (order=3),E,C,C. green_envelope,0,5,False,rationale_cot_3shot,,1
63c966e7b1efa368,6213047bb0bba2fa,d2a3e3553bbc3eae,HiToM,high-order,Belief,High-Order False Beliefs (order=4),A,D,"Let's reason step by step: We need to trace the movement of the watermelon as described in the story. The watermelon was initially in the blue_suitcase (step 2). It was then moved by Carter to the green_basket (step 6), then by Carter to the green_treasure_chest (step 7), and finally by Carter to the green_crate (step 21). Since the question asks about the initial location of the watermelon, we look at the earliest mention, which is the blue_suitcase. However, since the question is asking about the final thought of Isla, and Isla moved the watermelon to the green_crate, the correct answer is the last known location, which is the green_crate. Therefore, the answer is E. [[D]]",0,5,True,rationale_cot_3shot,,1
aee4eafb10e0d6a1,d2e252a9b1b72d4b,9074bfb4cea6ad9e,HiToM,high-order,Belief,High-Order False Beliefs (order=1),D,D,[D],1,5,False,rationale_cot_3shot,,1
50a85f45c7e18bb8,48bab8fac7573ea8,7ce22d47a228ad25,HiToM,high-order,Belief,High-Order False Beliefs (order=4),B,B,"Let's analyze the sequence of events and the statements made:

- Ava, Avery, Isabella, Mila, and Sophia enter the lounge.
- Ava moves the pear to the green_envelope.
- Avery moves the pear to the red_pantry.
- Isabella claims the pear is in the green_envelope.
- Sophia tells Isabella the pear is in the blue_crate.
- Isabella publicly claims the pear is in the green_envelope (which is incorrect).
- Mila dislikes the pear.

Given that Mila dislikes the pear, she would not be thinking about its location. However, we need to determine what Mila thinks Avery thinks Ava thinks Sophia thinks the pear is.

From the sequence:
- Avery thinks the pear is in the red_pantry.
- Ava thinks the pear is in the green_envelope.
- Isabella thinks the pear is in the green_envelope (but it's actually in the blue_crate).

Since Mila dislikes the pear, she wouldn't be thinking about its location. Therefore, the correct answer is that Mila doesn't think about the pear's location at all, but if we consider the chain of thoughts as asked, it would be the last known state by the others.

The answer is: [[B]]",1,5,True,rationale_cot_3shot,,1
eaeb8d8c63956475,7df49b114c5285db,041b0aa4f6894c82,HiToM,high-order,Belief,High-Order False Beliefs (order=3),A,B,"Let's reason step by step: We need to trace back the sequence of events to determine Jack's belief about where Abigail thinks Benjamin thinks the spinach is. 

- Jack moved the spinach to the blue_bottle (event 24).
- Isla moved the spinach to the green_pantry (event 11).
- Isla told Jack that the spinach is in the blue_suitcase (event 13).
- Jack moved the spinach to the blue_cupboard (event 32).

Jack's final position of the spinach is the blue_cupboard. Now we need to determine where Jack thinks Benjamin thinks Abigail thinks the spinach is. 

- Benjamin moved the spinach to the blue_cupboard (event 32), so Benjamin thinks the spinach is in the blue_cupboard.
- Isla told Jack that the spinach is in the blue_suitcase (event 13), so Jack thinks Benjamin thinks the spinach is in the blue_suitcase.
- Isla moved the spinach to the green_pantry (event 11), so Abigail thinks the spinach is in the green_pantry.

Therefore, Jack thinks Benjamin thinks Abigail thinks the spinach is in the blue_suitcase. However, since the options provided do not include 'blue_suitcase', the closest answer is:

The correct answer is B. [[B]]",0,5,True,rationale_cot_3shot,,1
1a1a103307ba1e91,c5a21d8fab567ecb,5265bd085505fef5,HiToM,high-order,Belief,High-Order False Beliefs (order=4),A,A,"Let's track the movement and the thoughts based on the story:
- Initially, the lemon was in the blue_bathtub.
- It was moved by Abigail to the blue_treasure_chest.
- It was moved by Avery to the blue_pantry.
- It was moved back by Lily to the blue_bathtub.
- Noah saw the lemon in the blue_pantry (where Avery put it).
- Noah saw the lemon in the blue_bathtub (where Lily put it).
- Noah saw the lemon in the blue_treasure_chest (where Abigail put it).
- Noah saw the lemon in the blue_pantry again (where Avery put it).
- Noah saw the lemon in the blue_bathtub again (where Lily put it).
- Noah saw the lemon in the blue_treasure_chest (where Abigail put it).

Given these steps, Noah would think that Liam thinks Avery thinks Lily thinks the lemon is in the blue_treasure_chest. [[A]]",1,5,True,rationale_cot_3shot,,1
7ef2a7b88d0cc3c7,f05ceca7d8dc0d76,d02f71c703101ab8,HiToM,high-order,Belief,High-Order False Beliefs (order=3),D,E,"Let's track the movement of the corn through the story: 
- It starts in the blue_treasure_chest (line 2).
- Then it is moved to the blue_container (line 10), but this step is not relevant to Isla's thinking.
- Finally, it is moved to the green_drawer (line 22).

Given that Isla is the last person to move the corn and she moved it to the green_drawer, we can infer that Isla thinks the corn is in the green_drawer. However, the question asks where Isla thinks Lily thinks Noah thinks the corn is. Since Isla is the last to move the corn, she would think it is in the green_drawer. As for Lily, she would think it is in the green_drawer as well, because Isla moved it there. Noah, however, did not move the corn, so he would think it is still in the blue_treasure_chest. Therefore, Isla thinks that Lily thinks that Noah thinks the corn is in the green_drawer. 

The correct answer is E. [[E]]",0,5,True,rationale_cot_3shot,,1
ec3c165508e23476,d766c71f555d3b85,bc4d9b51da7e65ed,HiToM,high-order,Belief,High-Order False Beliefs (order=3),C,E,"Let's track the movements of the corn and the thoughts of the characters involved:

- Initially, the corn is in the green_bathtub (line 2).
- William moves the corn to the green_cupboard (line 3).
- Emily moves the corn to the red_envelope (line 5), but William exits the pantry (line 6) before she can do so.
- Therefore, the corn is in the green_cupboard when Emily leaves the pantry (line 5).
- Emma moves the corn to the blue_crate (line 16), but William exits the pantry (line 17) before she can do so.
- Therefore, the corn is in the blue_crate when Emma leaves the pantry (line 17).

Given that Emma sees the corn in the blue_crate when she leaves the pantry, she will think that Emily thinks William thinks the corn is in the blue_crate. 

The correct answer is E. [[E]]",0,5,True,rationale_cot_3shot,,1
24a939797bba94bf,6935e1b0f8cdf5f1,54e3842a5d6d0436,HiToM,high-order,Belief,High-Order False Beliefs (order=1),C,C,"Let's track the movements of the carrot in the story: 
- Initially, the carrot is in the red_container (line 2).
- Then, Isabella moves the carrot to the blue_container (line 3).
- Next, Logan moves the carrot back to the red_container (line 13).
Given that William stayed in the cellar for 1 minute and made no movements (lines 6-7), he would still be aware of the last known position of the carrot, which was in the red_container according to line 13. However, since the question asks where William thinks the carrot is, and considering he didn't move it, he might still think it's in the red_container. 

But among the given options, the closest one to the final position (red_container) is the blue_container. Therefore, the answer is C. [[C]]",1,5,True,rationale_cot_3shot,,1
3923e801c7b021fe,f12aa06f0f8abfaa,daa33907a8c9df32,HiToM,high-order,Belief,High-Order False Beliefs (order=4),C,E,"Let's track the movements of the cherry and the associated thoughts:

- The cherry was initially in the red_drawer (1).
- Chloe moved it to the green_pantry (3).
- Owen moved it to the green_bucket (5).

Now, we need to determine where Emma thinks Abigail thinks Ella thinks Owen thinks the cherry is. 

- Emma moved the cherry to the green_bathtub (16) and then to the red_crate (19).
- Abigail moved the cherry to the green_crate (21).

Given that Emma moved the cherry to the green_crate, and Abigail moved it to the green_crate, and assuming Abigail thought about where she moved the cherry, and Emma thought about where Abigail moved the cherry, the final location would be the green_crate.

Therefore, the correct answer is E. [[E]]",0,5,True,rationale_cot_3shot,,1
b17e32bcd26c3640,dbe18464b42e2478,2fb65cec09d735de,HiToM,high-order,Belief,High-Order False Beliefs (order=3),C,D,"Let's reason step by step: We need to trace back the movement of the persimmon as described in the story. The persimmon was initially in the red_basket (step 2), then moved to the blue_crate (step 3) by Hannah, then to the green_basket (step 7) by Carter, and finally to the red_basket (step 11) by William. Since we are asked about where Avery thinks Hannah thinks William thinks the persimmon is, we need to follow the last movement of the persimmon, which is the red_basket. However, since Avery did not move the persimmon, he would think that William moved it to the red_basket. Therefore, the answer is E. [[D]]",0,5,True,rationale_cot_3shot,,1
ebf850f8a723dc5f,f08653c8c7ddb100,50056476d5575daf,HiToM,high-order,Belief,High-Order False Beliefs (order=1),C,A,"Let's track the information about the spinach's location and what characters said about it:

- Initially, Hannah moved the spinach to the green_cupboard (7).
- Hannah told Isabella that the spinach is in the green_cupboard (15).
- Avery told Noah that the spinach is in the green_pantry (16).

Given that Avery told Noah that the spinach is in the green_pantry, we can infer that Avery believes the spinach is in the green_pantry. However, since Hannah told Isabella that it is in the green_cupboard, it's possible that Avery might be confused or misinformed. But based on the direct statement from Avery, the most likely answer is A. green_box. 

However, if we strictly follow the information provided and the order of events, the correct answer should be A. green_box. [[A]]",0,5,True,rationale_cot_3shot,,1
5ffc215d12fdc86f,c6095c7ee4d46dcf,d2a3e3553bbc3eae,HiToM,high-order,Belief,High-Order False Beliefs (order=3),E,C,"Let's track the movement of the watermelon through the story: 
- It starts in the blue_suitcase.
- Then it moves to the green_envelope (by Sophia).
- Next, it moves to the green_basket (by Carter).
- Finally, it ends up in the green_crate (by Isla).

Given that Isla moved the watermelon from the green_basket to the green_crate, Isla would think that Carter had put it in the green_basket, and Avery, who saw Carter do this, would think that Isla had put it in the green_crate. However, the question asks about what Isla thinks Avery thinks Carter thinks, so we need to go one more step back. 

Therefore, Isla thinks that Avery thinks that Carter thinks the watermelon is in the green_crate. 

The correct answer is C. [[C]]",0,5,True,rationale_cot_3shot,,1
f85ca876ee2431c7,80f123718d170eca,9d292bbcae051f09,HiToM,high-order,Belief,High-Order False Beliefs (order=3),E,E,"Let's track the movement and thoughts of the characters regarding the peas' location:

- Initially, Isabella moved the peas to the green_bottle (line 7).
- Then, Hannah moved the peas to the blue_treasure_chest (line 9).
- Isabella moved the peas back to the red_bottle (line 17).
- Logan moved the peas to the blue_bathtub (line 21).
- Emma moved the peas to the red_pantry (line 23).

Given that Isabella moved the peas back to the red_bottle, and she is the last person to move it, we can assume that Isabella knows the current location of the peas. However, the question asks about what Hannah thinks Emma thinks. 

Hannah moved the peas to the blue_treasure_chest, so she knows it's there. Emma moved the peas to the red_pantry, so she knows it's there. Therefore, based on the sequence of events, Emma would think that the peas is in the red_pantry, and Isabella would think that Emma thinks it's in the red_pantry.

The answer is E. [[E]]",1,5,True,rationale_cot_3shot,,1
6fcee93a1c03301b,2ae42bbc5993740c,6228e677c50dd0e2,HiToM,high-order,Belief,High-Order False Beliefs (order=3),C,C,"Let's track the movement of the peas through the story: 
- The peas is initially in the green_basket (line 2).
- Hannah moves the peas to the blue_bathtub (line 9), but this doesn't affect the initial location.
- Hannah then moves the peas to the blue_container (line 17) and then to the green_crate (line 24), but these moves don't change the initial location.
- Finally, Hannah moves the peas to the green_cupboard (line 28).

Given that the peas starts in the green_basket and ends up in the green_cupboard, we can conclude that Jackson, who knows the final location (green_cupboard), would think that Amelia, who knows the final location (green_cupboard), would think that Hannah, who knows the initial location (green_basket), thinks the peas is in the green_cupboard. However, since the question asks where Jackson thinks Amelia thinks Hannah thinks the peas is, and considering the sequence of events, the correct answer should be the initial location of the peas, which is the green_basket. 

The answer is [[C]].",1,5,True,rationale_cot_3shot,,1
82d0d7215610e75a,5a69f58beab35eb7,f60ffc495d8d247b,HiToM,high-order,Belief,High-Order False Beliefs (order=0),A,A,"Let's track the movements of the potato in the story: 
- Initially, the potato was in the blue_cupboard (line 3).
- Chloe moved the potato to the green_bottle (line 4).
- Nathan moved the potato from the green_bottle back to the blue_cupboard (line 13).
- Nathan moved the potato to the blue_crate (line 25).

Given these steps, the final location of the potato is the blue_crate. However, the question asks for the real location, which is the last known position before the final movement. Therefore, the potato is in the blue_crate. But since it's not among the provided options, we need to choose the closest one. The correct answer should be A. blue_crate, but based on the given options, the best answer is A. blue_crate. [[A]]",1,5,True,rationale_cot_3shot,,1
fb0816f4d0af087f,4cfa1e56dab91d75,8b4b3e5482663f4c,HiToM,high-order,Belief,High-Order False Beliefs (order=1),D,D,[D],1,5,False,rationale_cot_3shot,,1
c81863c277a77f59,a4ed0a1739d0ebaf,f56dffb1da04c8ac,HiToM,high-order,Belief,High-Order False Beliefs (order=0),B,A,"Let's track the movements of the lemon in the story: 
- Jack moved the lemon to the blue_pantry (Step 3)
- Liam moved the lemon to the blue_crate (Step 5)
- Aiden moved the lemon to the green_basket (Step 7)
- Nathan moved the lemon to the green_drawer (Step 11)
- Jack moved the lemon to the blue_pantry again (Step 12)

The final movement is Jack moving the lemon to the blue_pantry. This means the lemon was last in the blue_pantry. However, Jack also moved the lemon to the green_drawer, so we need to consider the last known position. 

Given that Jack, Liam, Aiden, Sophia, and Nathan all left the garage, the last place the lemon was seen was the blue_pantry. This points to option A. [[A]]",0,5,True,rationale_cot_3shot,,1
1305403be8582e93,2aca8aba573d60c0,795e5003b68855c3,HiToM,high-order,Belief,High-Order False Beliefs (order=0),A,A,"Let's track the sequence of events and the changes in the location of the apple: 
- Initially, the apple is in the green_pantry (line 2).
- Jack moves the apple to the green_bottle (line 7).
- Then, Jack exits the den (line 8), so the apple is in the green_bottle.
- Finally, Ella moves the apple to the red_pantry (line 19).

Given these steps, the final location of the apple is the red_pantry. However, since the question asks for the initial location, we look at the earliest mention of the apple's location, which is the green_pantry. 

But considering the question asks for the real location, the correct answer is based on the last movement, which is line 19. [[A]]",1,5,True,rationale_cot_3shot,,1
3ace0f01fbbb7b04,df8079c77445c59c,f1448650324f79f7,HiToM,high-order,Belief,High-Order False Beliefs (order=3),E,C,"Let's reason step by step: We need to trace back the movement of the sweet_potato as described in the story. The sweet_potato was initially in the green_bottle (line 2). It was then moved by Aiden to the blue_bucket (line 9), and later by Amelia to the green_bottle (line 11). Then, Amelia moved it to the green_bucket (line 24). Finally, Amelia moved it to the green_drawer (line 30). Since the question asks where Mila thinks Aiden thinks Jacob thinks the sweet_potato is, we need to consider the last known location of the sweet_potato, which is the green_bucket. However, since the question is about Aiden's perception, and Aiden moved the sweet_potato to the blue_bucket, and Jacob moved it to the green_drawer, the final answer should be the blue_bucket. This points to option C. [[C]]",0,5,True,rationale_cot_3shot,,1
449f9f75b95555e4,b1c98245807b071b,b1d91b7e60985825,HiToM,high-order,Belief,High-Order False Beliefs (order=0),C,C,"Let's track the sequence of events and the changes in the location of the peas: 
- Initially, the peas is in the blue_suitcase (line 2).
- Then, Jack moves the peas to the red_crate (line 6).
- Next, Emily moves the peas to the green_bottle (line 8).
- Finally, Logan moves the peas to the blue_crate (line 25).

Given these steps, the peas starts in the blue_suitcase, then moves to the red_crate, then to the green_bottle, and finally to the blue_crate. Therefore, the final location of the peas is the blue_crate. However, the last known position before the final move was the green_bottle. 

This points to option C. [[C]]",1,5,True,rationale_cot_3shot,,1
f1ee496952a3ad0c,efc7835ff2de6a52,72ef113df83a3be2,HiToM,high-order,Belief,High-Order False Beliefs (order=4),E,A,"Let's track the movement of the cabbage through the story: 
- Initially, the cabbage is in the green_envelope (line 2).
- Noah moves the cabbage to the green_box (line 3).
- Then, the cabbage is in the green_box (lines 15-17, 20-23).

Now, let's follow the thoughts:
- Noah knows the cabbage is in the green_box (line 3).
- Emma sees the cabbage in the green_box (line 15, as she likes the red_envelope, which doesn't contain the cabbage).
- Aiden sees the cabbage in the green_box (line 17, as he likes the blue_bucket, which doesn't contain the cabbage).
- Avery moves the cabbage to the green_envelope (line 20), so Aiden thinks it's in the green_envelope (line 17).

Therefore, Noah thinks Emma thinks Aiden thinks Avery thinks the cabbage is in the green_envelope. The answer is A. [[A]]",0,5,True,rationale_cot_3shot,,1
a7aa0e8fec3ab392,a3125707dfc464c2,ab4416b1bcf11f2f,HiToM,high-order,Belief,High-Order False Beliefs (order=2),E,C,"Let's track the movements of the orange: The orange was first moved by Jack to the blue_treasure_chest, then by Chloe to the red_container, and finally by Aiden to the red_box. Since Aiden is the last person to move the orange, he would think that Hannah, who moved the orange to the green_envelope, also thinks that the orange is in the red_box. However, the question asks where Aiden thinks Hannah thinks the orange is, which means we need to go one step back from Hannah's last movement. Hannah moved the orange to the green_envelope, so Aiden would think that the orange is in the red_box. But since the options do not include 'red_box', the closest answer is the final location of the orange, which is the red_box. This points to option C. [[C]]",0,5,True,rationale_cot_3shot,,1
ffa729fb1bea5038,91cf74acb834bbf9,0d6417eeeabd37f4,HiToM,high-order,Belief,High-Order False Beliefs (order=3),B,B,"Let's analyze the story step by step: Hannah was in the study and did not move the tomato or make any claims about its location. Therefore, she wouldn't have any information about where the tomato is. This means Hannah doesn't think anyone else thinks the tomato is anywhere. Since none of the provided options (green_envelope, red_container, red_drawer, green_pantry, blue_drawer) are mentioned as the location of the tomato, the correct answer is that Hannah doesn't think anyone thinks the tomato is anywhere. However, since the question asks where Liam thinks Emma thinks the tomato is, and we don't have information from Liam, the closest logical answer based on the information provided is that Liam thinks Emma thinks the tomato is in the red_container. But since the options do not include 'red_container', the most appropriate answer from the given options is none of them. Given the structure of the question, the closest answer would be B. [[B]]",1,5,True,rationale_cot_3shot,,1
806eb35a15c5a292,f515e516712e7e0f,fff4c0232280db84,HiToM,high-order,Belief,High-Order False Beliefs (order=4),E,D,"Let's track the movements of the grapes as described in the story:
- Benjamin moved the grapes to the blue_suitcase.
- Alexander moved the grapes to the red_crate.
- Owen moved the grapes to the blue_pantry.
- Owen moved the grapes to the red_drawer.
Given these movements, we can infer that the last place the grapes were seen was the red_drawer. Now, let's look at Alexander's thoughts:
- Alexander moved the grapes to the red_crate.
So, Alexander thinks the grapes are in the red_crate.
Now, let's look at Elizabeth's thoughts:
- Elizabeth saw the grapes in the red_drawer (last place seen).
So, Elizabeth thinks the grapes are in the red_drawer.
Finally, let's look at Benjamin's thoughts:
- Benjamin saw the grapes in the red_crate (Alexander's last known location).
So, Benjamin thinks the grapes are in the red_crate.
Therefore, Alexander thinks Elizabeth thinks Liam thinks Benjamin thinks the grapes are in the red_crate. However, the question asks where Alexander thinks Elizabeth thinks Liam thinks Benjamin thinks the grapes is, and the closest answer from the provided options is the red_drawer. 

The answer is [[D]].",0,5,True,rationale_cot_3shot,,1
f9366db8207ee3f1,de428ccb58df49b3,89e8be171289a11f,HiToM,high-order,Belief,High-Order False Beliefs (order=2),D,A,"Let's track the movements of the tangerine: 
- Liam moved the tangerine to the blue_treasure_chest.
- Jackson moved the tangerine to the green_bathtub.
- Benjamin moved the tangerine to the red_bucket.
- Benjamin moved the tangerine to the green_crate.
- Liam moved the tangerine to the red_drawer.

Given that the question asks where Liam thinks Benjamin thinks the tangerine is, we need to consider Benjamin's last known position, which was the red_drawer. Benjamin did not move the tangerine from the red_drawer to any other location. Therefore, Benjamin likely thinks the tangerine is still in the red_drawer. 

Liam, seeing Benjamin's last movement, would assume that Benjamin thinks the tangerine is in the red_drawer. Thus, the answer is:

[[A]]",0,5,True,rationale_cot_3shot,,1
bc6ac60fba63ebb5,821cb93af7660631,341c6c1b61262bfc,HiToM,high-order,Belief,High-Order False Beliefs (order=4),D,D,"Let's track the movement of the carrot through the story and the thoughts of each person:

1. Isabella moved the carrot to the red_container (11).
2. Isabella moved the carrot to the red_envelope (13).
3. Isabella moved the carrot to the green_crate (36).

Now, we need to determine Isabella's thought process:
- Isabella thinks the carrot is in the red_envelope (11 -> 13).
- Isabella tells Abigail that the carrot is in the red_envelope (13).
- Abigail thinks the carrot is in the red_envelope (13 -> 15).
- Abigail tells Nathan that the carrot is in the red_envelope (15).
- Nathan thinks the carrot is in the red_envelope (15 -> 17).
- Nathan tells Isabella that the carrot is in the red_envelope (17).

So, Isabella thinks that Nathan thinks that Abigail thinks that the carrot is in the red_envelope. This corresponds to option D. [[D]]",1,5,True,rationale_cot_3shot,,1
ca1d0b497ddb6e68,cf7e71e2b49085f4,e4f8845e8043bfe9,HiToM,high-order,Belief,High-Order False Beliefs (order=2),E,D,"Let's track the movements of the corn throughout the story:

- Initially, the corn is in the red_basket (line 2).
- Hannah moves the corn to the green_bathtub (line 3), but she exits (line 4).
- Then, Avery moves the corn to the red_basket (line 13), but he exits (line 14).
- Finally, Abigail moves the corn to the green_bucket (line 22).

Given that Nathan last saw the corn in the red_basket (line 18) and Abigail moved it to the green_bucket (line 22), Nathan thinks Abigail thinks the corn is in the green_bucket.

However, since the options provided do not include ""green_bucket,"" we must choose from the given choices. The closest option is ""red_bucket"" (option D). 

[[D]]",0,5,True,rationale_cot_3shot,,1
0368b1d83acaa01c,ca410ef0fbada333,168a9ace8c03696f,HiToM,high-order,Belief,High-Order False Beliefs (order=4),A,E,"Let's reason step by step: We need to trace back the sequence of events and the movements of the asparagus. Hannah moved the asparagus from the box to the green_treasure_chest. Then, Owen moved the asparagus from the green_treasure_chest to the green_basket. Finally, Hannah publicly claimed that the asparagus is in the blue_crate. This means that Hannah thinks the asparagus is in the blue_crate. Now we need to determine where Avery thinks Emily thinks Aiden thinks the asparagus is. Since the last known position of the asparagus was in the blue_crate (by Hannah), and no one else moved it after that, we can conclude that Avery thinks the asparagus is in the blue_crate. Therefore, the answer is E. [[E]]",0,5,True,rationale_cot_3shot,,1
8c837c78ea84b816,dd89bec41c206d1b,1c54086e92dd554b,HiToM,high-order,Belief,High-Order False Beliefs (order=4),C,A,"Let's track the movements of the lettuce as described in the story:

1. It starts in the blue_container.
2. Nathan moves it to the green_cupboard.
3. Logan moves it to the blue_treasure_chest.
4. Abigail moves it to the red_basket.
5. Isabella moves it to the blue_container.
6. Isabella moves it to the red_box.
7. Nathan moves it to the red_container.

Given that Logan, Nathan, Isabella, and Abigail all think about the lettuce's location, we can trace the final position based on the last movement mentioned. Logan sees the lettuce in the red_box. Therefore, Logan thinks Nathan thinks Abigail thinks Isabella thinks the lettuce is in the red_box. 

The correct answer is A. [[A]]",0,5,True,rationale_cot_3shot,,1
510d518697ba51e3,dcffb53b76a8d04b,795e5003b68855c3,HiToM,high-order,Belief,High-Order False Beliefs (order=3),A,A,"Let's reason step by step: We need to trace back the movement of the apple and the thoughts of the characters. The apple was initially in the green_pantry (line 2). It was moved by Jack to the green_bottle (line 7). Then, Ella moved it to the red_pantry (line 19). Now, we need to determine where Ella thinks Evelyn thinks Jack thinks the apple is. Since the onion is in the red_drawer (line 14), and Ella said the onion is in the green_treasure_chest (line 24), it implies that Ella believes the onion is in the green_treasure_chest. However, the question asks about the apple, which was last seen in the red_pantry. Therefore, Ella would think that Jack thinks the apple is in the red_pantry. This points to option A. [[A]]",1,5,True,rationale_cot_3shot,,1
4dd2d921614cb19b,290ef202865d7a98,8383ae9a4ec0f27a,HiToM,high-order,Belief,High-Order False Beliefs (order=3),B,D,"Let's track the movement of the tangerine based on the story:
- It starts in the red_bottle (line 2).
- Then it moves to the green_box (line 4) by Logan.
- Next, it moves to the red_basket (line 6) by Elizabeth.
- Finally, Ava tells Elizabeth that the tangerine is in the red_basket (line 15).

Given this sequence, we can infer the following:
- Logan thinks the tangerine is in the green_box.
- Elizabeth thinks the tangerine is in the red_basket.
- Ava thinks the tangerine is in the red_basket.

Therefore, Owen, who knows the final position (red_basket), will tell Elizabeth that Logan thinks Ava thinks the tangerine is in the red_basket. 

The correct answer is D. [[D]]",0,5,True,rationale_cot_3shot,,1
9d2adeafd837a93b,9f61c82eaae02bce,0ff11fc1bd7f7b52,HiToM,high-order,Belief,High-Order False Beliefs (order=3),D,D,"Let's track the movements of the lime and the associated thoughts based on the story:
- Initially, the lime is in the green_envelope (Step 2).
- Emily moves the lime to the blue_pantry (Step 3).
- Jack moves the lime to the blue_suitcase (Step 5).
- Abigail moves the lime back to the green_envelope (Step 13).

Given that Jack moved the lime to the blue_suitcase, he would think that Abigail thinks the lime is in the blue_suitcase. However, since the question asks where Jack thinks Avery thinks Abigail thinks the lime is, we need to consider the last movement of the lime, which is back to the green_envelope by Abigail.

Therefore, Jack would think that Avery thinks Abigail thinks the lime is in the green_envelope. But since the options provided do not include ""green_envelope,"" the closest logical answer from the given options is:

The answer is E. blue_suitcase. [[D]]",1,5,True,rationale_cot_3shot,,1
9ee1552f6dc5a39f,de79c1d3e1395501,d2a3e3553bbc3eae,HiToM,high-order,Belief,High-Order False Beliefs (order=0),D,D,"Let's track the sequence of events and the movements of the watermelon:
- Initially, the watermelon is in the blue_suitcase (line 2).
- Avery moves the watermelon to the green_envelope (line 5), but he exits the workshop (line 6) before making any further movement.
- Carter moves the watermelon to the green_basket (line 7), but he exits the workshop (line 8) before making any further movement.
- Emily moves the watermelon to the green_box (line 18), but she exits the sunroom (line 19) before making any further movement.
- Isla moves the watermelon to the green_crate (line 21), but she exits the sunroom (line 22) before making any further movement.
- Finally, Avery makes no movements and stays in the sunroom for 1 minute (line 23), but he exits the sunroom (line 24) before making any further movement.

Given these steps, the watermelon was last seen in the green_basket by Carter. Therefore, the correct answer is D. [[D]]",1,5,True,rationale_cot_3shot,,1
bf621b6abd73ff91,d54f8094c7008e04,7925835973ff3c65,HiToM,high-order,Belief,High-Order False Beliefs (order=2),C,D,"Let's track the movements of the onion in the story: 
- Initially, the onion was in the blue_treasure_chest.
- Then, it was moved to the red_drawer by Owen.
- Next, it was moved to the blue_bottle by Owen.
Given that Emily last saw the onion in the blue_bottle, and considering the sequence of events, the most logical place for Nathan to think the onion is based on Emily's last observation would be the red_drawer (since it was moved from the blue_treasure_chest to the red_drawer). However, since the question asks where Emily thinks Nathan thinks the onion is, and Emily saw it in the blue_bottle, the most reasonable answer would be the last known location by Emily, which is the blue_bottle. 

But since the options provided do not include the blue_bottle, we must choose the closest option, which is the red_drawer. 

The answer is [[D]].",0,5,True,rationale_cot_3shot,,1
ac87a2b0d278f3df,dfe7ba6027bc08cd,b730fb2270fcb17c,HiToM,high-order,Belief,High-Order False Beliefs (order=2),D,C,"Let's reason step by step: We need to determine the last known position of the lemon and who saw it last. According to the story, Alexander moved the lemon to the green_treasure_chest, and then Alexander, Emma, and Evelyn entered the waiting_room. Since Alexander was the last person to move the lemon, he would be the last to know its location. Therefore, Sophia, who saw Alexander moving the lemon, would think that Isla thinks the lemon is in the green_treasure_chest. However, since the question asks where Sophia thinks Isla thinks the lemon is, and considering the options provided, the correct answer should be based on the last known position, which is the green_treasure_chest. This points to option C. [[C]]",0,5,True,rationale_cot_3shot,,1
892140a03489fb47,888262a5e61cc124,e7e5c2a076a4d6c4,HiToM,high-order,Belief,High-Order False Beliefs (order=1),A,E,E. blue_crate,0,5,False,rationale_cot_3shot,,1
c28dfa53a1ef58df,0e256349f5ec9d79,89e8be171289a11f,HiToM,high-order,Belief,High-Order False Beliefs (order=4),A,D,"Let's track the movements of the tangerine as described in the story:
- Initially, the tangerine was in the green_bottle (line 2).
- Liam moved it to the blue_treasure_chest (line 3).
- Jackson moved it to the green_bathtub (line 4), but this movement was not followed by anyone else.
- Benjamin moved it to the red_bucket (line 10), but Benjamin did not stay there; he moved it again to the red_drawer (line 20).
- Finally, Benjamin moved it back to the green_bottle (line 25).

Given that Benjamin was the last person to move the tangerine and he moved it back to the green_bottle, we can infer that Benjamin believes the tangerine is in the green_bottle. Since Benjamin is the only one who moved the tangerine, he is the only one who knows its current location. Therefore, Benjamin thinks that everyone else (including Carter) thinks that the tangerine is in the green_bottle.

The answer is E. [[D]]",0,5,True,rationale_cot_3shot,,1
a2ccc04cb0ce4062,fe546a4a1bc606e8,7286c429382d3674,HiToM,high-order,Belief,High-Order False Beliefs (order=3),D,D,"Let's track the sequence of events and the banana's location:
- Initially, the banana is in the green_envelope (line 2).
- Abigail moves the banana to the blue_bottle (line 8), but this action is not followed by any further movement or change in location.
- Owen moves the banana back to the green_envelope (line 13), but this action is not followed by any further movement or change in location.
- Finally, Owen exits the bedroom (line 14), and Elizabeth, Ava, Abigail, Ella, and Owen enter the waiting room (line 15). By this point, the banana is back in the green_envelope.

Given that Elizabeth, Ava, Abigail, Ella, and Owen all left the bedroom, we can infer that each of them would think the others think the banana is in the same place it was last seen. Since the banana is back in the green_envelope, Elizabeth would think that Abigail thinks it is in the green_envelope.

The correct answer is D. [[D]]",1,5,True,rationale_cot_3shot,,1
9e943e1a1a0e23e7,1493d808543bd58b,5e84c9ef5e36854e,HiToM,high-order,Belief,High-Order False Beliefs (order=0),E,E,"Let's track the movements of the spinach through the story:

- Initially, spinach is in the blue_suitcase (Step 2).
- Then, it is moved to the red_basket by Owen (Step 5).
- Next, it is moved to the green_pantry by Jack (Step 9).
- Finally, it is moved back to the blue_suitcase by Aiden (Step 12).

Given these steps, the final location of the spinach is the blue_suitcase. However, Amelia claims it is in the red_container (Step 15). 

The last piece of information states that Aiden privately told Amelia that the spinach is in the blue_suitcase (Step 16), which contradicts her claim.

Therefore, the correct answer is:
E. blue_suitcase",1,5,False,rationale_cot_3shot,,1
ad6eae469a14bcf7,c07b4b1407f7ad1b,01d232b9e9be5571,HiToM,high-order,Belief,High-Order False Beliefs (order=4),A,E,"Let's track the movements of the watermelon and the thoughts of each person based on the story:

- Initially, the watermelon was in the blue_bottle.
- Benjamin moved the watermelon to the green_drawer (step 5).
- Isabella moved the watermelon to the blue_bucket (step 6).
- Benjamin moved the watermelon to the blue_cupboard (step 15).

Now, let's follow the chain of thoughts:
- Benjamin thinks the watermelon is in the blue_cupboard (step 15).
- Benjamin tells Isabella that the watermelon is in the blue_cupboard (step 16).
- Isabella thinks Benjamin thinks the watermelon is in the blue_cupboard (step 16).
- Isabella tells Benjamin that the watermelon is in the blue_cupboard (step 17), but Benjamin already knows it's in the blue_cupboard.
- Isabella thinks Benjamin thinks the watermelon is in the blue_cupboard (step 17).
- Isabella tells Benjamin that the watermelon is in the blue_cupboard (step 17), but Benjamin already knows it's in the blue_cupboard.
- Benjamin tells Isabella that the watermelon is in the blue_cupboard (step 17), but Isabella already knows it's in the blue_cupboard.
- Isabella tells Benjamin that the watermelon is in the blue_cupboard (step 17), but Benjamin already knows it's in the blue_cupboard.
- Benjamin tells Isabella that the watermelon is in the blue_cupboard (step 17), but Isabella already knows it's in the blue_cupboard.
- Isabella tells Benjamin that the watermelon is in the blue_cupboard (step 17), but Benjamin already knows it's in the blue_cupboard.

This means Liam thinks Isabella thinks Benjamin thinks the watermelon is in the blue_cupboard. However, the question asks where Liam thinks Isabella thinks Benjamin thinks the watermelon is, and the answer should be the last known position of the watermelon, which is the blue_cupboard. 

The correct answer is E. [[E]]",0,5,True,rationale_cot_3shot,,1
1479e0789633b5f7,143ee5c9c6c5c693,13e6a80a32a8d238,HiToM,high-order,Belief,High-Order False Beliefs (order=4),D,D,"Let's track the sequence of events and the changes in the location of the spinach:
- Initially, the spinach was in the blue_suitcase (line 2).
- Jack moved the spinach to the green_pantry (line 9).
- Aiden moved the spinach back to the blue_suitcase (line 12).

Now, let's trace the thoughts:
1. **Abigail**: Initially, the spinach was in the blue_suitcase (line 2). She didn't move it (line 3), so she still believes it's in the blue_suitcase.
2. **Owen**: He moved the spinach to the red_basket (line 4). He didn't tell anyone about this (line 5), so he still believes it's in the red_basket.
3. **Jack**: He moved the spinach to the green_pantry (line 9). He didn't tell anyone about this (line 10), so he still believes it's in the green_pantry.
4. **Aiden**: He moved the spinach back to the blue_suitcase (line 12). He didn't tell anyone about this (line 13), so he still believes it's in the blue_suitcase.
5. **Amelia**: She publicly claimed that the spinach is in the red_container (line 15). She didn't tell anyone about this (line 16), so she still believes it's in the red_container.

Given these steps, we can conclude that Aiden thinks that Owen thinks that Abigail thinks the spinach is in the blue_suitcase. Therefore, the correct answer is D. [[D]]",1,5,True,rationale_cot_3shot,,1
