item_id,prompt_hash,story_id,source,task,category,ability,answer,pred,raw,correct,n_options,marker_found,condition,seed,exemplar_seed
6cf0a925be0026c9,f0641f39b0508ec7,9e0d52e419e5bdb5,SocialIQa,social_cs,Mixed,Mixed,B,B,"Let's reason step by step: Given the context, Jan was told she couldn't ride the motorcycle, but Cameron still did it anyway. This implies Jan might be surprised or upset. This points to option B. [[B]]",1,,True,rationale_cot_3shot,,0
ba9b75d7559ade5a,027f2fb16b2b248f,384421170d6fd7c0,SocialIQa,social_cs,Mixed,Mixed,C,A,"Let's reason step by step: I track who has access to which information in the story, then check what the relevant character would infer given only what they observed. This points to option A. [[A]]",0,,True,rationale_cot_3shot,,0
9a94f3bdc5a82254,058db6725230e56e,49d45640a4228733,SocialIQa,social_cs,Mixed,Mixed,A,B,"Let's reason step by step: I track who has access to which information in the story, then check what the relevant character would infer given only what they observed. This points to option B. [[B]]",0,,True,rationale_cot_3shot,,0
ea675245f29e3589,e0de358ebc83a035,b2905faca62d97df,SocialIQa,social_cs,Mixed,Mixed,A,A,[[A]],1,,True,rationale_cot_3shot,,0
8318c7d816e1f113,fb81a6e062c0b571,db4ef11b51a16d31,SocialIQa,social_cs,Mixed,Mixed,C,C,"Based on the story, Jesse yelled at his brother after an accident, which suggests he might feel remorseful. Therefore, the most likely answer is:

[[C]]",1,,True,rationale_cot_3shot,,0
f025fe0f6f8dbe9e,032962b4cb85677e,47fca3b210d197c6,SocialIQa,social_cs,Mixed,Mixed,B,B,"Let's reason step by step: Before solving the world's water problem, Lee needed to conduct research and develop a plan. This points to option B. [[B]]",1,,True,rationale_cot_3shot,,0
c864da5cbe9a82fc,eaa284c1a58015f1,13d69209deace050,SocialIQa,social_cs,Mixed,Mixed,A,C,"Based on the context provided, the most logical action for Remy would be to prevent further interaction between the individuals. Therefore, the answer is C. [[C]]",0,,True,rationale_cot_3shot,,0
9d7409d95a2e3f7c,1a1c8dc8204e4a7b,18f303eec8e379de,SocialIQa,social_cs,Mixed,Mixed,B,C,[[C]],0,,True,rationale_cot_3shot,,0
770e56acbaa509c7,41029c932786eb1d,280c87b56565faef,SocialIQa,social_cs,Mixed,Mixed,B,B,[[B]],1,,True,rationale_cot_3shot,,0
32720eb68f367027,1e207d8cc14cb1c4,3783f88f4f1854fa,SocialIQa,social_cs,Mixed,Mixed,A,B,"Let's reason step by step: Austin discharged Carson from his duty, which implies that Austin felt the need to correct Carson's behavior. Given the context, the feeling Austin would likely have afterward is positive. This points to option B. [[B]]",0,,True,rationale_cot_3shot,,0
0f39c59ca78fe877,f6af3d40e774d285,b357406d0e1dba61,SocialIQa,social_cs,Mixed,Mixed,A,B,"Let's reason step by step: Based on the story, Addison received a new bracelet from Robin and had it put on her wrist. This implies a positive interaction between Addison and Robin. Given the context, the most likely reaction is happiness or appreciation for the gift. This points to option B. [[B]]",0,,True,rationale_cot_3shot,,0
c67b67b09ff5ff85,ee1e35c207dfa516,f650d108aa638f6c,SocialIQa,social_cs,Mixed,Mixed,B,A,"Based on the story provided, the most logical outcome is that Alex will lose the contract due to Sasha failing to deliver the ordered food. Therefore, the answer is:

[[A]]",0,,True,rationale_cot_3shot,,0
9b6bc699f6eb3773,215b4d30cdd5af4f,eca9eced17a0bc0a,SocialIQa,social_cs,Mixed,Mixed,C,B,"Let's reason step by step: I track who has access to which information in the story, then check what the relevant character would infer given only what they observed. This points to option B. [[B]]",0,,True,rationale_cot_3shot,,0
d212f37ba93d0d2c,24e067b746bfd49e,25a983a55f488a60,SocialIQa,social_cs,Mixed,Mixed,B,B,"Let's reason step by step: In the story, Addison gets a car after working hard for many months. Given the context, the logical prerequisite for getting a car through hard work would be having a job to earn money. This points to option B. [[B]]",1,,True,rationale_cot_3shot,,0
d12c40ec18af68f7,d40b005b5b75f5d3,5f107d5b2e091de9,SocialIQa,social_cs,Mixed,Mixed,B,C,"Let's reason step by step: I track who has access to which information in the story, then check what the relevant character would infer given only what they observed. This points to option C. [[C]]",0,,True,rationale_cot_3shot,,0
52c109285a321796,d23223de3c978238,e3dff6668b668097,SocialIQa,social_cs,Mixed,Mixed,C,C,"Based on the story provided, the most likely description of Alex is:

[[C]]",1,,True,rationale_cot_3shot,,0
f734576c3e0b9922,979faee131b98a9e,b9c8e3e4456fc05a,SocialIQa,social_cs,Mixed,Mixed,A,A,[[A]],1,,True,rationale_cot_3shot,,0
237c5cdf4d6466e9,33fe59cc9a4cad80,4dd0948ee575ba96,SocialIQa,social_cs,Mixed,Mixed,A,A,"Let's reason step by step: Based on the story, Kendall was pretending to be interested in Sydney, but Sydney found out the truth. This implies Kendall might feel disappointed or hurt. This points to option A. [[A]]",1,,True,rationale_cot_3shot,,0
c760a23305b02576,4f056a1b04b5c34a,b5054293b9903dbd,SocialIQa,social_cs,Mixed,Mixed,C,C,"Let's track the information provided in the story: Remy gave birth to a baby girl on a Saturday afternoon. This implies that Remy needed to go to the hospital before giving birth. 

This leads us to the correct answer being:

[[C]]",1,,True,rationale_cot_3shot,,0
37ff8e15a30083a7,d98f55f561df8f52,affe63ae07a978d2,SocialIQa,social_cs,Mixed,Mixed,C,C,[[C]],1,,True,rationale_cot_3shot,,0
db0a6d82230df8e6,50145a8e96b596f1,5d1e82b65596f0cc,SocialIQa,social_cs,Mixed,Mixed,C,C,"Based on the story provided, the most likely feeling others would have is being supportive. Therefore, the answer is [[C]].",1,,True,rationale_cot_3shot,,0
f225e4ff702d796b,4d06f5300ea46217,8625b0eb4e790dec,SocialIQa,social_cs,Mixed,Mixed,A,A,"Based on the story, Riley let out a scream of pain, which indicates they are in a lot of pain. Therefore, the most appropriate answer is:

[[A]]",1,,True,rationale_cot_3shot,,0
f61d16d3446eb778,946889d04662db04,5289c7d0931d9848,SocialIQa,social_cs,Mixed,Mixed,A,A,"Let's reason step by step: I track who has access to which information in the story, then check what the relevant character would infer given only what they observed. This points to option A. [[A]]",1,,True,rationale_cot_3shot,,0
a0815dc3bc846613,f481db48109cfae3,2a1f9c343401c50a,SocialIQa,social_cs,Mixed,Mixed,B,B,"Let's reason step by step: Austin got extra help, which implies he feels supported and assisted. This would likely make him feel positive. This points to option B. [[B]]",1,,True,rationale_cot_3shot,,0
bc78a6ed3354f8de,b9ac3b670b992c46,c7e49ab9b935f1e6,SocialIQa,social_cs,Mixed,Mixed,C,B,[[B]],0,,True,rationale_cot_3shot,,0
2e1b9b1d39e12c5b,b4355be0c842edd8,56317825f575d8b9,SocialIQa,social_cs,Mixed,Mixed,C,C,"Let's reason step by step: I track who has access to which information in the story, then check what the relevant character would infer given only what they observed. This points to option C. [[C]]",1,,True,rationale_cot_3shot,,0
260b93960f508748,7c4b0d78c4f1553e,509b2c03fb445f8b,SocialIQa,social_cs,Mixed,Mixed,C,C,"Let's reason step by step: If Alex helped Riley with the math problem, Riley might feel proud of having someone assist him. This points to option C. [[C]]",1,,True,rationale_cot_3shot,,0
f60a09adeffb680d,c06fb0ed7923a5c4,2d9547aca49e4d70,SocialIQa,social_cs,Mixed,Mixed,A,A,[[A]],1,,True,rationale_cot_3shot,,0
2fc81d778de1d8fd,6837e76848b055b1,684a2cbba6e43cac,SocialIQa,social_cs,Mixed,Mixed,A,A,"Based on the story, Taylor threw something away because it was spoiled, which implies Taylor is careful about hygiene and cleanliness. The most fitting description from the given options is:

[[A]]

This answer is based on the assumption that being ""sanitary"" aligns best with the context of throwing away spoiled items.",1,,True,rationale_cot_3shot,,0
7c4d7554deac954d,bee47fa28db96ec9,0f75772d91c32f1e,SocialIQa,social_cs,Mixed,Mixed,C,C,[[C]],1,,True,rationale_cot_3shot,,0
42ced65d4f65d1e0,fca5d6da5fe460f4,0af09bdb61befe78,SocialIQa,social_cs,Mixed,Mixed,B,B,"Based on the story provided, the most likely description of Ash is:

[[B]]",1,,True,rationale_cot_3shot,,0
ad7200a9536d4dba,cbc1336f1e4e2c74,d5b28a17b5150753,SocialIQa,social_cs,Mixed,Mixed,C,C,"Let's reason step by step: Given that Austin just got a new computer and made an email, others might feel C. content. [[C]]",1,,True,rationale_cot_3shot,,0
d5decb9312425eea,44b00c7d50bd9159,aadf4391f0639845,SocialIQa,social_cs,Mixed,Mixed,C,C,[[C]],1,,True,rationale_cot_3shot,,0
24729934de2a5bfb,b027cbc6153aaa4b,e5bbdb60acabc3a0,SocialIQa,social_cs,Mixed,Mixed,B,C,"Let's reason step by step: I track who has access to which information in the story, then check what the relevant character would infer given only what they observed. This points to option C. [[C]]",0,,True,rationale_cot_3shot,,0
e637b1967832f514,d23666e903936319,6b436df82be211ca,SocialIQa,social_cs,Mixed,Mixed,C,C,"Let's reason step by step: Based on the action described (handed the tools back), the most likely feeling Quinn would experience is being thoughtful. [[C]]",1,,True,rationale_cot_3shot,,0
a5fa5bdc1b0513a4,16b4d0dd75383527,4e2d8179da750faa,SocialIQa,social_cs,Mixed,Mixed,A,A,"Based on the story, the most fitting description for Jordan is:

[[A]]",1,,True,rationale_cot_3shot,,0
1929867dc395e671,e5e9908bc4ac3c90,5c27a01cfaa575e1,SocialIQa,social_cs,Mixed,Mixed,C,C,[[C]],1,,True,rationale_cot_3shot,,0
92a1e46d358803cc,f84c5997b3b333f2,55a35566fe1a4123,SocialIQa,social_cs,Mixed,Mixed,B,B,"Based on the story provided, Riley would feel pain after falling off his bike. Therefore, the correct answer is:

[[B]]",1,,True,rationale_cot_3shot,,0
5bd919502ea198b3,e483bc9caa937fad,6bdabd0491e289c8,SocialIQa,social_cs,Mixed,Mixed,A,A,[[A]],1,,True,rationale_cot_3shot,,0
33429426838f936e,d1c80a19561e5458,3dc6d14ec0fa35d4,SocialIQa,social_cs,Mixed,Mixed,A,B,"Based on the story provided, the most likely outcome is that Kendall will be awkward on stage. [[B]]",0,,True,rationale_cot_3shot,,0
0f1237cb55954431,35c4835beef80e7a,fb65dc7b26fdde2d,SocialIQa,social_cs,Mixed,Mixed,B,C,[[C]],0,,True,rationale_cot_3shot,,0
cab57dcfac13e776,1e1e0d7c99131a2e,8f44066c293b8bfb,SocialIQa,social_cs,Mixed,Mixed,A,A,Let's reason step by step: Kai being scared and sitting in Austin's lap implies that Kai needed to be scared first. This points to option A. [[A]],1,,True,rationale_cot_3shot,,0
ddc50c19995e32eb,17debc2d22efb450,e6e4f3be1192e533,SocialIQa,social_cs,Mixed,Mixed,A,C,"Let's reason step by step: Given the context, the most likely action for Kendall would be to understand the situation rather than react negatively or walk away. This points to option C. [[C]]",0,,True,rationale_cot_3shot,,0
cbdfd81a579f3d6f-1,bb25d87870570420,756f97a49b8724c9,SocialIQa,social_cs,Mixed,Mixed,B,B,[[B]],1,,True,rationale_cot_3shot,,0
02eb2fab773b2d31,0cdd9b813a2a04e9,b488518380b54c82,SocialIQa,social_cs,Mixed,Mixed,A,C,"Based on the context provided, the most likely feeling the man would have is frustration. Therefore, the answer is [[C]].",0,,True,rationale_cot_3shot,,0
0363dcc40ea4d3e4,ba29ef3a48e52cfd,e1fad78f4929cc17,SocialIQa,social_cs,Mixed,Mixed,C,C,"Based on the context provided, the most logical action for Lee would be to seek assistance. [[C]]",1,,True,rationale_cot_3shot,,0
dbd75f34f6871a88,cca6a0b460d31953,ff88281116690852,SocialIQa,social_cs,Mixed,Mixed,A,C,"Based on the story, Bailey had second thoughts and decided not to show up for the date, indicating anxiety and guilt. Therefore, the most fitting description is:

[[C]]

The answer is C.",0,,True,rationale_cot_3shot,,0
e32aeea72aa313b0,fd91b045c85af4d0,537512b9d51265f5,SocialIQa,social_cs,Mixed,Mixed,A,C,[[C]],0,,True,rationale_cot_3shot,,0
75a665a2da5a50fd,c35636206cf032b3,b8b4ce8160802092,SocialIQa,social_cs,Mixed,Mixed,B,A,"Let's reason step by step: I track who has access to which information in the story, then check what the relevant character would infer given only what they observed. This points to option A. [[A]]",0,,True,rationale_cot_3shot,,0
6b5b26f2958a5415,16a7fcb1ebe9e6ee,0e4f9c0cc970f397,SocialIQa,social_cs,Mixed,Mixed,A,A,"Based on the story provided, Robin's action suggests that Ash is thoughtful. Therefore, the most fitting description is:

[[A]]",1,,True,rationale_cot_3shot,,0
bc7ca0c4f59bbce6,5cb1fc48f7e38827,d23fcc5abdac6e0d,SocialIQa,social_cs,Mixed,Mixed,A,A,"Based on the story provided, Jordan feels the way described in option A. [[A]]",1,,True,rationale_cot_3shot,,0
20ba1ec6b6baabf1,e61b145253ac5c5e,e26b522a0d8a98bc,SocialIQa,social_cs,Mixed,Mixed,A,A,"Let's reason step by step: I track who has access to which information in the story, then check what the relevant character would infer given only what they observed. This points to option A. [[A]]",1,,True,rationale_cot_3shot,,0
8ced7b47b228d86d,695b794602e798e4,68fca9f980401d6d,SocialIQa,social_cs,Mixed,Mixed,C,B,"Let's reason step by step: Cameron's pep talk likely boosted Casey's confidence. Given this context, the most logical action for Casey would be to take initiative. This points to option B. [[B]]",0,,True,rationale_cot_3shot,,0
ac3d54624b495ca5,5d55fe5ed22df509,31ef9f5243c97de4,SocialIQa,social_cs,Mixed,Mixed,A,E,"Let's reason step by step: I track who has access to which information in the story, then check what the relevant character would infer given only what they observed. However, the story doesn't provide enough context to predict what will happen to Addison. This points to none of the given options. There is no clear answer among the provided choices. [[E]]",0,,True,rationale_cot_3shot,,0
e2fe7b2bc445d1ad,965a8f68315071e8,cdeb934405a64683,SocialIQa,social_cs,Mixed,Mixed,A,A,[[A]],1,,True,rationale_cot_3shot,,0
a22892d123ef571c,9818b4e14b2a35da,50b5d8eb2978aba1,SocialIQa,social_cs,Mixed,Mixed,B,B,"Based on the context provided, Jan plays dumb to stay safe from Jesse the bully. Therefore, the most likely answer is B. [[B]]",1,,True,rationale_cot_3shot,,0
9d8311adbf4baf32,736d5408bdb2b4a0,73570b50ebcdeea0,SocialIQa,social_cs,Mixed,Mixed,A,A,"Let's reason step by step: Given the context of Quinn murdering Remy's wife, the most logical action for Remy would be to contact authorities. This points to option A. [[A]]",1,,True,rationale_cot_3shot,,0
34bcd8c9bce8c2d8,ee863d87a397caa0,4df8079ed723bf54,SocialIQa,social_cs,Mixed,Mixed,B,C,"Based on the context provided, Aubrey having an answer sheet hidden on her desk suggests cheating, which would likely cause her feelings to be:

[[C]]",0,,True,rationale_cot_3shot,,0
9f1557486ca231e4,69f4dc297a4513d8,6ddf136cbe2a62f3,SocialIQa,social_cs,Mixed,Mixed,B,B,"Based on the given story, the most likely description of Robin is that she spent a lot of time cleaning, which suggests she is meticulous. Therefore, the answer is:

[[B]]",1,,True,rationale_cot_3shot,,0
00bf1b5904d3bbf1,4da22481d29a9183,991992203374540f,SocialIQa,social_cs,Mixed,Mixed,C,C,"Let's reason step by step: Given that Alex gave birth to Sasha, the natural next step for Sasha would be to keep the baby. This points to option C. [[C]]",1,,True,rationale_cot_3shot,,0
7d441d7f89aae722,9d2101c44ff5f479,bed771cf3eb6e948,SocialIQa,social_cs,Mixed,Mixed,C,C,Let's reason step by step: Aubrey feeding Tracy's kids spaghetti after practice implies that Tracy might feel appreciated. This points to option C. [[C]],1,,True,rationale_cot_3shot,,0
1d6f081492590b6c,28cbd84481742b23,fd6d7050819ed166,SocialIQa,social_cs,Mixed,Mixed,C,C,"Based on the story provided, the most likely feeling Kai would have afterwards is:

[[C]]",1,,True,rationale_cot_3shot,,0
79735a2db89261f7,fb5e3766e5679cb0,aa0e6031636b9960,SocialIQa,social_cs,Mixed,Mixed,A,A,"Let's reason step by step: I track who has access to which information in the story, then check what the relevant character would infer given only what they observed. This points to option A. [[A]]",1,,True,rationale_cot_3shot,,0
4f3292c70d18d859,979dc17fe4cd7890,e83a343b72530a48,SocialIQa,social_cs,Mixed,Mixed,C,B,[[B]],0,,True,rationale_cot_3shot,,0
258aada1a776d97f,6185094dae72212e,b550b4d5fe1f2753,SocialIQa,social_cs,Mixed,Mixed,B,B,"Let's reason step by step: In the story, Bailey is at his friend's house and the house next door catches on fire. This implies that the people in the burning house (the house next door) will be affected by the fire. Given the options, the most logical answer is that the people in the burning house will lose their home in the fire. This points to option B. [[",1,,True,rationale_cot_3shot,,0
576e0000d43087f6-1,ff902fd030851fed,1a804efd216416e2,SocialIQa,social_cs,Mixed,Mixed,C,C,"Based on the distrustful nature of Riley, the most likely scenario is that Jesse will be questioned by Riley. Therefore, the answer is [[C]].",1,,True,rationale_cot_3shot,,0
5e4f84f56963b827,a042980fb0677b09,61ab2c29be290636,SocialIQa,social_cs,Mixed,Mixed,B,B,"Let's reason step by step: Quinn knows Ash well and still chose to break into Ash's locker and steal a jacket, indicating a lack of good feelings. This points to option B. [[B]]",1,,True,rationale_cot_3shot,,0
a9e751ad162b7bbf,640d4af54641e074,beb2fff9b9dfc8b0,SocialIQa,social_cs,Mixed,Mixed,A,A,"Let's reason step by step: Given that Taylor made a video game based on their family's experience, the logical next step would be to have them test it out. This ensures the game reflects their experiences accurately. This points to option A. [[A]]",1,,True,rationale_cot_3shot,,0
5be4c5cc81a2b9dd,31b1390c9d4ffbc0,ea8d3b7077b88cd1,SocialIQa,social_cs,Mixed,Mixed,C,C,"Let's reason step by step: From the story, we understand that Sasha was asked to join the revolution, but the story doesn't specify what Sasha needed to do before this. However, based on the context, Sasha needed to be willing and able to join the revolution. This implies joining the revolution. This points to option C. [[C]]",1,,True,rationale_cot_3shot,,0
083d8be4ccfecca3,47b2007e7e523285,b53e3adff7097333,SocialIQa,social_cs,Mixed,Mixed,B,B,"Let's reason step by step: Given the context that Ash broke his ankle after falling off his bike, the most likely scenario is that he will need medical attention. This points to option B. [[B]]",1,,True,rationale_cot_3shot,,0
ffe11158a2cec611,1b2e339035aaf058,13ed21250971eb03,SocialIQa,social_cs,Mixed,Mixed,A,A,"Let's reason step by step: I track who has access to which information in the story, then check what the relevant character would infer given only what they observed. This points to option A. [[A]]",1,,True,rationale_cot_3shot,,0
eb0a8655c68a4e94,c8fa7e446bb3cdb0,7d654e3610fce889,SocialIQa,social_cs,Mixed,Mixed,A,A,"Based on the context provided, the most logical action for Cameron would be to go to the dentist. Therefore, the answer is:

[[A]]",1,,True,rationale_cot_3shot,,0
1d75d6c119326614,f2b336e26bf231e2,718d80ad980347c1,SocialIQa,social_cs,Mixed,Mixed,A,C,"Based on the story provided, the most likely description of Cameron is:

[[C]]

Cameron being ""bored out of his mind"" suggests he found the show uninteresting, which aligns with being described as ""boring.""",0,,True,rationale_cot_3shot,,0
b10f3f7744eff0ae,12abbd58c7ce8980,4d81f24ee87522c5,SocialIQa,social_cs,Mixed,Mixed,B,B,"Let's reason step by step: Given the context that Tracy was ""crowded around"" and ""wanted to intimidate,"" it suggests Tracy is aggressive. This points to option B. [[B]]",1,,True,rationale_cot_3shot,,0
f8b3f85f0d5909f9,63838476f523144b,70bbcf7517eaf2b7,SocialIQa,social_cs,Mixed,Mixed,B,B,"Based on the story provided, the most logical answer is that Quinn is hesitant because they might not want to face the results, which implies taking a moment to prepare for possible disappointment. Therefore, the answer is [[B]].",1,,True,rationale_cot_3shot,,0
ba7ad13198ff428f,47863f9b4a012a41,4436e9621b52f4bc,SocialIQa,social_cs,Mixed,Mixed,B,B,"Let's reason step by step: I track who has access to which information in the story, then check what the relevant character would infer given only what they observed. This points to option B. [[B]]",1,,True,rationale_cot_3shot,,0
3a9d478097bff3e2,10929b717a101c5f,6fb836c5513f43b6,SocialIQa,social_cs,Mixed,Mixed,C,C,"Let's reason step by step: I track who has access to which information in the story, then check what the relevant character would infer given only what they observed. This points to option C. [[C]]",1,,True,rationale_cot_3shot,,0
37db566c689c9440,66ff68325ec18333,676336e3866e81ec,SocialIQa,social_cs,Mixed,Mixed,B,B,"Based on the context provided, Bailey feels bad about being late but there's no indication that she wants to ask for an apology or go to the dentist. Therefore, the most logical action is to ensure punctuality in the future. 

The most likely answer is: [[B]]",1,,True,rationale_cot_3shot,,0
945e060c65d6572f,90c28b0e5ce50afb,9ce3f4f921c0af4f,SocialIQa,social_cs,Mixed,Mixed,C,C,"Based on the context provided, the most logical action for Alex would be to hire Sasha again. [[C]]",1,,True,rationale_cot_3shot,,0
b5c95431e0806361,a8d2e523d43e7b68,2be1a621b7ecd78b,SocialIQa,social_cs,Mixed,Mixed,B,B,[[B]],1,,True,rationale_cot_3shot,,0
996e313080eb8cd3,b211da7eb5cd4aa3,e962d010e4528288,SocialIQa,social_cs,Mixed,Mixed,A,C,"Based on the story provided, the most logical inference is that Casey will become famous because of their exceptional singing skills. Therefore, the answer is:

[[C]]",0,,True,rationale_cot_3shot,,0
b0cc57726bd4714a,e23ebc04c2a6c7e4,e29521cb4ab0f24f,SocialIQa,social_cs,Mixed,Mixed,C,C,"Based on the story provided, the most fitting description for Cameron would be that he enjoys being outdoors. This leads us to option C. [[C]]",1,,True,rationale_cot_3shot,,0
9c53bdebac9955b4,d238de68b8c05197,1009d99f1fd36706,SocialIQa,social_cs,Mixed,Mixed,C,C,"Let's reason step by step: From the story, we understand that Jan called Quinn's friends without informing Quinn. This implies that Quinn might feel betrayed. [[C]]",1,,True,rationale_cot_3shot,,0
7df6a338fc6e6e96,bda3327143b94ec7,74cff3fca2a7afad,SocialIQa,social_cs,Mixed,Mixed,C,C,"Let's reason step by step: The story indicates that Remy took the suggestion seriously because it was coming from their manager. Given this context, the most logical inference is that Remy cooperated with their boss. This points to option C. [[C]]",1,,True,rationale_cot_3shot,,0
4ff66ec21263cc5d,0a95d278e8ec3e19,9db790390f0438c1,SocialIQa,social_cs,Mixed,Mixed,C,C,"Based on the story provided, the most logical inference is that Alex sought expert advice to make an informed decision. Therefore, the answer is:

[[C]]",1,,True,rationale_cot_3shot,,0
3cc1c20c9d38e142,784f90f12d1883c2,ba594260dae0af4a,SocialIQa,social_cs,Mixed,Mixed,C,C,"Based on the context provided, the most logical action for Austin would be to dispose of the body in chemicals to cover up his crime. 

The answer is: [[C]]",1,,True,rationale_cot_3shot,,0
d69c80b0fcc204ef,b249c2ec95a42928,929ee66ee5a010cb,SocialIQa,social_cs,Mixed,Mixed,C,B,"Let's reason step by step: Given the context that Aubrey understands Remy better the more they spend time together, the most logical outcome is that they will become good friends. This points to option B. [[B]]",0,,True,rationale_cot_3shot,,0
75ceb1128d608392,a9966a5c55f072cf,65a60688a1309b2e,SocialIQa,social_cs,Mixed,Mixed,B,B,[[B]],1,,True,rationale_cot_3shot,,0
a5b9091cd3e648c0,fd0d48953c6fe39d,5fc6596d3e6a880a,SocialIQa,social_cs,Mixed,Mixed,C,C,[[C]],1,,True,rationale_cot_3shot,,0
d7a63295f8c2be96,be7746fb01324cfd,ff6d1a36fe42d7a2,SocialIQa,social_cs,Mixed,Mixed,A,B,"Let's reason step by step: Given the context of Quinn getting a promotion and moving into a new, larger house, the most logical action would be to accommodate the additional space. This points to option B. [[B]]",0,,True,rationale_cot_3shot,,0
aabaa333f98b0383,d826617f5d3ee96e,960e731b8e87736e,SocialIQa,social_cs,Mixed,Mixed,B,B,"Based on the story, Austin wanted ice cream instead of the chocolate cake with sprinkles offered by Mark, which implies he was not happy with the choice. Therefore, the most fitting description would be frustrated. The answer is [[B]].",1,,True,rationale_cot_3shot,,0
c361ab897232eff1,9dfa7e72799d6365,3d61da8138751752,SocialIQa,social_cs,Mixed,Mixed,B,B,"Let's reason step by step: Sasha put sand in the people's food at lunch, which indicates a negative action. This points to option B. [[B]]",1,,True,rationale_cot_3shot,,0
5d8e83ca72afb3ef,592215009973e6cf,ed74bbab2db4994b,SocialIQa,social_cs,Mixed,Mixed,C,C,"Let's reason step by step: I track who has access to which information in the story, then check what the relevant character would infer given only what they observed. This points to option C. [[C]]",1,,True,rationale_cot_3shot,,0
b27db6091bddf25e,f24ce0d8822c9d0a,24df22e35c86e2c3,SocialIQa,social_cs,Mixed,Mixed,B,B,"Based on the context provided, the most likely feeling from his friends would be:

[Answer] B. motivated to change

[[B]]",1,,True,rationale_cot_3shot,,0
79c1718a13181fcc,92dab234cfdad472,63fc2ff2f42b2600,SocialIQa,social_cs,Mixed,Mixed,A,A,[[A]],1,,True,rationale_cot_3shot,,0
0b1bc8e45de68c56,498916703e2ef460,48e3490ff379f86d,SocialIQa,social_cs,Mixed,Mixed,B,B,"Based on the story provided, the most likely feeling others might have is:

B. happy that they were born a girl

So the answer is [[B]].",1,,True,rationale_cot_3shot,,0
b19d6bdc812a2322,76fa5b56065b30a5,76297f8972b95ce9,SocialIQa,social_cs,Mixed,Mixed,C,C,"Let's reason step by step: Based on the context provided, Jordan talked behind Ash's back, which implies a negative intention. This suggests that Jordan's action was not to be nice but rather to harm Ash's reputation. This points to option C. [[C]]",1,,True,rationale_cot_3shot,,0
55617087765b437f,a2ff9bb161df7f6a,9cf29a3761f27b59,SocialIQa,social_cs,Mixed,Mixed,A,A,"Let's reason step by step: I track who has access to which information in the story, then check what the relevant character would infer given only what they observed. This points to option A. [[A]]",1,,True,rationale_cot_3shot,,0
bae15a6ecbd12d92,ae5514fe760d5441,beece8b6dc5507c1,SocialIQa,social_cs,Mixed,Mixed,B,B,"Based on the context provided, Riley gave Jesse a scornful look after Jesse made a mistake, which suggests Riley was annoyed. Therefore, the correct answer is [[B]].",1,,True,rationale_cot_3shot,,0
d592638273982ad2,c177628c9a5eebc7,823ec80d7e96cc06,SocialIQa,social_cs,Mixed,Mixed,C,C,"Based on the story provided, the most likely description of Kendall is that she is hardworking. [[C]]",1,,True,rationale_cot_3shot,,0
0e39e7bccc4f45e5,32d786cf17f0f042,fb2601c8369ae072,SocialIQa,social_cs,Mixed,Mixed,C,A,"Based on the context provided, the most likely feeling Remy would have is being well-liked. [[A]]",0,,True,rationale_cot_3shot,,0
eb942da3c188a05b,bc6b8273da082a55,22930d5e0314de8b,SocialIQa,social_cs,Mixed,Mixed,A,A,"Let's reason step by step: I track who has access to which information in the story, then check what the relevant character would infer given only what they observed. This points to option A. [[A]]",1,,True,rationale_cot_3shot,,0
fd2f3c216b21cc0d,3f4fdf11e813cea5,26f855f15b9767a3,SocialIQa,social_cs,Mixed,Mixed,A,C,"Based on the story provided, Riley is suspicious of Jesse, so the most likely outcome is that Riley will distrust Jesse. [[C]]",0,,True,rationale_cot_3shot,,0
828424570117f47f,7ea950da006ec4a3,cbdb09dd54c5762c,SocialIQa,social_cs,Mixed,Mixed,C,C,"Let's reason step by step: I track who has access to which information in the story, then check what the relevant character would infer given only what they observed. This points to option C. [[C]]",1,,True,rationale_cot_3shot,,0
76d9b9acfcae642e,1e4cd16c05209dc9,a954bfed4368b02b,SocialIQa,social_cs,Mixed,Mixed,C,A,"Based on the context provided, Carson shakes Jan's head to ease the tension of the situation. 

The correct answer is: [[A]]",0,,True,rationale_cot_3shot,,0
de2192eac3725bac,9e8efedfeb28dacd,c47e41f93d4dca98,SocialIQa,social_cs,Mixed,Mixed,B,B,"Let's reason step by step: I track who has access to which information in the story, then check what the relevant character would infer given only what they observed. This points to option B. [[B]]",1,,True,rationale_cot_3shot,,0
845ee71bd8c51d38,6679b5e90489d70f,a37f884c870d9348,SocialIQa,social_cs,Mixed,Mixed,C,C,"Based on the context provided, the most likely feeling Skylar would have is being taken into account. Therefore, the answer is:

[[C]]",1,,True,rationale_cot_3shot,,0
6b3ece65936c5e3d,406f8b019d976b72,24a3d0eeba1662c0,SocialIQa,social_cs,Mixed,Mixed,B,B,"Based on the story provided, the most likely feeling Kai would have afterwards is:

[[B]]

The story indicates that Kai was feeling confused, and since making things up as they go along might lead to insecurity and confusion, option B seems the most fitting.",1,,True,rationale_cot_3shot,,0
03419b92445c7a79,0acbe34f57d6add4,5ccee90e838535d2,SocialIQa,social_cs,Mixed,Mixed,A,A,[[A]],1,,True,rationale_cot_3shot,,0
b9f54bc327804451,8db76fb0e57bac7c,740654076967ec50,SocialIQa,social_cs,Mixed,Mixed,A,B,"Let's reason step by step: The story doesn't provide any context for why Austin built the tent. However, based on the options provided, the most logical inference would be that Austin did it because he was proud. [[B]]",0,,True,rationale_cot_3shot,,0
c9a125e5de797ebf,a5bd66a4752bf0d6,ee7ca2bc3d012be2,SocialIQa,social_cs,Mixed,Mixed,C,C,Let's reason step by step: The story indicates that Kendall parallel parked to pass the driving test and get their license. This implies the reason is to drive independently. [[C]],1,,True,rationale_cot_3shot,,0
1812e8bab0b81484,389f8d6ce7622132,4e439fb13d4e5eb9,SocialIQa,social_cs,Mixed,Mixed,C,A,"Let's reason step by step: The story indicates Sydney helping the boys prepare for school, but it doesn't provide enough context to determine the exact motivation. However, among the given options, the most plausible answer is that Sydney wants the boys to be prepared and independent. This leads us to option A. [[A]]",0,,True,rationale_cot_3shot,,0
1f7aa127c740a0ab,1fc6cd58cdb368fd,2e1e79118b546f89,SocialIQa,social_cs,Mixed,Mixed,A,B,"Based on the story provided, the most likely description of Alex would be someone who is becoming close to their cousin. This suggests Alex is warm and approachable. Therefore, the answer is [[B]].",0,,True,rationale_cot_3shot,,0
5d2a1cd351d24369,590a8bcbe208f6ef,1c7dcdda93ca4786,SocialIQa,social_cs,Mixed,Mixed,B,A,"Let's reason step by step: I track who has access to which information in the story, then check what the relevant character would infer given only what they observed. This points to option A. [[A]]",0,,True,rationale_cot_3shot,,0
0574b488c308fabd,b1f84241c00fb9b3,40013da82fdc63b9,SocialIQa,social_cs,Mixed,Mixed,B,B,"Let's reason step by step: I track who has access to which information in the story, then check what the relevant character would infer given only what they observed. This points to option B. [[B]]",1,,True,rationale_cot_3shot,,0
a4a3f57bd52b8d28,6310b2f45585c8a1,70944831011d6144,SocialIQa,social_cs,Mixed,Mixed,C,C,[[C]],1,,True,rationale_cot_3shot,,0
ce48c5b088ab41d5,374a181c5c7b2e0b,953c61a3b9e00803,SocialIQa,social_cs,Mixed,Mixed,A,B,"Based on the story provided, the most logical action for Austin would be to spit out the gum. Therefore, the answer is:

[[B]]",0,,True,rationale_cot_3shot,,0
7ca65df92fd4e4e6,0870f8f8ebade74b,c9a3ed7b8126d374,SocialIQa,social_cs,Mixed,Mixed,A,A,"Based on the story provided, the most fitting description for Alex would be:

[[A]]",1,,True,rationale_cot_3shot,,0
3536aa412b9fc18a,80cacc9d0835fded,e889132bfe50d822,SocialIQa,social_cs,Mixed,Mixed,B,C,"Based on the context provided, Addison seems to be aware of Austin's interest but too shy to approach him. This suggests Addison might be observant and considerate. However, the most fitting description from the given options is:

[[C]]",0,,True,rationale_cot_3shot,,0
77a9b47a714ca335,75c54046383c1c62,41d8db2d987c8162,SocialIQa,social_cs,Mixed,Mixed,C,B,"Based on the story, Quinn cried at the ending of the movie, which suggests a sensitive emotional response. Therefore, the most fitting description is:

[[B]]",0,,True,rationale_cot_3shot,,0
23a5bcf0080d46d2,b01915ac1c04e84a,355efbac505e52f7,SocialIQa,social_cs,Mixed,Mixed,B,B,"Let's reason step by step: The story indicates that Kai handed back the mail after checking for a check. Given this context, the most logical inference is that Kai wanted to find out if she received the check. This leads to option B. [[B]]",1,,True,rationale_cot_3shot,,0
521285188c42489b,aa62d64f4d7d4a5b,fe207c608850b03a,SocialIQa,social_cs,Mixed,Mixed,C,A,"Let's track the information provided in the story: Skylar got their friends together and they all went on a camping trip. This implies the primary reason was to spend time with friends. Given the context, the most fitting answer is:

[[A]]",0,,True,rationale_cot_3shot,,0
1a46b686c3c829ad,6d7e39b69b1efc92,84bc2c94d3fffc82,SocialIQa,social_cs,Mixed,Mixed,B,B,[[B]],1,,True,rationale_cot_3shot,,0
8c60df28b59ef3c4,7703840220ffb6d7,052cac3e9e5a270e,SocialIQa,social_cs,Mixed,Mixed,B,B,"Let's reason step by step: I track who has access to which information in the story, then check what the relevant character would infer given only what they observed. This points to option B. [[B]]",1,,True,rationale_cot_3shot,,0
0c47a7b2897fe634,bc3c1423e711f0c5,b0d3b778a1c786c0,SocialIQa,social_cs,Mixed,Mixed,B,B,"Based on the context provided, the most logical answer is that Riley would feel ""Painful"" after being in pain. [[B]]",1,,True,rationale_cot_3shot,,0
359b0c734b76b624,0e44c3a581e20f72,bff13b5dfe388292,SocialIQa,social_cs,Mixed,Mixed,C,C,"Based on the story provided, the most likely description of Sasha is:

[[C]]",1,,True,rationale_cot_3shot,,0
2d67d811de407b9b,3d23c0d026cc8784,2799d97ef03d1616,SocialIQa,social_cs,Mixed,Mixed,B,B,"Let's reason step by step: I track who has access to which information in the story, then check what the relevant character would infer given only what they observed. This points to option B. [[B]]",1,,True,rationale_cot_3shot,,0
75dc6d372cedf3fa,e28ad7fbe2703576,907184338d4fafbb,SocialIQa,social_cs,Mixed,Mixed,B,B,"Based on the story, Riley felt worse after losing, which suggests she is feeling upset. Therefore, the most fitting description is B. [[B]]",1,,True,rationale_cot_3shot,,0
2f64061d9e4c6d2d,c0bdf88ae85461af,2062ffc37f38a274,SocialIQa,social_cs,Mixed,Mixed,C,B,[[B]],0,,True,rationale_cot_3shot,,0
d10f08b608690cb1,b6913bf720b396ad,50b23fc830eccf99,SocialIQa,social_cs,Mixed,Mixed,B,C,"Let's reason step by step: The story indicates that Kai was not prepared for the presentation but still managed to give it. This implies that Kai needed to prepare beforehand. Among the given options, the best preparation step would be to ask other people for ideas. This points to option C. [[C]]",0,,True,rationale_cot_3shot,,0
22e396c43aaf227a-1,2be0c48924cde3ec,e9b9aebf74fea4be,SocialIQa,social_cs,Mixed,Mixed,B,B,"Let's reason step by step: I track who has access to which information in the story, then check what the relevant character would infer given only what they observed. This points to option B. [[B]]",1,,True,rationale_cot_3shot,,0
06c775d581238e13,df39503964eec339,e321ded051bc568b,SocialIQa,social_cs,Mixed,Mixed,C,C,"Let's reason step by step: I track who has access to which information in the story, then check what the relevant character would infer given only what they observed. This points to option C. [[C]]",1,,True,rationale_cot_3shot,,0
98b97596bac21f44,c84820595699b2e9,bbec6863a0211993,SocialIQa,social_cs,Mixed,Mixed,B,B,"Let's reason step by step: I track who has access to which information in the story, then check what the relevant character would infer given only what they observed. This points to option B. [[B]]",1,,True,rationale_cot_3shot,,0
ca5fae57e1446876,30ffae5f8d83fc6b,5f60c73ec577b8b5,SocialIQa,social_cs,Mixed,Mixed,B,B,"Based on the story provided, the most logical action Riley would take before informing the landlord is to document the incidents. This point leads to option B. [[B]]",1,,True,rationale_cot_3shot,,0
8ae8a890e88d7320,f7bbd8cc4f76213e,c4a0e2941885dd09,SocialIQa,social_cs,Mixed,Mixed,B,B,"Based on the story provided, Cameron gave food to a homeless man, which indicates kindness. Therefore, the most appropriate description is B. kind. [[B]]",1,,True,rationale_cot_3shot,,0
263e619832781f81,a581cc6cde8acd22,e6db4b9a7d498b56,SocialIQa,social_cs,Mixed,Mixed,C,A,"Let's reason step by step: I track who has access to which information in the story, then check what the relevant character would infer given only what they observed. This points to option A. [[A]]",0,,True,rationale_cot_3shot,,0
6fe103d608f6c389,129ccc03f21160c1,5d2e1193caa5bfd0,SocialIQa,social_cs,Mixed,Mixed,B,B,[[B]],1,,True,rationale_cot_3shot,,0
f34dcd271f88e5f3,2ac3bb2f73c001a6,c04ded9072aeb8e0,SocialIQa,social_cs,Mixed,Mixed,B,C,[[C]],0,,True,rationale_cot_3shot,,0
1514047fca9d846e,8dec56e27ffbf7e1,677ab05c68bb8bae,SocialIQa,social_cs,Mixed,Mixed,C,C,"Let's reason step by step: The story indicates that Jessie arrived early to see all the animals at the zoo. This implies that Jessie must have wanted to see the animals, which suggests they went to bed early to wake up early. This points to option C. [[C]]",1,,True,rationale_cot_3shot,,0
ca800ce076b2d472,f8034545104ac9e2,888e22c1cd8c5bf9,SocialIQa,social_cs,Mixed,Mixed,A,A,"Let's reason step by step: I track who has access to which information in the story, then check what the relevant character would infer given only what they observed. This points to option A. [[A]]",1,,True,rationale_cot_3shot,,0
c7c5f851b161d0f5,758650e053f38e5a,5d436acb02cd4bd5,SocialIQa,social_cs,Mixed,Mixed,C,C,[[C]],1,,True,rationale_cot_3shot,,0
8f3608f67ca6bb86,d9fac84ef5504446,0291172567d77b5b,SocialIQa,social_cs,Mixed,Mixed,B,A,[[A]],0,,True,rationale_cot_3shot,,0
0a43d839a4a6a87a,5fb0093b39cbdef3,2e685d9cd2f06330,SocialIQa,social_cs,Mixed,Mixed,C,B,[[B]],0,,True,rationale_cot_3shot,,0
a12403a8d7ae3847,d3c81f82c9d55a09,4fd00aa194599011,SocialIQa,social_cs,Mixed,Mixed,B,A,[[A]],0,,True,rationale_cot_3shot,,0
68445d4b170ae8d5,ada40b75726432f4,62ffc5193e39b965,SocialIQa,social_cs,Mixed,Mixed,B,A,[[A]],0,,True,rationale_cot_3shot,,0
e15c6816971a20c3,203cc2507c281866,e18f80627374879a,SocialIQa,social_cs,Mixed,Mixed,B,C,"Based on the story provided, the most likely description of Jordan would be that he is satisfied after eating. Therefore, the answer is [[C]].",0,,True,rationale_cot_3shot,,0
58e2b5e104d0f431,31f2b294d8221016,9990310b00f0f217,SocialIQa,social_cs,Mixed,Mixed,B,B,"Based on the story provided, the most fitting description for Bailey would be:

[[B]]

Bailey saved money, indicating they are good with money.",1,,True,rationale_cot_3shot,,0
2048b5eb131b3d66,65c0f495a5d453f1,3fe156ae0a5de6e7,SocialIQa,social_cs,Mixed,Mixed,B,A,"Let's reason step by step: I track who has access to which information in the story, then check what the relevant character would infer given only what they observed. This points to option A. [[A]]",0,,True,rationale_cot_3shot,,0
d95e5685f6e47588,27a9d4dd44d81b3c,91e830b6d4cb8f3c,SocialIQa,social_cs,Mixed,Mixed,A,A,"Let's reason step by step: Based on the story, Jan found friends and enjoys their company, which implies she must have made an effort to meet people. This suggests she needed to be social rather than anti-social or reclusive. This points to option A. [[A]]",1,,True,rationale_cot_3shot,,0
58bf590dc2e0f751,7b5994f867cc591e,456a7aa26b5b20d8,SocialIQa,social_cs,Mixed,Mixed,C,C,"Based on the context provided, the most logical inference is that Addison will thank Sydney for noticing their discomfort. Therefore, the answer is [[C]].",1,,True,rationale_cot_3shot,,0
a2772fe3e30a0e6e,43d5872c5905437b,8876b4dbc7504817,SocialIQa,social_cs,Mixed,Mixed,C,C,"Based on the story provided, the most logical inference is that Riley told Lee to ""stay"" because she didn't want the dog to get hurt. Therefore, the answer is [[C]].",1,,True,rationale_cot_3shot,,0
5e963d9ca88f4964,93c8d611f04755e7,277f623894ffd6c4,SocialIQa,social_cs,Mixed,Mixed,A,C,"Let's reason step by step: Based on the story, Jan went out with Quinn's friends and had a great time. This implies that Jan must have made plans to go out with Quinn's friends beforehand. This points to option C. [[C]]",0,,True,rationale_cot_3shot,,0
06a00e5606a7d812,d8342d98b7c3831d,5620e1b860605d82,SocialIQa,social_cs,Mixed,Mixed,C,C,"Based on the story, Addison is careful and selective in choosing who to talk to. This suggests that Addison is a cautious and thoughtful individual. Therefore, the most fitting description is:

[[C]]",1,,True,rationale_cot_3shot,,0
17b3d1aaac4c59ad,f51bacf884c3d085,a7a3856821b43850,SocialIQa,social_cs,Mixed,Mixed,C,A,"The question and story don't provide enough context to definitively choose between the answers, but based on common human behavior, the most likely answer is:

[[A]]",0,,True,rationale_cot_3shot,,0
15f92f52294ee281,db77c20175bdd5ae,ce3708abbe8076aa,SocialIQa,social_cs,Mixed,Mixed,C,C,"Based on the information provided, the most likely action for Casey would be to perform well and talk to others, as they are talented and well liked. [[C]]",1,,True,rationale_cot_3shot,,0
7632058a6a1aed2e,7262e0bf25294e7b,584a94aa49981a6a,SocialIQa,social_cs,Mixed,Mixed,B,A,"Let's track the information provided in the story: Robin went with Jan's friends to the play and it was a big hoot. Given that ""a big hoot"" suggests it was enjoyable, the most likely inference is that Jan will also have fun or enjoy it. Therefore, the answer is [[A]].",0,,True,rationale_cot_3shot,,0
1f9e3f1e6873ce05,5cd58768d90127ac,f9830fc92a3b19fd,SocialIQa,social_cs,Mixed,Mixed,C,C,"Let's reason step by step: Based on the story, Quinn stole the phone, which is an illegal act. Therefore, the most likely outcome is that Quinn will get arrested. [[C]]",1,,True,rationale_cot_3shot,,0
cb9809145ba36897,7f89c2de79407367,579101f6e7be9cee,SocialIQa,social_cs,Mixed,Mixed,C,C,"Let's reason step by step: I track who has access to which information in the story, then check what the relevant character would infer given only what they observed. This points to option C. [[C]]",1,,True,rationale_cot_3shot,,0
b942659200161f88,90d285fcbd85b0de,4f5bd766cba6196f,SocialIQa,social_cs,Mixed,Mixed,B,B,"Based on the context provided, Tracy shook Jan's head sadly, indicating sadness. Therefore, the most likely answer is:

[[B]]",1,,True,rationale_cot_3shot,,0
bccbb74869b303df,69450329c4c32deb,f30818613f4cb07c,SocialIQa,social_cs,Mixed,Mixed,C,C,[[C]],1,,True,rationale_cot_3shot,,0
7d9529a242d022d5,3ba6e0d001d1a92a,114c13c4c00b9c3b,SocialIQa,social_cs,Mixed,Mixed,B,A,"Let's reason step by step: The story mentions that Robin got gas, which implies Robin was concerned about having enough fuel. This suggests Robin might be worried about running out of fuel. This points to option A. [[A]]",0,,True,rationale_cot_3shot,,0
944b4a99b66f666c,0f9b168c67cd19a2,ecdce16ee004330d,SocialIQa,social_cs,Mixed,Mixed,A,A,"Let's reason step by step: Given that Kai is feeling bored and tired, and the only action mentioned is watching something, Kai might seek more engaging content. This points to option A. [[A]]",1,,True,rationale_cot_3shot,,0
90668a86e5f7deb4,55006d36e78da481,036e132e468e90bc,SocialIQa,social_cs,Mixed,Mixed,B,B,[[B]],1,,True,rationale_cot_3shot,,0
a7124ecbbdd214d1,e0bd8fcad5411a15,6540b799ffd30a35,SocialIQa,social_cs,Mixed,Mixed,B,C,[[C]],0,,True,rationale_cot_3shot,,0
355fb6a29645b9cc,8e8fc773f1b3dda8,cfbc217281dbfbbb,SocialIQa,social_cs,Mixed,Mixed,C,C,[[C]],1,,True,rationale_cot_3shot,,0
8dbe33651f375c81,ef317878aaa3d71e,023eae83a5e85b5f,SocialIQa,social_cs,Mixed,Mixed,C,C,"Based on the story provided, the most logical answer is that Casey avoided an argument. Therefore, the answer is [[C]].",1,,True,rationale_cot_3shot,,0
4116882d45f6eb57,226e304cdbe598bd,70c6fdf6020e107a,SocialIQa,social_cs,Mixed,Mixed,C,B,"Based on the story provided, the most logical answer is that Carson visited his dad to celebrate his dad's birthday. Therefore, the answer is [[B]].",0,,True,rationale_cot_3shot,,0
22e396c43aaf227a,2be0c48924cde3ec,e9b9aebf74fea4be,SocialIQa,social_cs,Mixed,Mixed,B,B,"Let's reason step by step: I track who has access to which information in the story, then check what the relevant character would infer given only what they observed. This points to option B. [[B]]",1,,True,rationale_cot_3shot,,0
a1523324c0f426ac,81f3418ac0261efa,034cd0b6392c690e,SocialIQa,social_cs,Mixed,Mixed,B,B,"Let's reason step by step: The story indicates that Ash accepted Alex's invitation to go to a birthday party. Given this information, the most logical next action for Ash would be to go to the party. This points to option B. [[B]]",1,,True,rationale_cot_3shot,,0
92e63bd96851572b,eb264cf2f20146dc,f6fe21e1736a1207,SocialIQa,social_cs,Mixed,Mixed,A,A,"Let's reason step by step: In the story, Sasha has already sealed the patient's information in a vault underground. Given this context, the logical action for others would be to secure the vault. This points to option A. [[A]]",1,,True,rationale_cot_3shot,,0
5df206ce3af80fdb,2e52f2e8fd6c07e8,a6972a89d9a62c3c,SocialIQa,social_cs,Mixed,Mixed,C,B,"Let's reason step by step: I track who has access to which information in the story, then check what the relevant character would infer given only what they observed. This points to option B. [[B]]",0,,True,rationale_cot_3shot,,0
db5654b15e09e5de,9147ffa1b98f3f08,8197c6e81a9ea891,SocialIQa,social_cs,Mixed,Mixed,C,A,"Let's reason step by step: Aubrey dropped Casey's lunch at their school to prevent them from starving. Given this context, Aubrey would likely want to ensure Casey gets the food. This points to option A. [[A]]",0,,True,rationale_cot_3shot,,0
22222be701c467e9,dcfbc47bdef93939,a3019d53314c4795,SocialIQa,social_cs,Mixed,Mixed,C,C,"Based on the context provided, the most logical action for Riley would be to ensure the peace treaty is respected and followed through. However, since the options provided don't include an action, we should infer the next step based on typical behavior. [[C]]",1,,True,rationale_cot_3shot,,0
bd5664bb77f3c32d,90ad78d482e74c0d,5d79c439d1e81195,SocialIQa,social_cs,Mixed,Mixed,A,A,"Based on the story, Aubrey worked hard but did not receive a raise, which suggests they might feel underappreciated. Therefore, the most likely description is:

[[A]]",1,,True,rationale_cot_3shot,,0
9bddd356269ab46c,a829f759dff062a8,305849fbfe0a179c,SocialIQa,social_cs,Mixed,Mixed,A,A,"Based on the story, Taylor had to raise their voice over the music, which suggests they were frustrated. Therefore, the most likely feeling after this would be annoyed. The answer is [[A]].",1,,True,rationale_cot_3shot,,0
4ce0d6c30531d9a6,fb560950c7c9bb90,6b77601362e31a69,SocialIQa,social_cs,Mixed,Mixed,A,A,[[A]],1,,True,rationale_cot_3shot,,0
50d94675a16bd1b6,6ece1e950dc4e8ee,bd803a2293831a4a,SocialIQa,social_cs,Mixed,Mixed,A,A,[[A]],1,,True,rationale_cot_3shot,,0
4ec6aaac33e6ea2a,49f518c9989fecf1,dee37c4b4ad76974,SocialIQa,social_cs,Mixed,Mixed,C,C,"Based on the context provided, Carson's action of saying ""thank you"" suggests a positive response. Therefore, the most likely answer is:

[[C]]",1,,True,rationale_cot_3shot,,0
3d7718c07c31e2de,6409575035d64ea2,3870b2f82538e908,SocialIQa,social_cs,Mixed,Mixed,C,C,"Let's reason step by step: I track who has access to which information in the story, then check what the relevant character would infer given only what they observed. This points to option C. [[C]]",1,,True,rationale_cot_3shot,,0
b1fcc183c4248181,f50b821a070e356d,e3736ef8a7e7aec4,SocialIQa,social_cs,Mixed,Mixed,B,B,"Based on the story and the context provided, Quinn would most likely feel guilty after eating the last piece of cake. 

The correct answer is: [[B]]",1,,True,rationale_cot_3shot,,0
ba3229842c657d5f,a0d07720dbda7cf7,982b63488d6cbbb7,SocialIQa,social_cs,Mixed,Mixed,B,B,"Let's reason step by step: I track who has access to which information in the story, then check what the relevant character would infer given only what they observed. This points to option B. [[B]]",1,,True,rationale_cot_3shot,,0
560dd9235325d173,8775e48553057cab,c8569774121d98a7,SocialIQa,social_cs,Mixed,Mixed,B,A,"Based on the context provided, the most logical action for Riley to take before twisting their leg would be to prevent further injury and reduce pain. This leads to option A. [[A]]",0,,True,rationale_cot_3shot,,0
44fb05017212ccb5,5d74eeb59cc278d0,aeef831ddfa2738c,SocialIQa,social_cs,Mixed,Mixed,A,B,"The story doesn't provide enough information to determine what will happen to Robin specifically. However, based on the context, the most likely inference is that Robin will be flattered by Tracy's recognition. [[B]]",0,,True,rationale_cot_3shot,,0
8882d77d9b8be114,930e0a7113bcaea6,38120e74cd10939b,SocialIQa,social_cs,Mixed,Mixed,A,A,"Let's reason step by step: I track who has access to which information in the story, then check what the relevant character would infer given only what they observed. This points to option A. [[A]]",1,,True,rationale_cot_3shot,,0
d9e9442265da537a,e06831a1fdd2abdc,681f9f8534ae0abf,SocialIQa,social_cs,Mixed,Mixed,A,A,"Based on the story, Jordan felt bad after their actions and took responsibility by cleaning up. This suggests they are remorseful. [[A]]",1,,True,rationale_cot_3shot,,0
5cf546c18d001cf5,a30e0ccba20ef877,7a154fa2255e25e7,SocialIQa,social_cs,Mixed,Mixed,B,B,"Based on the context provided, the most likely feeling others would have is that Cameron understands science. [[B]]",1,,True,rationale_cot_3shot,,0
06934ac87f0db64f,f2cb47c00cbffee7,b3dcd724e3bdfd0a,SocialIQa,social_cs,Mixed,Mixed,A,A,[[A]],1,,True,rationale_cot_3shot,,0
4d0cce4ca7c133f9,86165dc827229690,0dd5f3ca5d03a1e9,SocialIQa,social_cs,Mixed,Mixed,B,C,"Based on the story provided, the most likely answer is that Cameron bought the expensive handbag because she resents her waste. Therefore, the answer is [[C]].",0,,True,rationale_cot_3shot,,0
594e9b78190e9abb,8e4af3373892024c,8e6b87c08b6ef7f4,SocialIQa,social_cs,Mixed,Mixed,C,A,"Based on the story provided, the logical action Skylar needs to take before distributing the data without double checking the figures is:

[[A]]",0,,True,rationale_cot_3shot,,0
59b68240e515722a,72967bd4ee769ca3,b0f9762e62e4ecc6,SocialIQa,social_cs,Mixed,Mixed,B,B,"Based on the story provided, the most logical action for Carson would be to have a talk with Aubrey to address the cleanliness issue. 

The answer is: [[B]]",1,,True,rationale_cot_3shot,,0
0f279fdf2e138b4c,6c66cccb4ba56217,1c9fe7c501615ced,SocialIQa,social_cs,Mixed,Mixed,A,A,"Based on the story provided, the most logical inference is that the others will want to replicate Aubrey's behavior. Therefore, the answer is:

[[A]]",1,,True,rationale_cot_3shot,,0
abdf041c94d76d5a,7bb293185cd8ea0a,d6e9a52281bb36dc,SocialIQa,social_cs,Mixed,Mixed,B,B,"Let's reason step by step: I track who has access to which information in the story, then check what the relevant character would infer given only what they observed. This points to option B. [[B]]",1,,True,rationale_cot_3shot,,0
c4538aa2b8958f5b,a6b29a7ea9227cd4,f03406bc56ba14f2,SocialIQa,social_cs,Mixed,Mixed,B,B,"Based on the story provided, the logical action before feeding the kids ice cream would be getting the ice cream. Therefore, the correct answer is:

[[B]]",1,,True,rationale_cot_3shot,,0
e6ef77f9f57bfe80,3f6946a1abce1073,b9dfedfeb8055d26,SocialIQa,social_cs,Mixed,Mixed,A,B,"Let's reason step by step: The story indicates Kai has reached a major weight loss goal, so the logical steps before purchasing new clothes would be to ensure the goal is achieved. This points to option B. [[B]]",0,,True,rationale_cot_3shot,,0
7c566644878cd68a,3e1814b3ada85e0a,0f0d07ebde816eb9,SocialIQa,social_cs,Mixed,Mixed,B,B,"Based on the story, Tracy ran for his life after attempting to steal money from a bank with a police officer present. This indicates fear. The most fitting description is:

[[B]]",1,,True,rationale_cot_3shot,,0
584fc9579eec860f,06cc42733c13b6ff,f677b3f67da737f2,SocialIQa,social_cs,Mixed,Mixed,B,C,Let's track the information provided in the story: Jordan watches Alex at the party because he wants to make sure she doesn't get bored. This leads to the most likely answer being option C. [[C]],0,,True,rationale_cot_3shot,,0
6a5d092338167a7d-1,d64b2808ab2dabb1,3dc36f3adc5d8c66,SocialIQa,social_cs,Mixed,Mixed,A,A,"Let's track the information provided in the story: Taylor studied to be a teacher for four years. Given this context, the most logical previous step would be getting a teaching certificate. This leads to option A. [[A]]",1,,True,rationale_cot_3shot,,0
e0b22fbe7a38529a,7a43ba3bd7c06f61,a57c1738eb37c473,SocialIQa,social_cs,Mixed,Mixed,B,A,"Let's reason step by step: The story indicates that Kendall's dog was overweight, and walking it five miles could be done for health reasons. This leads us to option A. [[A]]",0,,True,rationale_cot_3shot,,0
d6ddd7cd25ba9363,778bb0203f976861,901406bc5bcb37d7,SocialIQa,social_cs,Mixed,Mixed,A,A,[[A]],1,,True,rationale_cot_3shot,,0
cc23154ea186c15f,92f5f41f077f72dd,196b9b0195397dec,SocialIQa,social_cs,Mixed,Mixed,A,B,"Let's reason step by step: I track who has access to which information in the story, then check what the relevant character would infer given only what they observed. This points to option B. [[B]]",0,,True,rationale_cot_3shot,,0
400bc7ea6234f69a,5ee7789d8811b809,b7b057c0f8472b49,SocialIQa,social_cs,Mixed,Mixed,B,A,"Based on the story, Kendall is described as knowing that failure wasn't an option, which implies confidence in completing the task. Therefore, the most fitting description is:

[[A]]",0,,True,rationale_cot_3shot,,0
a29efafa7e13bbf7,783f5b9722f00ce4,c51c576f5f2b11d3,SocialIQa,social_cs,Mixed,Mixed,A,C,"Based on the story provided, the most likely answer is that Jan wants to reconnect with her family. Therefore, the answer is:

[[C]]",0,,True,rationale_cot_3shot,,0
4e0142bf0372631b,e5b113d2d1baf8f1,08466e8b6f183c27,SocialIQa,social_cs,Mixed,Mixed,B,C,"Let's reason step by step: Given the context that Bailey gave birth to Taylor but couldn't take care of them, the most likely scenario is that Taylor will be placed with their birth mother. This points to option C. [[C]]",0,,True,rationale_cot_3shot,,0
2cee9cd376960faa,e728c0c3ed853068,9b8e22135db2d029,SocialIQa,social_cs,Mixed,Mixed,B,B,"Based on the story provided, the most likely outcome is that Carson's mother will scold Carson for breaking the rule. Therefore, the answer is:

[[B]]",1,,True,rationale_cot_3shot,,0
82290c6da33a78af,834d46d6ec0e0e46,69e03ee8ce159b49,SocialIQa,social_cs,Mixed,Mixed,B,B,"Based on the story provided, the most likely feeling Kai would have is:

[[B]]

Kai stayed in the hospital to protect his mother, so feeling proud of his actions seems the most appropriate choice among the given options.",1,,True,rationale_cot_3shot,,0
c8fa589cfba4c242,754c575d26809807,a5e55c3fff65ad6d,SocialIQa,social_cs,Mixed,Mixed,C,B,[[B]],0,,True,rationale_cot_3shot,,0
c07f71a6fd68ec94,1e1cbd99e88936e4,e2fc583cc2ffefbd,SocialIQa,social_cs,Mixed,Mixed,A,A,"Based on the story, the most fitting description for Ash would be consistent. [[A]]",1,,True,rationale_cot_3shot,,0
b464751d9cfcf91a,52d2898e93ec8538,3c6089bca78fcc1f,SocialIQa,social_cs,Mixed,Mixed,B,B,[[B]],1,,True,rationale_cot_3shot,,0
6b36fa2b125a6267,9f0477d9e7e8fc10,1a6b1f82762c97ff,SocialIQa,social_cs,Mixed,Mixed,A,A,"Based on the action Bailey took, the most fitting description would be compassionate. [[A]]",1,,True,rationale_cot_3shot,,0
36d54e33c1960973,7eef4278f52c8c3f,fa1b8483a76c38eb,SocialIQa,social_cs,Mixed,Mixed,A,A,"Let's reason step by step: I track who has access to which information in the story, then check what the relevant character would infer given only what they observed. However, the story doesn't provide enough context to determine Jordan's exact actions. But based on common social behavior, Jordan might want to relax. This points to option A. [[A]]",1,,True,rationale_cot_3shot,,0
044cf7cde86daabf,c8754ee2e7525f55,8c392aca500d1506,SocialIQa,social_cs,Mixed,Mixed,B,B,"Based on the story provided, the most logical answer is that the friends will want to go on the trip in May. [[B]]",1,,True,rationale_cot_3shot,,0
7d215b6088b748a7,d9269095dda309fb,1f244e4c7f44f47a,SocialIQa,social_cs,Mixed,Mixed,B,C,"Let's reason step by step: Given the context, Bailey has already passed the examination booklet to Jesse. There's no indication that Bailey wants to take any action regarding the booklet. This points to option C. [[C]]",0,,True,rationale_cot_3shot,,0
e6d40b79ecb4b198,ffdf0fa80ce086fb,85ccb436bb580d4d,SocialIQa,social_cs,Mixed,Mixed,C,C,"Based on the story provided, the most likely description of Robin is that they were anxious to complete the test quickly. Therefore, the answer is [[C]].",1,,True,rationale_cot_3shot,,0
a1d7c4b111d6f545,8f74240f31145a51,458305f76e9a0f80,SocialIQa,social_cs,Mixed,Mixed,C,C,"Based on the story, Tracy loves camping and being outside in nature, so the type of place Tracy would be happy living is the country. [[C]]",1,,True,rationale_cot_3shot,,0
b3a455c248f96e90,2ea26d604d44c5a5,62005db9db9bdb82,SocialIQa,social_cs,Mixed,Mixed,A,B,"Based on the context provided, the most likely feeling for Taylor would be negative. Therefore, the answer is [[B]].",0,,True,rationale_cot_3shot,,0
cbdf39cd36356176,2ef1f44b5738b72a,3aa97f2d23117fe5,SocialIQa,social_cs,Mixed,Mixed,B,B,Let's track the information provided in the story: Skylar is crying while playing with her dog. This suggests she is sad about something related to her playtime with the dog. This points to option B. [[B]],1,,True,rationale_cot_3shot,,0
d0b5518069b38e7c,1ad51a45694499af,0e8fa7f0d28bcbf4,SocialIQa,social_cs,Mixed,Mixed,C,C,"Based on the story provided, Kai pushed Sydney because Sydney was too slow to get out of the way, indicating impatience. This leads to the most likely description being:

[[C]]",1,,True,rationale_cot_3shot,,0
8f937e0b72925f63,8dff235acb8f2c3d,7e333764dc0ab222,SocialIQa,social_cs,Mixed,Mixed,A,C,"Let's reason step by step: Skylar went to the dentist for a necessary procedure, so he would likely feel nervous before the procedure. However, after the procedure, he might feel relieved and eager to visit again. This points to option C. [[C]]",0,,True,rationale_cot_3shot,,0
e19551343ee8f1f9,69dfad08e74bf79d,c38b2296535d7b25,SocialIQa,social_cs,Mixed,Mixed,B,A,"Based on the story provided, the most fitting description for Kai would be:

A. A hardworking person

So the answer is [[A]].",0,,True,rationale_cot_3shot,,0
e98545017e44501c,82b9dc8750f67582,b08a8a3da1e12079,SocialIQa,social_cs,Mixed,Mixed,A,A,"Based on the context provided, the most likely feeling others would have is being encouraged. Therefore, the answer is [[A]].",1,,True,rationale_cot_3shot,,0
ee6b55c1a32eb64c,6ec6134fdd0da450,ba80c4104f6e6d11,SocialIQa,social_cs,Mixed,Mixed,A,A,"Based on the story, Sydney felt bad after walking past the homeless woman, indicating sympathy. Therefore, the most fitting description is:

[[A]]",1,,True,rationale_cot_3shot,,0
8ac9a23380682db6,0456f1049251c638,ea5cc1d69da18c74,SocialIQa,social_cs,Mixed,Mixed,C,C,"Based on the story provided, Addison was practicing for the driver's exam for months, indicating dedication. Therefore, the most fitting description is:

[[C]]",1,,True,rationale_cot_3shot,,0
7c636551fa01a038,41fa97fb876213ee,aec6936824e6f836,SocialIQa,social_cs,Mixed,Mixed,A,A,"Based on the story provided, the most likely description of Casey is someone who values effort in students' work. This suggests Casey appreciates good work ethic. Therefore, the best answer is:

[[A]]",1,,True,rationale_cot_3shot,,0
c7f7bc10a73cdc78,eff005787df41863,c08a9c8e16f1f8bb,SocialIQa,social_cs,Mixed,Mixed,B,B,"Let's reason step by step: I track who has access to which information in the story, then check what the relevant character would infer given only what they observed. This points to option B. [[B]]",1,,True,rationale_cot_3shot,,0
89c5b7671b269403,5e8ed4210d14544a,228c3904fee9cefe,SocialIQa,social_cs,Mixed,Mixed,C,A,"Let's reason step by step: Given the context that ""Ash was cut short even though everyone wanted to hear what Ash had to say,"" it implies that Ash's speech was interrupted, but people still wanted to listen. This suggests a positive reaction from others. This points to option A. [[A]]",0,,True,rationale_cot_3shot,,0
cb688efadaf3ab4c,b8de4d18fca5ff38,ed9abe6c1664e6bf,SocialIQa,social_cs,Mixed,Mixed,B,C,"Let's reason step by step: I track who has access to which information in the story, then check what the relevant character would infer given only what they observed. This points to option C. [[C]]",0,,True,rationale_cot_3shot,,0
21d3754f9d544147,e34a81fd99944e2e,19729eda7d68e241,SocialIQa,social_cs,Mixed,Mixed,C,B,"Based on the story provided, the most logical action for others would be to find out which hotels have openings. This allows them to make an informed decision about the reservations. Therefore, the answer is:

[[B]]",0,,True,rationale_cot_3shot,,0
59731a77b5340a75,61a3869bfe8229ca,1c8f430faa911dc7,SocialIQa,social_cs,Mixed,Mixed,B,C,[[C]],0,,True,rationale_cot_3shot,,0
2263e0f77fc57f79,ea2f0d7f902029f8,6ef26b442d539f4a,SocialIQa,social_cs,Mixed,Mixed,C,B,"Let's reason step by step: I track who has access to which information in the story, then check what the relevant character would infer given only what they observed. This points to option B. [[B]]",0,,True,rationale_cot_3shot,,0
4be74f9396263ad8,21a0115bb625c0d8,9e5b83206456863c,SocialIQa,social_cs,Mixed,Mixed,A,A,[[A]],1,,True,rationale_cot_3shot,,0
db179628e875e67f,90e7465915579348,1f29a1ce66968be5,SocialIQa,social_cs,Mixed,Mixed,A,A,"Based on the story provided, the most logical feeling Jordan would have afterwards is related to their passion for teaching. Therefore, the answer is:

[[A]]",1,,True,rationale_cot_3shot,,0
850d60e9955ad2c1,bda53f7b4b4ea1a3,febb70b53b142f03,SocialIQa,social_cs,Mixed,Mixed,C,C,"Based on the story provided, the most logical action for Robin would be to go on a date. This is because the story indicates Robin spent a long time deciding what to wear, implying they are prepared to proceed with the date. 

The answer is: [[C]]",1,,True,rationale_cot_3shot,,0
055c302dbca05627,aadb59fd188cc808,9bd833362b26da09,SocialIQa,social_cs,Mixed,Mixed,A,A,"Based on the story provided, Kai is described as being sympathetic towards Sydney due to her embarrassment. This suggests Kai acts kindly and considerately. Therefore, the most fitting answer is:

[[A]]",1,,True,rationale_cot_3shot,,0
9843f5c40a3941b1,556700e3578c12e7,608c98b3328ec0f4,SocialIQa,social_cs,Mixed,Mixed,C,A,"Based on the information provided, the most fitting description for Carson would be driven by curiosity and pragmatism. Therefore, the answer is [[A]].",0,,True,rationale_cot_3shot,,0
fb66cce255babbf7,6a8924b9c2d2b534,4e36bb5045b7c91b,SocialIQa,social_cs,Mixed,Mixed,A,A,"Let's reason step by step: Kendall caught Jordan's eyes, which implies Jordan found the new dress attractive. Given this context, Kendall would likely feel positive about wearing the new dress. This points to option A. [[A]]",1,,True,rationale_cot_3shot,,0
d0d24855f877047e,3b84225a013b9603,54f4f0031e8c98b8,SocialIQa,social_cs,Mixed,Mixed,A,A,"Let's reason step by step: I track who has access to which information in the story, then check what the relevant character would infer given only what they observed. This points to option A. [[A]]",1,,True,rationale_cot_3shot,,0
39649ef43b38f1cd,9fab35ca79bacb53,30419fbc65488c80,SocialIQa,social_cs,Mixed,Mixed,B,B,"Based on the story provided, the most logical inference is that Robin wants to enjoy the party. This leads to the conclusion that Robin will want to mingle with others at the party. Therefore, the answer is:

[[B]]",1,,True,rationale_cot_3shot,,0
0d4409fe66d26243,458a251629c97ac4,8b025a736b1565f3,SocialIQa,social_cs,Mixed,Mixed,C,C,"Based on the context provided, the logical action for Riley would be to complete the necessary paperwork. This points to option C. [[C]]",1,,True,rationale_cot_3shot,,0
0548909fc92b464e,f0778f6a178ae700,ffa32a56fffde303,SocialIQa,social_cs,Mixed,Mixed,B,B,"Let's reason step by step: I track who has access to which information in the story, then check what the relevant character would infer given only what they observed. This points to option B. [[B]]",1,,True,rationale_cot_3shot,,0
1b487741c3357600,a56daac0f65751a5,2a3a6ac70ebe1bf7,SocialIQa,social_cs,Mixed,Mixed,C,A,"Let's reason step by step: I track who has access to which information in the story, then check what the relevant character would infer given only what they observed. This points to option A. [[A]]",0,,True,rationale_cot_3shot,,0
c9b98e468bd556ea,15b09ec272accc2b,a1a623d32e45a8b0,SocialIQa,social_cs,Mixed,Mixed,A,A,"Let's reason step by step: Based on the context provided, Alex paid for additional information, which suggests a desire to know more. However, the feeling of happiness or being nosy isn't explicitly stated but can be inferred. The feeling of rudeness doesn't fit the scenario. Therefore, the most likely answer is A. [[A]]",1,,True,rationale_cot_3shot,,0
24c84b148eb6ed21,88d5eef6aa250b8a,d5baf24804213de8,SocialIQa,social_cs,Mixed,Mixed,B,B,"Let's reason step by step: I track who has access to which information in the story, then check what the relevant character would infer given only what they observed. This points to option B. [[B]]",1,,True,rationale_cot_3shot,,0
860d4f941df02e01,ac668df5a44f8694,a4b35f3e20d710b4,SocialIQa,social_cs,Mixed,Mixed,A,A,"Let's reason step by step: From the story, we understand that Jenny wants to find out what happened to Quinn's leg and read his book. However, there's no indication that she feels any negative emotions like jealousy or annoyance. This points to option A. [[A]]",1,,True,rationale_cot_3shot,,0
4dacda551be111f0,f64310b55baa7345,0b259db22cf522ce,SocialIQa,social_cs,Mixed,Mixed,A,A,"Let's reason step by step: I track who has access to which information in the story, then check what the relevant character would infer given only what they observed. This points to option A. [[A]]",1,,True,rationale_cot_3shot,,0
b83c66be59ba0f3c,f36197ee1a4b75e9,8aeb109b4cbf7b8e,SocialIQa,social_cs,Mixed,Mixed,C,A,"Let's reason step by step: Given the context of the story, Riley and the boy next door were best friends. There's no indication that Riley felt irritated or that he arranged a party. This points to option A. [[A]]",0,,True,rationale_cot_3shot,,0
72328ce0b07a33d2,012862564a7b9e1c,8b81cbe192e9ed97,SocialIQa,social_cs,Mixed,Mixed,C,A,"Let's reason step by step: I track who has access to which information in the story, then check what the relevant character would infer given only what they observed. This points to option A. [[A]]",0,,True,rationale_cot_3shot,,0
9b08c4bc6308ee6c,e4d30c6f069d3df5,348cbf18448d61ec,SocialIQa,social_cs,Mixed,Mixed,C,B,"Based on the story provided, Riley is described as having a ""good heart"" and being ""the best of friends with his pals."" Given this context, the most likely answer is:

[[B]]",0,,True,rationale_cot_3shot,,0
830662cb3e897de9,32dbb3057d926e4e,0425a27830f45551,SocialIQa,social_cs,Mixed,Mixed,C,C,"Let's reason step by step: Aubrey pulled the driver over for speeding and wrote a ticket, which suggests a sense of authority and responsibility. This action typically makes a police officer or traffic officer feel like they are doing their job correctly. Therefore, the most likely feeling is being a good cop. [[C]]",1,,True,rationale_cot_3shot,,0
8014b9678e455a89,f1cf8851266bb33d,747f953b175253d0,SocialIQa,social_cs,Mixed,Mixed,A,A,"Let's reason step by step: Ash tries to redeem himself after missing an open shot, indicating he feels bad about it. This points to option A. [[A]]",1,,True,rationale_cot_3shot,,0
1a72767b4ae87810,9534ac54dda65a0f,ba907d428ba3ec5f,SocialIQa,social_cs,Mixed,Mixed,A,A,"Based on the information provided, the most logical inference is that Kendall will continue to manage her team. This suggests option A. [[A]]",1,,True,rationale_cot_3shot,,0
820f8618faba98f1,594d4954b017d827,ec0fa10042d22d78,SocialIQa,social_cs,Mixed,Mixed,B,B,"Let's reason step by step: I track who has access to which information in the story, then check what the relevant character would infer given only what they observed. This points to option B. [[B]]",1,,True,rationale_cot_3shot,,0
b32500a4a8192239,b605d82971b49058,bc3788fd11644b7e,SocialIQa,social_cs,Mixed,Mixed,B,B,"Based on the story and the context provided, the most likely feeling Jesse would have is regret. Therefore, the answer is:

[[B]]",1,,True,rationale_cot_3shot,,0
725b377e3eb759aa,ea6d35fe2538bbe6,08a1b59d9c13bcaa,SocialIQa,social_cs,Mixed,Mixed,A,C,"Let's track the context provided in the story and the available answers. The story indicates that Taylor is hosting a game night, but it doesn't specify what others will do. However, based on common social behavior, the most likely answer is engaging in conversation. 

The answer is: [[C]]",0,,True,rationale_cot_3shot,,0
ef31e4bb2987b77f,20873d6f94247e31,d9528bb8d2de90d7,SocialIQa,social_cs,Mixed,Mixed,C,C,"Based on the context provided, Cameron took Kai's complaint seriously, which suggests Cameron would feel like a good friend after. [[C]]",1,,True,rationale_cot_3shot,,0
d1c63e07c8ac5e66,218dea524e0fffd0,9831918b76d2d779,SocialIQa,social_cs,Mixed,Mixed,B,B,"Let's reason step by step: In the story, Kendall altered Lee's course from being a teacher to becoming a doctor. This implies that Kendall had some influence or decision-making power over Lee's career path. Given the context, the most logical action Kendall would need to take before altering Lee's course is to speak to Lee. This points to option B. [[B]]",1,,True,rationale_cot_3shot,,0
09dcd9a5ae7d99b2,b491f68c62536cc9,f8aec707e0b491c8,SocialIQa,social_cs,Mixed,Mixed,C,C,"Let's track the sequence of events: Sydney had to get ready for school, which implies Sydney needed to put on their clothes. Therefore, the action that comes before putting on clothes is getting the clothes. This points to option C. [[C]]",1,,True,rationale_cot_3shot,,0
8160a1862c9723ca,43cd2d6d53d5a020,266beddfc5698f1b,SocialIQa,social_cs,Mixed,Mixed,C,C,[[C]],1,,True,rationale_cot_3shot,,0
d74a84a1454c53e1,b3882de1cb30b39a,43634defe1f7b968,SocialIQa,social_cs,Mixed,Mixed,A,A,[[A]],1,,True,rationale_cot_3shot,,0
ff2b08efe8ab0745,d74c660098e4753f,dc2f8ed22f8f02a6,SocialIQa,social_cs,Mixed,Mixed,A,C,"Based on the story provided, the most likely action Addison will take next is to hide the money rather than return it or destroy it. This leads to the conclusion that Addison will choose option C. [[C]]",0,,True,rationale_cot_3shot,,0
540507d9770f792d,6640631701437fdb,3253f74fb671aa11,SocialIQa,social_cs,Mixed,Mixed,B,C,"Based on the context provided, Tracy doesn't want Quinn to lose the forms, so Tracy would likely feel relieved. [[C]]",0,,True,rationale_cot_3shot,,0
39894c79f3d021dc,851456b9a96d35d3,c11a0256f55359ff,SocialIQa,social_cs,Mixed,Mixed,B,B,"Based on the story provided, the most likely description of Carson is B. practical. [[B]]",1,,True,rationale_cot_3shot,,0
da09b237181f7874,e9b547a4a465c74c,4152c945a7c70ecb,SocialIQa,social_cs,Mixed,Mixed,A,C,[[C]],0,,True,rationale_cot_3shot,,0
191ac3d093461f07,382ec1948b839e80,5f3d19f5e8ba5e36,SocialIQa,social_cs,Mixed,Mixed,B,C,"Based on the context provided, Riley might be described as sensitive. [[C]]",0,,True,rationale_cot_3shot,,0
79815fb8158d5652,17da8004ee6e2ae0,17a5bf7a64588ec3,SocialIQa,social_cs,Mixed,Mixed,C,C,"Based on the context provided, Jordan would likely feel uncomfortable after eating something he is allergic to. [[C]]",1,,True,rationale_cot_3shot,,0
444ad3a6022f1a7f,515e996427b722a4,f0490a1e99c41cef,SocialIQa,social_cs,Mixed,Mixed,A,B,"Let's reason step by step: I track who has access to which information in the story, then check what the relevant character would infer given only what they observed. This points to option B. [[B]]",0,,True,rationale_cot_3shot,,0
febab71cdf45f01c,c96e547c71183f5c,69e97acf57726588,SocialIQa,social_cs,Mixed,Mixed,C,B,[[B]],0,,True,rationale_cot_3shot,,0
9a99b500a3845345,5d0fc40a4fbabb0f,de0c792376d43c67,SocialIQa,social_cs,Mixed,Mixed,A,B,[[B]],0,,True,rationale_cot_3shot,,0
280c4fb115ff41de,4735d426c50574ac,b3f32fb174814e9e,SocialIQa,social_cs,Mixed,Mixed,C,A,"Let's reason step by step: I track who has access to which information in the story, then check what the relevant character would infer given only what they observed. This points to option A. [[A]]",0,,True,rationale_cot_3shot,,0
be32f916c2b8daa9,ca66b8ad15b53bd2,925ac22584f01186,SocialIQa,social_cs,Mixed,Mixed,B,B,"Based on the context provided, Austin was having a great day and felt wonderful. The most logical action for him would be to continue to feel good. Therefore, the answer is:

[[B]]",1,,True,rationale_cot_3shot,,0
af3af0c9a416e972,b92b70b1d61ba7c9,e7f891e8f3207566,SocialIQa,social_cs,Mixed,Mixed,C,C,"Let's reason step by step: I track who has access to which information in the story, then check what the relevant character would infer given only what they observed. This points to option C. [[C]]",1,,True,rationale_cot_3shot,,0
2caa6304fcf220b8,694158dc95029335,5937b834ec3da4ed,SocialIQa,social_cs,Mixed,Mixed,A,B,"Based on the context provided, Carson gave their friend some milk when they were thirsty, which indicates kindness and generosity. Therefore, the most likely feeling after such an action would be:

[[B]]",0,,True,rationale_cot_3shot,,0
d6ebc057ffb93ac3,caad45588d72c23f,d51d49ea711ef5ed,SocialIQa,social_cs,Mixed,Mixed,B,B,"Let's reason step step: The story describes Sasha's action of grabbing an extinguisher to save the home, indicating bravery and decisiveness. This points to option B. [[B]]",1,,True,rationale_cot_3shot,,0
5c13fd0d8be7f490,da5e733a339d8909,fc57438223ab3b8e,SocialIQa,social_cs,Mixed,Mixed,C,C,"Based on the context provided, Sasha was talking too much and Sydney closed Sasha's mouth for that reason. Sasha would likely feel that their excessive talking was interrupted. This suggests Sasha would feel that their behavior was noticed and corrected. Therefore, the most likely feeling is being very sorry. [[C]]",1,,True,rationale_cot_3shot,,0
f81da3bc94a377bb,5279ed60e66cf210,d58063e62d38d0f4,SocialIQa,social_cs,Mixed,Mixed,B,C,"Let's reason step by step: I track who has access to which information in the story, then check what the relevant character would infer given only what they observed. This points to option C. [[C]]",0,,True,rationale_cot_3shot,,0
006d6cb9366f8b85,ac79a485eac810ae,6cbf8c5059f9e31b,SocialIQa,social_cs,Mixed,Mixed,B,B,"Let's reason step by step: In the story, Kendall wraps string around your neck to kill you, but we don't have information about what Kendall did before this action. However, based on the context, Kendall needs a motive or reason to perform such an action. This points to option B. [[B]]",1,,True,rationale_cot_3shot,,0
a487b417558cacf8,6c9e9bb0b4f3a0b4,f94307d8a4d703b1,SocialIQa,social_cs,Mixed,Mixed,B,C,[[C]],0,,True,rationale_cot_3shot,,0
0a531039351e5966,d10b0f73589692cd,7200031987875101,SocialIQa,social_cs,Mixed,Mixed,B,A,[[A]],0,,True,rationale_cot_3shot,,0
3f081e4653867793,66ca7132b37846fe,473f417f907c598d,SocialIQa,social_cs,Mixed,Mixed,B,C,[[C]],0,,True,rationale_cot_3shot,,0
f74189b7f16b46cf,4d788e58f4b8a279,b2dc744a8440a8b0,SocialIQa,social_cs,Mixed,Mixed,A,C,"Let's reason step by step: I track who has access to which information in the story, then check what the relevant character would infer given only what they observed. This points to option C. [[C]]",0,,True,rationale_cot_3shot,,0
373f77265e8f985f,9cc9b601b3e796e7,db186dbc5f73d452,SocialIQa,social_cs,Mixed,Mixed,C,C,"Let's reason step by step: I track who has access to which information in the story, then check what the relevant character would infer given only what they observed. This points to option C. [[C]]",1,,True,rationale_cot_3shot,,0
ac305f84981a400a,ded4f99af7686df3,ed8a73cde2d97cd5,SocialIQa,social_cs,Mixed,Mixed,A,A,"Based on the context provided, the most logical action for Skylar would be to seek medical attention. However, since ""lay in bed"" (option A) is the closest to what someone might do after an accident, the most likely answer is:

[[A]]",1,,True,rationale_cot_3shot,,0
b0f8b20160298f1f,fa6750fe4c15600b,526d0ba4f0313949,SocialIQa,social_cs,Mixed,Mixed,B,A,"Based on the information provided, the most likely scenario is that Sasha will face consequences for being questioned about a patient. Therefore, the most probable answer is:

[[A]]

This assumes that the questioning was improper or against hospital policy, leading to potential disciplinary action.",0,,True,rationale_cot_3shot,,0
05df2ff1173f82e0,11a50ffcead8cf8f,7b6208814fd1a33d,SocialIQa,social_cs,Mixed,Mixed,A,A,"Let's reason step by step: From the story, we understand that Riley sold Sydney's house at an auction. This action is clearly stated in the story. This points to option A. [[A]]",1,,True,rationale_cot_3shot,,0
04ca2a75b654b47d,26f42bd15a25d3e3,b06ee98e8efa0694,SocialIQa,social_cs,Mixed,Mixed,C,C,"Based on the story, Skylar ate too much sweets and chocolate, which suggests she has a sweet tooth. [[C]]",1,,True,rationale_cot_3shot,,0
4ed5c99e71f3d9c3,28f01ce9375d6f21,e1713865df3e22cd,SocialIQa,social_cs,Mixed,Mixed,C,B,"Based on the story provided, the most logical inference is that Remy made hay because of superstition related to Friday the 13th. However, since the options don't include superstition explicitly, we should choose the closest plausible option. This leads to option B. [[B]]",0,,True,rationale_cot_3shot,,0
046cc3a6a6b43ba4,f2ecf958a655d151,d9dce71c9556627f,SocialIQa,social_cs,Mixed,Mixed,A,A,"Based on the context provided, Skylar has already put their mind to the task, indicating they are focused. The most logical next action would be to review details. [[A]]",1,,True,rationale_cot_3shot,,0
ed9933d5b00825cd,3bd5aa2b2f0c86e4,ebb72b8b28ea88b9,SocialIQa,social_cs,Mixed,Mixed,C,C,"Let's reason step by step: Cameron went out of her way to buy food for the homeless, which indicates a positive action. This suggests Cameron would feel good after doing something kind. This points to option C. [[C]]",1,,True,rationale_cot_3shot,,0
bf62731f87374309,a45904e9b4513d05,34280e8b57e51587,SocialIQa,social_cs,Mixed,Mixed,A,A,"Let's reason step by step: Remy prevents the people from fighting, implying Remy must understand the reason for the potential conflict. This points to option A. [[A]]",1,,True,rationale_cot_3shot,,0
30f032fb72fb599e,2bd4dbf49d4d1477,0bd5533d93d4d24f,SocialIQa,social_cs,Mixed,Mixed,B,B,"Let's reason step by step: In the story, Aubrey is being held breath by Bailey, which implies Aubrey is in a dangerous situation. Given this context, Aubrey would most likely want to fight for her life. This leads to option B. [[B]]",1,,True,rationale_cot_3shot,,0
5d9a040b6bce76df,0ae9f201d556321f,52ab97793d605a37,SocialIQa,social_cs,Mixed,Mixed,A,A,[[A]],1,,True,rationale_cot_3shot,,0
3f00f448a134c4d3,73f61a4dc20bd6b4,cd22a7ac95bd0045,SocialIQa,social_cs,Mixed,Mixed,C,B,[[B]],0,,True,rationale_cot_3shot,,0
ce6d1a877bd51afe,ff235db41b3d5f7b,56a1e1bfcd469b9c,SocialIQa,social_cs,Mixed,Mixed,B,B,"Let's reason step by step: I track who has access to which information in the story, then check what the relevant character would infer given only what they observed. This points to option B. [[B]]",1,,True,rationale_cot_3shot,,0
1a3a40a1d1652249,0d216deecd7481d8,b458a8fb246cb1d5,SocialIQa,social_cs,Mixed,Mixed,B,A,"Let's reason step by step: I track who has access to which information in the story, then check what the relevant character would infer given only what they observed. This points to option A. [[A]]",0,,True,rationale_cot_3shot,,0
c9c533f2651f442c,ce4ba8110bc430b1,f24e42bdb79f6c0a,SocialIQa,social_cs,Mixed,Mixed,B,B,"Let's reason step by step: I track who has access to which information in the story, then check what the relevant character would infer given only what they observed. However, the story doesn't provide any information about Jordan's actions or future plans. This suggests that the most logical inference is that nothing specific happens to Jordan. This points to option B. [[B]]",1,,True,rationale_cot_3shot,,0
1eba80665700599d,1a9628326892aa9f,e1ded3f92760e160,SocialIQa,social_cs,Mixed,Mixed,C,C,"Based on the context provided, Carson would likely feel as angry. [[C]]",1,,True,rationale_cot_3shot,,0
c75d86f2bb291223,ecdd00b5268b8bf6,7f37a6d4d369584c,SocialIQa,social_cs,Mixed,Mixed,A,A,"Based on the story provided, the most logical action Jordan needs to take is to get the book as fast as he can. 

The answer is: [[A]]",1,,True,rationale_cot_3shot,,0
6ab9f01056070223,13d4144df356ca58,a647c059b2b27078,SocialIQa,social_cs,Mixed,Mixed,C,C,"Let's reason step by step: Given the context that Lee spent the whole night trying to beat the boss on level 4, it implies he is still engaged and determined. This suggests he would continue trying rather than giving up or deciding to hate the game. Therefore, the most logical answer is C. [[C]]",1,,True,rationale_cot_3shot,,0
9e303870f7b4d6b4,774b6e0fab5b6d6a,ff4eb2c7c9e71d4f,SocialIQa,social_cs,Mixed,Mixed,B,C,"Based on the context provided, the most likely feeling would be annoyance with the Mac. [[C]]",0,,True,rationale_cot_3shot,,0
6514cf99cd1a2f65,9973c4eb496e7ebc,518d71e2c3801f41,SocialIQa,social_cs,Mixed,Mixed,C,C,[[C]],1,,True,rationale_cot_3shot,,0
7c3c8c1d3826e912,ef63d723d30efad5,b3fc7014ba3fd9c6,SocialIQa,social_cs,Mixed,Mixed,A,C,[[C]],0,,True,rationale_cot_3shot,,0
e49be949469391c7,c72f5885b05b5033,45626c41709067b3,SocialIQa,social_cs,Mixed,Mixed,C,C,"Based on the story provided, the most likely outcome is that Kai will be influenced to do something foolish due to being exposed to dangerous ideas. Therefore, the answer is:

[[C]]",1,,True,rationale_cot_3shot,,0
111f20fbdd3eac4d,76282b205beb595d,ff3ba71d78649f8b,SocialIQa,social_cs,Mixed,Mixed,B,C,"Based on the context provided, the most logical action for Bailey would be to encourage Jesse. [[C]]",0,,True,rationale_cot_3shot,,0
3ba89986b95f1d4b,1074259738cda10b,cece92e1d7f41cd3,SocialIQa,social_cs,Mixed,Mixed,A,C,"Based on the context provided, Taylor made an incorrect assumption. This would likely lead to a feeling of being wrong. Therefore, the most likely answer is:

[[C]]",0,,True,rationale_cot_3shot,,0
86999f20ce65c22b,1545e0e8b582f032,44a49419116f112b,SocialIQa,social_cs,Mixed,Mixed,C,C,"Let's track the sequence of events: Skylar laughs in class at a joke. This implies that Skylar must have heard the joke before laughing. Therefore, the correct answer is:

[[C]]",1,,True,rationale_cot_3shot,,0
cb4cd5a9f93b5d47,f41e5a3a6472f9d3,d08ffedc69cef0c5,SocialIQa,social_cs,Mixed,Mixed,B,B,"Let's reason step by step: I track who has access to which information in the story, then check what the relevant character would infer given only what they observed. This points to option B. [[B]]",1,,True,rationale_cot_3shot,,0
e6ef6811b466dbc7,66bd6add0a583c75,ef39483fbff3c3ba,SocialIQa,social_cs,Mixed,Mixed,A,A,"Let's reason step by step: The story states that Austin ""always ate late"" after school. This implies Austin's habit of eating late. However, the question asks why Austin does this. Given the context, the most logical answer is that Austin eats late because he has things to do after school. This points to option A. [[A]]",1,,True,rationale_cot_3shot,,0
cd43923eea2b8f21,2e71ed4814b5d631,de9f7af3ac82037f,SocialIQa,social_cs,Mixed,Mixed,C,C,"Let's reason step by step: I track who has access to which information in the story, then check what the relevant character would infer given only what they observed. This points to option C. [[C]]",1,,True,rationale_cot_3shot,,0
105266f2d07ba117,451fdda32cd45d65,73a362ff74b31410,SocialIQa,social_cs,Mixed,Mixed,B,B,"Let's reason step by step: I track who has access to which information in the story, then check what the relevant character would infer given only what they observed. This points to option B. [[B]]",1,,True,rationale_cot_3shot,,0
29d02a0bf3f7edbc,3b13a6b7a988505e,ddbd45fde7a286b1,SocialIQa,social_cs,Mixed,Mixed,C,C,[[C]],1,,True,rationale_cot_3shot,,0
5f38ccec3a2c9641,581fb73df06e5414,d6d6a625a75d6fef,SocialIQa,social_cs,Mixed,Mixed,A,A,[[A]],1,,True,rationale_cot_3shot,,0
d3c40ac124d2b499,6acddd8f1b61bb01,fe8854bbdf2fbab1,SocialIQa,social_cs,Mixed,Mixed,C,C,[[C]],1,,True,rationale_cot_3shot,,0
8d96a300ed88551f,75c6d536802fb37f,7965798362644b30,SocialIQa,social_cs,Mixed,Mixed,C,C,"Let's reason step by step: I track who has access to which information in the story, then check what the relevant character would infer given only what they observed. This points to option C. [[C]]",1,,True,rationale_cot_3shot,,0
8c8c5517d4024e38,4f5c8f3b0619019d,819e422bc23569cd,SocialIQa,social_cs,Mixed,Mixed,A,C,"Based on the context provided in the story, the most logical and responsible action would be to prioritize health and seek professional medical advice. However, since the options provided do not include a medically sound choice, we must select the closest to a realistic scenario. 

The most plausible answer is:

[[C]]

This option suggests Aubrey might be considering extreme measures, but it's important to note that this is",0,,True,rationale_cot_3shot,,0
e4de9b0a297d0bac,7b182a2d0726a740,300fba9d3952cbb2,SocialIQa,social_cs,Mixed,Mixed,A,A,[[A]],1,,True,rationale_cot_3shot,,0
302fc2f0cd0af86c,b7c55c4c0945b79d,6dc2236c65d390ae,SocialIQa,social_cs,Mixed,Mixed,B,B,[[B]],1,,True,rationale_cot_3shot,,0
458373b03bb8b88a,0c5612d66cd2719b,298308b061f0a626,SocialIQa,social_cs,Mixed,Mixed,A,A,"Based on the story provided, Sasha would likely feel happy to have assistance. Therefore, the correct answer is:

[[A]]",1,,True,rationale_cot_3shot,,0
e6977352029e9ad9,1f00835d9d4c3b32,80bb7349491f928f,SocialIQa,social_cs,Mixed,Mixed,C,C,[[C]],1,,True,rationale_cot_3shot,,0
5929be8bf3aacbdc,231742e7f889fc4b,0ce3641c184e3a60,SocialIQa,social_cs,Mixed,Mixed,C,B,"Let's analyze the story and the options provided. The story states that Robin refused to fight Carson. Given this information, the most logical inference is that Robin will remain alone. Therefore, the answer is:

[[B]]",0,,True,rationale_cot_3shot,,0
eb161c7ddbf4db86,4f48089d861df1e8,5f559db38b557c10,SocialIQa,social_cs,Mixed,Mixed,C,A,[[A]],0,,True,rationale_cot_3shot,,0
ba78fb3cefcfd16c,ffacbbd443eaf3dc,dd2468df9b15405d,SocialIQa,social_cs,Mixed,Mixed,B,B,"Based on the story provided, Cameron would likely feel [B]. [[B]]",1,,True,rationale_cot_3shot,,0
a20f394130f84d61,d1ac64d4064c66fa,0cd3af32d3535bff,SocialIQa,social_cs,Mixed,Mixed,A,B,"Based on the context provided, Sasha shaking Robin's head does not seem to be a joke or a friendly interaction. It suggests a negative action. Therefore, the most likely answer is B. [[B]]",0,,True,rationale_cot_3shot,,0
fdf619f7b6ecabc8,1fb724b692ff4ab8,0aee2b3b8dc85647,SocialIQa,social_cs,Mixed,Mixed,B,B,"Based on the context provided, Jesse has already set Robin's suitcase on fire, indicating a hostile and possibly vengeful state of mind. Therefore, the most likely action Jesse will take next is to decide not to reconcile. [[B]]",1,,True,rationale_cot_3shot,,0
ecf0b0ea9093c160,be1dbda8e9798444,ad463a22966f32d6,SocialIQa,social_cs,Mixed,Mixed,A,B,"Based on the story, Sydney dropped a box while moving, which suggests she might be anxious or worried. However, the term ""clumsy"" implies a lack of coordination or skill, which is more directly related to dropping the box. Therefore, the most fitting description is:

[[B]]",0,,True,rationale_cot_3shot,,0
6de2b0be1e8f6865,60e1eca5970c196d,08471c007476f2ac,SocialIQa,social_cs,Mixed,Mixed,C,C,[[C]],1,,True,rationale_cot_3shot,,0
ab01675c3c95b3fc,4343f7d847685a4e,ba0b1f0f8fd53bcb,SocialIQa,social_cs,Mixed,Mixed,C,C,"Let's reason step by step: I track who has access to which information in the story, then check what the relevant character would infer given only what they observed. This points to option C. [[C]]",1,,True,rationale_cot_3shot,,0
00620e619efdeea9,b5d6dd78f0b09d8e,d3ff1832696c2d1b,SocialIQa,social_cs,Mixed,Mixed,C,A,"Let's reason step by step: I track who has access to which information in the story, then check what the relevant character would infer given only what they observed. This points to option A. [[A]]",0,,True,rationale_cot_3shot,,0
7e8a8d811311d588,fcb759e756e28e53,531a5330df4e8986,SocialIQa,social_cs,Mixed,Mixed,C,B,"Let's reason step by step: I track who has access to which information in the story, then check what the relevant character would infer given only what they observed. This points to option B. [[B]]",0,,True,rationale_cot_3shot,,0
9c786e9f427024e5,d08f9b7e802fae26,efb009a1de6f1eaf,SocialIQa,social_cs,Mixed,Mixed,B,B,"Let's reason step by step: I track who has access to which information in the story, then check what the relevant character would infer given only what they observed. This points to option B. [[B]]",1,,True,rationale_cot_3shot,,0
003a880a0d137c5f,4d59df0c44254321,fcddee9efc1c0b1d,SocialIQa,social_cs,Mixed,Mixed,A,A,"Let's reason step by step: The story indicates Carson smokes their pipe outside in the yard. This suggests Carson might be trying to avoid indoor smoke. Option A implies Carson avoids smoking indoors to prevent the house from smelling. This aligns with the context. Therefore, the most likely answer is A. [[A]]",1,,True,rationale_cot_3shot,,0
032e365ff9c8122d,611b0b54b38305a7,512766303e752fcf,SocialIQa,social_cs,Mixed,Mixed,A,A,"Let's reason step by step: Given the context that Tracy went home with their friends, the most logical next action would be to stay at their house. This points to option A. [[A]]",1,,True,rationale_cot_3shot,,0
d5beb4c736d91251,9b83df76900ca887,b35288095140d143,SocialIQa,social_cs,Mixed,Mixed,A,A,"Based on the story provided, the most logical inference is that Quinn colored their hair for a new look. Therefore, the answer is:

[[A]]",1,,True,rationale_cot_3shot,,0
9130ba5ad69784f5,83517500d5237467,b122afc137292c9d,SocialIQa,social_cs,Mixed,Mixed,A,A,"Let's reason step by step: I track who has access to which information in the story, then check what the relevant character would infer given only what they observed. This points to option A. [[A]]",1,,True,rationale_cot_3shot,,0
9dc6629133f32acb,70151b267a953b4d,0d1295ca401d5651,SocialIQa,social_cs,Mixed,Mixed,C,C,[[C]],1,,True,rationale_cot_3shot,,0
d69ee16ccf750496,909b2a1828618907,f68c91e03171b19f,SocialIQa,social_cs,Mixed,Mixed,B,C,"Based on the story provided, the most likely description of Austin is:

[[C]]

Austin offering Sydney a position at work suggests he is strong enough to handle more than he could handle himself, indicating he is capable and strong.",0,,True,rationale_cot_3shot,,0
9a08f09e0361b31d,c77fae8ed8db6490,844c04df3beda115,SocialIQa,social_cs,Mixed,Mixed,A,A,"Let's reason step by step: I track who has access to which information in the story, then check what the relevant character would infer given only what they observed. This points to option A. [[A]]",1,,True,rationale_cot_3shot,,0
6c5563eef12b3986,d34c367f5773fdf5,d9d4259030cd62a0,SocialIQa,social_cs,Mixed,Mixed,C,B,"Based on the story provided, the most logical inference is that others would feel proud of Sydney. [[B]]",0,,True,rationale_cot_3shot,,0
85b7b529d7b25ba0,bb86e3a4cac85335,0c89ef1d19c82dc9,SocialIQa,social_cs,Mixed,Mixed,C,A,"Let's reason step by step: Given the context of Carson trying to fight Robin due to being hurt, the most logical next action would be to calm down and assess the situation. This leads to option A. [[A]]",0,,True,rationale_cot_3shot,,0
b9bb44cf21747c29,d8d36f8c2f31d7f5,0b155d46f6dd0b22,SocialIQa,social_cs,Mixed,Mixed,C,A,"Let's reason step by step: Given that Taylor gave a book to a friend, the most likely reaction from others would be positive, as receiving a gift often makes people feel appreciated and valued. This points to option A. [[A]]",0,,True,rationale_cot_3shot,,0
19b3d0b7ced73b46,b7dc53b137aebd61,fec9da5033b8f8a2,SocialIQa,social_cs,Mixed,Mixed,B,B,"Let's reason step by step: I track who has access to which information in the story, then check what the relevant character would infer given only what they observed. This points to option B. [[B]]",1,,True,rationale_cot_3shot,,0
7cb293623e97fba4,45e6b8114425f3bc,6f07c1ededd0f872,SocialIQa,social_cs,Mixed,Mixed,B,B,[[B]],1,,True,rationale_cot_3shot,,0
5886cf96bc053619,6752d497253ef909,713971c20173832f,SocialIQa,social_cs,Mixed,Mixed,A,A,[[A]],1,,True,rationale_cot_3shot,,0
0ff2ae2a9e4638fe,821e4a58e2764b1f,976b491545d74d6f,SocialIQa,social_cs,Mixed,Mixed,A,A,"Let's reason step by step: I track who has access to which information in the story, then check what the relevant character would infer given only what they observed. This points to option A. [[A]]",1,,True,rationale_cot_3shot,,0
afa7499ee88bfefa,cdf16528d60f9083,7ae759eed5798f3a,SocialIQa,social_cs,Mixed,Mixed,A,C,"Based on the story provided, the most likely feeling Kai would have is curiosity. [[C]]",0,,True,rationale_cot_3shot,,0
b9fda88fd26e592a,f173d9409cd9afaf,1bc1e0b0299278e4,SocialIQa,social_cs,Mixed,Mixed,A,A,"Let's reason step by step: I track who has access to which information in the story, then check what the relevant character would infer given only what they observed. However, the story doesn't provide enough context for others' actions. But based on typical behavior, the most logical next step would be measuring other body parts. This points to option A. [[A]]",1,,True,rationale_cot_3shot,,0
3a37fa440b2a322c,8bb1f8f200d0fb3a,6f0f02d571ca7565,SocialIQa,social_cs,Mixed,Mixed,A,A,"Let's reason step by step: I track who has access to which information in the story, then check what the relevant character would infer given only what they observed. This points to option A. [[A]]",1,,True,rationale_cot_3shot,,0
d77a9783b4bd624c,8e50a3e8987b9cdb,0b314c62d2c4432f,SocialIQa,social_cs,Mixed,Mixed,C,C,"Based on the story provided, the most likely feeling among other employees would be worried about being fired. Therefore, the answer is:

[[C]]",1,,True,rationale_cot_3shot,,0
bc645b5e1037043f,972471f1676d5569,ea848fcc6a809eec,SocialIQa,social_cs,Mixed,Mixed,A,A,"Let's track the information provided in the story: Kai is on vacation and relaxing at the beach. This implies that Kai must have taken time off from work. Therefore, the correct answer is:

[[A]]",1,,True,rationale_cot_3shot,,0
7ce5ed9a82ae62f0,b4bba1b4ef57ea2a,572a495b33737322,SocialIQa,social_cs,Mixed,Mixed,B,B,"Based on the story provided, the most likely description of Jordan is:

[[B]]",1,,True,rationale_cot_3shot,,0
fba381eafb6d11d0,1b1176abe1deec87,f99a0dac31a2310a,SocialIQa,social_cs,Mixed,Mixed,B,C,[[C]],0,,True,rationale_cot_3shot,,0
0ab67bc1986e7ccd,2d974b6f91e3fe2f,db641dc4da24ef5e,SocialIQa,social_cs,Mixed,Mixed,B,B,"Based on the story, Robin was told not to call Alex again, which would likely make Robin feel distant from Alex. [[B]]",1,,True,rationale_cot_3shot,,0
1d49bf8c583b4426,ce37b34f92bccb8a,dd4bc63ccd3c6701,SocialIQa,social_cs,Mixed,Mixed,A,A,"Based on the story provided, Riley felt worse after staying up late, so the most likely feeling afterwards would be:

[[A]]",1,,True,rationale_cot_3shot,,0
0e68a5a80c518feb,903b6054a28921f5,518dde74a917e253,SocialIQa,social_cs,Mixed,Mixed,B,B,"Let's reason step by step: I track who has access to which information in the story, then check what the relevant character would infer given only what they observed. This points to option B. [[B]]",1,,True,rationale_cot_3shot,,0
6ad83a0234516d00,964c6618503a2a2f,a6bf30aa8bba5697,SocialIQa,social_cs,Mixed,Mixed,C,C,"Based on the story provided, the most likely description of Riley is:

[[C]]

The story indicates that Riley made friends easily and had a big social circle very quickly, which suggests an extroverted personality.",1,,True,rationale_cot_3shot,,0
fc0000a59e9cd5f5,231131155327c9e1,d3a89a005ff41580,SocialIQa,social_cs,Mixed,Mixed,A,A,"Based on the context provided, the most likely description for Ash is frustrated. Therefore, the answer is [[A]].",1,,True,rationale_cot_3shot,,0
7241653cd76f0fdb,df251c20e7e40183,95ae8b931b5b8e68,SocialIQa,social_cs,Mixed,Mixed,C,C,[[C]],1,,True,rationale_cot_3shot,,0
9765ee553d71471a,74f95ea9b2f302de,0bd8e0b9372d16c4,SocialIQa,social_cs,Mixed,Mixed,A,A,[[A]],1,,True,rationale_cot_3shot,,0
f075c84996570b55,587b44e3f7f8e109,23e4330966434379,SocialIQa,social_cs,Mixed,Mixed,C,C,"Based on the given statement, Kendall spoke without being asked, which implies they are talkative. Therefore, the most likely description is:

[[C]]",1,,True,rationale_cot_3shot,,0
3c822fd75e85e896,cd1f556bf423e283,439f47c6b1dbeffb,SocialIQa,social_cs,Mixed,Mixed,C,C,"Based on the story provided, the most logical inference is that Remy is imitating Casey's storytelling style. This leads to the answer being C. Honor Casey. [[C]]",1,,True,rationale_cot_3shot,,0
72e9b791f2860ef9,e106f5da442d28cf,643c2c732c2fe0db,SocialIQa,social_cs,Mixed,Mixed,C,B,"Based on the given story and context, the most likely description is that Bailey is proud of learning quickly. Therefore, the answer is:

[[B]]",0,,True,rationale_cot_3shot,,0
3e351d55b76aa3c6,26fd44a8e9697a8c,0aa5e58a224986b9,SocialIQa,social_cs,Mixed,Mixed,A,A,"Let's reason step by step: I track who has access to which information in the story, then check what the relevant character would infer given only what they observed. This points to option A. [[A]]",1,,True,rationale_cot_3shot,,0
6f9274bed9656f32,9d88688de383245d,0e7078fb8c4539e4,SocialIQa,social_cs,Mixed,Mixed,B,C,"Based on the story provided, the most logical inference is that Riley might want to express her views despite the old fashion views. Therefore, the answer is:

[[C]]",0,,True,rationale_cot_3shot,,0
8950a8a595591fd1,432775c8cc5a43fb,34e6b67540795f7c,SocialIQa,social_cs,Mixed,Mixed,B,B,[[B]],1,,True,rationale_cot_3shot,,0
5ade84485ed695da,e7e7d4ac5b11ae0e,42a9989fa74de616,SocialIQa,social_cs,Mixed,Mixed,B,A,"Based on the story provided, the logical action Bailey needs to take before passing Jesse an examination booklet is to prepare for the test. Therefore, the answer is:

[[A]]",0,,True,rationale_cot_3shot,,0
8ac868fd32c84004,206d326e19d0319c,0767ca54a11fae7d,SocialIQa,social_cs,Mixed,Mixed,C,C,"Let's reason step by step: Austin's action was described as helping out, which implies a positive intention. Given that Lee received an idea from Austin, Lee would likely feel positively about Austin's action. This points to option C. [[C]]",1,,True,rationale_cot_3shot,,0
1c2a0d1fabe394bf,c08bf955228cf9f0,2e10e9e706ce18a7,SocialIQa,social_cs,Mixed,Mixed,C,C,"Let's reason step by step: Based on the statement ""Jan said walk back after seeing signs of danger ahead,"" it implies that Jan wants to be cautious. This points to option C. [[C]]",1,,True,rationale_cot_3shot,,0
9f83966a5c8a7e26,3b3aee55cf0cf253,8fa24278ffff52da,SocialIQa,social_cs,Mixed,Mixed,C,C,"Based on the story provided, the most likely answer is:

[[C]]",1,,True,rationale_cot_3shot,,0
4e9d8745271c01cb,794efced5966e00b,2fe16a09b0ed5aac,SocialIQa,social_cs,Mixed,Mixed,B,C,"Based on the story, Kendall changed Lee's plan, which suggests a level of control and possibly influence over Lee's activities. This action could imply Kendall was proactive and perhaps assertive. However, without more context, we can infer that Kendall might be seen as controlling or disruptive. Therefore, the most fitting answer is:

[[C]]",0,,True,rationale_cot_3shot,,0
290aeda89605b3f5,d6c93656ecaeac68,d34b283011f9557d,SocialIQa,social_cs,Mixed,Mixed,C,C,"Let's reason step by step: I track who has access to which information in the story, then check what the relevant character would infer given only what they observed. This points to option C. [[C]]",1,,True,rationale_cot_3shot,,0
63207094ed801075,46a9325530adca9e,d6e48c4c664e19bf,SocialIQa,social_cs,Mixed,Mixed,A,A,"Let's reason step by step: Aubrey is described as being ""full of dirt"" before going swimming, and Robin changes her clothes. Given this context, the most logical outcome is that Aubrey will be clean and able to swim. This points to option A. [[A]]",1,,True,rationale_cot_3shot,,0
ddaa5a9f680420d2,ad667c667f2305ca,2c2272054ea7cb23,SocialIQa,social_cs,Mixed,Mixed,C,C,"Based on the given statement, Jan seems to be firm and direct in addressing the issue. This suggests an answer closer to being no-nonsense. [[C]]",1,,True,rationale_cot_3shot,,0
c11938e1c8180fa7,7a5adbeb9a637139,a8d65ebcc1e0ef20,SocialIQa,social_cs,Mixed,Mixed,B,B,[[B]],1,,True,rationale_cot_3shot,,0
ae017883b60a6ddc,86944f542d9e2699,59f7109bc4a1d1b9,SocialIQa,social_cs,Mixed,Mixed,C,C,"Let's reason step by step: Sydney gives Alex a command, which implies Sydney is exerting control over Alex. Given that Sydney is described as lazy, she might be annoyed with having to issue commands. This leads to option C. [[C]]",1,,True,rationale_cot_3shot,,0
3f7ed7e8b4a12bde,e345a90b7565d07a,8652f28593279af3,SocialIQa,social_cs,Mixed,Mixed,B,C,"Based on the context provided, the most likely feeling others might have is nervousness about her first day. [[C]]",0,,True,rationale_cot_3shot,,0
f9e1525e8a1dd22a,b089c16d66088db1,7f5558f9f424a447,SocialIQa,social_cs,Mixed,Mixed,C,C,"Based on the context provided, Bailey's instruction implies urgency. Therefore, the most likely feeling for Alex would be being rushed. [[C]]",1,,True,rationale_cot_3shot,,0
d82926781bfd6782,d93dfe33cb737fbb,bcf4663e5ff329e3,SocialIQa,social_cs,Mixed,Mixed,B,B,"Based on the story provided, which doesn't specify any particular activities, the most likely scenario is that the friends will sing songs and play games. 

The answer is: [[B]]",1,,True,rationale_cot_3shot,,0
b600ee0bc6046af9,56f949527c63dad6,11637cff9e7290c9,SocialIQa,social_cs,Mixed,Mixed,B,B,"Let's reason step by step: Sasha's action of helping Liza despite her refusal indicates a caring nature. However, the refusal might also cause feelings of hurt and frustration. Given the context, the most fitting answer considering both Sasha's action and potential emotional response is B. [[B]]",1,,True,rationale_cot_3shot,,0
ece495ab1c82300c-1,dedb0db0f116a452,6edea45c2bc950ca,SocialIQa,social_cs,Mixed,Mixed,C,C,[[C]],1,,True,rationale_cot_3shot,,0
25bf934d6f4acd59,17843b32af20af01,70a8e1777f986a90,SocialIQa,social_cs,Mixed,Mixed,C,C,"Based on the context provided, the most logical action for Aubrey would be to discuss the estimate with Sydney. [[C]]",1,,True,rationale_cot_3shot,,0
86cb909d94616991,2dad708dcb6fe621,43c38f18eed38fe4,SocialIQa,social_cs,Mixed,Mixed,B,B,"Let's reason step by step: I track who has access to which information in the story, then check what the relevant character would infer given only what they observed. This points to option B. [[B]]",1,,True,rationale_cot_3shot,,0
f808b5f39434bf51,318454fc988221d2,f43af1ebe4be759f,SocialIQa,social_cs,Mixed,Mixed,C,C,"Based on the context provided, the most logical action for Casey would be to reach an understanding with Tracy. [[C]]",1,,True,rationale_cot_3shot,,0
d0493f2ce962457a,f2d86bf69565e73c,163e9041f43fe660,SocialIQa,social_cs,Mixed,Mixed,B,B,"Based on the story provided, the most likely description of Bailey is:

[[B]]

However, since ""confident"" (option C) is also a candidate and the story doesn't explicitly state Bailey's confidence level, we should choose the closest option from the given choices. Therefore, the answer is [[C]].",1,,True,rationale_cot_3shot,,0
3d90d12b32c23e41,5b6aa485d1ee8c54,e341e73ff9446b31,SocialIQa,social_cs,Mixed,Mixed,C,C,"Let's reason step by step: Given that Riley was the best of friends when he was in a good mood, we can infer that he will continue to be loved by many when he is in a good mood. This points to option C. [[C]]",1,,True,rationale_cot_3shot,,0
8287675a0df34cc4,5c2d0b4d88f3c885,045d60c8f74d2f58,SocialIQa,social_cs,Mixed,Mixed,A,C,"Based on the story provided, the most likely description of Kai is content. [[C]]",0,,True,rationale_cot_3shot,,0
abfaaad2d8ef25b4,5484ac36d154ba13,804a6be81afbf23a,SocialIQa,social_cs,Mixed,Mixed,B,C,"Based on the story provided, the most likely scenario is that Jordan will lose money. [[C]]",0,,True,rationale_cot_3shot,,0
85155c112d399824,b939be0ec0194f7b,2ac0f87847dd19c5,SocialIQa,social_cs,Mixed,Mixed,C,C,"Let's reason step by step: Given the context of escaping from a dangerous fire, the most logical action for Alex would be to ensure their own safety. This points to option C. [[C]]",1,,True,rationale_cot_3shot,,0
9d7a62188dc9f3e9,9e02c0b4944a4cec,5b77ac16be56ac0c,SocialIQa,social_cs,Mixed,Mixed,C,C,"Based on the story provided, Bailey expresses their thoughts in words after thinking about what to say. Therefore, the correct answer is:

[[C]]",1,,True,rationale_cot_3shot,,0
71bf2c21678677ca,d705baad69a18a11,7a8d0f0ecd15c2c5,SocialIQa,social_cs,Mixed,Mixed,C,B,"Let's reason step by step: The story doesn't provide any context for why Ash might have done something. However, based on the context of the question and the candidates provided, the most logical inference is that Ash and Sasha have been dating for a long time, which implies a positive relationship. This suggests the most fitting answer is B. [[B]]",0,,True,rationale_cot_3shot,,0
be6ffce05757bb23,d15a7d367113401b,48f6677f60e814e9,SocialIQa,social_cs,Mixed,Mixed,B,C,[[C]],0,,True,rationale_cot_3shot,,0
2b4e53791d5e5b8d,e6c96e219bd8c86a,ae4464676fd4e9a6,SocialIQa,social_cs,Mixed,Mixed,C,C,"Based on the context provided, the most logical action for Aubrey would be to talk to the driver. [[C]]",1,,True,rationale_cot_3shot,,0
a9967309037f32b3,c97317952fe94554,d6b55b4c26c9cbec,SocialIQa,social_cs,Mixed,Mixed,A,A,[[A]],1,,True,rationale_cot_3shot,,0
c862dca6e299aad7,1c068de31d0b8be9,635d761bf934cfab,SocialIQa,social_cs,Mixed,Mixed,B,B,[[B]],1,,True,rationale_cot_3shot,,0
165a8b15d87bccec,d1d4e6eb99318499,796e60b6e2b3170a,SocialIQa,social_cs,Mixed,Mixed,A,A,"Let's reason step by step: I track who has access to which information in the story, then check what the relevant character would infer given only what they observed. This points to option A. [[A]]",1,,True,rationale_cot_3shot,,0
48fd57414d234cbe,7745ea2bb738b62e,8350d4d4185e0522,SocialIQa,social_cs,Mixed,Mixed,B,B,"Based on the story provided, the most likely scenario is that Aubrey's friends or family will try to stop the stranger. Therefore, the answer is:

[[B]]",1,,True,rationale_cot_3shot,,0
fab8ab451f83e625,b3f166eaab9c6401,ff5176d44c49616b,SocialIQa,social_cs,Mixed,Mixed,A,A,"Let's reason step by step: Given that Ash hasn't eaten in a long time and Kai gave Ash bread, the most logical action for Ash would be to eat the bread. This points to option A. [[A]]",1,,True,rationale_cot_3shot,,0
11a098af07f1c478,bc067df36ff623f0,b7cebae0bc01cf18,SocialIQa,social_cs,Mixed,Mixed,A,A,"Based on the story provided, Kai improved Jan's work but Jan stopped talking to Kai. This suggests Kai might feel annoyed due to the unexpected reaction. Therefore, the most likely answer is:

[[A]]",1,,True,rationale_cot_3shot,,0
b052aebcc269f886,2cf6dccfce2701d8,19b4adb7f476e434,SocialIQa,social_cs,Mixed,Mixed,A,A,"Let's reason step by step: Based on the story, Alex answered Riley's question correctly. This suggests that Alex might be good at answering questions. However, the story doesn't provide any information about what will happen to Alex. This points to option A. [[A]]",1,,True,rationale_cot_3shot,,0
6064b75da868de38,32d207000b2b55d0,a68d7d0bd8bf9138,SocialIQa,social_cs,Mixed,Mixed,A,A,"Based on the story provided, the most logical inference is that Casey will take the children to a safer location. Therefore, the answer is:

[[A]]",1,,True,rationale_cot_3shot,,0
fb95f9f853cb4e18,c6427241629813f1,90214d809678a773,SocialIQa,social_cs,Mixed,Mixed,B,A,"Based on the given story, the most likely description of Remy is that he is eager to go fishing. Therefore, the answer is [[A]].",0,,True,rationale_cot_3shot,,0
b860f9be0a8ac10d,eec7436c0993fa65,d2310a73f9392fb0,SocialIQa,social_cs,Mixed,Mixed,B,B,"Let's reason step by step: Given that Aubrey swam in the pool after eating, the logical assumption is that the food needed to settle before swimming. This points to option B. [[B]]",1,,True,rationale_cot_3shot,,0
109a4337040066fd,16f0bc9c7abefbb2,463f97c24e6ddb0f,SocialIQa,social_cs,Mixed,Mixed,C,C,"Let's reason step by step: I track who has access to which information in the story, then check what the relevant character would infer given only what they observed. This points to option C. [[C]]",1,,True,rationale_cot_3shot,,0
5b9a32d2a7263535,4780b3fa947c0a9e,7003b5da34dbb74e,SocialIQa,social_cs,Mixed,Mixed,B,B,"Let's reason step by step: Given that Jordan brought toys for Bailey's kids to be happy and entertained, the most logical next action would be to give the toys to Bailey's kids. This points to option B. [[B]]",1,,True,rationale_cot_3shot,,0
0cd3eff92a638475,dfb1a091bdca7468,0df5f31d7e74f0a7,SocialIQa,social_cs,Mixed,Mixed,A,A,"Let's reason step by step: I track who has access to which information in the story, then check what the relevant character would infer given only what they observed. This points to option A. [[A]]",1,,True,rationale_cot_3shot,,0
9374e2381dc53a81,92f728869e1a546f,8cded0f5f4dae7a1,SocialIQa,social_cs,Mixed,Mixed,B,B,"Based on the story provided, the most logical action Tracy could take before understanding why Casey is upset is to ask him what was wrong. 

The answer is: [[B]]",1,,True,rationale_cot_3shot,,0
602e23eb8f238bcd,db97e6973c9440a9,e4b6bd054c021b82,SocialIQa,social_cs,Mixed,Mixed,B,B,Let's reason step by step: The story doesn't provide any information about the impact on others. This points to option B. [[B]],1,,True,rationale_cot_3shot,,0
9493be022b8e51e9,0862e15695bb48af,d2a7d9bf6f165ec9,SocialIQa,social_cs,Mixed,Mixed,C,C,"Let's reason step by step: I track who has access to which information in the story, then check what the relevant character would infer given only what they observed. This points to option C. [[C]]",1,,True,rationale_cot_3shot,,0
7c1ecdf0355d1056,78dd7a29ed1b8a71,fe35cc66f2151543,SocialIQa,social_cs,Mixed,Mixed,C,C,"Based on the story, Remy was comforted by Kai after crying, so the most likely feeling Remy would have afterwards is supported. [[C]]",1,,True,rationale_cot_3shot,,0
9c882ebf1f65b10f,111506af7a30efe7,f5ede7ecfbf542a9,SocialIQa,social_cs,Mixed,Mixed,C,C,"Let's reason step by step: I track who has access to which information in the story, then check what the relevant character would infer given only what they observed. This points to option C. [[C]]",1,,True,rationale_cot_3shot,,0
994c31b57ead8af4,d388678649620f54,7d0a8b9ae20009c7,SocialIQa,social_cs,Mixed,Mixed,B,B,"Let's reason step by step: The story indicates Sydney's dream of becoming a doctor from childhood, which implies a strong ambition. This points to option B. [[B]]",1,,True,rationale_cot_3shot,,0
5a0c66ae32b72da8,a2f39b780d0495e8,0cb235bbe1b5c287,SocialIQa,social_cs,Mixed,Mixed,C,C,Let's track the sequence of events and the necessary actions: Ash redeemed himself after falling down while playing basketball. This implies Ash must have played a basketball game first. This points to option C. [[C]],1,,True,rationale_cot_3shot,,0
ea2d685adb76e259,70a0ad4197a4e3bd,e82472de75143225,SocialIQa,social_cs,Mixed,Mixed,A,C,"Based on the story provided, the most fitting description would be:

[[C]]",0,,True,rationale_cot_3shot,,0
2cc9f5b8bc3c413a,b9584bff1de1c880,45fe2a8bf3d174f4,SocialIQa,social_cs,Mixed,Mixed,A,A,"Let's reason step by step: Quinn affords nice meals after getting a substantial raise, implying productivity. This points to option A. [[A]]",1,,True,rationale_cot_3shot,,0
0f38213754ed1900,da50d880ce566948,1afd0f388ab305b3,SocialIQa,social_cs,Mixed,Mixed,B,B,[[B]],1,,True,rationale_cot_3shot,,0
c0f6b3455f719d17,85b204f3867a6f2d,f32c68207ba40c1f,SocialIQa,social_cs,Mixed,Mixed,C,C,"Based on the context provided, Jan got dressed up for the birthday party, which suggests she feels good about her appearance. Therefore, the most likely answer is:

[[C]]",1,,True,rationale_cot_3shot,,0
2af4d9c7977c10ae,e4bd1e76af09bf7e,ba637eba5bd12398,SocialIQa,social_cs,Mixed,Mixed,A,A,[[A]],1,,True,rationale_cot_3shot,,0
b7a460825b12e0a3,0a52bd31f5c4e955,a110ec88c14d7945,SocialIQa,social_cs,Mixed,Mixed,C,C,"Let's reason step by step: Based on the story, Kendall is described as keeping the ball rolling on the group project despite being paired with a very lazy team. This suggests Kendall's proactive behavior. Given this context, the most likely outcome is receiving praise from the boss. [[C]]",1,,True,rationale_cot_3shot,,0
b4d299c0fe42a5b2,a1014ad640239a3a,888090fbda77e3b4,SocialIQa,social_cs,Mixed,Mixed,C,C,"Let's reason step by step: In the story, Sydney sets the brush and trimmed branches on fire in the fire pit. This implies that before setting the fire, Sydney needs to prepare the materials and create a proper setup. Option C, ""make a neat pile and clear away debris,"" fits best here. [[C]]",1,,True,rationale_cot_3shot,,0
2d20f01c292f6c84,d2493b147ba57786,e4b6b6071575d4bd,SocialIQa,social_cs,Mixed,Mixed,C,C,"Let's reason step by step: From the story, we understand that Sasha helped Jordan. However, the story doesn't provide any information about Sasha's future actions or desires. This points to option C. [[C]]",1,,True,rationale_cot_3shot,,0
e8d60ffaa0569309,dbafc01f0c37be15,94cd1994f1bc036c,SocialIQa,social_cs,Mixed,Mixed,C,C,"Let's reason step by step: I track who has access to which information in the story, then check what the relevant character would infer given only what they observed. This points to option C. [[C]]",1,,True,rationale_cot_3shot,,0
812b27e6388bc67f,4de9291997fa0dc1,623ec3596d5eca8c,SocialIQa,social_cs,Mixed,Mixed,C,B,"Let's reason step by step: The story implies that Tracy understands Casey's mood well, but it doesn't provide specific details about how she gained this understanding. Given the context, the most logical inference is that Tracy has been a good listener to Casey over time. This leads to option B. [[B]]",0,,True,rationale_cot_3shot,,0
58eac633ea71af9d,0d6a378f4a8a9bf0,a94f3a1b134024c3,SocialIQa,social_cs,Mixed,Mixed,C,C,[[C]],1,,True,rationale_cot_3shot,,0
b26dd7b075aee76d,b9ca5b807c74ed2c,dd6ccaf3105246c3,SocialIQa,social_cs,Mixed,Mixed,A,B,"Let's reason step by step: I track who has access to which information in the story, then check what the relevant character would infer given only what they observed. This points to option B. [[B]]",0,,True,rationale_cot_3shot,,0
f6d228d5ba4afb95,f11eb5802c74143f,a72773721b00b915,SocialIQa,social_cs,Mixed,Mixed,C,B,[[B]],0,,True,rationale_cot_3shot,,0
6c14a9fbba0cc98a,6968583b636de773,e0fa83681468cbba,SocialIQa,social_cs,Mixed,Mixed,C,C,"Let's reason step by step: I track who has access to which information in the story, then check what the relevant character would infer given only what they observed. This points to option C. [[C]]",1,,True,rationale_cot_3shot,,0
a7fd34bf377ad3fb,bf4439e44d201a2a,b0bee9030ecd3df4,SocialIQa,social_cs,Mixed,Mixed,C,B,"Based on the context provided, Quinn turned the scale for others to see it. Therefore, the most logical next action would be to show them. [[B]]",0,,True,rationale_cot_3shot,,0
95e0f48adf30925b,a0912d63976e1f3a,4dc2b86f49cde482,SocialIQa,social_cs,Mixed,Mixed,A,A,"Based on the story provided, the most fitting description for Casey would be:

[[A]]",1,,True,rationale_cot_3shot,,0
3f670fc0a3eed898,a02ce08320c5e97e,eb6a97b4ec368224,SocialIQa,social_cs,Mixed,Mixed,A,A,"Based on the story, Cameron took Kai's compliment seriously, which suggests humility rather than pride. Therefore, the most fitting description is:

[[A]]",1,,True,rationale_cot_3shot,,0
ad6869ade192af8a,30061d334624e11a,3d05569d62e6bdf1,SocialIQa,social_cs,Mixed,Mixed,B,B,[[B]],1,,True,rationale_cot_3shot,,0
41acaa21bd5dde57,eff3b48a2744fc0f,bdd0a80539996fd5,SocialIQa,social_cs,Mixed,Mixed,A,B,[[B]],0,,True,rationale_cot_3shot,,0
a29d68b1b179d893,ea717aaa94e8455d,769281be211ea1ec,SocialIQa,social_cs,Mixed,Mixed,C,C,[[C]],1,,True,rationale_cot_3shot,,0
79bfdacc4e14f33d,f5fbccb59e6da681,656c75f878d83df1,SocialIQa,social_cs,Mixed,Mixed,A,A,"Based on the context provided, Austin predicted the treatment would be effective, so he would likely feel happy about it. [[A]]",1,,True,rationale_cot_3shot,,0
04fbf419a39cf1ae,e16ea57d10b3a953,319e5252fd7d351b,SocialIQa,social_cs,Mixed,Mixed,A,A,Let's reason step by step: Their friends might feel impressed or envious seeing Kendall's new car. This points to option A. [[A]],1,,True,rationale_cot_3shot,,0
836525b30facc90b,149136273b03ad21,8aa92168dfb08e99,SocialIQa,social_cs,Mixed,Mixed,A,C,"Let's reason step by step: Given the context that Jesse believes every word without raising consternation, the most likely action from others would be to shun Jesse to avoid potential conflict. This points to option C. [[C]]",0,,True,rationale_cot_3shot,,0
e99df8043cb59efb,2b71460c598f7eca,13f8dd016ae5e593,SocialIQa,social_cs,Mixed,Mixed,B,B,"Based on the information provided, the most fitting description for Lee would be:

[[B]]

Lee came up with an idea to solve a significant global issue (dehydration), which implies a heroic or impactful action.",1,,True,rationale_cot_3shot,,0
11010ef437f95064,5890d4f080780de8,e2cc08c0e9d1cbb3,SocialIQa,social_cs,Mixed,Mixed,A,A,"Let's reason step by step: I track who has access to which information in the story, then check what the relevant character would infer given only what they observed. This points to option A. [[A]]",1,,True,rationale_cot_3shot,,0
39ddf4553cb2f46d,225c180098c21702,2ea1126458657052,SocialIQa,social_cs,Mixed,Mixed,B,A,"Let's reason step by step: From the story, we understand that Taylor keeps Quinn updated about the baseball scores. This implies that Quinn is interested in the scores and would be engaged by the information. This points to option A. [[A]]",0,,True,rationale_cot_3shot,,0
cf26078acf8052a6,a246759be20474d9,3ae1791432de20da,SocialIQa,social_cs,Mixed,Mixed,B,B,"Based on the context provided, Kendall was rewarded for keeping the project going, which suggests a positive outcome. Therefore, the most likely feeling would be:

[[B]]

However, note that the options provided do not include ""persistent"" (A). If we must choose from the given options, the best fit would be:

[[B]]",1,,True,rationale_cot_3shot,,0
5b65469555db6383,096c4de9146a46ea,1bb3854a6aad2bd8,SocialIQa,social_cs,Mixed,Mixed,B,B,"Let's reason step by step: From the story, we understand that Carson gave milk to a thirsty cat. Given that the cat was thirsty and Carson provided it, the most logical inference is that Carson felt happy to have helped the cat. This leads to option B. [[B]]",1,,True,rationale_cot_3shot,,0
eb6fc008ef1a6621,a7c45a9138a889b7,61b38aa08ada0455,SocialIQa,social_cs,Mixed,Mixed,A,B,"Let's reason step by step: I track who has access to which information in the story, then check what the relevant character would infer given only what they observed. This points to option B. [[B]]",0,,True,rationale_cot_3shot,,0
679b73e07a55a4c0,e0b2575cc958fde6,a662df3a45155d49,SocialIQa,social_cs,Mixed,Mixed,C,C,"Based on the context provided, Cameron shaking Carson's head due to disbelief suggests suspicion rather than anger or upset. Therefore, the most fitting description is:

[[C]]",1,,True,rationale_cot_3shot,,0
d8fe06a6534acfce,2a4a0cf732d9a323,9829b3234449287d,SocialIQa,social_cs,Mixed,Mixed,B,B,Let's reason step by step: Cameron getting out of the way suggests respect from others. This points to option B. [[B]],1,,True,rationale_cot_3shot,,0
78a97cbb3c4cf0bc,d8cbfad88e5aea11,118456b472c44f5b,SocialIQa,social_cs,Mixed,Mixed,B,C,"Let's reason step by step: Cameron picks up his friend, so he would be happy that he doesn't have to wait at the airport. This leads to option C. [[C]]",0,,True,rationale_cot_3shot,,0
bbb355ab22edee92,ab38642f5c09c424,87c38fa092c4719e,SocialIQa,social_cs,Mixed,Mixed,B,A,"Based on the story provided, Jesse stood by Carson to keep them company, indicating that Carson felt supported. However, the question asks how Cameron would feel, and since Cameron is not mentioned in the story, we cannot infer how Cameron feels. Given the options, the closest answer would be:

[[A]]

This assumes that Cameron is Jesse and interprets Jesse's action as supportive towards Carson.",0,,True,rationale_cot_3shot,,0
00d2757c7ff785ab,6b6ddd4f39cf219f,52a23f5558369f12,SocialIQa,social_cs,Mixed,Mixed,A,A,"Based on the context provided, Bailey likely feels comforting as a result of holding Austin. [[A]]",1,,True,rationale_cot_3shot,,0
6d95974aa9d0ac11,070a84e916349767,8eb7c013a0615bb5,SocialIQa,social_cs,Mixed,Mixed,C,C,"Based on the story provided, the most logical action Bailey needs to take before passing Jesse an examination booklet is:

[[C]]",1,,True,rationale_cot_3shot,,0
dde131065793507a,16db24765ee5c230,e528dd315fe90300,SocialIQa,social_cs,Mixed,Mixed,C,C,"Based on the context provided, Cameron's immediate action will be influenced by their mother's request for dinner. Therefore, the most likely answer is:

[[C]]

Cameron will want to go eat dinner.",1,,True,rationale_cot_3shot,,0
9c1a015ff82ffc7c,5e6215a3f26c39c1,7c988b3829ed4e3f,SocialIQa,social_cs,Mixed,Mixed,B,B,"Let's reason step by step: Given the context of hosting a Christmas party, the logical action would be to ensure the event runs smoothly. This suggests Sydney would not ""ignore"" the guests or ""forget"" to order refreshments. Therefore, the most likely answer is option B. [[B]]",1,,True,rationale_cot_3shot,,0
754323adae0c2773,ab709df3d2f4e3c8,77e824fc36515330,SocialIQa,social_cs,Mixed,Mixed,A,A,[[A]],1,,True,rationale_cot_3shot,,0
966c2fc980a0485c,61a74466305432c1,28daf0f1dc7298cb,SocialIQa,social_cs,Mixed,Mixed,C,A,"Based on the story provided, there isn't enough information to definitively determine what Aubrey did before taking the test. However, the most logical assumption based on typical test-taking behavior would be to study. [[A]]",0,,True,rationale_cot_3shot,,0
cb0e55c20b7d6ad9,31a1b3848c473f8c,1e9cfa80e8291c69,SocialIQa,social_cs,Mixed,Mixed,B,B,"Based on the story provided, Cameron interpreted science in a way that was understandable for everyone, suggesting a positive intention. This implies Cameron wanted to share information. [[B]]",1,,True,rationale_cot_3shot,,0
6fe62ff4f836e954,e65a57fecd2200e7,a09fe60cc0ee8635,SocialIQa,social_cs,Mixed,Mixed,B,A,"Based on the story provided, it seems the action described (drying paper and lighting it on fire) is unusual and potentially dangerous. Given the context, Robin might feel scared or worried about the consequences. However, since the options provided don't include a feeling of fear or worry, the closest answer would be:

[[A]]

This answer assumes Robin feels happy about the outcome, which is somewhat il",0,,True,rationale_cot_3shot,,0
9b8e8b02d47e2fc0,04421ad048f01a7d,3ec5da1d1fe5b399,SocialIQa,social_cs,Mixed,Mixed,B,C,"Let's reason step by step: In the story, Tracy takes Sydney to school. Given this context, the logical next action for Tracy would be to attend school as well. This points to option C. [[C]]",0,,True,rationale_cot_3shot,,0
6cd36b4f53da5769,c25382a4a19831d8,e24609fbb092946b,SocialIQa,social_cs,Mixed,Mixed,C,C,"Based on the story, the most appropriate description of Kendall is:

[[C]]",1,,True,rationale_cot_3shot,,0
2685caaebd84aaec,7fb5acaec6b664d3,1a621a0f07be3094,SocialIQa,social_cs,Mixed,Mixed,C,B,"Let's track the logical sequence of actions based on the story: Quinn decided to color their hair red, which implies they must have had hair first. Therefore, before coloring their hair, Quinn would need to have hair. This points to option B. [[B]]",0,,True,rationale_cot_3shot,,0
46f0767f5751f68a,29167549d277e09b,317328d05d6958b6,SocialIQa,social_cs,Mixed,Mixed,C,A,"Let's reason step by step: In the story, Sydney is scared and surrounded by Kai. Given this context, the most logical action for Sydney would be to protect herself. This points to option A. [[A]]",0,,True,rationale_cot_3shot,,0
5cf646dd1554663c,2e226f2bbc3917e4,c4c134160cb46fb2,SocialIQa,social_cs,Mixed,Mixed,C,C,"Based on the context provided, Jan took an initiative to help others, which suggests a positive action. Therefore, the most likely feeling Jan would have is:

[[C]]",1,,True,rationale_cot_3shot,,0
7a6fabff377dfb6f,343075fddd065bc7,69af06a322d9d196,SocialIQa,social_cs,Mixed,Mixed,B,B,"Based on the story provided, the most logical action Jordan needs to take before taking the man to the shoe store is:

[[B]]

The story doesn't specify Jordan going alone or picking up the man, but it clearly states that Jordan took the man to the shoe store. Therefore, Jordan needed to pick up the man first.",1,,True,rationale_cot_3shot,,0
54f9b8c0b1dde4b3,afd551481a010d33,39c05c50e99643d3,SocialIQa,social_cs,Mixed,Mixed,C,C,"Based on the story and the provided context, the most likely feeling among Tracy's friends would be:

[[C]]

That Tracy acted unselfishly.",1,,True,rationale_cot_3shot,,0
527ec7b6f1a8c8c2,4a35d532430037ae,d2e25552afc13924,SocialIQa,social_cs,Mixed,Mixed,A,A,[[A]],1,,True,rationale_cot_3shot,,0
63c09a9631ddb832,9c41eecd978c8b30,b228d5301687e3d1,SocialIQa,social_cs,Mixed,Mixed,C,A,"Let's track the information provided in the story: Taylor's friend is grieving the loss of his grandfather. Given this context, the most likely scenario is that Taylor will comfort his friend. This leads to option A. [[A]]",0,,True,rationale_cot_3shot,,0
488f0bea614b503b,e162590654f23440,b0a481ef3bee5680,SocialIQa,social_cs,Mixed,Mixed,C,C,"Let's reason step by step: The story doesn't provide any information about Cameron having a cat or an iguana. It only mentions that Cameron played with the dog until it was dark. This suggests that Cameron needed to be in a position to play with the dog, which implies being a playful person. Therefore, the correct answer is C. [[C]]",1,,True,rationale_cot_3shot,,0
1f4bef2fb5ded8a8,6dee4bcf36aef79b,b382d70ac4df2be8,SocialIQa,social_cs,Mixed,Mixed,B,B,[[B]],1,,True,rationale_cot_3shot,,0
e25d4e4ec67472c9,3fd8d65ade04fb76,a05b504e60c37416,SocialIQa,social_cs,Mixed,Mixed,A,A,"Let's reason step by step: I track who has access to which information in the story, then check what the relevant character would infer given only what they observed. This points to option A. [[A]]",1,,True,rationale_cot_3shot,,0
be84b0d105867407,563a99663e35f9c3,3e9be6550f62bb81,SocialIQa,social_cs,Mixed,Mixed,A,A,"Let's reason step by step: Given the context that Jan's friends are paying more attention to Robin, it implies that Robin might be doing something or having something that makes her more attractive or popular. Jan, being a friend, would likely feel left out or excluded. This points to option A. [[A]]",1,,True,rationale_cot_3shot,,0
afe3ed9a6084436b,41e2f185771bafae,016deba00f0ff020,SocialIQa,social_cs,Mixed,Mixed,B,B,"Based on the context provided, Bailey needs to take action to address the embarrassment. The most appropriate action is to apologize. [[B]]",1,,True,rationale_cot_3shot,,0
cde4881c0072078c,03b88284c6a4bfc2,c7ddfd9a79c982fa,SocialIQa,social_cs,Mixed,Mixed,B,B,"Based on the context provided, Riley is described as a cop, which implies a professional demeanor and possibly suspicion rather than romantic interest. Therefore, the most likely answer is:

[[B]]",1,,True,rationale_cot_3shot,,0
8174977d8556bd32,29de74c2c2be5a09,9410382524583729,SocialIQa,social_cs,Mixed,Mixed,C,C,"Based on the story, the most fitting description is that Austin is a perfectionist about art. [[C]]",1,,True,rationale_cot_3shot,,0
09bb835603160dc5,9094d42416ef495c,1dc5a0417350a90d,SocialIQa,social_cs,Mixed,Mixed,B,C,"Let's reason step by step: I track who has access to which information in the story, then check what the relevant character would infer given only what they observed. This points to option C. [[C]]",0,,True,rationale_cot_3shot,,0
638cfd57acb10b43,b3b8b9905dfef975,7407d6c57a4a3b84,SocialIQa,social_cs,Mixed,Mixed,C,C,"Based on the context provided, the most logical action would be for others to listen to Riley's concerns. [[C]]",1,,True,rationale_cot_3shot,,0
a6238c7c0e5dceb1,5920cd06be53069c,95984c9e2950d9fe,SocialIQa,social_cs,Mixed,Mixed,B,B,"Let's reason step by step: I track who has access to which information in the story, then check what the relevant character would infer given only what they observed. This points to option B. [[B]]",1,,True,rationale_cot_3shot,,0
b66764ddc80ba57e,cfb27d9690b2e5c5,5cd90f272be2f66b,SocialIQa,social_cs,Mixed,Mixed,C,A,[[A]],0,,True,rationale_cot_3shot,,0
218d0dc329875184,9fc6a47623dbece2,3e79b419e10c8b33,SocialIQa,social_cs,Mixed,Mixed,A,A,[[A]],1,,True,rationale_cot_3shot,,0
dd525704b0c2ce21,6891b4923beac084,be2f610601a99148,SocialIQa,social_cs,Mixed,Mixed,A,A,[[A]],1,,True,rationale_cot_3shot,,0
63166458172430c2,ccf8e7473830f303,a84edb0c29dd21ce,SocialIQa,social_cs,Mixed,Mixed,A,C,"Let's reason step by step: I track who has access to which information in the story, then check what the relevant character would infer given only what they observed. However, the story doesn't provide enough context to determine Taylor's next action. But based on common human behavior, the most likely answer is C. [[C]]",0,,True,rationale_cot_3shot,,0
4c882437d2319622,46932838dad49733,d2fe14c96170c8e3,SocialIQa,social_cs,Mixed,Mixed,A,A,[[A]],1,,True,rationale_cot_3shot,,0
7559e08714c395c1,c73aaaeb1b42e706,82269729d4b6c9d3,SocialIQa,social_cs,Mixed,Mixed,C,A,[[A]],0,,True,rationale_cot_3shot,,0
d7ccf82a4722cfcc,6442d6a7af911c38,ac97dba6a552a7d1,SocialIQa,social_cs,Mixed,Mixed,C,C,"Let's reason step by step: Kai took action to ensure Carson's tools were put away, indicating a sense of responsibility and accomplishment. This points to option C. [[C]]",1,,True,rationale_cot_3shot,,0
e8d81e200bff72a4,9b644f7cca4290a7,7c9b027f7ac5d652,SocialIQa,social_cs,Mixed,Mixed,A,A,"The question and story don't provide enough context to determine the correct answer among the given options. However, based on common scenarios, the most logical answer would be:

[[A]]",1,,True,rationale_cot_3shot,,0
06c3e9cba0dc9dd8,442967a00fe01b03,a61db34148e6b793,SocialIQa,social_cs,Mixed,Mixed,B,B,"Let's reason step by step: The story doesn't provide any information about the reaction of ""Others"" (presumably referring to the partner) to Taylor's actions. However, based on common social norms, the most likely answer is that the partner will go to sleep after wishing each other a goodnight. This points to option B. [[B]]",1,,True,rationale_cot_3shot,,0
6e3f772a52098656,b336fbb5fb009a96,8062dfae73d1f86b,SocialIQa,social_cs,Mixed,Mixed,B,B,"Based on the context provided, the most likely feeling Jordan would have is gratitude. Therefore, the answer is:

[[B]]",1,,True,rationale_cot_3shot,,0
b56b5070b64b6cc4,5c7abf2186a38808,31eb11a1613b7314,SocialIQa,social_cs,Mixed,Mixed,B,B,"Let's reason step by step: Given that Remy had a good talk with Aubrey and Aubrey understood Remy better, it implies a positive outcome. This suggests Remy would feel good about the conversation. This points to option B. [[B]]",1,,True,rationale_cot_3shot,,0
4c822c017f547d09,ca33ae260937d9f3,3f87a8389532e03a,SocialIQa,social_cs,Mixed,Mixed,B,B,"Based on the story provided, the most logical action Kendall would take is to show off his new sports car. 

The answer is: [[B]]",1,,True,rationale_cot_3shot,,0
d2a3b085cdd45206,85e2f43fea51bb07,1b0bdf5d79e1437c,SocialIQa,social_cs,Mixed,Mixed,C,C,"Based on the story provided, it seems Aubrey was playing loud music to keep the baby awake, which suggests she might not care about the baby's sleep. However, the description is quite limited. The most appropriate answer from the given options is:

[[C]]",1,,True,rationale_cot_3shot,,0
5bb32b8580b31bb5,d6b8da0808ec9b78,2280de7256a14a01,SocialIQa,social_cs,Mixed,Mixed,C,C,"Let's reason step by step: Jordan's action of giving Casey the ""runaround"" implies that Jordan is avoiding answering Casey's question. This suggests Casey will be left wondering about Jordan's actions or whereabouts. This points to option C. [[C]]",1,,True,rationale_cot_3shot,,0
8b745ec80dc855d6,516d423fc41175f7,cb9ab38bc0442563,SocialIQa,social_cs,Mixed,Mixed,A,B,"Based on the story provided, the most logical action for the others would be to release pressure, as Bailey has expressed her anger. This leads to the answer being:

[[B]]",0,,True,rationale_cot_3shot,,0
69f25c71c58cf552,a4ed2a6e0560dabb,d459d20167f5f375,SocialIQa,social_cs,Mixed,Mixed,C,C,"Based on the story provided, the most logical feeling for Remy would be anger. Therefore, the answer is:

[[C]]",1,,True,rationale_cot_3shot,,0
60c08fd29b5753ff,72b52842cc708c2c,b37c002d5697d388,SocialIQa,social_cs,Mixed,Mixed,C,A,[[A]],0,,True,rationale_cot_3shot,,0
6091a2920c30fe0f,b4d326394291d8e4,95a61f647558626f,SocialIQa,social_cs,Mixed,Mixed,C,C,"Let's reason step by step: I track who has access to which information in the story, then check what the relevant character would infer given only what they observed. This points to option C. [[C]]",1,,True,rationale_cot_3shot,,0
41880da259a1d894,6322855fe102599f,3c214a15df4f1ab7,SocialIQa,social_cs,Mixed,Mixed,B,B,"Let's reason step by step: I track who has access to which information in the story, then check what the relevant character would infer given only what they observed. This points to option B. [[B]]",1,,True,rationale_cot_3shot,,0
2cf66417c95c465d,68016f5a93d93fc0,b8f577103afe1b83,SocialIQa,social_cs,Mixed,Mixed,B,B,"Based on the story provided, the most logical inference is that Taylor, having risen Kendall (likely meaning becoming the new king), was dismissed as king for committing a crime. Therefore, Taylor will likely serve time. [[B]]",1,,True,rationale_cot_3shot,,0
9b56329c5aa9e039,05fad967e2294e4c,ff47141b17c0fc10,SocialIQa,social_cs,Mixed,Mixed,A,B,"Based on the story provided, there is no information suggesting Casey needs to do anything specific before considering the possibility of murdering his friend. However, the logical inference could be that Casey needs to gather materials (like weapons) before carrying out the act. Therefore, the most plausible answer is:

[[B]]",0,,True,rationale_cot_3shot,,0
9796aa31a6e9649a,c2c73a40b33f87dd,d24ed318193a207c,SocialIQa,social_cs,Mixed,Mixed,C,A,"Let's reason step by step: Cameron got out of their way when their boss was in a bad mood, indicating Cameron might be cautious or patient. However, being in a bad mood doesn't necessarily mean Cameron is scared. This points to option A. [[A]]",0,,True,rationale_cot_3shot,,0
c7994688a195c643,a4b7a6ea3b155ef6,920a080a9e33764a,SocialIQa,social_cs,Mixed,Mixed,C,C,"Let's reason step by step: I track who has access to which information in the story, then check what the relevant character would infer given only what they observed. This points to option C. [[C]]",1,,True,rationale_cot_3shot,,0
cb12d9e024e0157e,6736f85e7439d470,bf0125e5be7aae62,SocialIQa,social_cs,Mixed,Mixed,C,C,"Based on the story provided, there is no information suggesting that the others will complain or feel proud. The most logical inference is that they will want to buy more items. Therefore, the answer is:

[[C]]",1,,True,rationale_cot_3shot,,0
8d12509e417ee082,493441c18300c128,f993695131da08bc,SocialIQa,social_cs,Mixed,Mixed,B,A,"Let's reason step by step: I track who has access to which information in the story, then check what the relevant character would infer given only what they observed. This points to option A. [[A]]",0,,True,rationale_cot_3shot,,0
c585a66a8457ed29,8a7d5db32ff02d8e,8cbc0475159da35a,SocialIQa,social_cs,Mixed,Mixed,B,B,"Let's reason step by step: I track who has access to which information in the story, then check what the relevant character would infer given only what they observed. This points to option B. [[B]]",1,,True,rationale_cot_3shot,,0
7e6ac3a62cb2bb72,ae0244e5750863c7,226ad762760dde29,SocialIQa,social_cs,Mixed,Mixed,A,C,"Based on the story provided, the most likely feeling Lee would have afterwards is that he saved Kai. Therefore, the answer is:

[[C]]",0,,True,rationale_cot_3shot,,0
0bb03b0393b72a3c,c5801870fdddd29c,8d226d546c9aa98c,SocialIQa,social_cs,Mixed,Mixed,A,B,"Based on the story provided, the most likely description of Carson is:

[[B]]

The story implies that Carson was drunk and tried to fight Robin, suggesting a state of guilt or anger due to his intoxicated state. However, the term ""guilty"" might be too strong without more context, and ""upset"" could also fit, but ""guilty"" seems the closest to the implied emotional",0,,True,rationale_cot_3shot,,0
66221f918083f1bd,b1428f3d0cbaa9de,262e1926264515da,SocialIQa,social_cs,Mixed,Mixed,A,C,"Let's reason step by step: I track who has access to which information in the story, then check what the relevant character would infer given only what they observed. This points to option C. [[C]]",0,,True,rationale_cot_3shot,,0
4f1db69f22adc768,95078e0d977150db,a022feaddf2e231e,SocialIQa,social_cs,Mixed,Mixed,A,A,[[A]],1,,True,rationale_cot_3shot,,0
c748da852dd2141d,3e20b084276495ad,647182d1fce799bc,SocialIQa,social_cs,Mixed,Mixed,C,C,"Based on the context provided, Addison is regarded every comment made, which implies a positive reception. Therefore, the most likely feeling Addison would have is good and kind. The answer is [[C]].",1,,True,rationale_cot_3shot,,0
e5dbb5a0a91fb21d,827caa2324b459bf,58f95c9aa9c4d7c6,SocialIQa,social_cs,Mixed,Mixed,C,A,"The story doesn't provide enough context to definitively choose between the options, but based on common behavior, Kai might want to start shopping. [[A]]",0,,True,rationale_cot_3shot,,0
27e9414670b1cb6b,89e53b945e76e0f5,59fcea9557d2f345,SocialIQa,social_cs,Mixed,Mixed,B,B,"Based on the story provided, the most logical inference is that Jordan went to the baseball card shop to try something new. This leads to the answer being:

[[B]]",1,,True,rationale_cot_3shot,,0
29785314a5d141bb,c32831f1f2d7db41,b2fc3af75804d178,SocialIQa,social_cs,Mixed,Mixed,C,C,[[C]],1,,True,rationale_cot_3shot,,0
86f9cf74f1393b18,6ef559bc895bd6b9,83fb9003285318bb,SocialIQa,social_cs,Mixed,Mixed,C,C,[[C]],1,,True,rationale_cot_3shot,,0
907b9171d5b5e213,6000f1f0cdf80bfb,1e30706872a23dcc,SocialIQa,social_cs,Mixed,Mixed,A,B,"Based on the context provided, the most likely feeling Alex would have is happiness after a vacation with their significant other. [[B]]",0,,True,rationale_cot_3shot,,0
3638067de804cadd,9bf54c1c57a3dcbc,ce59cf0c87d02788,SocialIQa,social_cs,Mixed,Mixed,C,C,"Based on the story provided, the most likely outcome is that Jesse will be sent to jail. [[C]]",1,,True,rationale_cot_3shot,,0
218f557e48c9348b,fbedfe2a70eb9e4f,64bf3d075e2d4962,SocialIQa,social_cs,Mixed,Mixed,C,C,"Based on the story provided, Riley talked to their friends about the big dance, which suggests excitement or anticipation. This implies Riley is feeling joyful. [[C]]",1,,True,rationale_cot_3shot,,0
762260b930920eed,3520e62ff2d3ac28,ba1a5bf0c9bb7085,SocialIQa,social_cs,Mixed,Mixed,B,B,"Let's reason step by step: I track who has access to which information in the story, then check what the relevant character would infer given only what they observed. This points to option B. [[B]]",1,,True,rationale_cot_3shot,,0
fe8d1620115aadaa,aec49e8dd0ccaa71,3907049f3eabe0f3,SocialIQa,social_cs,Mixed,Mixed,C,C,[[C]],1,,True,rationale_cot_3shot,,0
b3f90b2a65dd6bdf,4b223616b2bf735c,461de1191f84581c,SocialIQa,social_cs,Mixed,Mixed,A,C,[[C]],0,,True,rationale_cot_3shot,,0
6b45dfe077c7f535,eb7b3b72f6ea8468,b4b377689905ee27,SocialIQa,social_cs,Mixed,Mixed,B,A,"Based on the story provided, the most likely feeling others would have is related to Remy's performance. Therefore, the answer would be:

[[A]]

The candidate answer A ""very smart"" captures the positive self-assessment and recognition that often comes from performing well in front of peers or teachers.",0,,True,rationale_cot_3shot,,0
f207606f5a7cf768,15a1259ca38941f6,e7b8c2536c9d1db1,SocialIQa,social_cs,Mixed,Mixed,C,B,[[B]],0,,True,rationale_cot_3shot,,0
1806eb009d931b2c,6ed9724178def683,d8521481ce496f81,SocialIQa,social_cs,Mixed,Mixed,B,C,"Based on the story provided, the logical action Bailey needs to take before showing her photos is getting her photos developed. 

The correct answer is: [[C]]",0,,True,rationale_cot_3shot,,0
602e46bc953936c7,ccd9b29769fb49f1,6d99270a88155862,SocialIQa,social_cs,Mixed,Mixed,C,C,"Based on the story provided, the most logical action Tracy needs to take before giving the item to their friend is to make sure their friend will want it. This ensures that the gift is appreciated and accepted. Therefore, the answer is [[C]].",1,,True,rationale_cot_3shot,,0
bdb0bcbdf78c2549,f69caf30a85396fb,e61c95c5c50da89c,SocialIQa,social_cs,Mixed,Mixed,C,C,"Based on the context provided, the most logical response would be that the others continue the conversation by answering with other questions. This aligns with Kendall's behavior of keeping the conversation going. Therefore, the answer is [[C]].",1,,True,rationale_cot_3shot,,0
d94585ac8df0bef2-1,bf0c2e33342b041d,c7f03b2608a87395,SocialIQa,social_cs,Mixed,Mixed,A,B,"Based on the context provided, the most logical inference is that others will want to maintain the relationship. Therefore, the answer is [[B]].",0,,True,rationale_cot_3shot,,0
a0693155acad2f90,af8ddb764c2895dd,89db5b7e2f0b5455,SocialIQa,social_cs,Mixed,Mixed,A,A,[[A]],1,,True,rationale_cot_3shot,,0
7f67b5323bb81da0,fdd3a2ab0fd8f496,8a01415d5505cd6d,SocialIQa,social_cs,Mixed,Mixed,C,C,"Let's reason step by step: I track who has access to which information in the story, then check what the relevant character would infer given only what they observed. This points to option C. [[C]]",1,,True,rationale_cot_3shot,,0
539695d189431fbc,95c3df66a618cd6d,d606f717bff368b2,SocialIQa,social_cs,Mixed,Mixed,C,A,"Based on the context provided, the most logical action Ash would want to take next is to buy candy with the dollar Sydney gave. Therefore, the answer is:

[[A]]",0,,True,rationale_cot_3shot,,0
a20ef0cf4f9e8d25,38dbb6ac1ca7f0d6,a950aa747a965f4b,SocialIQa,social_cs,Mixed,Mixed,A,A,"Let's reason step by step: I track who has access to which information in the story, then check what the relevant character would infer given only what they observed. This points to option A. [[A]]",1,,True,rationale_cot_3shot,,0
b31e4cfb9c27952e,5b458abcf176ff35,978d7971b8eb1c13,SocialIQa,social_cs,Mixed,Mixed,B,B,"Let's reason step by step: I track who has access to which information in the story, then check what the relevant character would infer given only what they observed. This points to option B. [[B]]",1,,True,rationale_cot_3shot,,0
ad797c1c7aae59e7,f6115836ea26d0c1,0ac5c25f718658a0,SocialIQa,social_cs,Mixed,Mixed,B,B,"Let's reason step by step: Given that Taylor based something on their kidnapping experience, it implies a strong emotional response. However, the context suggests a more practical approach rather than a negative reaction. This points to option B. [[B]]",1,,True,rationale_cot_3shot,,0
cac1c26e884bcae3,2bbd8b8b76cd7061,6c056d18d5d3d9e7,SocialIQa,social_cs,Mixed,Mixed,C,C,"Based on the story provided, the most fitting description for Kai would be that he is trying to be a good neighbor by not wanting to hurt Kendall's feelings. Therefore, the answer is [[C]].",1,,True,rationale_cot_3shot,,0
fd18d77e8718b279,10d3cc17e97e9fc7,62656cdb0b9ac6cb,SocialIQa,social_cs,Mixed,Mixed,B,B,"Based on the story provided, the most likely description of Cameron is:

[[B]]

The story indicates that Cameron feels satisfied with Bailey's work, which suggests that Cameron is doing a good job as a teacher.",1,,True,rationale_cot_3shot,,0
94c34cffcdb825fc,2af08214ba62fbf4,e04bd3b728a99fc7,SocialIQa,social_cs,Mixed,Mixed,B,B,"Based on the story provided, Sasha would likely feel happy that Alex provided the car washing service even though it was raining. Therefore, the most likely answer is:

[[B]]",1,,True,rationale_cot_3shot,,0
dec90f2b62e60c7a,d74571bfe1449d10,0d50bad8476ab365,SocialIQa,social_cs,Mixed,Mixed,C,C,[[C]],1,,True,rationale_cot_3shot,,0
e83e86ca82b49dd6,d79cb89550b8c823,79123714f97602db,SocialIQa,social_cs,Mixed,Mixed,B,B,"Let's reason step by step: Given the context of moving to a new house, the most logical action for Quinn would be to unpack his things. This points to option B. [[B]]",1,,True,rationale_cot_3shot,,0
fd1b950e2bdc1abf,567301569aa60804,9c4aa9b41ca29e0b,SocialIQa,social_cs,Mixed,Mixed,B,A,"Based on the story provided, the most logical inference is that Austin will need to get new pants since the belt doesn't fit. Therefore, the answer is:

[[A]]",0,,True,rationale_cot_3shot,,0
18254ace2b5f4907,14bb471ae9944e10,7386e09bb7fde356,SocialIQa,social_cs,Mixed,Mixed,C,B,"Let's reason step by step: I track who has access to which information in the story, then check what the relevant character would infer given only what they observed. This points to option B. [[B]]",0,,True,rationale_cot_3shot,,0
9e2d7ca8aedfd5f3,78360bdef481c1b9,2cf7f70d170ddec2,SocialIQa,social_cs,Mixed,Mixed,C,C,"Let's reason step by step: I track who has access to which information in the story, then check what the relevant character would infer given only what they observed. This points to option C. [[C]]",1,,True,rationale_cot_3shot,,0
794cea50cbbce1f9,7292c12f1f2cda43,a66386f97bc06b53,SocialIQa,social_cs,Mixed,Mixed,A,A,"Based on the story, Riley is looking at Jesse with watchful eyes, which suggests suspicion rather than invasion or threat. Therefore, the most fitting description is option A. [[A]]",1,,True,rationale_cot_3shot,,0
490baf666eb14263,c8957fa7d32edee2,74fb34cfbac93c69,SocialIQa,social_cs,Mixed,Mixed,A,A,"Let's reason step by step: Sasha is improving slowly with the help of a tutor, implying that Sasha was not doing well before. This points to option A. [[A]]",1,,True,rationale_cot_3shot,,0
0e930d42179ac515,2984958df6a1fb89,078101b008dc2551,SocialIQa,social_cs,Mixed,Mixed,C,C,"Based on the information provided, the most fitting description for Sydney would be that she is educated. [[C]]",1,,True,rationale_cot_3shot,,0
ef5d0a7207616514,ac6d5db9e9640936,0b3a82e75e3c7fb3,SocialIQa,social_cs,Mixed,Mixed,C,B,"Based on the story provided, the most appropriate description for Lee would be:

[[B]]",0,,True,rationale_cot_3shot,,0
da0c3937053f839a,ba0fd5e19350f314,f2ee8add9f3d8dba,SocialIQa,social_cs,Mixed,Mixed,C,C,"Let's track the actions and context provided in the story. Taylor gives a high five after his friend makes a basket. This implies that Taylor was already in a position to make a basket himself. Therefore, the action that Taylor needs to do before giving his friend a high five is to throw the ball to his friend. This points to option C. [[C]]",1,,True,rationale_cot_3shot,,0
e4581f9f749dac81,0ba345b80656beb3,d1a7c639fe4ee341,SocialIQa,social_cs,Mixed,Mixed,B,B,"Based on the context provided, the most likely feeling for Quinn's friend would be upset. Therefore, the answer is [[B]].",1,,True,rationale_cot_3shot,,0
4c616d92b7c26d01,b3e958d31a4ce796,7ac7ff213f00a11d,SocialIQa,social_cs,Mixed,Mixed,A,A,"Based on the given story, Cameron was challenged to a duel, which implies he is brave enough to accept the challenge. Therefore, the most fitting description is:

[[A]]",1,,True,rationale_cot_3shot,,0
3cd6319007ac75a5,6dade4a53ccfce1c,2c1503373f70aa32,SocialIQa,social_cs,Mixed,Mixed,C,A,"Based on the context provided, the most logical inference is that Remy answered the question happily because they know the answer. 

The answer is: [[A]]",0,,True,rationale_cot_3shot,,0
07929d24f079f593,28b6c710711ad6cb,4d84ee505a66f88b,SocialIQa,social_cs,Mixed,Mixed,C,C,"Let's reason step by step: I track who has access to which information in the story, then check what the relevant character would infer given only what they observed. This points to option C. [[C]]",1,,True,rationale_cot_3shot,,0
69ba94f05b2182ee,50c32dadf9bd1619,dbc823077772639d,SocialIQa,social_cs,Mixed,Mixed,C,C,"Let's reason step by step: I track who has access to which information in the story, then check what the relevant character would infer given only what they observed. This points to option C. [[C]]",1,,True,rationale_cot_3shot,,0
e0a07d7315b76fcb,14fe618d13a95320,8c2b6b57e9206b81,SocialIQa,social_cs,Mixed,Mixed,C,C,"Let's reason step by step: Given the context, Taylor is waiting for the birth of his child and is going to keep Quinn posted. This implies that Taylor needs to be at the hospital to be able to inform Quinn about the baby's progress. Therefore, the correct answer is C. [[C]]",1,,True,rationale_cot_3shot,,0
8241c65769134712,029dd68a2b666285,0da097bd2f87b159,SocialIQa,social_cs,Mixed,Mixed,A,A,"Based on the story provided, the most logical inference is that Tracy needs to have doubts before throwing them on the history taught in books. This leads to option A. [[A]]",1,,True,rationale_cot_3shot,,0
20cb8af09a6904a2,6807c91fc6a530c8,0c6dd60cacbd2a3b,SocialIQa,social_cs,Mixed,Mixed,C,C,"Based on the story provided, the most fitting description for Quinn would be:

[[C]]",1,,True,rationale_cot_3shot,,0
56f0568bd54940cf,2286d9cda1ca2739,be26cc52453dc112,SocialIQa,social_cs,Mixed,Mixed,C,C,"Based on the context provided, Riley was unable to contribute to the argument. The most logical next step for Riley would be to seek her turn to speak. [[C]]",1,,True,rationale_cot_3shot,,0
e20f88a8f03cb2cf,310874d2dd20c9f4,02408b0aaf4d5384,SocialIQa,social_cs,Mixed,Mixed,C,C,[[C]],1,,True,rationale_cot_3shot,,0
933a8b190adbc4c5,5235ab158493589e,dab1fc645a225d17,SocialIQa,social_cs,Mixed,Mixed,C,C,[[C]],1,,True,rationale_cot_3shot,,0
41bc638eb424722d,9f4ea401c928020c,4eab5d491f327802,SocialIQa,social_cs,Mixed,Mixed,B,B,"Based on the story provided, the most likely scenario is that Cameron will consider getting a motorcycle. Therefore, the answer is:

[[B]]",1,,True,rationale_cot_3shot,,0
4029b2f7cc8faa18,aa281d8b9e3f7744,0c5cfb707556bd1b,SocialIQa,social_cs,Mixed,Mixed,A,C,[[C]],0,,True,rationale_cot_3shot,,0
b80807fba0ad3f6e,bb7c55469a2e0290,51fc51e6b78c929c,SocialIQa,social_cs,Mixed,Mixed,A,B,"Let's reason step by step: In the story, Kendall acts kindly by wrapping a scarf around someone's neck. This action is unexpected and could be seen as unusual or out of the blue. Given this context, the most likely feeling for others would be B. weird. [[B]]",0,,True,rationale_cot_3shot,,0
0078124fff0de11d,c0fe4f882f11b54b,81653d796942f843,SocialIQa,social_cs,Mixed,Mixed,A,A,"Based on the story provided, the most logical action Bailey needs to take before missing his appointment is to set his alarm clock. This point leads to option A. [[A]]",1,,True,rationale_cot_3shot,,0
628203005bdf9e4a,85f441d1506899cb,08a456eb37435640,SocialIQa,social_cs,Mixed,Mixed,B,B,[[B]],1,,True,rationale_cot_3shot,,0
1ffb2c03af6c09a1,f9e67d4c3ff768fd,b6dfd018ffaad348,SocialIQa,social_cs,Mixed,Mixed,B,C,"Let's reason step by step: Based on the context provided, Robin has already initiated an action (going in for a kiss), which typically implies a positive intention rather than a negative one. Given the common social norms and Robin's action, the most likely next step is to pull away from the kiss. This points to option C. [[C]]",0,,True,rationale_cot_3shot,,0
a562e20743629bed,85ec257cd4e7b2a7,273a439aad63acfa,SocialIQa,social_cs,Mixed,Mixed,B,B,"Let's reason step by step: Jesse got angry with Robin and set their car on fire. Given the context, the most logical next action for Jesse would be to escape the fire. This leads to option B. [[B]]",1,,True,rationale_cot_3shot,,0
23117f702bc745f0,fa7314f4cb34b4bb,5c09d7b223aa69d2,SocialIQa,social_cs,Mixed,Mixed,C,C,[[C]],1,,True,rationale_cot_3shot,,0
106b31e70efd1388,d52773c31156abf3,616c90d889787c67,SocialIQa,social_cs,Mixed,Mixed,B,C,"Let's reason step by step: In the story, Robin allows Carson to explain in detail. This suggests Robin is interested in the explanation. Given this context, the most logical next action for Robin would be to listen and possibly ask for clarification. This points to option C. [[C]]",0,,True,rationale_cot_3shot,,0
5b761835bc941e1a,bd0e10c92f683a61,1d5413f2e6e3c553,SocialIQa,social_cs,Mixed,Mixed,B,A,"Based on the story, Kai felt she was missing something and it caused her to feel anxious. This leads to the most likely description being:

[[A]]",0,,True,rationale_cot_3shot,,0
1563f1ebdf754ff9,d49274fdb5eb747f,ed481eef5a4bcde6,SocialIQa,social_cs,Mixed,Mixed,B,B,"Based on the context provided, Skylar wants to go out without permission, so the most logical next action would be to sneak out. 

The answer is: [[B]]",1,,True,rationale_cot_3shot,,0
262b18cd36867c45,443ed11f8b312845,68b78e80ac1cb503,SocialIQa,social_cs,Mixed,Mixed,A,A,[[A]],1,,True,rationale_cot_3shot,,0
86f1decab86a24a7,a7be43975ab4a798,b55848f95727b867,SocialIQa,social_cs,Mixed,Mixed,A,B,[[B]],0,,True,rationale_cot_3shot,,0
415a6aa9065d439d,59ff09737fbac7c6,6fd7fc7186fd4fc2,SocialIQa,social_cs,Mixed,Mixed,C,C,"Let's reason step by step: I track who has access to which information in the story, then check what the relevant character would infer given only what they observed. This points to option C. [[C]]",1,,True,rationale_cot_3shot,,0
2771c83ae2ca448e,34f95f752d5c84ea,27649800ed284354,SocialIQa,social_cs,Mixed,Mixed,A,A,"Let's reason step by step: The story indicates Robin is good at playing the flute, implying Robin has already practiced. This points to option A. [[A]]",1,,True,rationale_cot_3shot,,0
f50825ea3705194a,6f2543baf51dcb63,33c21e5b60bec561,SocialIQa,social_cs,Mixed,Mixed,B,A,"Based on the story, Taylor helped a friend move, which suggests they are caring and did a good deed. However, the most direct and fitting description from the given options is:

[[A]]

The answer is A.",0,,True,rationale_cot_3shot,,0
94c2d27ce47de3a2,3c021d694ebc2f21,49b8ce77f2fb45cb,SocialIQa,social_cs,Mixed,Mixed,B,B,"Let's reason step by step: I track who has access to which information in the story, then check what the relevant character would infer given only what they observed. This points to option B. [[B]]",1,,True,rationale_cot_3shot,,0
a4bcb2354d62cf67,fc132ac140ea9a5e,61f095123b324b02,SocialIQa,social_cs,Mixed,Mixed,C,C,"Based on the story, Casey gave money to Jesse, indicating generosity. Therefore, the most appropriate description of Casey is:

[[C]]",1,,True,rationale_cot_3shot,,0
3105b6d5f6dbdbb9,d0b930f467b5dad4,bec1d8f59330d52e,SocialIQa,social_cs,Mixed,Mixed,A,B,"Based on the story provided, the most logical action Tracy needs to take is:

[Answer] B. Drop the kids off at school

[[B]]",0,,True,rationale_cot_3shot,,0
cf4c6ec01e65a325,d55a87278b07a693,8305b4a38945658c,SocialIQa,social_cs,Mixed,Mixed,A,A,"Based on the story, Aubrey was glad to maintain her privacy by not telling Riley the answer. This suggests she feels good about it. Therefore, the most likely feeling is:

[[A]]",1,,True,rationale_cot_3shot,,0
2c1e568395175329,2a3fdd956c193dd6,9852f1d7a9cfc652,SocialIQa,social_cs,Mixed,Mixed,A,A,"Based on the story provided, the most appropriate description for Aubrey would be:

[[A]]",1,,True,rationale_cot_3shot,,0
57f4c00e69391b73,949d2728061c1a03,678f5e91ce11c9a4,SocialIQa,social_cs,Mixed,Mixed,A,A,[[A]],1,,True,rationale_cot_3shot,,0
36eb9bd4d21b56e2,4adf53d61d3f4b01,a2dd222cd57766b6,SocialIQa,social_cs,Mixed,Mixed,A,A,"Based on the story provided, the most likely description of Kendall would be that he has a good social group. [[A]]",1,,True,rationale_cot_3shot,,0
52b2ad3e7e1d40e9,8ed2d9103c7da619,411f125511974942,SocialIQa,social_cs,Mixed,Mixed,A,A,[[A]],1,,True,rationale_cot_3shot,,0
da584e963d40e085,c8cf8ac803b78ab5,fa3369749437ccc7,SocialIQa,social_cs,Mixed,Mixed,C,C,[[C]],1,,True,rationale_cot_3shot,,0
c5d0c7c09cd1c85b,9897c172beeeb1e4,f2d2674b90f3287b,SocialIQa,social_cs,Mixed,Mixed,B,B,"Let's reason step by step: I track who has access to which information in the story, then check what the relevant character would infer given only what they observed. This points to option B. [[B]]",1,,True,rationale_cot_3shot,,0
bcbf9fbcde1e4e44,68c432fa51d6d835,f8844e8b2c5d2ed2,SocialIQa,social_cs,Mixed,Mixed,C,C,"Based on the context provided, the most likely feeling others would have is annoyance due to Sydney's overreaction. Therefore, the answer is [[C]].",1,,True,rationale_cot_3shot,,0
d51886b58191ab1e,cb7a5ae85680eaf4,de056f77ddb594b1,SocialIQa,social_cs,Mixed,Mixed,A,A,[[A]],1,,True,rationale_cot_3shot,,0
75a06fe0cefe026b,932cee52c3b29588,b59467c122b316c4,SocialIQa,social_cs,Mixed,Mixed,B,B,"Let's reason step by step: In the story, Robin lost their wallet, but the question asks about the consequences for others. Given the context, the most likely scenario is that others might be suspected. This leads to option B. [[B]]",1,,True,rationale_cot_3shot,,0
35b24c7870d87c9e,42794fa30137d087,f092e9c5949c1bc2,SocialIQa,social_cs,Mixed,Mixed,A,A,[[A]],1,,True,rationale_cot_3shot,,0
c34d6120ec65ba62,d044612bff1c3afa,7b4f6bbfd59f0490,SocialIQa,social_cs,Mixed,Mixed,A,C,"Let's reason step by step: I track who has access to which information in the story, then check what the relevant character would infer given only what they observed. This points to option C. [[C]]",0,,True,rationale_cot_3shot,,0
98a7f6587515dfb9,31d2a45702d0a6ea,3645e59be1103c25,SocialIQa,social_cs,Mixed,Mixed,B,B,"Let's reason step by step: I track who has access to which information in the story, then check what the relevant character would infer given only what they observed. This points to option B. [[B]]",1,,True,rationale_cot_3shot,,0
026747cb2221e5be,7cf2982820980ee5,dd444efa9a9a3384,SocialIQa,social_cs,Mixed,Mixed,A,B,"The question asks what Skylar needs to do before going back to check if the stove was turned off. Given the context, Skylar needs to have previously turned on the stove. This leads to the answer being:

[[B]]",0,,True,rationale_cot_3shot,,0
366d3c0701ef55c2,a0d4f97fa5331d87,069ca37c88706ade,SocialIQa,social_cs,Mixed,Mixed,A,A,"Let's reason step by step: Given the context, Jordan left the food at home, which means he didn't fulfill his responsibility for the camping trip. This would likely make him feel bad about letting his friends down. This points to option A. [[A]]",1,,True,rationale_cot_3shot,,0
eb06d9f78b794170,6cbbfba8ab49c8b9,baf27c8ad3051240,SocialIQa,social_cs,Mixed,Mixed,C,C,[[C]],1,,True,rationale_cot_3shot,,0
11cb3ec94d4508cb,5dda47580010a3d0,78ce5542c84d90a7,SocialIQa,social_cs,Mixed,Mixed,B,B,"Based on the story provided, the most likely description of Jordan is:

[Answer] B. a kind and caring teacher

[[B]]",1,,True,rationale_cot_3shot,,0
109694475641631e,1f7743118e31bf8a,96aa74dc8e57903c,SocialIQa,social_cs,Mixed,Mixed,B,B,"Let's reason step by step: I track who has access to which information in the story, then check what the relevant character would infer given only what they observed. This points to option B. [[B]]",1,,True,rationale_cot_3shot,,0
e136e5e14a18fce7,f8417a11e97e9141,f8bc2b841b9c0378,SocialIQa,social_cs,Mixed,Mixed,C,B,"Based on the story provided, the most likely scenario is that Taylor learned a lesson from the experience. Therefore, the most fitting answer is:

[[B]]

The story implies that Taylor proved Carson's point about the dangers of drinking and driving, so Taylor will likely avoid drinking and driving in the future.",0,,True,rationale_cot_3shot,,0
8049b4b5217da584,f1caf80fe411a197,43dc1659542068f2,SocialIQa,social_cs,Mixed,Mixed,A,A,"Let's reason step by step: Based on the context provided, the action of giving a book to a friend implies a positive social interaction. This suggests that Taylor will likely receive a thank you from the friend. This points to option A. [[A]]",1,,True,rationale_cot_3shot,,0
a45f8dca52aac16d,a8ab065783544134,a3e30b5997f184ed,SocialIQa,social_cs,Mixed,Mixed,B,B,"Based on the story provided, the most logical action Casey would take is to make a complaint. Therefore, the answer is:

[[B]]",1,,True,rationale_cot_3shot,,0
4ea6a816c9eb8dc2,4b53b8fbd409816d,975c373e81962f82,SocialIQa,social_cs,Mixed,Mixed,A,C,"Based on the context provided, Cameron is looking at Riley expectantly when Riley mentions having a gift. This indicates curiosity about the gift. [[C]]",0,,True,rationale_cot_3shot,,0
5fd7749882688539,b240ba17ec014d2f,189d525fd24547ca,SocialIQa,social_cs,Mixed,Mixed,A,A,"Let's reason step by step: I track who has access to which information in the story, then check what the relevant character would infer given only what they observed. This points to option A. [[A]]",1,,True,rationale_cot_3shot,,0
65af5aa9aa5c76d9,56509479b2ccd540,e4cb2742e908e217,SocialIQa,social_cs,Mixed,Mixed,C,C,"Based on the story provided, Cameron needs to be serious before this. [[C]]",1,,True,rationale_cot_3shot,,0
72322d475e4217c8,1b4ac84256d20c34,b9ca398a6e7ba244,SocialIQa,social_cs,Mixed,Mixed,C,C,"Let's reason step by step: I track who has access to which information in the story, then check what the relevant character would infer given only what they observed. This points to option C. [[C]]",1,,True,rationale_cot_3shot,,0
6b19c04dbaa3be7c,635f4a7362160714,cb229a0f12c7b1aa,SocialIQa,social_cs,Mixed,Mixed,C,C,"Based on the context provided, the most likely feeling Sydney would have after being mean is regretful. Therefore, the answer is [[C]].",1,,True,rationale_cot_3shot,,0
8cb1e0e9b461335a,311ed2869bf89dc2,3fa66e72f1a4c7c8,SocialIQa,social_cs,Mixed,Mixed,B,B,"Based on the story provided, Quinn stood corrected after their mistake, which suggests a quality of being able to admit and correct errors. This implies confidence and admirable behavior rather than embarrassment or dishonesty. Therefore, the most fitting description is option B. [[B]]",1,,True,rationale_cot_3shot,,0
19b40cf1aa943b56,d16f80bb98d2cf84,817825e919140af7,SocialIQa,social_cs,Mixed,Mixed,B,B,"Let's reason step by step: I track who has access to which information in the story, then check what the relevant character would infer given only what they observed. This points to option B. [[B]]",1,,True,rationale_cot_3shot,,0
e9483b6a9e2cc36f,7473315842cd6c24,5e74411b20879994,SocialIQa,social_cs,Mixed,Mixed,C,C,"Based on the story, Sasha got tired of the game, which suggests they are bored. Therefore, the most fitting answer is:

[[C]]",1,,True,rationale_cot_3shot,,0
5d644c640cf8a978,67e72114f2e750d9,90c3b1a1656e56ab,SocialIQa,social_cs,Mixed,Mixed,C,C,[[C]],1,,True,rationale_cot_3shot,,0
0e03acea030bde81,b4c0506553a5ad18,b97fe555bd91d815,SocialIQa,social_cs,Mixed,Mixed,B,C,"Based on the story, Remy watched a sad film and cried, which indicates they were emotionally affected. The most fitting description from the options provided is:

[[C]]",0,,True,rationale_cot_3shot,,0
1a617d45d977cfab,668689a1450e5363,70cbdf11e7543b77,SocialIQa,social_cs,Mixed,Mixed,C,C,"Based on the story provided, the most logical inference is that Cameron is serious about Kai's complaints and says he is in love with Kai. However, the options given do not include an explanation for why Cameron would act in such a manner. Given the context, the most plausible answer is:

[[C]]",1,,True,rationale_cot_3shot,,0
17e6a40f67e071b5,5ed277703eac4965,6d7e8425b57f8566,SocialIQa,social_cs,Mixed,Mixed,C,C,"Based on the context provided, Austin moves his body to the music, which suggests he enjoys the music. This would likely lead him to feel peaceful and happy afterwards. [[C]]",1,,True,rationale_cot_3shot,,0
1aa0e7ea9bc728d7,96cdeaaca04aae23,3f0f9dcb7164b2d1,SocialIQa,social_cs,Mixed,Mixed,A,A,"Based on the action described, Taylor is described as cruel and mean. [[A] or [B]]",1,,True,rationale_cot_3shot,,0
4d70805f21b4b5a2,a8e445142ee43085,c98b70caf9c9906f,SocialIQa,social_cs,Mixed,Mixed,A,C,"Let's reason step by step: I track who has access to which information in the story, then check what the relevant character would infer given only what they observed. This points to option C. [[C]]",0,,True,rationale_cot_3shot,,0
a65166dae54011fd,9c7ef254c2a5da28,ef593634db22e2a4,SocialIQa,social_cs,Mixed,Mixed,C,C,"Let's reason step by step: I track who has access to which information in the story, then check what the relevant character would infer given only what they observed. This points to option C. [[C]]",1,,True,rationale_cot_3shot,,0
009c2b7ad1bb35db,d13a4daddb7c6dde,d2e5568120e102b3,SocialIQa,social_cs,Mixed,Mixed,A,C,"Let's track the information provided in the story: Riley was running late for her martial arts lessons and needed to get to the dojo on the other side of town. However, the story doesn't mention any activities or tasks Riley had to complete before this. This points to option C. [[C]]",0,,True,rationale_cot_3shot,,0
4a76f4da182ed82e,29fbc240c546556c,8811375d77909721,SocialIQa,social_cs,Mixed,Mixed,A,A,"Let's reason step by step: From the story, we understand that Alex helped Casey escape but they both got caught later. However, the story doesn't provide any information about the consequences for Alex. This points to option A. [[A]]",1,,True,rationale_cot_3shot,,0
5f1eb72f803e20e6,7674f6fcca72c64a,0dc76e7b2ff6dfb5,SocialIQa,social_cs,Mixed,Mixed,B,C,"Based on the story provided, Riley told Austin's landlord because the neighbor's dogs were keeping Riley up all night. This implies Riley called the landlord. [[C]]",0,,True,rationale_cot_3shot,,0
0729f37e757c5a87,bbc2965778f7d1e4,7acf807bd3547cfe,SocialIQa,social_cs,Mixed,Mixed,A,A,"Let's reason step by step: Based on the story, Tracy gave video games to a friend, indicating a helpful gesture. This suggests Tracy felt good about being a good friend. This points to option A. [[A]]",1,,True,rationale_cot_3shot,,0
c2f6e9fed4521c2e,74f4ebaac54a2e56,b6ece131afd93654,SocialIQa,social_cs,Mixed,Mixed,B,B,"Let's reason step by step: I track who has access to which information in the story, then check what the relevant character would infer given only what they observed. This points to option B. [[B]]",1,,True,rationale_cot_3shot,,0
5101a63b378adfd5,e0202d9a3015633f,663cfb93748390f8,SocialIQa,social_cs,Mixed,Mixed,C,A,"Let's reason step by step: From the story, Kai grabbed Carson's tools and used them, which implies Kai wanted to use them. This points to option A. [[A]]",0,,True,rationale_cot_3shot,,0
d0a653bc0331bc61,db2a712150bc14c7,0a17405ea0333182,SocialIQa,social_cs,Mixed,Mixed,C,C,"Let's reason step by step: I track who has access to which information in the story, then check what the relevant character would infer given only what they observed. This points to option C. [[C]]",1,,True,rationale_cot_3shot,,0
b271a2e50d31e183,0c8aa300df2dcd35,0e63ea2e79b42ac5,SocialIQa,social_cs,Mixed,Mixed,A,A,"Based on the story, Robin knows that Aubrey needs new clothes for an event, indicating Robin is aware beforehand. Therefore, the most fitting description is:

[[A]]",1,,True,rationale_cot_3shot,,0
5182507bc852577b,20c73dba5401f931,5b9198079f30a647,SocialIQa,social_cs,Mixed,Mixed,A,A,"Let's reason step by step: Given that Aubrey met a friend at the park, the most logical action for Aubrey would be to interact with the friend. This points to option A. [[A]]",1,,True,rationale_cot_3shot,,0
fcdf1fa7a159d8f4,3020f818b057964e,6e7fc4a0a6c04ebb,SocialIQa,social_cs,Mixed,Mixed,C,C,"Based on the story provided, the most logical action Tracy needed to take before resisting Riley's attacks is to find somewhere to go. Therefore, the answer is:

[[C]]",1,,True,rationale_cot_3shot,,0
ad6bcf30faff1543,207b4d3d28e35c7b,091f0b5f52a00e8a,SocialIQa,social_cs,Mixed,Mixed,B,B,"Based on the story provided, the most logical action Remy needs to take before giving Casey a different interpretation is:

B. familiarize themselves with the research Casey has done

This allows Remy to provide a meaningful and helpful critique. Therefore, the answer is [[B]].",1,,True,rationale_cot_3shot,,0
7a7cb8429880e81d,e000d0e7199e380f,8727de8cd4ffaf09,SocialIQa,social_cs,Mixed,Mixed,B,A,"Let's reason step by step: The story implies that Addison is seeking someone to confide in about finding God, which might be seen by others as him looking for a friend to share his religious experience with. This points to option A. [[A]]",0,,True,rationale_cot_3shot,,0
f54ed5cf343ecf92,6cd8023d09e24662,5f4a3ac3eeeb5a77,SocialIQa,social_cs,Mixed,Mixed,A,C,"Let's reason step by step: The story only mentions Kai displaying their new watch, but it doesn't provide context for what happened before. However, based on common behavior, the most logical assumption would be that Kai needed to get a new watch first. This points to option C. [[C]]",0,,True,rationale_cot_3shot,,0
67c6c54e10e6f7af,2e54ea83b62e7b84,21056b12cd0ca890,SocialIQa,social_cs,Mixed,Mixed,A,A,"Based on the story provided, the most likely description of Alex is:

[[A]]",1,,True,rationale_cot_3shot,,0
80604f85c0ce641a,4e7e9d9c9f1200f7,ea3a8027fc182590,SocialIQa,social_cs,Mixed,Mixed,C,C,[[C]],1,,True,rationale_cot_3shot,,0
7910462de47fcb67,250660aec747acb9,e83d70826861bc28,SocialIQa,social_cs,Mixed,Mixed,C,C,"Based on the story provided, the most likely description of Jan is exhausted from the labor. [[C]]",1,,True,rationale_cot_3shot,,0
475cd88a6a7e6706,f95ed3ef175bc525,d4c8e2b0c4cee70e,SocialIQa,social_cs,Mixed,Mixed,C,C,"Based on the context provided, the most likely action Sydney will take is to do something nice to her friend. [[C]]",1,,True,rationale_cot_3shot,,0
bb99a0f0ec2d17a8,de04f624c8df1178,706e0785fa09063c,SocialIQa,social_cs,Mixed,Mixed,C,C,"Based on the given story, Skylar entered the principal's office to receive discipline, which suggests they were disobedient. [[C]]",1,,True,rationale_cot_3shot,,0
a3bfdcd592e23644,c5e2f7f4ef902d0c,e17343bb8f472a66,SocialIQa,social_cs,Mixed,Mixed,A,C,"Let's reason step by step: Riley watching Jesse with eyes suggests a follow-up behavior. Given the context, the most logical inference is that Jesse will be followed. This points to option C. [[C]]",0,,True,rationale_cot_3shot,,0
da48e754f2f1afcc,affaaf99f7f98a13,00fe6b2c4b668d4b,SocialIQa,social_cs,Mixed,Mixed,C,C,"Based on the story provided, the most logical inference is that Ash wants to share his work with others. Therefore, the answer is:

[[C]]",1,,True,rationale_cot_3shot,,0
4a29469e69bb94eb,2b1228f0157ad811,3c55edb7d8300092,SocialIQa,social_cs,Mixed,Mixed,A,B,"Based on the context provided, the most logical action Jesse would want to take next is to begin the test. Therefore, the answer is:

[[B]]",0,,True,rationale_cot_3shot,,0
ce22d77924dc5d3f,72ce1c762d76e662,f50379c8f4c17749,SocialIQa,social_cs,Mixed,Mixed,C,C,[[C]],1,,True,rationale_cot_3shot,,0
7faaa45037848cd2,e2fd025844ec7882,85f541c922d8e769,SocialIQa,social_cs,Mixed,Mixed,A,A,"Let's reason step by step: Given the context of finding friends, the most logical next step for Jan would be to interact with them. This points to option A. [[A]]",1,,True,rationale_cot_3shot,,0
9c9c69baeb14591c,b2bd2b44976d8008,67f3c0dd31a14814,SocialIQa,social_cs,Mixed,Mixed,A,C,"Based on the information provided, Bailey told Aubrey about seeing the thief, which suggests caution rather than being a snitch or careless. Therefore, the most fitting description is:

[[C]]",0,,True,rationale_cot_3shot,,0
1502cb2a37928a89,01d4ee2ca1544d5c,d268f53abe3d6677,SocialIQa,social_cs,Mixed,Mixed,C,C,"Let's reason step by step: Given the story, Austin gave birth on Sunday and was home with the new baby by Tuesday. This implies that Austin needed to go to the hospital to give birth. This points to option C. [[C]]",1,,True,rationale_cot_3shot,,0
f718b39f4c632464,de7dc7ae07869178,dcce753894664f58,SocialIQa,social_cs,Mixed,Mixed,C,B,[[B]],0,,True,rationale_cot_3shot,,0
ddd0b84382cc7f27,71cef081b4d081c7,ab33f0bc7d18b97e,SocialIQa,social_cs,Mixed,Mixed,C,C,[[C]],1,,True,rationale_cot_3shot,,0
532f557a1ebadcad,3667cd9d7b3336ec,41c1ebcc76b74f21,SocialIQa,social_cs,Mixed,Mixed,B,B,"Let's reason step by step: I track who has access to which information in the story, then check what the relevant character would infer given only what they observed. This points to option B. [[B]]",1,,True,rationale_cot_3shot,,0
d527e7009da3c1e0,1ab70c9b56356aa5,3bea6e3aaa0b2d59,SocialIQa,social_cs,Mixed,Mixed,A,A,"Let's reason step by step: In the story, Lee was taken by Carson for a risky activity (skydiving). Given the context, Lee might feel grateful or relieved. This points to option A. [[A]]",1,,True,rationale_cot_3shot,,0
0b3109d5c8e98bf5,f776ed0ebca4106c,fabc68555ea5f9f1,SocialIQa,social_cs,Mixed,Mixed,A,A,"Based on the context provided, the most logical action for the cops would be to increase their search efforts. Therefore, the answer is:

[[A]]",1,,True,rationale_cot_3shot,,0
d2f5edd7ccb3a636,d7b1e7db489595cb,c367f3fa9d4560e0,SocialIQa,social_cs,Mixed,Mixed,B,B,"Based on the context provided, the most logical answer is that Remy used a bad word because he was frustrated and possibly late. However, since the options don't include ""avoid being late for an appointment,"" the closest answer is B. [[B]]",1,,True,rationale_cot_3shot,,0
5fdceea83a0d600c,b9a8501b3e6c31fe,8512b786f6b6d2f2,SocialIQa,social_cs,Mixed,Mixed,B,B,[[B]],1,,True,rationale_cot_3shot,,0
ebf7dd4a493d3061,70e0774cccb765fb,a443c663447dc45d,SocialIQa,social_cs,Mixed,Mixed,C,C,[[C]],1,,True,rationale_cot_3shot,,0
e6168b3e639975f2,49176d1cd1fae7ec,090315b552fba0ea,SocialIQa,social_cs,Mixed,Mixed,C,C,"Based on the story, Addison turned down the music to reduce noise, indicating a thoughtful approach. [[C]]",1,,True,rationale_cot_3shot,,0
e03a95ebf39a60e7,0a355c8989bc08c7,520aea5b7e6049e3,SocialIQa,social_cs,Mixed,Mixed,B,B,Let's reason step by step: Alex tightened the belt to prevent their pants from falling down. This points to option B. [[B]],1,,True,rationale_cot_3shot,,0
891c5d8b62d9fffa,fa0a7292218c3833,01bede2b62ca75a7,SocialIQa,social_cs,Mixed,Mixed,C,A,"Let's reason step by step: The action of knocking on wood is often done to ward off bad luck. Given that Alex did this after seeing a cat, it suggests he felt reassured. This points to option A. [[A]]",0,,True,rationale_cot_3shot,,0
05cf128e82d4680b,28d80a470bf463da,ee42f12689c6520f,SocialIQa,social_cs,Mixed,Mixed,A,B,"Based on the story, the most logical action for the informant would be to inform Aubrey that the meeting will not take place. Therefore, the answer is:

[[B]]",0,,True,rationale_cot_3shot,,0
0e12857d1e2bf6ac,5cf5868162338532,c840b36eecdac491,SocialIQa,social_cs,Mixed,Mixed,C,C,"Based on the story provided, the most likely feeling of the interviewer is that they lied to Kendall. Therefore, the answer is:

[[C]]",1,,True,rationale_cot_3shot,,0
89e859589a40666b,ea298aa2c3a6f32a,999c399f1e23c6fb,SocialIQa,social_cs,Mixed,Mixed,A,A,"Based on the story provided, there is no information suggesting why Ash performs better with coffee or what he will do next. However, since the context implies a positive effect, the most logical next action would be to continue working. This points to option A. [[A]]",1,,True,rationale_cot_3shot,,0
90092a9434319868,04d9532fe5f27293,7e7a9826e9d996fd,SocialIQa,social_cs,Mixed,Mixed,B,B,[[B]],1,,True,rationale_cot_3shot,,0
060b26c124eacece,d572617bbc14b2f0,6be81cc2c1184737,SocialIQa,social_cs,Mixed,Mixed,B,B,[[B]],1,,True,rationale_cot_3shot,,0
6908f1ece110124c,6501b179c3e72453,ccb8b084a49379b2,SocialIQa,social_cs,Mixed,Mixed,A,A,"Based on the story, Cameron took Kai's compliment seriously, so the feeling would be contrary to making fun. Therefore, the answer would be:

[[A]]",1,,True,rationale_cot_3shot,,0
7a2dd0a7dfd72bac,42d856e1e4ae339e,84320b49ee3e35b5,SocialIQa,social_cs,Mixed,Mixed,C,C,[[C]],1,,True,rationale_cot_3shot,,0
260b81062f7ae53a,ae18422127c743b7,18f700574699f2ae,SocialIQa,social_cs,Mixed,Mixed,A,C,"Based on the story provided, Aubrey convinced Riley's ex to break up with her but did not tell the truth, which suggests a lack of trustworthiness. However, since the options don't include ""a bad friend"" and ""trustworthy person,"" the closest description among the given options is C. [[C]]",0,,True,rationale_cot_3shot,,0
e24e52bf4c58cfb2,e5de8b6ef75cb8a8,d3231339c8f81b7a,SocialIQa,social_cs,Mixed,Mixed,A,A,[[A]],1,,True,rationale_cot_3shot,,0
dbf7d2a9db877dcd,7cda7f01872611af,61c0f7d9cdf6b46d,SocialIQa,social_cs,Mixed,Mixed,C,C,"Based on the story, Bailey was mad at work, indicating they were under high pressure at work. This leads to the most fitting description. [[C]]",1,,True,rationale_cot_3shot,,0
e142dae93275fd08,8b80c560df4a435d,2fdbbf13278fcbdb,SocialIQa,social_cs,Mixed,Mixed,A,B,"Let's reason step by step: I track who has access to which information in the story, then check what the relevant character would infer given only what they observed. This points to option B. [[B]]",0,,True,rationale_cot_3shot,,0
e73c02385c8bb0da,c88e44c583485a88,ec8b0e4c6b39127e,SocialIQa,social_cs,Mixed,Mixed,B,B,"Based on the context provided, the most likely feeling after finding out it's not something major would be relief. [[B]]",1,,True,rationale_cot_3shot,,0
a79fe181de8c850f,1f109aa3df3b5b67,f6cb382975fe564c,SocialIQa,social_cs,Mixed,Mixed,C,A,"Based on the story provided, Austin is blowing smoke from his lips while sitting on a bench and puffing on his pipe. This implies he has a pipe, not a cigarette or a fireplace. Therefore, the correct answer is:

[[A]]",0,,True,rationale_cot_3shot,,0
0659dd8f9857545b,7c36a08e80df78ec,6c5746a000de02d6,SocialIQa,social_cs,Mixed,Mixed,C,C,"Let's reason step by step: I track who has access to which information in the story, then check what the relevant character would infer given only what they observed. This points to option C. [[C]]",1,,True,rationale_cot_3shot,,0
38856dbe1a7e9a2b,422451aef24b0cfa,8f8d16d877aa6b1f,SocialIQa,social_cs,Mixed,Mixed,C,A,[[A]],0,,True,rationale_cot_3shot,,0
4b7d2bc806f0513a,4775dec05e25eff8,a71a1ff541fda037,SocialIQa,social_cs,Mixed,Mixed,C,B,"Based on the story provided, Cameron got out of their way because they were running outside. This implies Cameron was avoiding them to prevent any potential collision or accident. Therefore, the most logical answer is:

[[B]]

The answer aligns best with the context of Cameron getting out of the way to avoid being in their path.",0,,True,rationale_cot_3shot,,0
9009b5d894a56c00,7d99df5555fae4cc,c16ece1c9aa5255e,SocialIQa,social_cs,Mixed,Mixed,A,A,"Based on the story provided, the most logical inference is that Alex brought Robin to the execution chamber, which implies the intention was not related to food. Therefore, the answer is:

[[A]]",1,,True,rationale_cot_3shot,,0
9a9c80c882abbb54,e94a5d4045b0dfcb,10bc6804d24da249,SocialIQa,social_cs,Mixed,Mixed,A,A,"Let's reason step by step: Given the context, the most likely scenario is that Sydney will be disappointed and upset. This leads to option A. [[A]]",1,,True,rationale_cot_3shot,,0
ad1228377e6dec3c,9bb6c47f1cdde507,b7047373dd530e11,SocialIQa,social_cs,Mixed,Mixed,A,B,"Based on the story, Skylar was excited about a new dress, which indicates she is very happy. So the answer is [[B]].",0,,True,rationale_cot_3shot,,0
6f563d9ac166a499,3966e3c9411e49a7,666109d8e6d0777a,SocialIQa,social_cs,Mixed,Mixed,C,A,[[A]],0,,True,rationale_cot_3shot,,0
f2f24673010045d9,894bd62755b8920a,2ad9a27081889e9e,SocialIQa,social_cs,Mixed,Mixed,B,B,[[B]],1,,True,rationale_cot_3shot,,0
6eb63e3f56e46eb8,535beb8267024ba3,c9b717831c3ff3cf,SocialIQa,social_cs,Mixed,Mixed,C,C,"Let's reason step by step: The story doesn't provide any information about Lee checking out the movie theater or loving his friends. It only mentions that Lee found their friends outside and playing in the park. Therefore, the most logical inference is that Lee needed to let his parents know he was going to try to find his friends. This leads to option C. [[C]]",1,,True,rationale_cot_3shot,,0
23db0d09870ef2a4,ac2f9604402866b6,f340a154dc814590,SocialIQa,social_cs,Mixed,Mixed,C,C,"Let's reason step by step: Based on the story, Austin's action of interfering with Sydney by blocking her way to the teachers desk is likely to cause negative consequences. This points to option C. [[C]]",1,,True,rationale_cot_3shot,,0
295273011ffa2026,607e34096017a018,b4b2c40eb6e53bc9,SocialIQa,social_cs,Mixed,Mixed,C,C,"Let's reason step by step: I track who has access to which information in the story, then check what the relevant character would infer given only what they observed. This points to option C. [[C]]",1,,True,rationale_cot_3shot,,0
fd892a1fc0dcee58,91ed9c650090b25d,4f597b74b1107836,SocialIQa,social_cs,Mixed,Mixed,C,A,"Let's reason step by step: I track who has access to which information in the story, then check what the relevant character would infer given only what they observed. This points to option A. [[A]]",0,,True,rationale_cot_3shot,,0
6a6515c16d85a21b,5c1febb138d2f4b2,01d943b69c129155,SocialIQa,social_cs,Mixed,Mixed,B,B,[[B]],1,,True,rationale_cot_3shot,,0
371319a616a374da,97cc03e818ce9a8d,c279f9c6b35fd54f,SocialIQa,social_cs,Mixed,Mixed,C,A,"Based on the context provided, the most logical action would be to share the knowledge with others. This points to option A. [[A]]",0,,True,rationale_cot_3shot,,0
d94585ac8df0bef2,bf0c2e33342b041d,c7f03b2608a87395,SocialIQa,social_cs,Mixed,Mixed,B,B,"Based on the context provided, the most logical inference is that others will want to maintain the relationship. Therefore, the answer is [[B]].",1,,True,rationale_cot_3shot,,0
865490275c415bc7,aa76803232e7fa38,af7cac63d46ae46e,SocialIQa,social_cs,Mixed,Mixed,B,B,"Based on the story provided, the most likely outcome is that Kai will develop a love for books. [[B]]",1,,True,rationale_cot_3shot,,0
7d99193dd28c519f,c768bb3635fde6f5,5ad2de854d3177f2,SocialIQa,social_cs,Mixed,Mixed,A,B,[[B]],0,,True,rationale_cot_3shot,,0
3acfd126ee93302e,34db12614848cd0e,3fe2324ee161772d,SocialIQa,social_cs,Mixed,Mixed,A,A,[[A]],1,,True,rationale_cot_3shot,,0
2f69a5a28bfc33e7,b429d4035ec2c56c,c93c02310dcdabb4,SocialIQa,social_cs,Mixed,Mixed,B,B,"Based on the story provided, the logical action Casey would need to take before putting food into the oven is to preheat the oven. This ensures the food cooks evenly. Therefore, the correct answer is [[B]].",1,,True,rationale_cot_3shot,,0
e891ad566348faa8,f3674f7238ae58da,6f4d03e777db09c1,SocialIQa,social_cs,Mixed,Mixed,C,A,"Based on the context provided, the most likely action is that Jordan wants to get closer to Tracy. [[A]]",0,,True,rationale_cot_3shot,,0
576e0000d43087f6,ff902fd030851fed,1a804efd216416e2,SocialIQa,social_cs,Mixed,Mixed,C,C,"Based on the distrustful nature of Riley, the most likely scenario is that Jesse will be questioned by Riley. Therefore, the answer is [[C]].",1,,True,rationale_cot_3shot,,0
2cbc422a9c61f048,4e73b7b3979589a3,9bf36b3d85d0a7fd,SocialIQa,social_cs,Mixed,Mixed,A,A,[[A]],1,,True,rationale_cot_3shot,,0
5053c3895d6aa4c4,716cc5f7bc3a5950,edf63eacb4b0dbae,SocialIQa,social_cs,Mixed,Mixed,C,C,"Let's reason step by step: The question asks what Taylor needs to do before helping Ash move in. Given the context, Taylor needs to be able to help. [[C]]",1,,True,rationale_cot_3shot,,0
4dc428a8ba362c0b,9750a125aeb498d4,0807157616da0e4c,SocialIQa,social_cs,Mixed,Mixed,B,B,"Based on the story provided, the most likely action from others would be to punish Taylor for looking up the definition online, which is against the rules. This leads to the answer being:

[[B]]",1,,True,rationale_cot_3shot,,0
0b7ec76b8b33860c,23f338598c3a2537,ab26134030395328,SocialIQa,social_cs,Mixed,Mixed,A,A,"Based on the story provided, the most likely feeling Kendall would have afterwards is remorseful. [[A]]",1,,True,rationale_cot_3shot,,0
6d910d856b200a55,d4a3e1626e01ce09,a703b12e7fd0cb99,SocialIQa,social_cs,Mixed,Mixed,C,B,"Based on the context provided, the most logical action for Alex would be to celebrate the successful escape. 

The answer is: [[B]]",0,,True,rationale_cot_3shot,,0
6e2d460e4382bee0,5fd3cab8c0c26eb3,e2e1dec701efb4e0,SocialIQa,social_cs,Mixed,Mixed,A,B,"Based on the story provided, the most likely description of Sasha is:

[[B]]

Sasha wetting the bed after a night of drinking and partying suggests carelessness and sloppiness.",0,,True,rationale_cot_3shot,,0
d4989e34d1a1cea4,0b3b05b11ab69227,62b1c0fab5970f2e,SocialIQa,social_cs,Mixed,Mixed,C,B,"Based on the story provided, the most likely feeling among others would be B. sad. [[B]]",0,,True,rationale_cot_3shot,,0
d97b5b685bb1dc5c,b2ad55924fee9cae,2aba88ee7175ca11,SocialIQa,social_cs,Mixed,Mixed,B,B,Let's reason step by step: The story only mentions Jan and his new daughter. It doesn't provide any information about others or their reactions. This points to option B. [[B]],1,,True,rationale_cot_3shot,,0
8cd97a74870faddb,8e2507ddb76fc0e0,9542a8d56d2c698b,SocialIQa,social_cs,Mixed,Mixed,C,B,"Let's reason step by step: Given that Jordan demanded Alex's attention, the most logical action for Alex would be to respond to Jordan. This points to option B. [[B]]",0,,True,rationale_cot_3shot,,0
5e0004069f3d6efc,83fbc9bb068ef809,510c2acd22ea752a,SocialIQa,social_cs,Mixed,Mixed,B,A,"Based on the story provided, Robin wants to pass quickly with flying colors, so the most logical next action would be to do well on the test. [[A]]",0,,True,rationale_cot_3shot,,0
7c744c61803b19ac,0298e51f5c6e64ce,edb1ae6039a805f6,SocialIQa,social_cs,Mixed,Mixed,C,A,Let's reason step by step: The story doesn't provide any information about Robin's future actions or desires. This points to option A. [[A]],0,,True,rationale_cot_3shot,,0
e8adc2311431fea0,51522f9fa1e2b28d,5a8424f7e6bc28b8,SocialIQa,social_cs,Mixed,Mixed,B,B,"Based on the story, Robin held her breath underwater, which suggests she might be determined or focused but not necessarily exhausted or tired. Therefore, the most fitting description from the given options is:

[[B]]

However, since ""fun"" (option B) is not typically associated with holding one's breath underwater, the best fit among the given options is:

[[C]]",1,,True,rationale_cot_3shot,,0
938433bd29be2ad9,9b11ed80905178cd,ba2c43526ecff8ad,SocialIQa,social_cs,Mixed,Mixed,B,A,"Let's reason step by step: I track who has access to which information in the story, then check what the relevant character would infer given only what they observed. This points to option A. [[A]]",0,,True,rationale_cot_3shot,,0
8faa7da39f6ed57c,7ce1538276fcc502,68cdc53c8b4b1890,SocialIQa,social_cs,Mixed,Mixed,B,B,"Based on the story provided, the most logical answer is that Lee did this to B. needed to pay bills. [[B]]",1,,True,rationale_cot_3shot,,0
a94d1690ec6d60b1,d30f9407f253e488,876dacea76addf55,SocialIQa,social_cs,Mixed,Mixed,A,A,"Let's reason step by step: From the story, we understand that Austin took the family out for dinner to their favorite downtown restaurant but there is no information provided that suggests Austin went there in the car, got lost on the way, or couldn't remember the name of the restaurant. This points to option A. [[A]]",1,,True,rationale_cot_3shot,,0
8c24d53ee20192e5,c68a7ae77d3f1273,f56ecc249783e84e,SocialIQa,social_cs,Mixed,Mixed,B,B,"Let's reason step by step: Cameron taking Carson away for a long time after the death of his mother suggests a supportive gesture. Given this context, Carson would likely feel like they had time away. This points to option B. [[B]]",1,,True,rationale_cot_3shot,,0
cfe3faa22055d4af,1fb62cda38d35957,31af4562b793c104,SocialIQa,social_cs,Mixed,Mixed,B,B,"Let's reason step by step: Given the context of the story, the most logical action for Kendall would be to address the immediate danger. This points to option B. [[B]]",1,,True,rationale_cot_3shot,,0
2747cb6f1a089fad,082849a46754bc37,2d567f01ba918cb5,SocialIQa,social_cs,Mixed,Mixed,C,C,"Based on the story, Jesse showed off her new car to make Sydney's friends jealous, which suggests Jesse is conceited. [[C]]",1,,True,rationale_cot_3shot,,0
eba7812d4b01b3b5,940afc52441c6573,307ac1863736ff1f,SocialIQa,social_cs,Mixed,Mixed,B,B,"Let's reason step by step: Given the context that Remy paid Aubrey's taxes, the logical next action for Aubrey would be to acknowledge and accept the payment. This points to option B. [[B]]",1,,True,rationale_cot_3shot,,0
5eabd940df00938c,fe7d7b0c4e576a79,b655a3d9a12ea5be,SocialIQa,social_cs,Mixed,Mixed,A,C,"Let's reason step by story and options: Given that Alex helped Casey escape jail, the most logical outcome is that Casey will be freed from the trouble caused by escaping. This means Casey will likely be exonerated. Therefore, the answer is [[C]].",0,,True,rationale_cot_3shot,,0
ad17016cec93e0f7,94d3e89c68266b8b,f3c71cfec8dfc65d,SocialIQa,social_cs,Mixed,Mixed,B,A,"Based on the story provided, the most logical inference is that Cameron trains hard to win the race. Therefore, the answer is:

[[A]]",0,,True,rationale_cot_3shot,,0
025536f5f708c453,58b29265e311c761,97fee882243846dd,SocialIQa,social_cs,Mixed,Mixed,A,A,"Let's reason step by step: Riley caught fish and made them in the kitchen, indicating satisfaction with her accomplishment. This points to option A. [[A]]",1,,True,rationale_cot_3shot,,0
a830e25121555edf,509913f9a8423c7f,3773d4aac149d434,SocialIQa,social_cs,Mixed,Mixed,B,B,"Let's reason step by step: I track who has access to which information in the story, then check what the relevant character would infer given only what they observed. This points to option B. [[B]]",1,,True,rationale_cot_3shot,,0
99b74bc32f0e9c1c,13dcd97025e6427b,1bb587db6fe63aa2,SocialIQa,social_cs,Mixed,Mixed,C,C,[[C]],1,,True,rationale_cot_3shot,,0
2074578a1ecb905c,6c69610849b1daf0,9d0fcd8b8fe3cbac,SocialIQa,social_cs,Mixed,Mixed,A,A,"Let's reason step by step: I track who has access to which information in the story, then check what the relevant character would infer given only what they observed. This points to option A. [[A]]",1,,True,rationale_cot_3shot,,0
88fb30bfb8520017,f366cc8113210a30,e3fb8915a47db757,SocialIQa,social_cs,Mixed,Mixed,C,B,[[B]],0,,True,rationale_cot_3shot,,0
546b4af805512cb2,6fce3d6de13e0284,942dfeaa25e2d52e,SocialIQa,social_cs,Mixed,Mixed,A,A,"Based on the story provided, the most likely answer is that Bailey's boss would think Bailey is a hard worker. Therefore, the answer is [[A]].",1,,True,rationale_cot_3shot,,0
0f16151c23e0470a,92a1e1c800a4dd8b,e582b961824f9de5,SocialIQa,social_cs,Mixed,Mixed,A,A,"Based on the story provided, the most likely description of Casey would be:

[[A]]",1,,True,rationale_cot_3shot,,0
f34dcd271f88e5f3-1,2ac3bb2f73c001a6,c04ded9072aeb8e0,SocialIQa,social_cs,Mixed,Mixed,B,C,[[C]],0,,True,rationale_cot_3shot,,0
d26df9a71bd1f966,0d5c1aef193937d6,15c10f9711073939,SocialIQa,social_cs,Mixed,Mixed,C,C,"Based on the story provided, the most likely feeling Austin would have is gratitude towards Skylar for providing the necessary medication. Therefore, the answer is:

[[C]]",1,,True,rationale_cot_3shot,,0
a697bfba23fd10bf,13e1e2ce6556aa4c,87a733be6ee8871d,SocialIQa,social_cs,Mixed,Mixed,A,B,"Based on the context provided, the most likely feeling Jan would have is being proud of Kai's effort. Therefore, the answer is [[B]].",0,,True,rationale_cot_3shot,,0
33510c3a99609420,d33fe90f32f0db09,72ca027b7a1ff331,SocialIQa,social_cs,Mixed,Mixed,A,A,"Let's track the information provided in the story: Cameron looked at Skylar while he was talking to them, but there is no indication of Cameron's feelings or actions. This points to option A. [[A]]",1,,True,rationale_cot_3shot,,0
d87120e10c6eed61,477814d2b006deb0,3f71f667c103c451,SocialIQa,social_cs,Mixed,Mixed,A,A,"Based on the story provided, the most likely feeling Remy would have is devastated for losing his wife. Therefore, the answer is:

[[A]]",1,,True,rationale_cot_3shot,,0
77303826f92ecdc6,f9975f6a6a70e4fa,aeff2f18e2ffcf8c,SocialIQa,social_cs,Mixed,Mixed,A,C,[[C]],0,,True,rationale_cot_3shot,,0
52ca8ede9b3fa2d0,3629799c281cb708,cfe37caa4482273c,SocialIQa,social_cs,Mixed,Mixed,C,C,[[C]],1,,True,rationale_cot_3shot,,0
6445128deadff56d,c9102ed057a76ea2,cbeeaeb50c3f9ad8,SocialIQa,social_cs,Mixed,Mixed,C,C,"Based on the story provided, the most logical inference is that the mice will not be able to sleep due to being kept awake all night. Therefore, the answer is:

[[C]]",1,,True,rationale_cot_3shot,,0
4d1a5d24fc3a2e41,f92ae9e190b75f5c,f9bf069921c73ecd,SocialIQa,social_cs,Mixed,Mixed,B,C,"Let's track the information provided in the story and the candidate answers. The story mentions that Lee was good at throwing galas and his friend asked him to plan a wedding. However, it doesn't specify what Lee needs to do before planning a wedding. Given the context, the most logical actions would be related to preparing for a wedding. This points to option C. [[C]]",0,,True,rationale_cot_3shot,,0
d69856416988ec4f,d8514bd45c166788,fae2bd3acc631b7e,SocialIQa,social_cs,Mixed,Mixed,B,B,"Based on the story provided, Jesse set Robin's hair on fire because they were fighting and Jesse was mad at them. Therefore, the correct answer is:

[[B]]",1,,True,rationale_cot_3shot,,0
79c581caac52ccbd,4c07b9bdf798a94f,19f0a7453d004989,SocialIQa,social_cs,Mixed,Mixed,A,C,"Let's reason step by step: The story mentions that Jesse hired Bailey to impersonate, but it doesn't specify what Bailey needs to do beforehand. However, based on common sense and the context, the most logical answer is that Bailey needs to prepare to impersonate Jesse. This points to option C. [[C]]",0,,True,rationale_cot_3shot,,0
16120892b3197903,49eadc656260fdb5,83d5208d3a3f5afe,SocialIQa,social_cs,Mixed,Mixed,C,C,"Based on the story provided, the most logical answer is that Kai showed Jan how to do her job properly to ensure she doesn't get in trouble. This implies a protective or supportive action from Kai. Therefore, the answer is:

[[C]]",1,,True,rationale_cot_3shot,,0
2d6e67f62cdeaa52,4b4e9090637d94c4,9b83bfad7a2002b1,SocialIQa,social_cs,Mixed,Mixed,B,B,"Based on the story provided, the most logical inference is that Lee tipped well because he was satisfied with the service. This leads to the answer being B. [[B]]",1,,True,rationale_cot_3shot,,0
ec31ad9e980e671c,5a68df02848d8938,78d64e46fb55d660,SocialIQa,social_cs,Mixed,Mixed,B,B,"Based on the story provided, the most logical inference is that Addison would want to take care of her dog while she is on vacation. However, since the options given are more action-oriented, the closest answer would be:

[[B]]

This assumes that Addison will want to go to the ocean to swim, which is a common activity people do when they are free time off from work or vacation.",1,,True,rationale_cot_3shot,,0
865637705f9f5ef4,4c01f4fab1b111aa,e6cab383a4bbb35f,SocialIQa,social_cs,Mixed,Mixed,C,C,"Let's reason step by step: Based on the context, Casey would likely feel pleased with Remy's interpretation of the facts. This points to option C. [[C]]",1,,True,rationale_cot_3shot,,0
a83892e9146343ac,72d99d017b925a95,a1bd4a8cb347493d,SocialIQa,social_cs,Mixed,Mixed,C,C,"Based on the story provided, the most likely outcome is that Jordan will feel guilty for talking behind Ash's back. Therefore, the answer is [[C]].",1,,True,rationale_cot_3shot,,0
271a15df573f1d42,8bae5fa87f6a74e3,33216ed607238a48,SocialIQa,social_cs,Mixed,Mixed,B,B,"Let's reason step by step: Given the context, Tracy is described as someone who can help with relationship troubles, indicating a positive interaction. This suggests Tracy will likely become friends with the friend. [[B]]",1,,True,rationale_cot_3shot,,0
a037ce8b88785ce9,829edea2b919f31e,33b5b1e37d99d571,SocialIQa,social_cs,Mixed,Mixed,B,A,"Let's reason step by step: I track who has access to which information in the story, then check what the relevant character would infer given only what they observed. This points to option A. [[A]]",0,,True,rationale_cot_3shot,,0
5e742ed22d0779f0,fc5d81bb59012efb,d8332f229af9823d,SocialIQa,social_cs,Mixed,Mixed,C,B,[[B]],0,,True,rationale_cot_3shot,,0
82c0976d78aa75f1,5f043f8d3ff7f899,25753a1d3ef6a77b,SocialIQa,social_cs,Mixed,Mixed,B,A,[[A]],0,,True,rationale_cot_3shot,,0
cfb4df3584b3ad22,5077bc3731ff750e,928b3caa35cf58ae,SocialIQa,social_cs,Mixed,Mixed,B,B,"Let's reason step by step: I track who has access to which information in the story, then check what the relevant character would infer given only what they observed. This points to option B. [[B]]",1,,True,rationale_cot_3shot,,0
87f41cf9c4fc9c02,489ce3fc309e9331,0712506ef2655094,SocialIQa,social_cs,Mixed,Mixed,B,B,"Based on the story provided, Skylar joined Sasha to wait in line at the movies, but the story doesn't specify what Skylar wants to do next. However, the most logical assumption would be to watch the movie. [[B]]",1,,True,rationale_cot_3shot,,0
7faa562c06e8374b,443cd0107d8b7c8b,fa013f24d4949e91,SocialIQa,social_cs,Mixed,Mixed,B,B,"Let's reason step by step: I track who has access to which information in the story, then check what the relevant character would infer given only what they observed. This points to option B. [[B]]",1,,True,rationale_cot_3shot,,0
ca9bf7cecdf80b61,ca303985e76ba8a1,6f5efbba7774120a,SocialIQa,social_cs,Mixed,Mixed,C,B,"Based on the story provided, the most likely answer is:

[[B]]

The story specifically mentions Robin being arrested for petty theft, so it is reasonable to assume that others might also face similar consequences. However, without more context, we can only infer based on the given information.",0,,True,rationale_cot_3shot,,0
2a225d80de312720,e7ceda027a1bc559,fd1b40919709b411,SocialIQa,social_cs,Mixed,Mixed,C,C,[[C]],1,,True,rationale_cot_3shot,,0
8cf1c0f5e967c5c1,c99c92ad1eca5ae2,620948477108e29d,SocialIQa,social_cs,Mixed,Mixed,C,C,[[C]],1,,True,rationale_cot_3shot,,0
e80c673e3870af8b,7a15280386c01e30,2e49ac09221e2439,SocialIQa,social_cs,Mixed,Mixed,A,A,[[A]],1,,True,rationale_cot_3shot,,0
c8b83a2de54f8ce9,d632c263d8ab486d,c8df22bbf4f163b9,SocialIQa,social_cs,Mixed,Mixed,B,B,"Based on the context provided, the most logical inference is that Kai wants recognition for their efforts. This leads to the answer being B. [[B]]",1,,True,rationale_cot_3shot,,0
4f3579c46aca8f4b,7da4588733218b72,a4616448939ca0d2,SocialIQa,social_cs,Mixed,Mixed,B,B,[[B]],1,,True,rationale_cot_3shot,,0
7bd10485e9ced594,b34629a21739863a,81301bc2a80894c2,SocialIQa,social_cs,Mixed,Mixed,C,C,"Let's reason step by step: Based on the story, Kendall would feel annoyed because Jesse used the phone without permission. This leads to option C. [[C]]",1,,True,rationale_cot_3shot,,0
7fd6308005186b11,33722f6841c6e436,db7d9b78348f5a5f,SocialIQa,social_cs,Mixed,Mixed,A,A,"Let's reason step by step: I track who has access to which information in the story, then check what the relevant character would infer given only what they observed. This points to option A. [[A]]",1,,True,rationale_cot_3shot,,0
87e9d418612eb008,b61390041fbe4f8b,e9a29b7fd68c539b,SocialIQa,social_cs,Mixed,Mixed,A,A,"Let's reason step by step: The story describes Carson taking lives of chickens for a living, which implies a negative action. Given this context, the most likely feeling others would have is sympathy or concern for the chickens. This points to option A. [[A]]",1,,True,rationale_cot_3shot,,0
acfd07bd3396e7b8,59eaeb7d51e8a8fc,2a077bf1f77602ea,SocialIQa,social_cs,Mixed,Mixed,A,B,"Let's reason step by step: I track who has access to which information in the story, then check what the relevant character would infer given only what they observed. This points to option B. [[B]]",0,,True,rationale_cot_3shot,,0
2dcb2c38403cf524,b777e663d3c972ee,4eb6dd16107febf5,SocialIQa,social_cs,Mixed,Mixed,B,A,"Let's reason step by step: The story indicates that Sydney gave money to poor people, implying Sydney must have had money to give. This suggests Sydney needed cash before giving the money. This points to option A. [[A]]",0,,True,rationale_cot_3shot,,0
b9419b6d68a3f3a3,4cb65df4cd4fa110,e52bfb1014751ada,SocialIQa,social_cs,Mixed,Mixed,C,C,[[C]],1,,True,rationale_cot_3shot,,0
8d26abf4d1085f56,cc0b78b5de977b23,fc857079a36bf6f2,SocialIQa,social_cs,Mixed,Mixed,A,A,[[A]],1,,True,rationale_cot_3shot,,0
869e14e3ae7fbe7f,092ec3f60f732798,6f1b8ff4e960507e,SocialIQa,social_cs,Mixed,Mixed,C,C,"Based on the story, Aubrey would feel guilty for betraying Riley. Therefore, the answer is [[C]].",1,,True,rationale_cot_3shot,,0
7614e968b974d460,5d1bbfd2faa024e9,90542bd99914011f,SocialIQa,social_cs,Mixed,Mixed,A,A,"Let's reason step by step: The story indicates that Cameron picked Robin up from the airport, so the action that Cameron needs to do before this is driving to the airport. This points to option A. [[A]]",1,,True,rationale_cot_3shot,,0
805bedd38a8368d3,5a4f2e944df4f58d,f9c286631d7005d5,SocialIQa,social_cs,Mixed,Mixed,A,A,"Based on the context provided, Carson would likely feel smart for having their point proven. Therefore, the most likely answer is:

[[A]]",1,,True,rationale_cot_3shot,,0
c6e355f24574f018,976ac6a6d6bde39d,877f88ee544d79ea,SocialIQa,social_cs,Mixed,Mixed,B,B,[[B]],1,,True,rationale_cot_3shot,,0
cd2accc6e1c59f8f,34bbfa28b106900f,5d95b54113d13e9c,SocialIQa,social_cs,Mixed,Mixed,A,A,"Based on the story provided, the most likely description of Jan is:

[[A]]",1,,True,rationale_cot_3shot,,0
4a4261fbf7906860,e798a2820515a97f,999dd63e4ebadfde,SocialIQa,social_cs,Mixed,Mixed,B,B,"Let's reason step by step: From the story, Riley made a pie, which indicates initiative and effort. This points to option B. [[B]]",1,,True,rationale_cot_3shot,,0
aae2628a22e1160c,4b3668a8fad987db,cc3d45d5fee9d6b7,SocialIQa,social_cs,Mixed,Mixed,B,B,"Based on the story provided, the logical action before leaving for home would be to finish up with school. [[B]]",1,,True,rationale_cot_3shot,,0
50acc542dca49ff7,a3b93eabc8bcd382,de4028b27cdd1b58,SocialIQa,social_cs,Mixed,Mixed,A,C,"Let's reason step by step: Since Ash cannot function and be productive without having breakfast, the logical next action would be to eat breakfast. This rules out options A, B, and C. However, based on the context provided, the most plausible answer is that Ash wants to eat breakfast. This points to option C. [[C]]",0,,True,rationale_cot_3shot,,0
fc0afc6086053ffb,932175d578c66c3f,6991d95d1736dc30,SocialIQa,social_cs,Mixed,Mixed,A,A,"Let's reason step by step: Based on the context provided, Lee stopped talking to Jesse because Jesse made bad decisions. This implies a negative emotional response from Lee. This points to option A. [[A]]",1,,True,rationale_cot_3shot,,0
2627901e67a4fbfb,034dc7963cfa8932,b0bd37931167678d,SocialIQa,social_cs,Mixed,Mixed,A,B,"Let's reason step by step: I track who has access to which information in the story, then check what the relevant character would infer given only what they observed. This points to option B. [[B]]",0,,True,rationale_cot_3shot,,0
f8c9e201990dcb8f,0c1e16599c9cc73d,b4e6e2b6fe5918d7,SocialIQa,social_cs,Mixed,Mixed,A,A,"Let's reason step by step: Based on the story, Robin took the test at face value and it was based on logic, suggesting Robin did well. This implies Robin would feel smart after the test. [[A]]",1,,True,rationale_cot_3shot,,0
8f1b9f294a421c5c,f4fe801d92fd4b3b,adf4cd2f60a0c4b0,SocialIQa,social_cs,Mixed,Mixed,C,C,"Based on the context provided, the most likely answer is that Addison went to the theme park for fun. [[C]]",1,,True,rationale_cot_3shot,,0
d72c2d55558e877e,2bec10c39ad1b21f,72daf6d61d6d2610,SocialIQa,social_cs,Mixed,Mixed,A,A,"Let's reason step by step: Given that Remy got very dark after drinking by himself all night long, it suggests a negative state rather than happiness or resilience. This points to option A. [[A]]",1,,True,rationale_cot_3shot,,0
af26da5483fe6afa,61cc621b671f8d4e,d24650ffb2b8f4a8,SocialIQa,social_cs,Mixed,Mixed,A,A,[[A]],1,,True,rationale_cot_3shot,,0
5048fbae5d5ea1d9,287dd14aa9a894ac,82174fc834b2623b,SocialIQa,social_cs,Mixed,Mixed,A,A,"Let's reason step by step: From the story, we understand that Austin wrapped a belt around the waist of the bull rider, but there is no information provided to suggest why he did this. However, based on common sense and typical scenarios, the most plausible answer is related to safety or support. This leads us to option A. [[A]]",1,,True,rationale_cot_3shot,,0
3ef93a11be36b922,728631c089bd921f,087f771523dc98f4,SocialIQa,social_cs,Mixed,Mixed,C,C,[[C]],1,,True,rationale_cot_3shot,,0
1d18f2f1a5301c1d,a2653a6a01cf8282,a2079b448814426c,SocialIQa,social_cs,Mixed,Mixed,A,C,"Let's reason step by step: I track who has access to which information in the story, then check what the relevant character would infer given only what they observed. This points to option C. [[C]]",0,,True,rationale_cot_3shot,,0
2f6aa447faa1b232,80bf8b9e7a76d8e2,44845c171475b23b,SocialIQa,social_cs,Mixed,Mixed,A,B,"Let's reason step: Given the context of Bailey spending time studying and working hard for an exam, the most likely feeling after the exam would be relief from the stress of the preparation and the test itself. This leads to option B. [[B]]",0,,True,rationale_cot_3shot,,0
c375fad11137aad2,7b3abb10aabf37b1,5ef3694c3e98ca1c,SocialIQa,social_cs,Mixed,Mixed,C,B,"Let's reason step by step: I track who has access to which information in the story, then check what the relevant character would infer given only what they observed. This points to option B. [[B]]",0,,True,rationale_cot_3shot,,0
fa9f15f040ea37b6,9cd84bab2252e709,72aaa220164f4186,SocialIQa,social_cs,Mixed,Mixed,A,A,"Based on the context provided, Tracy enjoyed constructing things and successfully made a table. This indicates a sense of achievement and satisfaction. Therefore, the most likely feeling Tracy would have is:

[[A]] or [[B]] (both A and B are correct)",1,,True,rationale_cot_3shot,,0
0ec8c44eb7c94bf0,09e596d9447d00e7,182d10921aa53e3a,SocialIQa,social_cs,Mixed,Mixed,B,C,"Based on the story provided, the most likely feeling others would have is:

[[C]]

This choice reflects a caring attitude towards the children, which aligns with Cameron taking them to school when the bus was missed.",0,,True,rationale_cot_3shot,,0
5a0fdd142f52b053,1e1a58be5f24e9c3,b281c5c17a40987a,SocialIQa,social_cs,Mixed,Mixed,A,B,[[B]],0,,True,rationale_cot_3shot,,0
f73669564a4ed5a0,3b63a2486f4d8872,8dcf4f36e7621390,SocialIQa,social_cs,Mixed,Mixed,A,B,"Let's reason step by step: The phrase ""crossed the Rubicon"" metaphorically means to take a decisive step or commit oneself to a course of action. Given this context, Tracy might feel full of energy after making this decision. [[B]]",0,,True,rationale_cot_3shot,,0
34e6e25fec983be8,97ab9360d8c80363,c1adbf67bcb7c321,SocialIQa,social_cs,Mixed,Mixed,B,B,"Let's reason step by step: The story indicates that Robin usually gets the pizza, but it doesn't specify what she needs to do beforehand. However, based on the context, Robin needs to order the pizza. This implies she needs to call the pizza place. This points to option B. [[B]]",1,,True,rationale_cot_3shot,,0
d9384748877d703c,602f3ed17eba3701,88db4a4440dcf346,SocialIQa,social_cs,Mixed,Mixed,C,C,"Based on the story provided, Kai would be described as clumsy. [[C]]",1,,True,rationale_cot_3shot,,0
412f79865f02f20f,dfa9892536d73516,2c6a873eff2f2424,SocialIQa,social_cs,Mixed,Mixed,C,B,Let's track the information provided in the story: Jordan graduated and will teach English in schools. This implies that Jordan needs to be ready to start teaching. This points to option B. [[B]],0,,True,rationale_cot_3shot,,0
1f300bd4636f7981,a05ca7dbd25e80dc,1ef7c3cee665db40,SocialIQa,social_cs,Mixed,Mixed,C,C,"Based on the context provided, the most likely scenario is that Skylar will enjoy the time spent with Robin. [[C]]",1,,True,rationale_cot_3shot,,0
a79fe181de8c850f-1,1f109aa3df3b5b67,f6cb382975fe564c,SocialIQa,social_cs,Mixed,Mixed,A,A,"Based on the story provided, Austin is blowing smoke from his lips while sitting on a bench and puffing on his pipe. This implies he has a pipe, not a cigarette or a fireplace. Therefore, the correct answer is:

[[A]]",1,,True,rationale_cot_3shot,,0
508cebf2e8242b6e,712d075133997bb8,4fca12e9189028e9,SocialIQa,social_cs,Mixed,Mixed,A,A,"Let's reason step by step: I track who has access to which information in the story, then check what the relevant character would infer given only what they observed. This points to option A. [[A]]",1,,True,rationale_cot_3shot,,0
66f470f32e66b49c,1c017f37d8b9e765,2312d7ab18f6c286,SocialIQa,social_cs,Mixed,Mixed,A,A,"Based on the context provided in the story, the most likely answer is that Taylor raised their voice to be heard over an altercation. This suggests they wanted to be understood, not ignored or simply obnoxious. Therefore, the answer is A. [[A]]",1,,True,rationale_cot_3shot,,0
20a71985f088c4b1,64d08b8520f2200e,09b94fb7955f0848,SocialIQa,social_cs,Mixed,Mixed,A,A,"Based on the context provided, the most likely feeling Sydney would have is gratitude towards Kai. [[A]]",1,,True,rationale_cot_3shot,,0
67b650b2ba71e6ef,f0b8fd8f316d6a3e,e0993bc2b09726af,SocialIQa,social_cs,Mixed,Mixed,A,A,[[A]],1,,True,rationale_cot_3shot,,0
b618370348c85574,cda3e47cb2838ad8,23bccfcf554a8338,SocialIQa,social_cs,Mixed,Mixed,A,C,"Based on the story, Riley feels suspicious and has a history of being betrayed by Jesse. Therefore, the most likely feeling is being betrayed. [[C]]",0,,True,rationale_cot_3shot,,0
fef86bdba1f881ce,ffd51d6403fa1eba,7d2d422e9817c27f,SocialIQa,social_cs,Mixed,Mixed,A,A,"Let's reason step by step: Given the context that Kendall's persistence had a positive effect on Lee, the most likely action Lee will take is to acknowledge Kendall's effort. This points to option A. [[A]]",1,,True,rationale_cot_3shot,,0
3f258f6e57d6e45f,70af5dd3bcd9e78f,e828cd2f4bcff962,SocialIQa,social_cs,Mixed,Mixed,C,B,"Based on the context provided, the most likely feeling Robin would have after receiving advice from Jordan is feeling prepared. [[B]]",0,,True,rationale_cot_3shot,,0
c3aafa4057b1dafd,2d8a413b67e05219,7afc833f5a14d655,SocialIQa,social_cs,Mixed,Mixed,A,A,"Let's reason step by step: Based on the story, Remy prevented the enemies from engaging with her troops, which implies a protective action. This points to option A. [[A]]",1,,True,rationale_cot_3shot,,0
fe5e4724072584d6,b0c2fac7ec187baa,216e7e62c91ae3a8,SocialIQa,social_cs,Mixed,Mixed,C,C,"Let's reason step by step: I track who has access to which information in the story, then check what the relevant character would infer given only what they observed. This points to option C. [[C]]",1,,True,rationale_cot_3shot,,0
d7b2719d47e738d3,1e30904b3d2b50ac,b496b810b72af7f2,SocialIQa,social_cs,Mixed,Mixed,B,C,"Based on the story provided, the most logical action Jordan needs to take before taking the girl to the shoe store is to be kind. Therefore, the answer is:

[[C]]",0,,True,rationale_cot_3shot,,0
5cf69a3e1110f573,bcf60dcc92aecd6b,44ab6028178efbb4,SocialIQa,social_cs,Mixed,Mixed,B,B,"Let's reason step by step: I track who has access to which information in the story, then check what the relevant character would infer given only what they observed. This points to option B. [[B]]",1,,True,rationale_cot_3shot,,0
2a5bdee8a48e4885,4ee53293aad627a7,0c8ef3f5caf9a171,SocialIQa,social_cs,Mixed,Mixed,A,A,Let's reason step by step: The context provided does not indicate that Remy needed to do anything before answering correctly. This points to option A. [[A]],1,,True,rationale_cot_3shot,,0
1ef05174a572f61c,27fac9aec4d78fa5,ce27292909827b5a,SocialIQa,social_cs,Mixed,Mixed,B,B,"Based on the story provided, the most likely action Skylar took is making hot chocolate for her kids. Therefore, the answer is:

[[B]]",1,,True,rationale_cot_3shot,,0
66aeef87989f9d7d,453afd59c269292b,68efda1c21a13632,SocialIQa,social_cs,Mixed,Mixed,A,B,"Based on the story, Skylar pulled a wool over their eyes and face, which suggests they were trying to stay warm. Therefore, the most likely description is:

[[B]]",0,,True,rationale_cot_3shot,,0
2d40d6adb9a3116a,31b69327d1582d46,c8abf5a2f12c13b1,SocialIQa,social_cs,Mixed,Mixed,C,C,[[C]],1,,True,rationale_cot_3shot,,0
34326042ff53cfe7,d7bd2448f7c2e459,81f7ebf157f23285,SocialIQa,social_cs,Mixed,Mixed,B,B,"Based on the story, Quinn called out sick on Monday but went to work the next day, which suggests Quinn is responsible. [[B]]",1,,True,rationale_cot_3shot,,0
2e43c47cb3d752ff,dcaf61fba44d4283,8a6d2d6ac67f55be,SocialIQa,social_cs,Mixed,Mixed,B,A,"Based on the story provided, the most logical inference is that Casey needed to be in a position where they could tell Jesse that they love them. This means Casey needed to approach Jesse. Therefore, the correct answer is:

[[A]]",0,,True,rationale_cot_3shot,,0
438d294d765f7d0b,2f3a65526f1a8384,7599ab5204edc4fe,SocialIQa,social_cs,Mixed,Mixed,B,A,"Based on the story provided, the most logical inference is that Bailey saved money to retire earlier than average. This implies a financial goal rather than spending habits or responsibility. Therefore, the answer is:

[[A]]",0,,True,rationale_cot_3shot,,0
7d73f53743bdb768,8b4eef440c94a6af,4c410202b6fbbf4c,SocialIQa,social_cs,Mixed,Mixed,C,C,"Based on the story, Quinn violated the dress code despite being warned, which suggests a defiant attitude. Therefore, the most fitting description is:

[[C]]",1,,True,rationale_cot_3shot,,0
aab55ed8f21891ac,c60b171126558033,821a7e91e4c84c9f,SocialIQa,social_cs,Mixed,Mixed,A,C,"Based on the story provided, Lee tried to remain calm when nobody answered the phone call, which implies Lee needed to make an attempt to reach out. This suggests the most logical action before trying to reach out would be to call again. Therefore, the answer is [[C]].",0,,True,rationale_cot_3shot,,0
1ef05174a572f61c-1,27fac9aec4d78fa5,ce27292909827b5a,SocialIQa,social_cs,Mixed,Mixed,B,B,"Based on the story provided, the most likely action Skylar took is making hot chocolate for her kids. Therefore, the answer is:

[[B]]",1,,True,rationale_cot_3shot,,0
1994fc94cf3fce31,60c308c4bb04e8a5,b29d74ee0e02c2d9,SocialIQa,social_cs,Mixed,Mixed,C,C,"Based on the context provided, Jesse closely considered the signs after the lightning strikes, which might indicate a superstitious mindset. [[C]]",1,,True,rationale_cot_3shot,,0
e3f7b347834b8a73,31f1809159eaac4e,a2e3639532cbbae4,SocialIQa,social_cs,Mixed,Mixed,B,B,"Based on the context provided, Tracy managed to do everything at work, which suggests she would feel satisfied. [[B]]",1,,True,rationale_cot_3shot,,0
8c4b5a857ed72421,73e1ad69bef97d6f,06609b9a114cfe16,SocialIQa,social_cs,Mixed,Mixed,A,A,"Let's reason step by step: The story doesn't provide any context or actions for Carson to take. However, based on typical human behavior, the most likely inference is that Carson might want to interact with others. This points to option A. [[A]]",1,,True,rationale_cot_3shot,,0
e425dcb6dff69f23,24021ce410dfac1e,a1f876c14e52719d,SocialIQa,social_cs,Mixed,Mixed,A,A,"Based on the story provided, the most likely description of Kai is that they know what's in the mail. Therefore, the answer is A. [[A]]",1,,True,rationale_cot_3shot,,0
aa029a5d5945ee79,01caf08ec3d995f4,da67d69d2a9c2377,SocialIQa,social_cs,Mixed,Mixed,C,B,"Based on the story provided, the most likely description of Remy is:

[[B]]

However, it's important to note that the context of the story doesn't provide enough information to definitively choose between the given options. But based on the positive action described (giving you an account), ""feeling loved"" seems the most fitting. [[B]]",0,,True,rationale_cot_3shot,,0
25163b4603797a55,8edc2b375e95773f,7edb143f4d94b9c3,SocialIQa,social_cs,Mixed,Mixed,B,B,"Let's reason step by step: I track who has access to which information in the story, then check what the relevant character would infer given only what they observed. This points to option B. [[B]]",1,,True,rationale_cot_3shot,,0
2190b9fd83ab0519,7c74d1ae875b8eca,c848e3c6690adb40,SocialIQa,social_cs,Mixed,Mixed,B,B,"Based on the story provided, the most logical inference is that Bailey might want to address the excess calcium in her system. Therefore, the answer is:

[[B]]",1,,True,rationale_cot_3shot,,0
61219f07fb01f5c2,242ca924b318c8b4,45117e4a193f4d29,SocialIQa,social_cs,Mixed,Mixed,B,A,"Let's reason step by step: Aubrey and her friends stayed up all night, so they are likely tired and might go to sleep first. This points to option A. [[A]]",0,,True,rationale_cot_3shot,,0
d050aab119d3f7eb,201944c75f6967ff,77c6da8f6e333af7,SocialIQa,social_cs,Mixed,Mixed,B,B,"Let's reason step by step: Given that Remy trusts the bank with his money, others might feel differently based on Remy's trust. This points to option B. [[B]]",1,,True,rationale_cot_3shot,,0
18be7d2862ccb355,eb27e2738fa7a16c,faa68e97142f44ce,SocialIQa,social_cs,Mixed,Mixed,B,B,"Let's reason step by step: If Skylar put her daughter's mind at ease after claiming to see a creature, the daughter would likely feel more brave. This points to option B. [[B]]",1,,True,rationale_cot_3shot,,0
39a7e84c650bec82,722ac848a7b537c2,6389571fb5965e29,SocialIQa,social_cs,Mixed,Mixed,A,B,"Based on the story provided, there is no information to suggest whether Taylor is forgetful, thoughtful, or trustworthy. Therefore, the most appropriate answer from the given options is:

[[B]]",0,,True,rationale_cot_3shot,,0
abaf181fe83841da,c23c43ae06624609,364e2621d5aa77cd,SocialIQa,social_cs,Mixed,Mixed,B,B,"Based on the context provided, Addison threw a pie at someone because they were mad at a character. After doing something impulsive like that, Addison would likely feel remorse for their actions. [[B]]",1,,True,rationale_cot_3shot,,0
301eebcd4a4f8f95,99b7b92ad8354e09,e31579e22d81505f,SocialIQa,social_cs,Mixed,Mixed,A,A,[[A]],1,,True,rationale_cot_3shot,,0
7d606cef32670999,f91755ad2a65d438,9179dfb6c22bd765,SocialIQa,social_cs,Mixed,Mixed,C,A,"Based on the context provided, the most likely answer is that Cameron would feel tired after spending the night playing a new video game. 

The answer is: [[A]]",0,,True,rationale_cot_3shot,,0
4bd94395fcb7de22,a00eac0c2954956d,33d22dd60ff9995e,SocialIQa,social_cs,Mixed,Mixed,C,B,"Let's reason step by step: Given that it is late at night and Remy got very dark, the logical action would be to turn on the light. This points to option B. [[B]]",0,,True,rationale_cot_3shot,,0
82bd23415f9a1ae6,1abc015b54ba4ab1,2fc47dacf44af5ea,SocialIQa,social_cs,Mixed,Mixed,A,A,"Based on the given story, Aubrey pulled someone over for speeding, which suggests a focus on traffic laws rather than personal annoyance or fear. Therefore, the most likely description is:

[[A]]",1,,True,rationale_cot_3shot,,0
597f9f5796aeae93,bbb281252e0b3276,4a9593293f96df30,SocialIQa,social_cs,Mixed,Mixed,B,B,"Let's reason step by step: I track who has access to which information in the story, then check what the relevant character would infer given only what they observed. This points to option B. [[B]]",1,,True,rationale_cot_3shot,,0
8841b5b8a9a0743e,1c2c7774e44305b8,ed0d9ca66c3b1b75,SocialIQa,social_cs,Mixed,Mixed,A,B,"Based on the story, Austin wrapped a belt around the pants to improve the fit. Therefore, before this, Austin needed to take off the pants to work on the fit. [[B]]",0,,True,rationale_cot_3shot,,0
d9d97a10eb588ba3,f75a589bd6c91113,07be894db3c836f8,SocialIQa,social_cs,Mixed,Mixed,B,B,"Based on the story provided, the most logical inference is that Casey wants to save money for future needs. This aligns with option B. [[B]]",1,,True,rationale_cot_3shot,,0
e51fd0c1caa993f7,dc9a4fc24c11718c,7f6f485e857c7484,SocialIQa,social_cs,Mixed,Mixed,B,B,"Based on the story provided, Lee left a mess upon Ash, which indicates that Lee was not considerate. Therefore, the most appropriate description for Lee from the given options is:

[[B]]",1,,True,rationale_cot_3shot,,0
f87bc7715132105f,b3d39e3202fbdf74,1b915a81e6d80071,SocialIQa,social_cs,Mixed,Mixed,A,A,[[A]],1,,True,rationale_cot_3shot,,0
6a5d092338167a7d,d64b2808ab2dabb1,3dc36f3adc5d8c66,SocialIQa,social_cs,Mixed,Mixed,A,A,"Let's track the information provided in the story: Taylor studied to be a teacher for four years. Given this context, the most logical previous step would be getting a teaching certificate. This leads to option A. [[A]]",1,,True,rationale_cot_3shot,,0
9308dcba69328f11,58ec6fe1ae08fbc8,8745b491401b5da4,SocialIQa,social_cs,Mixed,Mixed,C,C,"Let's reason step by step: I track who has access to which information in the story, then check what the relevant character would infer given only what they observed. This points to option C. [[C]]",1,,True,rationale_cot_3shot,,0
ef2414383c1a929b,0246a101e51f7a17,a16de1c3c0f83f8f,SocialIQa,social_cs,Mixed,Mixed,B,B,"Based on the story, Jordan has a hard time empathizing with others, which suggests he might be isolated from social empathy. This points to option B. [[B]]",1,,True,rationale_cot_3shot,,0
6e738133fab82392,d750854eedb8b82f,6b33b77da982725d,SocialIQa,social_cs,Mixed,Mixed,C,C,[[C]],1,,True,rationale_cot_3shot,,0
58d8fb872be09cb0,7ef5069489f065bd,6b9aa2fd744cfb67,SocialIQa,social_cs,Mixed,Mixed,C,B,"Based on the context provided, the most logical inference is that Kendall will want to accept the breakup. [[B]]",0,,True,rationale_cot_3shot,,0
0044c553f506c2bd,859feeafe4ec778a,bfa1dda54e4e2cbb,SocialIQa,social_cs,Mixed,Mixed,B,B,Let's reason step by step: The story indicates that Aubrey has always been there for Alex and fulfilled Alex's needs. This implies that Aubrey must have taken care of Alex in some capacity before. This points to option B. [[B]],1,,True,rationale_cot_3shot,,0
9009b5d894a56c00-1,7d99df5555fae4cc,c16ece1c9aa5255e,SocialIQa,social_cs,Mixed,Mixed,B,A,"Based on the story provided, the most logical inference is that Alex brought Robin to the execution chamber, which implies the intention was not related to food. Therefore, the answer is:

[[A]]",0,,True,rationale_cot_3shot,,0
e3ab6b800f9c3759,3fc1fdc99f2029ff,05cd798d113b373a,SocialIQa,social_cs,Mixed,Mixed,C,C,"Based on the story provided, the most fitting description of Sasha would be that she was responsible for arriving early for the job interview. Therefore, the answer is:

[[C]]",1,,True,rationale_cot_3shot,,0
82902f58769461ef,706528123cf4ebd4,9f562aa02cc589c1,SocialIQa,social_cs,Mixed,Mixed,C,B,"Based on the context provided, the most logical inference is that Casey might want to resolve the issue rather than escalate it. This leads to the conclusion that Casey will likely choose option B. [[B]]",0,,True,rationale_cot_3shot,,0
3e5517a85fc2fbf2,4f610ebe793d4331,cd6891f7f9d2786b,SocialIQa,social_cs,Mixed,Mixed,B,B,"Based on the story provided, the most likely description of Kai is that they are athletic. Therefore, the answer is [[B]].",1,,True,rationale_cot_3shot,,0
d9e778afdd87712b,4e627d3ab99bbbc0,a8c60f0da4e0abe2,SocialIQa,social_cs,Mixed,Mixed,B,A,"Let's reason step by step: Given the context of Jan coming out after a long day at work with coworkers, the most likely action is social interaction. This points to option A. [[A]]",0,,True,rationale_cot_3shot,,0
7294ada29df03d0c,8114dd5d6d6bd853,2e4f6f5c4ae9331e,SocialIQa,social_cs,Mixed,Mixed,C,C,"Based on the given story and question, the most logical inference is that Lee wants to remember many things. Therefore, the answer is:

[[C]]",1,,True,rationale_cot_3shot,,0
671cfd9c86bd3ea0,d6dbcca948f9582d,760b93be8b4c61ea,SocialIQa,social_cs,Mixed,Mixed,B,B,"The story doesn't provide enough context to definitively choose between the options, but based on common behavior, the most likely answer is B. [[B]]",1,,True,rationale_cot_3shot,,0
aa900b64b4cdc336,7d9c5fa3617d1fc8,c5ac4444939fa8b1,SocialIQa,social_cs,Mixed,Mixed,B,B,"Let's reason step by step: I track who has access to which information in the story, then check what the relevant character would infer given only what they observed. This points to option B. [[B]]",1,,True,rationale_cot_3shot,,0
1113340a46284df0,70a59871629ebb3d,a80e57fb6a271783,SocialIQa,social_cs,Mixed,Mixed,C,C,"Let's track the actions and thoughts in the story: Aubrey is making important decisions, which implies that Aubrey needs to think about these decisions beforehand. This leads us to conclude that Aubrey needs to find some peace and quiet to think. Therefore, the correct answer is C. [[C]]",1,,True,rationale_cot_3shot,,0
78b2bba2b1302c2c,66fb49bb80428b39,b409d175a5ddcc14,SocialIQa,social_cs,Mixed,Mixed,C,B,"Let's reason step by step: I track who has access to which information in the story, then check what the relevant character would infer given only what they observed. This points to option B. [[B]]",0,,True,rationale_cot_3shot,,0
80f67c0e85cfed10,e72a67c36d05853b,7a53959904bc33b8,SocialIQa,social_cs,Mixed,Mixed,A,A,"Based on the story provided, the most logical inference is that Robin left the food for the cats. Therefore, the answer is:

[[A]]",1,,True,rationale_cot_3shot,,0
086bb3ed89caece8,5a5c9d9af939bdf6,3e07ef3232a273bb,SocialIQa,social_cs,Mixed,Mixed,A,A,"Based on the story provided, the most logical inference is that Bailey hired Tracy because they needed some help. Therefore, the answer is:

[[A]]",1,,True,rationale_cot_3shot,,0
471e03fce19811b2,ad8bf251dd691ec6,2a72766cfd8b4817,SocialIQa,social_cs,Mixed,Mixed,B,B,"Based on the context provided, the most likely feeling Carson would have after a successful interview is relief. Therefore, the answer is [[B]].",1,,True,rationale_cot_3shot,,0
3bf0239319889d04,be3549ba71608630,55f6ed1221a23bff,SocialIQa,social_cs,Mixed,Mixed,C,C,[[C]],1,,True,rationale_cot_3shot,,0
c40830b32a58e4b9-1,55bfd44d28e75b77,05d8f1abf1c6ed4a,SocialIQa,social_cs,Mixed,Mixed,B,B,"Based on the context provided, Carson would feel that it was fair for Robin to listen to themself. Therefore, the correct answer is B. [[B]]",1,,True,rationale_cot_3shot,,0
6467bb0050f133bd,7b662d2bf84f2730,a0b051884128d2e9,SocialIQa,social_cs,Mixed,Mixed,C,B,"Based on the context provided, the most logical inference is that Ash wants to ensure the book is well-received. This leads to option B. [[B]]",0,,True,rationale_cot_3shot,,0
e58ef2676f926760-1,5b076a5706170db6,e6d7545f0bede798,SocialIQa,social_cs,Mixed,Mixed,A,A,"Based on the given story, the most logical inference is that Others (presumably referring to Riley's friend) will share happiness with their friend. 

So the answer is: [[A]]",1,,True,rationale_cot_3shot,,0
206a0d2b76b85157,e5066c5b6693b06c,f4b006c8b4145530,SocialIQa,social_cs,Mixed,Mixed,B,B,[[B]],1,,True,rationale_cot_3shot,,0
cf3b0729a9fd7f5f,5a2f61aac64ad19e,3217e4e2a1b4fb70,SocialIQa,social_cs,Mixed,Mixed,A,A,"Based on the story provided, the most likely feeling Cameron would have afterwards is related to the effort and financial gain from working at the supermarket. This leads to option A. [[A]]",1,,True,rationale_cot_3shot,,0
2faf632da64c98ec,ff76844b4051d900,37b52e40a9e5c540,SocialIQa,social_cs,Mixed,Mixed,C,B,"Let's reason step by step: I track who has access to which information in the story, then check what the relevant character would infer given only what they observed. This points to option B. [[B]]",0,,True,rationale_cot_3shot,,0
8fb10b72aea78ee9,760649806f8c9650,f182c9f2974400ee,SocialIQa,social_cs,Mixed,Mixed,B,B,"Let's reason step by step: I track who has access to which information in the story, then check what the relevant character would infer given only what they observed. This points to option B. [[B]]",1,,True,rationale_cot_3shot,,0
4c24e823db3eab7e,0e046f7ef8562c56,75d8cccebd633132,SocialIQa,social_cs,Mixed,Mixed,C,A,"Let's reason step by step: The story indicates that Robing was rushing to clean the kitchen and left food out. This implies that before leaving food out, Robing had already cleaned the kitchen. Therefore, the correct answer is:

[[A]]",0,,True,rationale_cot_3shot,,0
4348470ae2237284,ec53098a0ccb05c7,43acde63eaeee9b8,SocialIQa,social_cs,Mixed,Mixed,A,A,"Let's reason step by step: Given the context, Aubrey made food for the kids, implying that preparing food is a necessary step before feeding the kids. This points to option A. [[A]]",1,,True,rationale_cot_3shot,,0
e2169152b113fba9,b5f9dd08bbc145eb,d25753f9882feb7c,SocialIQa,social_cs,Mixed,Mixed,B,B,"Based on the story provided, the most likely description of Lee is:

[[B]]",1,,True,rationale_cot_3shot,,0
098dd62f43c8cb08,b2d32f016809e7fe,17664213df7664d0,SocialIQa,social_cs,Mixed,Mixed,C,B,"Let's reason step by step: In the story, Robin puts their hand on Addison's wrist to prevent Addison from escaping. This implies that Robin has some control over Addison. However, the story doesn't provide any information about the strength comparison between Robin and Addison. Therefore, the most logical inference based on the given information is that Robin might lose grip on Addison. This points to option B. [[",0,,True,rationale_cot_3shot,,0
4a41b5d47e3d51a6,cf2e223a145a74f4,719a7ac2f1daa17e,SocialIQa,social_cs,Mixed,Mixed,B,B,"Let's reason step by step: I track who has access to which information in the story, then check what the relevant character would infer given only what they observed. This points to option B. [[B]]",1,,True,rationale_cot_3shot,,0
a93d01341731fc6f,ea2f5ea47d69e728,2631b22fe6a24f9e,SocialIQa,social_cs,Mixed,Mixed,C,C,"Based on the context provided, Jesse got an A, which typically indicates good performance and effort. Therefore, the most likely reason is that Jesse studied hard. [[C]]",1,,True,rationale_cot_3shot,,0
4fa430718fe3cc42,4002ca29adf0c425,f5b57b29a5be877c,SocialIQa,social_cs,Mixed,Mixed,B,B,[[B]],1,,True,rationale_cot_3shot,,0
93b15d4ed371b22f,72726c2f17d1b9b7,2f2947f03257c6d8,SocialIQa,social_cs,Mixed,Mixed,C,C,"Based on the story, the most appropriate description would be that Kendall is in need of cooking lessons. Therefore, the answer is [[C]].",1,,True,rationale_cot_3shot,,0
73326ee5a6f25ff5,bc88e6b3d2613b4e,efb1b56155369a3e,SocialIQa,social_cs,Mixed,Mixed,A,A,"Based on the story provided, the most likely description of Tracy is:

[[A]]",1,,True,rationale_cot_3shot,,0
07773836f8e42b84,007d8566bba98f48,c80521e2351d0b29,SocialIQa,social_cs,Mixed,Mixed,B,C,"Based on the story provided, the most logical inference is that the parents would be inspired to make their own art. This is because Jordan is described as great with his students and teaching art, which might encourage parents to pursue art activities too. [[C]]",0,,True,rationale_cot_3shot,,0
0f3b7b19e0c21489,24494f4afe3e0808,aa30420dc35d3211,SocialIQa,social_cs,Mixed,Mixed,A,A,"Let's reason step by step: I track who has access to which information in the story, then check what the relevant character would infer given only what they observed. Given the context, Sasha (presumably Ash) would likely want to enjoy the ride. This points to option A. [[A]]",1,,True,rationale_cot_3shot,,0
add9bc0486f2a83e,e87568418d3f1c3a,2a1d893dd93d5739,SocialIQa,social_cs,Mixed,Mixed,B,B,"Let's reason step by step: I track who has access to which information in the story, then check what the relevant character would infer given only what they observed. This points to option B. [[B]]",1,,True,rationale_cot_3shot,,0
da03b77e46588bb9,ecae8807b65c6615,6ba61c6d14154d0a,SocialIQa,social_cs,Mixed,Mixed,B,C,"Based on the context provided, Tracy has just received a promotion and has worked hard. The most logical next step would be to focus on her new responsibilities. [[C]]",0,,True,rationale_cot_3shot,,0
9316318b91c2e9c5,856cf90e0f10069c,d74aca14a6959fd7,SocialIQa,social_cs,Mixed,Mixed,A,A,"Let's reason step by step: In the story, Carson took his son to the eye doctor instead of attending the birthday party for the other child. This implies that the other child's birthday party might be missed. Given this context, the most likely reaction from the other child's friends and family would be upset. Therefore, the answer is A. [[A]]",1,,True,rationale_cot_3shot,,0
fa3ab51c05748d23,a9c54f80a9a302be,14e23a5b66eb0618,SocialIQa,social_cs,Mixed,Mixed,C,C,[[C]],1,,True,rationale_cot_3shot,,0
1dbee8f117fc8a98,579ba99f72da1eca,f09f14cf322cc097,SocialIQa,social_cs,Mixed,Mixed,B,B,[[B]],1,,True,rationale_cot_3shot,,0
2868e4893732172d,726eb7b0f4f97cf3,53a2e4109befedf8,SocialIQa,social_cs,Mixed,Mixed,A,A,"Let's reason step by step: Jesse is making notes in his book, which implies he needs to have something to write in. This suggests he needs a pen before making notes. This points to option A. [[A]]",1,,True,rationale_cot_3shot,,0
55c83f2b90bd8714,a884cc990a0374af,9a425ae63dfd23a4,SocialIQa,social_cs,Mixed,Mixed,A,A,"Let's reason step by step: The story mentions that Carson put food on the table, implying that the food was already prepared. Therefore, the action of buying or not buying food is irrelevant here. The correct answer should be related to cooking the food. This points to option A. [[A]]",1,,True,rationale_cot_3shot,,0
e226c28d759f5029,9879746126e3b005,d3d3d6d844a27665,SocialIQa,social_cs,Mixed,Mixed,C,C,"Based on the context provided, the most likely feeling would be that the parents are happy to have the souvenir. Therefore, the answer is [[C]].",1,,True,rationale_cot_3shot,,0
24851cf11fc0a4f6,1251db0b2731b000,b8a5f119e5c76775,SocialIQa,social_cs,Mixed,Mixed,C,C,"Let's reason step by step: I track who has access to which information in the story, then check what the relevant character would infer given only what they observed. This points to option C. [[C]]",1,,True,rationale_cot_3shot,,0
967adde00f8ebbae,ef20fd9e7250b582,bbf1aaaecdeaa6bb,SocialIQa,social_cs,Mixed,Mixed,C,C,"Based on the story provided, Robin stayed outside and played volleyball, which typically makes people tired. Therefore, the most likely answer is:

[[C]]",1,,True,rationale_cot_3shot,,0
b53c9240e55480b4,b5227d725965278d,e6246c75b7b52c4e,SocialIQa,social_cs,Mixed,Mixed,B,B,"Let's reason step by step: Jan lit a fire under her coworkers, which implies she made them work harder. However, the act of making others work hard might lead to feelings of dominance or possibly dissatisfaction. Given the context, the most fitting answer is B. [[B]]",1,,True,rationale_cot_3shot,,0
d3a43814c6263ea5,1386aebb0af71058,4c4a7b7fa395f441,SocialIQa,social_cs,Mixed,Mixed,A,C,"Let's reason step by step: Riley gets free of the guard, implying that before this, Riley must have been free. This leads to the correct answer being option C. [[C]]",0,,True,rationale_cot_3shot,,0
74122d6a5b666172,5480c3fd5c3e3756,ca253fd1d607d54e,SocialIQa,social_cs,Mixed,Mixed,C,C,"Let's reason step by step: I track who has access to which information in the story, then check what the relevant character would infer given only what they observed. This points to option C. [[C]]",1,,True,rationale_cot_3shot,,0
22fbe3d53d370e1c,0d1683f44272f139,a554ad9ed60d4525,SocialIQa,social_cs,Mixed,Mixed,B,B,"Let's reason step by step: Given the context that Tracy gave video games to a friend, it suggests a generous and positive action. This points to option B. [[B]]",1,,True,rationale_cot_3shot,,0
26b94e2686d40cf8,0daf1c13ae14a77e,fef1d96019a1acb6,SocialIQa,social_cs,Mixed,Mixed,A,C,"Let's reason step by step: I track who has access to which information in the story, then check what the relevant character would infer given only what they observed. This points to option C. [[C]]",0,,True,rationale_cot_3shot,,0
84f901a8339c68b0,2227b1e6fdda6294,16dc2a347394d693,SocialIQa,social_cs,Mixed,Mixed,B,C,"Based on the story, Addison ate more than necessary despite being full. This would likely lead to feeling uncomfortable or sick. Therefore, the most likely answer is:

[[C]]",0,,True,rationale_cot_3shot,,0
2b75b85596ac4e9e,993d9ec0ab4bd17e,95adaa7235207700,SocialIQa,social_cs,Mixed,Mixed,C,B,"Based on the story, Jesse was upset and went too far by yelling at his brother. Therefore, the most fitting description is B. remorseful. However, since A (Happy) is not applicable here, and C (upset) is already mentioned, the best answer among the given options is B. [[B]]",0,,True,rationale_cot_3shot,,0
729fe0780c49c623,55dac00439753cb4,aa12c03ea7c063ba,SocialIQa,social_cs,Mixed,Mixed,A,A,"Let's reason step by step: I track who has access to which information in the story, then check what the relevant character would infer given only what they observed. This points to option A. [[A]]",1,,True,rationale_cot_3shot,,0
676fc14760ce68bb,06d745fac4589ad1,499aaa8d62db8ca9,SocialIQa,social_cs,Mixed,Mixed,A,C,"Let's reason step down: The story doesn't provide any context for Bailey's feelings. However, based on the action of throwing the cap, it might suggest frustration or annoyance. Given the options, the most plausible answer is C. [[C]]",0,,True,rationale_cot_3shot,,0
afa2fb3b2ea6361f,8861b3683a44fbdc,164a799b002f25ea,SocialIQa,social_cs,Mixed,Mixed,C,C,"Based on the context provided, the most likely action is seeking help for her addiction. Therefore, the answer is [[C]].",1,,True,rationale_cot_3shot,,0
c21d16dd73fac98a,8053f0a529bc8562,9951879a98b9cf4b,SocialIQa,social_cs,Mixed,Mixed,A,A,"Based on the story provided, it seems Alex hired the actor to clarify the details of the play. This suggests Alex values thorough understanding and is willing to pay for guidance. Therefore, Alex appears to be someone who wants all the answers. [[A]]",1,,True,rationale_cot_3shot,,0
1dfe637b2338cbb4,1461b8355dd04b3a,4d974424e8baffcb,SocialIQa,social_cs,Mixed,Mixed,A,B,"Based on the story provided, the most likely description of Addison is:

[[B]]",0,,True,rationale_cot_3shot,,0
05e596ea9c5e2aff,e3080287309a936e,2332b6666649a810,SocialIQa,social_cs,Mixed,Mixed,A,A,"Based on the information provided, the most likely description is that Casey is aware of their physical discomfort. This leads to the answer being:

[[A]]",1,,True,rationale_cot_3shot,,0
0fd37a3530955bf1,b132a6b7aa270937,d6758f1df17bdf21,SocialIQa,social_cs,Mixed,Mixed,B,A,"Let's reason step by step: Kai helped Carson remember their tools, which indicates a kind and considerate action. This suggests Kai would feel good about helping Carson. This points to option A. [[A]]",0,,True,rationale_cot_3shot,,0
db869c332c39e5a1,87eaac1f6807dd86,897807242d625836,SocialIQa,social_cs,Mixed,Mixed,C,B,"Let's reason step by step: In the story, Jan finds new friends while running, which suggests a positive social interaction. Given this context, the most likely feeling for others would be excited about meeting new people. This points to option B. [[B]]",0,,True,rationale_cot_3shot,,0
e3921655f2f00c9c,bc23776d46acbbff,1812e3d466054174,SocialIQa,social_cs,Mixed,Mixed,C,C,"Based on the story provided, the most fitting description for Sasha would be:

[[C]]",1,,True,rationale_cot_3shot,,0
1bf5959f14a00bc5,177d5c8c0c85f05f,3c6e95e87325e50b,SocialIQa,social_cs,Mixed,Mixed,A,A,"Based on the story provided, the most logical next step for Quinn would be to separate from his wife. Therefore, the answer is:

[[A]]",1,,True,rationale_cot_3shot,,0
2af3fbdb9d04887d,1bbc8f2bc1d39fe0,1ff4d35645373b00,SocialIQa,social_cs,Mixed,Mixed,A,A,[[A]],1,,True,rationale_cot_3shot,,0
7a83be85c92e0eab,319abe6d69bf44df,f65ff72197dfeadb,SocialIQa,social_cs,Mixed,Mixed,A,A,[[A]],1,,True,rationale_cot_3shot,,0
3cc161d665265bbd,0a0bc4f1b1d0ea56,71d2dbe14771c341,SocialIQa,social_cs,Mixed,Mixed,B,B,[[B]],1,,True,rationale_cot_3shot,,0
f79297bfaad8c5d5,3dcc77fcfb042209,bed75df0c4d4caba,SocialIQa,social_cs,Mixed,Mixed,B,B,Let's reason step by step: Tracy going camping for the first time implies they need to prepare beforehand. This points to option B. [[B]],1,,True,rationale_cot_3shot,,0
f52b51ee2b35380f,c471c8f422a67d04,631a5f3c72ed9fa8,SocialIQa,social_cs,Mixed,Mixed,A,A,"Let's reason step by step: Given the context, Riley doesn't have enough money to complete the transaction. This suggests Riley will want to resolve the issue. Option A seems the most logical choice. [[A]]",1,,True,rationale_cot_3shot,,0
d79586aaa6fd7ad2,739706ab2a63da22,7d6cd52c8d157ed0,SocialIQa,social_cs,Mixed,Mixed,C,B,"Let's reason step by step: I track who has access to which information in the story, then check what the relevant character would infer given only what they observed. This points to option B. [[B]]",0,,True,rationale_cot_3shot,,0
ea29fb61c84439f5,b3a009e84ed088d2,9d9f0d25b81614db,SocialIQa,social_cs,Mixed,Mixed,C,C,"Based on the story provided, the most likely description of Taylor is:

[[C]]",1,,True,rationale_cot_3shot,,0
1cc802930a377115,fd57062d8dad82c7,6dd765fb62d013ac,SocialIQa,social_cs,Mixed,Mixed,B,B,"Let's reason step by step: Sasha is described as someone who already has a blackbelt, so when Skylar joins her with the same achievement, Sasha would feel happy for Skylar. This points to option B. [[B]]",1,,True,rationale_cot_3shot,,0
73f578f5349f0a07,a2b27fcfdea8e4fe,11ff07cff4a5d1db,SocialIQa,social_cs,Mixed,Mixed,B,B,"Let's reason step by step: The question asks what Sydney needs to do before opening a savings account. Given the context, Sydney learned about getting interest on their money. This implies Sydney must have done some research to understand the concept and benefits of a savings account. This points to option B. [[B]]",1,,True,rationale_cot_3shot,,0
f5d63ff24b18314c,9f0840ff2a2610e0,13abdc373f12adfd,SocialIQa,social_cs,Mixed,Mixed,C,C,"Let's reason step by step: Addison invited Austin to a party, which indicates a friendly gesture. This points to option C. [[C]]",1,,True,rationale_cot_3shot,,0
4b67fa99da3efec6,32213612e450db4a,be682cc1b3ed551e,SocialIQa,social_cs,Mixed,Mixed,C,B,[[B]],0,,True,rationale_cot_3shot,,0
90123e268989e50a,a762f159b563f3bc,233b512f7b6a64d3,SocialIQa,social_cs,Mixed,Mixed,C,C,"Let's reason step by step: Given that Kendall altered Lee's course of action due to a grave mistake, the most likely feeling would be related to the negative outcome of Lee's actions. This points to option C. [[C]]",1,,True,rationale_cot_3shot,,0
acf6ee9db28aea72,6f83ee6e03dd0610,242034bc46c7a679,SocialIQa,social_cs,Mixed,Mixed,A,A,Let's reason step by step: Skylar's action of finding a child alone in the airport suggests kindness. This points to option A. [[A]],1,,True,rationale_cot_3shot,,0
2ddbdc2ee08f3d10,51282a04f1701881,e349d711d63e8420,SocialIQa,social_cs,Mixed,Mixed,C,C,Let's reason step by step: Aubrey understanding Remy better after he repeated himself suggests Remy might feel the need to speak up more. This points to option C. [[C]],1,,True,rationale_cot_3shot,,0
715b1c5e6c5fe16e,3d21853026690228,7891571b2e97f0d7,SocialIQa,social_cs,Mixed,Mixed,B,B,"Let's reason step by step: I track who has access to which information in the story, then check what the relevant character would infer given only what they observed. This points to option B. [[B]]",1,,True,rationale_cot_3shot,,0
6697bea4dc042686,8ab922b1d116e70b,380c0878de4c0752,SocialIQa,social_cs,Mixed,Mixed,C,C,"Based on the context provided in the story, the most likely answer is that Aubrey set the car on fire out of revenge. Therefore, the answer is [[C]].",1,,True,rationale_cot_3shot,,0
8799a7eaee2bb6ba,664ea5f944944c3e,37fa3ab346e27b23,SocialIQa,social_cs,Mixed,Mixed,C,C,[[C]],1,,True,rationale_cot_3shot,,0
f070758e236bdc04,b8df6cb2c8a64815,b423b86dccd013d0,SocialIQa,social_cs,Mixed,Mixed,B,B,"Let's reason step by step: Given the context that Austin offered Sydney a position as sales manager but at lower pay, the most likely feeling Sydney would experience is being insulted due to the pay disparity. This points to option B. [[B]]",1,,True,rationale_cot_3shot,,0
0f685703fb004233,e816a690bfdbd1fe,b96e10a56b001cd5,SocialIQa,social_cs,Mixed,Mixed,C,B,"Let's reason step by step: I track who has access to which information in the story, then check what the relevant character would infer given only what they observed. This points to option B. [[B]]",0,,True,rationale_cot_3shot,,0
aac3596d581a85f1,e78beb1975e943a6,51c6c5af687a21fd,SocialIQa,social_cs,Mixed,Mixed,C,C,"Based on the story provided, the most likely description of Quinn is:

[[C]]

The story mentions that Quinn got two jobs and moved to a new house, which suggests that Quinn is hardworking and proactive.",1,,True,rationale_cot_3shot,,0
26d375e725741ea2,d6f557fea8f9b409,b5a84c817c87dda5,SocialIQa,social_cs,Mixed,Mixed,A,A,"Let's reason step by step: Kai grabs Carson's tools, which implies that Kai already had the tools. Therefore, the action Kai needs to do before grabbing the tools is gathering them. This points to option A. [[A]]",1,,True,rationale_cot_3shot,,0
e7a3324df5d35e3a,7ced1c9e15dc0b2d,91607be85b2ba7be,SocialIQa,social_cs,Mixed,Mixed,A,A,"Let's reason step by step: The story doesn't provide any information about Jordan's motivations or actions beforehand. However, based on common scenarios, Jordan might need to prepare the kids. This points to option A. [[A]]",1,,True,rationale_cot_3shot,,0
62bbbe32315eb554,600ca1721c208623,a5dd2cede394565f,SocialIQa,social_cs,Mixed,Mixed,B,B,"Based on the context provided, the most logical action for Cameron would be to order food after arriving at the restaurant. 

The answer is: [[B]]",1,,True,rationale_cot_3shot,,0
551b07f1909a8300,3550bb5b92df7cb8,c13830910388fc5e,SocialIQa,social_cs,Mixed,Mixed,C,A,"Let's reason step by step: From the story, we understand that Riley screamed in pain and needed help, implying they were injured or in distress. However, the story doesn't provide any context about what Riley was doing before screaming. This leads us to conclude that the most logical inference is that Riley was lying down. [[A]]",0,,True,rationale_cot_3shot,,0
4883c245cc697d92,aa040a8391042112,9abce946414935b7,SocialIQa,social_cs,Mixed,Mixed,B,B,"Based on the context provided, Tracy would be happy to see the kids play. [[B]]",1,,True,rationale_cot_3shot,,0
1783c3d7fc947145,9cd0be4a0967c025,06bfb2ff5728463f,SocialIQa,social_cs,Mixed,Mixed,A,A,"Based on the story, Jordan disobeyed his boss's request, which suggests he might be rebellious. However, the term ""rebellious"" might not fully capture the context. Given the limited information, we can infer that Jordan is [A]. [[A]]",1,,True,rationale_cot_3shot,,0
10d5bf421ca623a1,c006585d725bdb69,f690f0c9299fe75e,SocialIQa,social_cs,Mixed,Mixed,A,A,[[A]],1,,True,rationale_cot_3shot,,0
1de5ee986423ed15,0411e64c443978f6,1cca73a42cd5e3c2,SocialIQa,social_cs,Mixed,Mixed,A,A,Let's reason step by step: I track who has access forget what others might want to do based on Kendall's action. This points to option A. [[A]],1,,True,rationale_cot_3shot,,0
d47df4873bd82bce,b4637aadba1a44e9,8eaa3e870053d278,SocialIQa,social_cs,Mixed,Mixed,A,C,[[C]],0,,True,rationale_cot_3shot,,0
1a2286543ab1997b,2d941006d4d904e4,13c582c8208c3dd0,SocialIQa,social_cs,Mixed,Mixed,A,A,"Let's reason step by step: Given the context that Aubrey never told Riley the truth, the most logical action for Riley would be to seek the truth. This points to option A. [[A]]",1,,True,rationale_cot_3shot,,0
ba316c0b4818e7c4,dce99f9302781cc1,ce2da58ba736da59,SocialIQa,social_cs,Mixed,Mixed,A,B,"Let's track the information provided in the story and consider the context. Kendall grabs Jordan's hands during a scary movie, but the story doesn't provide enough information to definitively predict the outcome for Jordan. However, based on the given options, the most plausible answer is:

[[B]]

The answer is B. [[B]]",0,,True,rationale_cot_3shot,,0
284e79af7fa6e69f,dfab23d1a1448f0f,15e50b956bc5f873,SocialIQa,social_cs,Mixed,Mixed,A,C,"Let's reason step by step: Given the context of the story, Robin would likely be in a state of shock and fear. This reasoning leads to option C. [[C]]",0,,True,rationale_cot_3shot,,0
29c085ee6bcb14ea,29af4853c6ddc36e,e11f9ffbecaf52a1,SocialIQa,social_cs,Mixed,Mixed,B,A,[[A]],0,,True,rationale_cot_3shot,,0
7edf42b1d770ad08,5a0a9efd615799f0,61c02e433a85ba85,SocialIQa,social_cs,Mixed,Mixed,C,C,[[C]],1,,True,rationale_cot_3shot,,0
8eb17e99bec953c7,6cf2cd0143d44dcd,ac4ab177932aebca,SocialIQa,social_cs,Mixed,Mixed,B,A,"Based on the context provided, the most likely description is that Kendall is ashamed. [[A]]",0,,True,rationale_cot_3shot,,0
f92e4b1c34edc7df,a5142ba1e7f7bbc8,bbd8db7a4b30e98c,SocialIQa,social_cs,Mixed,Mixed,B,C,"Based on the context provided, Riley has won a long hard battle, so the feeling would be relief. The answer is [[C]].",0,,True,rationale_cot_3shot,,0
b352ba137fc66124,22b08d6fd8b7bfcd,c03072808cfa7719,SocialIQa,social_cs,Mixed,Mixed,C,C,"Let's reason step by step: In the story, Cameron is already playing with a ball, which implies that he must have found a ball first. This points to option C. [[C]]",1,,True,rationale_cot_3shot,,0
1012df29fed262c4,8980eaba6d780b3c,4196bf17c6041950,SocialIQa,social_cs,Mixed,Mixed,A,A,"Based on the context provided, Quinn would likely feel proud of his efforts. [[A]]",1,,True,rationale_cot_3shot,,0
7b2c26cf8ae8a18a,71299b4217204d2b,7329df39671dcbd1,SocialIQa,social_cs,Mixed,Mixed,A,A,[[A]],1,,True,rationale_cot_3shot,,0
eb38683e22264b48,596327b6b8c2762c,8abaa4748a2f43d1,SocialIQa,social_cs,Mixed,Mixed,A,B,"Based on the story provided, the most likely description of Robin is that she is a student. Therefore, the answer is [[B]].",0,,True,rationale_cot_3shot,,0
b2b43201221caf6b,cefac57f52ca1df4,a96fee96e927938e,SocialIQa,social_cs,Mixed,Mixed,A,A,"Based on the story, Cameron spent hours looking for Skylar's friends, indicating he was dedicated to the task. Therefore, the most likely answer is:

[[A]]",1,,True,rationale_cot_3shot,,0
8ffa6e2bec1c4d62,ecb592bc6f9ee7af,089e5142ab3733ba,SocialIQa,social_cs,Mixed,Mixed,B,A,[[A]],0,,True,rationale_cot_3shot,,0
5fe4e2a7a1fdba0b,bbf76b1a9ba5b2a8,8474036a567e4b3e,SocialIQa,social_cs,Mixed,Mixed,B,B,"Let's reason step by step: Given that Austin built a mall on the site where the ruins were found, it implies that the ruins needed to be removed first. This leads to the conclusion that the correct answer is B. [[B]]",1,,True,rationale_cot_3shot,,0
59e90299a9ac7b56,908a84afe2dee50f,4bfa1d685af40c01,SocialIQa,social_cs,Mixed,Mixed,B,C,"Let's reason step by step: Sasha had a plane to catch, indicating that the reason for leaving early was to catch the plane. This points to option C. [[C]]",0,,True,rationale_cot_3shot,,0
d382290bcc8c274c,db05a122b53a8eaf,9452e2894151cd00,SocialIQa,social_cs,Mixed,Mixed,B,A,"Based on the context provided in the story, Casey pulled the tooth to relieve the pain for their patient. Therefore, the most logical answer is:

[[A]]",0,,True,rationale_cot_3shot,,0
9209226db02fe524,a7703bc700d960a1,9547ff910ba382d9,SocialIQa,social_cs,Mixed,Mixed,A,A,"Let's reason step by step: I track who has access to which information in the story, then check what the relevant character would infer given only what they observed. This points to option A. [[A]]",1,,True,rationale_cot_3shot,,0
138d7096a49d5e3b,99cefa30f6c97e61,661d5ea2733f16d1,SocialIQa,social_cs,Mixed,Mixed,B,B,[[B]],1,,True,rationale_cot_3shot,,0
3aacbfb960bc6d2f,3e3520c3f2a5ed53,df9397600ecc1603,SocialIQa,social_cs,Mixed,Mixed,B,B,Let's reason step by step: The story doesn't provide information about packing clothes or eating habits. It only states that Robin wanted to get some exercise. This points to option B. [[B]],1,,True,rationale_cot_3shot,,0
64ef1bf48aa9c21b,fd9f71b7466760eb,319c2f8d1c279aed,SocialIQa,social_cs,Mixed,Mixed,C,B,"Let's reason step by step: In the story, Robin lets Carson explain to their parents. This implies that Robin is open to Carson explaining. This points to option B. [[B]]",0,,True,rationale_cot_3shot,,0
fd6f621d8ad2ad6b,575e3e53634c7a9f,af6f03a23fdfa638,SocialIQa,social_cs,Mixed,Mixed,C,A,"Let's reason step by step: The story indicates that Lee reached his destination but had to make sure he locked up his bike before entering. This implies that before reaching his destination, Lee needed to secure his bike. This points to option A. [[A]]",0,,True,rationale_cot_3shot,,0
d247fd8d31dae8c7,0e214fd17563ab14,6d06d2f937ead59a,SocialIQa,social_cs,Mixed,Mixed,B,B,"Let's track the sequence of events: Robin swings the car door open after arriving at the new mall. This implies Robin must have arrived at the mall first. Therefore, the correct answer is B. [[B]]",1,,True,rationale_cot_3shot,,0
7093b8f85c6cef41,3220b8a55c46193c,6bc141f84117155f,SocialIQa,social_cs,Mixed,Mixed,A,B,[[B]],0,,True,rationale_cot_3shot,,0
d1c9163721348a02,7dbf91b13ecfc30c,c0bf4b62ec28c75f,SocialIQa,social_cs,Mixed,Mixed,C,C,"Based on the context provided, Kai shared a reason for being upset (""mad"") with Kendall. Kai would likely feel sorry after sharing the reason. [[C]]",1,,True,rationale_cot_3shot,,0
b8057a210fe99233,033afb4703db06e1,6e9902c5220124b9,SocialIQa,social_cs,Mixed,Mixed,B,B,"Let's reason step by step: I track who has access to which information in the story, then check what the relevant character would infer given only what they observed. This points to option B. [[B]]",1,,True,rationale_cot_3shot,,0
28ce967456eccb94,ed902c93a10c9166,7f393f6d11a4a672,SocialIQa,social_cs,Mixed,Mixed,A,A,"Let's reason step by step: I track who has access to which information in the story, then check what the relevant character would infer given only what they observed. This points to option A. [[A]]",1,,True,rationale_cot_3shot,,0
655e82617c6d2941,c8061b9dfadd4c20,7ad906895439d0d9,SocialIQa,social_cs,Mixed,Mixed,C,B,"Based on the story provided, the most likely scenario is that Jan will be expecting a baby. Therefore, the answer is:

[[B]]

However, since ""enjoy being a mother"" (option C) is also a plausible future event for someone who is pregnant, but it's less immediate than seeing the baby being born, the best answer among the given options is:

[[A]]",0,,True,rationale_cot_3shot,,0
fa4ed6a6a2b9e8e9,6192fd49023996dc,6581e259a1bfdb6a,SocialIQa,social_cs,Mixed,Mixed,A,A,"Let's reason step by step: I track who has access to which information in the story, then check what the relevant character would infer given only what they observed. This points to option A. [[A]]",1,,True,rationale_cot_3shot,,0
c69d26f93f236688,4379e76511305901,9e90152081a8cc9d,SocialIQa,social_cs,Mixed,Mixed,C,B,"Based on the story, Addison took their advice very seriously. This suggests Addison is attentive and takes criticism well. Therefore, the most fitting description is:

[[B]]

However, since 'serious' (B) is not an option, the closest answer among the given choices is:

[[C]]",0,,True,rationale_cot_3shot,,0
2d4630f552e97a17,f560d73d8b07572c,be5f9763a6e90069,SocialIQa,social_cs,Mixed,Mixed,B,B,[[B]],1,,True,rationale_cot_3shot,,0
d0015508794bdd76,04d06935d0a4865a,cff5afdb27f21f13,SocialIQa,social_cs,Mixed,Mixed,C,C,"Based on the story provided, it seems Kai was not paying attention while swinging the bat, but the options don't directly match this scenario. However, the closest inference from the given options is:

[[C]]",1,,True,rationale_cot_3shot,,0
0f8ce32bb6debd09,ede72c8a0147ac5d,1100b3da29eee447,SocialIQa,social_cs,Mixed,Mixed,B,A,"Based on the story, Jordan is talking behind someone's back, which implies dishonesty. This suggests Jordan is described as A. sneaky and B. Two-faced. However, Jordan is not truthful. Therefore, the most fitting answer is [[A]].",0,,True,rationale_cot_3shot,,0
b8a044ab3e182620,b6f86f70cb1cf5c5,3337879e64746099,SocialIQa,social_cs,Mixed,Mixed,B,B,Let's reason step by step: Jesse made popcorn because they would have a snack for the movie. This points to option B. [[B]],1,,True,rationale_cot_3shot,,0
ccfc02da37614e1e,b5a16075fdb7c3b7,e98b249574f606ed,SocialIQa,social_cs,Mixed,Mixed,A,A,"Let's reason step by step: The story doesn't provide enough context to determine what Others (presumably students) will do. However, based on the limited information, the most logical inference is that they might learn from Taylor. This points to option A. [[A]]",1,,True,rationale_cot_3shot,,0
d981908c69835686,87ff2ed66dbf4b8c,53f5a780c273c583,SocialIQa,social_cs,Mixed,Mixed,C,B,"Let's reason step by step: Given the context that Kai sold his TV, the logical next step would be to get rid of it. This points to option B. [[B]]",0,,True,rationale_cot_3shot,,0
a45e80568d44321e,db34d4d1b86f5647,1bf15aaf994cf168,SocialIQa,social_cs,Mixed,Mixed,A,A,[[A]],1,,True,rationale_cot_3shot,,0
843fd91de240b709,521f6aa64c539d39,3fc07ddd7b41377d,SocialIQa,social_cs,Mixed,Mixed,C,C,"Based on the context provided, Casey planned the surprise party successfully, which suggests he took initiative and stepped up to the plate. Therefore, the most likely answer is:

[[C]]",1,,True,rationale_cot_3shot,,0
9a46176a1a98461e,39b18a5c5023bed4,0b07b43c0f08f68e,SocialIQa,social_cs,Mixed,Mixed,B,B,[[B]],1,,True,rationale_cot_3shot,,0
0065b2d2ad4ac38e,26ef280e5a5d2e02,19beb86cd15f6c2e,SocialIQa,social_cs,Mixed,Mixed,C,B,"Let's reason step by step: Based on the story, Austin eats steak whenever he is treated by a friend at a restaurant. This suggests he treats his friend in return. This points to option B. [[B]]",0,,True,rationale_cot_3shot,,0
de58941acc7e7135,3b25cf93631a773f,63db9490aa532246,SocialIQa,social_cs,Mixed,Mixed,A,C,"Let's reason step by step: I track who has access to which information in the story, then check what the relevant character would infer given only what they observed. However, the story doesn't provide enough context about Sydney's perspective or reaction. Given the lack of information, we cannot definitively determine Sydney's action. But based on typical human behavior, the most plausible answer would be C. [[",0,,True,rationale_cot_3shot,,0
f4199452f3b9107d,c63b083fef552cac,7adbcd504900f14c,SocialIQa,social_cs,Mixed,Mixed,A,A,"Based on the context provided, Riley feels confident about the topic. Therefore, the most logical action for her would be to stop studying. The answer is [[A]].",1,,True,rationale_cot_3shot,,0
9d0f8c62eca76ced,8650f589c05194f6,fa369f0af64e504a,SocialIQa,social_cs,Mixed,Mixed,C,C,"Based on the story provided, the most likely action for Alex would be to continue worshipping Jesus as they have been doing. This leads to the answer being:

[[C]]",1,,True,rationale_cot_3shot,,0
7d071d027eab6f5f,ce46d8695af88249,e2202bae8a154ed7,SocialIQa,social_cs,Mixed,Mixed,B,B,"Based on the context provided, the most logical action for Aubrey would be to consider the options presented. Therefore, the answer is:

[[B]]",1,,True,rationale_cot_3shot,,0
97453c45b11b1dac,93e39a8f8b5a8006,2f9b43c3b2aeafa2,SocialIQa,social_cs,Mixed,Mixed,B,B,"Let's track the information provided in the story and the context of the question. The story states that Tracy has a gift for fixing up places and bought an old house. Given this context, the most logical feeling Tracy would have afterwards is feeling proud of achieving a goal. 

The correct answer is: [[B]]",1,,True,rationale_cot_3shot,,0
1b79ab7d6609a230,f32bb582f06462a9,b63b3843b686de0c,SocialIQa,social_cs,Mixed,Mixed,C,B,"Let's reason step by step: Austin blew the smoke away, indicating he was uncomfortable with the situation. This suggests he would feel negatively about it. This points to option B. [[B]]",0,,True,rationale_cot_3shot,,0
12c636679ea08497,c0633a62bafc30e7,9212b75e3a6a4282,SocialIQa,social_cs,Mixed,Mixed,C,B,"Based on the story provided, the logical action Remy needs to take before emailing their entire office is to be in their office and write an email. This leads to the answer being [[B]].",0,,True,rationale_cot_3shot,,0
83206582afc64daf,974c227c3a40310c,dac71b48fd20dc5c,SocialIQa,social_cs,Mixed,Mixed,B,B,"Let's reason step by step: Addison's behavior suggests he treats everyone with respect and care based on their actions, which would likely make others feel loved. This points to option B. [[B]]",1,,True,rationale_cot_3shot,,0
f1a4d4c4212117b1,4a93836ac6aadd2b,b65da2ef5cd55a67,SocialIQa,social_cs,Mixed,Mixed,C,C,[[C]],1,,True,rationale_cot_3shot,,0
43f5fa0aa47d4c40,6396ea92f08ec209,839eed7a929f63a3,SocialIQa,social_cs,Mixed,Mixed,B,C,Let's reason step by step: Sasha protected patients' rights but the story doesn't provide information about what patients will want to do next. This points to option C. [[C]],0,,True,rationale_cot_3shot,,0
836e7dd084831cec,38d99ef9f2a72b6a,bf174756b9612f59,SocialIQa,social_cs,Mixed,Mixed,B,B,Let's track the perspective and feelings of others based on the story. This leads us to option B. [[B]],1,,True,rationale_cot_3shot,,0
13d86ade74358804,a8eea4ce7bf1fda8,e9b7ac213930073d,SocialIQa,social_cs,Mixed,Mixed,C,B,"Let's track the actions and information provided in the story. The story states that Alex bought a new watch for a friend who loved it. This implies that Alex must have had a conversation with the friend beforehand to understand their preference. Therefore, the correct answer is B. [[B]]",0,,True,rationale_cot_3shot,,0
4719ac9af99f03c9,f999ad25016df60e,c863206c4acb46be,SocialIQa,social_cs,Mixed,Mixed,C,B,[[B]],0,,True,rationale_cot_3shot,,0
4c9f1ff13519566a,aed9407365a8b658,8fe39b5a14313f50,SocialIQa,social_cs,Mixed,Mixed,B,B,"Based on the story provided, the most likely description for Remy is frustrated. Therefore, the answer is [[B]].",1,,True,rationale_cot_3shot,,0
a8d353452b79647a,cc7c27949fd62e89,38a0f123761a6cc7,SocialIQa,social_cs,Mixed,Mixed,B,B,"Let's reason step by step: Cameron picked Robin up from the airport, which indicates a helpful gesture. This points to option B. [[B]]",1,,True,rationale_cot_3shot,,0
5ec20e4d69a97878,364abf34edf0df6c,69663c78bc840e19,SocialIQa,social_cs,Mixed,Mixed,A,C,"Let's reason step by step: Given the context of Bailey holding Aubrey's breath until she stops breathing, it implies an extreme and potentially illegal action. The most logical immediate reaction for Bailey would be to seek help or call for medical assistance. However, among the given options, the most plausible answer is:

[[C]]
[[C]]",0,,True,rationale_cot_3shot,,0
0c7aa9f184bf93cb,1245baacf4fbee64,41d0737272a8d150,SocialIQa,social_cs,Mixed,Mixed,B,B,"Based on the story provided, the most logical inference is that Tracy threw a fit because they were upset about the inaccuracies in the history channel program. This leads to the conclusion that Tracy was trying to correct the mistakes. Therefore, the answer is B. [[B]]",1,,True,rationale_cot_3shot,,0
56d7d483da241b8f,0c74f38c4e557c6a,e65debd7f228efbb,SocialIQa,social_cs,Mixed,Mixed,B,B,"Let's reason step by step: I track who has access to which information in the story, then check what the relevant character would infer given only what they observed. This points to option B. [[B]]",1,,True,rationale_cot_3shot,,0
ac664933d9f2e280,652d783ea462eef0,26c42dd30ffa7754,SocialIQa,social_cs,Mixed,Mixed,B,B,"Based on the story provided, the most likely outcome is that Carson will be released from his wrongful conviction. Therefore, the answer is:

[[B]]",1,,True,rationale_cot_3shot,,0
8275253befbb34ef,b79f729c0ac4ecf3,a8bf74f32d7e35b2,SocialIQa,social_cs,Mixed,Mixed,A,A,"Let's reason step by step: Robin always gets pizza on the way home, so the logical next action would be to pick up the pizza. This points to option A. [[A]]",1,,True,rationale_cot_3shot,,0
f71b92e627c0b561,3718a78aa7d0a102,6603d8de84073e96,SocialIQa,social_cs,Mixed,Mixed,A,C,[[C]],0,,True,rationale_cot_3shot,,0
3c14917e9452e88d,954aafe38ad1097b,4c04e4c77e8e488b,SocialIQa,social_cs,Mixed,Mixed,B,B,"Let's reason step by step: In the story, Addison ran away from the school after being bullied. Given this context, the most likely action others would take is to inform Addison's parents. This leads to option B. [[B]]",1,,True,rationale_cot_3shot,,0
9322fc075f0c51ac,3ac37a5becad1047,35adac1a2715bd20,SocialIQa,social_cs,Mixed,Mixed,B,A,Let's reason step by step: The story only mentions Robin's sweet tooth and love for sweet things but does not provide any context about actions taken beforehand. This points to option A. [[A]],0,,True,rationale_cot_3shot,,0
1b58375c702a2f7d,6aa2093302fc942f,81a38f686d14f403,SocialIQa,social_cs,Mixed,Mixed,A,B,"Let's reason step by step: The story indicates Kai decided to stay at the hotel for another week, so Kai must have made a decision. However, the decision alone doesn't require any action unless Kai wants to follow through with it. Given the context, the most logical action would be to confirm the reservation. This points to option B. [[B]]",0,,True,rationale_cot_3shot,,0
6af756bcbb69cd5e,91f20e8c1e7562a7,82cb6e12ea29e292,SocialIQa,social_cs,Mixed,Mixed,A,A,[[A]],1,,True,rationale_cot_3shot,,0
a5a31f199624ce76,f677efa8404740c6,4e4246cdf741f34c,SocialIQa,social_cs,Mixed,Mixed,B,B,"Based on the story provided, the most likely outcome is that Robin will get in trouble. [[B]]",1,,True,rationale_cot_3shot,,0
571aae47c17e017b,9b34d8616e04558b,3911c15cb6dfbc83,SocialIQa,social_cs,Mixed,Mixed,A,B,"Based on the story provided, the most logical action for others would be to try to arrest Alex to prevent him from causing more harm. Therefore, the answer is:

[[B]]",0,,True,rationale_cot_3shot,,0
825776624357e5a1,d0e4f2ad8bad53f8,e0b2fef8d6211504,SocialIQa,social_cs,Mixed,Mixed,C,C,[[C]],1,,True,rationale_cot_3shot,,0
8869c3572ee63735,085cc07d5817a879,a074bd06a7aaf90b,SocialIQa,social_cs,Mixed,Mixed,B,B,Let's track the information provided in the story and the context of the question. The story states that Robin went with Jan's friends to school to register for classes. This implies that Robin needed to gather information beforehand. This leads us to option B. [[B]],1,,True,rationale_cot_3shot,,0
73086d139ac30872,642c245192a51ca1,14fe48ff4a2c0961,SocialIQa,social_cs,Mixed,Mixed,B,B,"Based on the information provided, the most likely description is that Jordan is a forgetful person. Therefore, the answer is [[B]].",1,,True,rationale_cot_3shot,,0
48b83eec6f654874,13d6753001d5727e,c1605d9a120fb64a,SocialIQa,social_cs,Mixed,Mixed,A,A,"Based on the context provided, the most likely action for Carson would be to seek professional help. Therefore, the answer is:

[[A]]",1,,True,rationale_cot_3shot,,0
2a2b06df7a2464e4,f8ae4a0107d99099,a9223b07b9079350,SocialIQa,social_cs,Mixed,Mixed,A,C,"Based on the story provided, the most likely feeling Robin would have is scared. [[C]]",0,,True,rationale_cot_3shot,,0
add88537099718bd,2d4712bda74829b4,62c1ae15f5ee9124,SocialIQa,social_cs,Mixed,Mixed,A,A,[[A]],1,,True,rationale_cot_3shot,,0
23c852ad7b88e2db,79bfa0c4e4cd63af,9558c7d3290c9a81,SocialIQa,social_cs,Mixed,Mixed,B,B,"Let's reason step by step: Given the story, we understand that Jesse couldn't take the students on the trip because she broke her leg. This implies that before this situation, Jesse needed to inform someone (likely Tracy) that she couldn't go on the trip. This points to option B. [[B]]",1,,True,rationale_cot_3shot,,0
24b089e24134815d,a73d5de7e72275d3,9ee666f79475e26b,SocialIQa,social_cs,Mixed,Mixed,B,A,"Let's reason step by step: In the story, Riley is described as happy to socialize with others, which implies that she enjoys interacting with people. Given this context, the most likely feeling for others would be positive. This points to option A. [[A]]",0,,True,rationale_cot_3shot,,0
6aa172dfd38f642c,c619dd35d38a638f,b2a9ae40ffe4fee7,SocialIQa,social_cs,Mixed,Mixed,C,C,"Based on the story provided, the most logical inference is that Carson needs to wake up early to attend school at 5:00 am. [[C]]",1,,True,rationale_cot_3shot,,0
6bd74ceee9445eb0,224ebe4dccac952c,7788f80b279d3814,SocialIQa,social_cs,Mixed,Mixed,C,C,"Based on the story provided, Riley is looking at Jesse with hurt-filled eyes, indicating an emotional state. This suggests Riley is likely experiencing emotion C. [[C]]",1,,True,rationale_cot_3shot,,0
66fa2ebe92acecee,7d81a67288ed51a1,f507c7739e568cad,SocialIQa,social_cs,Mixed,Mixed,B,B,"Based on the context provided, the most logical inference is that Taylor increased their volume to be heard over the noise in the room. This leads to the answer being:

[[B]]",1,,True,rationale_cot_3shot,,0
0ab3a376f427a3fc,8b24af547b0a316d,04f87fe66d5b660d,SocialIQa,social_cs,Mixed,Mixed,B,A,[[A]],0,,True,rationale_cot_3shot,,0
fe288cf0141ef95f,3c8498691a05b85b,149eb5f82a7dae2d,SocialIQa,social_cs,Mixed,Mixed,A,A,"The given story does not provide enough context to definitively choose between the provided answers. However, based on common exercise practices, the most logical inference would be related to warming up. [[A]]",1,,True,rationale_cot_3shot,,0
209781e0b8737a84,9237d10f7cf231bd,618cd5ac9887a810,SocialIQa,social_cs,Mixed,Mixed,A,A,"Based on the context provided, Carson tried to fight Robin, which suggests he might feel aggressive or upset afterwards. However, the most fitting and direct feeling based on the options given is:

[[A]]",1,,True,rationale_cot_3shot,,0
e911ebc22afd6e4a,240ec77a3137f562,5cdef437ae004b83,SocialIQa,social_cs,Mixed,Mixed,B,B,"Let's reason step by step: I track who has access to which information in the story, then check what the relevant character would infer given only what they observed. This points to option B. [[B]]",1,,True,rationale_cot_3shot,,0
fd3e57091e190b31,24db7ad7cb021725,2580b344984f9ae8,SocialIQa,social_cs,Mixed,Mixed,C,C,"Based on the context provided, Riley would likely feel frustrated after receiving only a partial specification for the new project. [[C]]",1,,True,rationale_cot_3shot,,0
61a2196dfc1f1b78,af01ac5b6527ec8b,02c47f5a0ad7ccdc,SocialIQa,social_cs,Mixed,Mixed,B,B,"Let's track the logical flow based on the story: Tracy gave birth to Addison in the hospital last week, which implies that Tracy was pregnant before giving birth. This leads us to the correct answer being B. [[B]]",1,,True,rationale_cot_3shot,,0
6988fd5a5de19315,33b16e095912b032,de650b3571bc439a,SocialIQa,social_cs,Mixed,Mixed,C,A,"Let's reason step by step: I track who has access to which information in the story, then check what the relevant character would infer given only what they observed. This points to option A. [[A]]",0,,True,rationale_cot_3shot,,0
20b652b749a7413c,610e20f428ed431d,c94e54150eb697db,SocialIQa,social_cs,Mixed,Mixed,A,C,"Based on the story provided, the most likely answer is that Alex will remain indecisive. [[C]]",0,,True,rationale_cot_3shot,,0
52697cb0384e509e,319e557fed9d48d4,5deaf3de1fa5d5a0,SocialIQa,social_cs,Mixed,Mixed,B,C,"Let's reason step by step: The question asks about what the friends will want to do next, but the story doesn't provide any information about the friends' desires or actions. This points to option C. [[C]]",0,,True,rationale_cot_3shot,,0
ad426b72a2d57de3,2e86bec0a29abd83,89abc46cba69d132,SocialIQa,social_cs,Mixed,Mixed,B,B,"Based on the story, Tracy gave something to their friend, indicating generosity. Therefore, the most likely description of Tracy is B. [[B]]",1,,True,rationale_cot_3shot,,0
b7a3336cc669647d,cb69f2d019d01757,8d6634a47b9480da,SocialIQa,social_cs,Mixed,Mixed,C,C,"Based on the story provided, Sasha graduated at the top of her class and got a great job, indicating she is competent. This leads to the most fitting answer being:

[[C]]",1,,True,rationale_cot_3shot,,0
210e02f647bab058,0d19def2e73bcaa0,eea05505bc50f03c,SocialIQa,social_cs,Mixed,Mixed,A,A,"Let's reason step by step: The story indicates that Jan left because they had work in the morning, implying she wanted to ensure she gets enough sleep. This points to option A. [[A]]",1,,True,rationale_cot_3shot,,0
f83c3c28cfd72c98,fd936de03b8c28cd,dcba7d2a76657aa1,SocialIQa,social_cs,Mixed,Mixed,C,B,"Let's reason step by step: I track who has access to which information in the story, then check what the relevant character would infer given only what they observed. This points to option B. [[B]]",0,,True,rationale_cot_3shot,,0
d62ed215c5752559,8f4edf981f78fc2b,7173eec1f04e2fa5,SocialIQa,social_cs,Mixed,Mixed,A,A,"Based on the story provided, the most logical inference is that Kendall altered Lee's course to guide him. Therefore, the answer is:

[[A]]",1,,True,rationale_cot_3shot,,0
50be2488d70cd1b7,fa88ccd593f6999d,9a7002b6dd2a3386,SocialIQa,social_cs,Mixed,Mixed,A,C,"Let's reason step by step: I track who has access to which information in the story, then check what the relevant character would infer given only what they observed. This points to option C. [[C]]",0,,True,rationale_cot_3shot,,0
0bdc9f5e80c43f47,1b8c308a966dc958,21996bd3e6ff5079,SocialIQa,social_cs,Mixed,Mixed,B,B,"Let's reason step by step: Based on the story, Robin has already learned to swim and is at the stage of wanting to improve. This points to option B. [[B]]",1,,True,rationale_cot_3shot,,0
15af5c46948e11a0,52a941e4c678ae16,da704bf4894344d7,SocialIQa,social_cs,Mixed,Mixed,B,B,"Based on the story provided, the most logical next action for Jordan would be to pack a basket. Therefore, the answer is [[B]].",1,,True,rationale_cot_3shot,,0
970b57c1832527d0,633589d80274d311,b2b7b05e7aef744d,SocialIQa,social_cs,Mixed,Mixed,A,C,"Based on the story provided, the most logical inference is that Robin thanked Jordan because of option C. [[C]]",0,,True,rationale_cot_3shot,,0
91ee838359282185,5ab77e7d1f58a8a3,74ecb365191c5107,SocialIQa,social_cs,Mixed,Mixed,B,C,"Let's reason step by step: Based on the context provided, Casey has shared their problems with the mail person. It's unlikely that Casey would want to be pushy, rude, or say goodbye immediately after sharing their problems. This suggests the most likely behavior is to be calm and open. However, since the options are limited, we should choose the least negative response. Therefore, the most likely answer is C. [[C]]",0,,True,rationale_cot_3shot,,0
ce19d0f3bf61170f,6d420041ddad71f4,de33cddba3a1b17d,SocialIQa,social_cs,Mixed,Mixed,B,B,"Based on the information provided, the most likely description of Austin is:

Let's analyze the options:
- A. hardworking: There's no direct evidence in the story that Austin is hardworking.
- B. powerful: While Austin might be powerful due to giving Sydney a job, the term ""powerful"" is too broad and not specifically supported by the context.
- C. bossy: The story doesn't provide any indication that Austin is bossy or overbearing.

Given the limited information, the most appropriate answer is:

[[B]]",1,,True,rationale_cot_3shot,,0
279cb3d2fe632341,1a9cb76316efdf74,d9f4e96d2c7a90fe,SocialIQa,social_cs,Mixed,Mixed,C,B,"Let's track the actions and context provided in the story. The story states that Remy went into town and found a place to get treats and ate some ice cream. There's no indication that Remy needed to do anything before going into town. This suggests that the action of 'going into town' might be the starting point. However, the closest logical action from the given options that could be inferred is to 'have excitement', as it implies Remy was looking forward to the trip. 

Thus, the most plausible answer is:

[[B]]",0,,True,rationale_cot_3shot,,0
a010dbc49b6e5863,6541c382206467a8,f4e87e8fd900ed6f,SocialIQa,social_cs,Mixed,Mixed,B,B,"Let's reason step by step: The story indicates Casey's decision to break up with his girlfriend, but it doesn't provide context for why he wants to do so. The question asks what Casey needs to do before deciding to break up, which implies a precursor action. However, the given answers don't align with the logical steps Casey might take. Given the options, the most plausible answer is that Casey needs to want something different, which leads to the decision to break up. This points to option B. [[B]]",1,,True,rationale_cot_3shot,,0
8521d7289039b4b6,6b18ba4fb4e70fe2,c11e49afa9cbcad5,SocialIQa,social_cs,Mixed,Mixed,A,A,"Based on the context provided, the most likely feeling others would have is that Jan is playing around and lighting a fire, which might be seen as accidental or not harmful enough to warrant anger. However, guilt could also be a possibility if Jan caused an inconvenience or if she did not inform people properly. Given the limited information, we cannot definitively say how others will feel, but we can rule out option B. Therefore, the most likely answer is A. [[A]]",1,,True,rationale_cot_3shot,,0
3e85b9e1c6beb222,6e039fec7633a7d4,1c62efd4d962bf81,SocialIQa,social_cs,Mixed,Mixed,B,A,"Let's reason step by step: The story indicates that Alex took action after thinking for a minute, suggesting a thoughtful decision-making process. This implies Alex was not just doing it for free time (option A) or simply wanting the best response (option B). Option C, ""wanted to be foolhardy,"" doesn't fit the context of thoughtful decision-making. Therefore, the most likely answer is none of the provided options. However, based on the given choices, the closest answer is A. [[A]]",0,,True,rationale_cot_3shot,,0
