item_id,prompt_hash,story_id,source,task,category,ability,answer,pred,raw,correct,n_options,marker_found,condition,seed,exemplar_seed
d1f6902156363208,7145295882726359,fd499037f71b49da,HiToM,high-order,Belief,High-Order False Beliefs (order=3),B,B,[[B]],1,5,True,rationale_cot_3shot,,2
69e458701be4fdcb,4e6272446a2619c3,7c734c23c5b12fcc,HiToM,high-order,Belief,High-Order False Beliefs (order=0),B,C,[[C]],0,5,True,rationale_cot_3shot,,2
89e88a2eaba5dfec,6ca7ee3b1bf77868,272712d216b8e40b,HiToM,high-order,Belief,High-Order False Beliefs (order=2),D,D,[[D]],1,5,True,rationale_cot_3shot,,2
459f7ba5d88805e5,caebbb9f7ad4724f,fb87c094c6022450,HiToM,high-order,Belief,High-Order False Beliefs (order=0),B,B,[[B]],1,5,True,rationale_cot_3shot,,2
d6a39b565d441308,a33c1d92f59b61e2,c2bb5ef1e69e3384,HiToM,high-order,Belief,High-Order False Beliefs (order=3),D,B,[[B]],0,5,True,rationale_cot_3shot,,2
06cd656412298ad6,0d116555fe753eef,f63db42624a734d6,HiToM,high-order,Belief,High-Order False Beliefs (order=1),D,D,[[D]],1,5,True,rationale_cot_3shot,,2
7674b6a776efb6e7,18b1da64f6d97c6c,8a734cc77628dc60,HiToM,high-order,Belief,High-Order False Beliefs (order=2),A,A,"Based on the story provided, Owen did not move the watermelon and was not present when it was moved. Therefore, Owen would assume the watermelon is still in its original location, which according to the sequence, was the blue_container. The correct answer is:

[[A]]",1,5,True,rationale_cot_3shot,,2
30b5ac7b921422f0,8c44dd2602c3e4d6,ea06844c2b815e65,HiToM,high-order,Belief,High-Order False Beliefs (order=2),A,A,[[A]],1,5,True,rationale_cot_3shot,,2
a5003b2b786575db,34fbf20366a710b0,450eea5525d4ecfd,HiToM,high-order,Belief,High-Order False Beliefs (order=4),C,C,[[C]],1,5,True,rationale_cot_3shot,,2
a3a53b952bcd29a0,d2ac3c06d2a8a189,0005e820fca39d29,HiToM,high-order,Belief,High-Order False Beliefs (order=2),B,B,[[B]],1,5,True,rationale_cot_3shot,,2
140bfee471d5877c,f4c978bc1f539212,768c8aaf2fee2d01,HiToM,high-order,Belief,High-Order False Beliefs (order=3),E,D,[[D]],0,5,True,rationale_cot_3shot,,2
590f596e0e1a0187,626af876ba32b68d,d8a7a04324ecfdac,HiToM,high-order,Belief,High-Order False Beliefs (order=1),D,D,[[D]],1,5,True,rationale_cot_3shot,,2
e2ec1cadb21e6723,bb6c80a3573baf09,fb87c094c6022450,HiToM,high-order,Belief,High-Order False Beliefs (order=3),C,C,[[C]],1,5,True,rationale_cot_3shot,,2
f7730fe4597ac785,46425652bca023df,705826a78472707d,HiToM,high-order,Belief,High-Order False Beliefs (order=2),E,C,[[C]],0,5,True,rationale_cot_3shot,,2
d6bb0590b209aa89,7569a440f502132a,e84c23ba5e817c33,HiToM,high-order,Belief,High-Order False Beliefs (order=4),D,D,[[D]],1,5,True,rationale_cot_3shot,,2
806beb70d7f80d0b,36d2b69551dabf30,01d232b9e9be5571,HiToM,high-order,Belief,High-Order False Beliefs (order=0),D,D,"Let's track the sequence of events and the movements of the watermelon: The watermelon was first moved from the blue_bottle to the green_drawer (by Benjamin), then to the blue_container (by Charlotte). Finally, it was moved to the red_drawer (by Liam). Given these steps, the final location of the watermelon is the red_drawer. This points to option D. [[D",1,5,True,rationale_cot_3shot,,2
654386cdf86fafb2,57971ca62899e8b5,7c734c23c5b12fcc,HiToM,high-order,Belief,High-Order False Beliefs (order=2),C,C,[[C]],1,5,True,rationale_cot_3shot,,2
9f01a1581e99eafa,c0bff80551de88e0,f58e37a9aeae0383,HiToM,high-order,Belief,High-Order False Beliefs (order=2),D,C,[[C]],0,5,True,rationale_cot_3shot,,2
6a9674167e67ab54,b4d6e9e876a20c3a,c1494a2b86e5b8e1,HiToM,high-order,Belief,High-Order False Beliefs (order=4),B,C,[[C]],0,5,True,rationale_cot_3shot,,2
f7f2f742dd860fca,c89c73b9fe4d3bad,2fb65cec09d735de,HiToM,high-order,Belief,High-Order False Beliefs (order=2),E,A,"Let's track the movements of the persimmon: The persimmon was initially in the red_basket (line 2). It was then moved by Hannah to the blue_crate (line 3). Hannah then closed the box and put it back in its place (line 4). Therefore, Hannah would think that William thinks the persimmon is in the blue_crate. [[",0,5,True,rationale_cot_3shot,,2
cc53a1f94bdfcad1,5c4026934e236621,231ccaea7aba2907,HiToM,high-order,Belief,High-Order False Beliefs (order=3),C,C,"Based on the story provided, the correct answer is C. The cucumber was moved from the green crate to the red container, and then Charlotte thought Benjamin thought it was in the red container. Therefore, the answer is [[C]].",1,5,True,rationale_cot_3shot,,2
5f122e162df0f8dc,ad23397b9b1afed4,3aa33327cbeb5648,HiToM,high-order,Belief,High-Order False Beliefs (order=1),D,D,[[D]],1,5,True,rationale_cot_3shot,,2
643cd868e7b0f414,5576a298a875d803,b016d4b488e7dc12,HiToM,high-order,Belief,High-Order False Beliefs (order=4),D,D,[[D]],1,5,True,rationale_cot_3shot,,2
cb85201e986bd4f4,dcde09fd7ba49abc,dc41bc5c46ce363d,HiToM,high-order,Belief,High-Order False Beliefs (order=3),D,D,[[D]],1,5,True,rationale_cot_3shot,,2
933d81d1b23615f0,5fc1f7bd26098f76,9401c4c2e0bf810d,HiToM,high-order,Belief,High-Order False Beliefs (order=4),B,B,[[B]],1,5,True,rationale_cot_3shot,,2
72cafd23ebbbb27b,739cecc0ba1715b8,fb6e6943535ff288,HiToM,high-order,Belief,High-Order False Beliefs (order=4),B,C,[[C]],0,5,True,rationale_cot_3shot,,2
789eab05ee293533,8bc2c14758a8c469,9755a9b8ebe59fd7,HiToM,high-order,Belief,High-Order False Beliefs (order=0),D,D,"Let's track the changes in the location of the watermelon throughout the story: Initially in the green_cupboard, then moved to the red_bottle. This indicates the final location. This points to option D. [[D]]",1,5,True,rationale_cot_3shot,,2
f80ca2eadfca9cc5,3ef47e610eef7a82,fb6e6943535ff288,HiToM,high-order,Belief,High-Order False Beliefs (order=3),E,A,[[A]],0,5,True,rationale_cot_3shot,,2
da39bdaa22ce10b9,f7df18dbc7b11399,4f06e5415bb163c4,HiToM,high-order,Belief,High-Order False Beliefs (order=3),E,C,[[C]],0,5,True,rationale_cot_3shot,,2
52f1ae6b7b47d041,915e452e2afe456b,f229ac1341d02475,HiToM,high-order,Belief,High-Order False Beliefs (order=1),A,E,[[E]],0,5,True,rationale_cot_3shot,,2
9b8d288c7a2c816c,38ef1d78e5cc6f55,c8ce9a24b3acbd91,HiToM,high-order,Belief,High-Order False Beliefs (order=1),A,A,[[A]],1,5,True,rationale_cot_3shot,,2
5f8f16075fbc1134,1b943cd62476f7ef,b63ac48284062d58,HiToM,high-order,Belief,High-Order False Beliefs (order=2),B,B,[[B]],1,5,True,rationale_cot_3shot,,2
0bdbac3b155aa5dc,3aa5d73ecd8e77f6,9c91c29d4de0cb67,HiToM,high-order,Belief,High-Order False Beliefs (order=2),B,B,[[B]],1,5,True,rationale_cot_3shot,,2
bd1713fb19c687a6,9bfe391526dfc6c0,3f68efd9f9f6b0a4,HiToM,high-order,Belief,High-Order False Beliefs (order=4),A,A,[[A]],1,5,True,rationale_cot_3shot,,2
4d77836ba459c033,cdf69733758e196c,fb87c094c6022450,HiToM,high-order,Belief,High-Order False Beliefs (order=4),B,B,[[B]],1,5,True,rationale_cot_3shot,,2
6e131fa1950c0dbe,a982a51533f14e6a,e6ee6472b65fe46b,HiToM,high-order,Belief,High-Order False Beliefs (order=1),A,A,[[A]],1,5,True,rationale_cot_3shot,,2
3e04b840d3e3b2c4,018a1ebee6ad8cfd,9401c4c2e0bf810d,HiToM,high-order,Belief,High-Order False Beliefs (order=2),A,C,[[C]],0,5,True,rationale_cot_3shot,,2
3e08330d69432d57,c2b7f005a1c28844,ea06844c2b815e65,HiToM,high-order,Belief,High-Order False Beliefs (order=4),C,C,[[C]],1,5,True,rationale_cot_3shot,,2
e0b6a4ca2616e307,b566f0d053c3cb7d,0d6417eeeabd37f4,HiToM,high-order,Belief,High-Order False Beliefs (order=2),E,E,"Let's reason step by step: From the story, we know that Liam moved the tomato to the green_drawer. However, there is no information suggesting that Liam shared this information with Emma or that Emma thought about it. Therefore, the most logical inference is that Liam thinks the tomato is still in the green_drawer. This points to option E. [[E]]",1,5,True,rationale_cot_3shot,,2
39efbd6d5a4e1716,edd9efdbf42b7a36,94e59bf10010569e,HiToM,high-order,Belief,High-Order False Beliefs (order=1),C,C,"Let's reason step by step: I track who has access to which information in the story, then check what the relevant character would infer given only what they observed. This points to option C. [[C]]",1,5,True,rationale_cot_3shot,,2
40e6de94c406a28e,592540ecbb3e5ace,cbfa45fbe5f2e4d6,HiToM,high-order,Belief,High-Order False Beliefs (order=2),D,C,[[C]],0,5,True,rationale_cot_3shot,,2
0852f6aac2fd26ec,5aaecbaacdf8d9c9,779ff9fe838a4aac,HiToM,high-order,Belief,High-Order False Beliefs (order=1),B,B,[[B]],1,5,True,rationale_cot_3shot,,2
2a469404ba01f0b4,65bcffb75acbc7e4,041b0aa4f6894c82,HiToM,high-order,Belief,High-Order False Beliefs (order=0),E,E,[[E]],1,5,True,rationale_cot_3shot,,2
b59df3aab1043360,f6c6c671d5f5fd35,9d03128b85982a6a,HiToM,high-order,Belief,High-Order False Beliefs (order=2),B,B,[[B]],1,5,True,rationale_cot_3shot,,2
c3e1ace5e5839bc1,8476b8045ada8b51,47f4e2864b147f66,HiToM,high-order,Belief,High-Order False Beliefs (order=4),A,D,[[D]],0,5,True,rationale_cot_3shot,,2
a78b52e19656aede,a090dbc701c3452c,73cdb3e3c3cd01b1,HiToM,high-order,Belief,High-Order False Beliefs (order=0),B,B,[[B]],1,5,True,rationale_cot_3shot,,2
baf025630386df61,2044b4cc71c3029b,8053df50341e08e9,HiToM,high-order,Belief,High-Order False Beliefs (order=0),E,D,[[D]],0,5,True,rationale_cot_3shot,,2
c7bdce0af3fd9d28,1349e6a9f0b8b191,9497cf9d93bb1161,HiToM,high-order,Belief,High-Order False Beliefs (order=1),E,C,[[C]],0,5,True,rationale_cot_3shot,,2
2fd7445e67c68b86,91c9c69f2ca4d08b,dcdcddd5f37214fe,HiToM,high-order,Belief,High-Order False Beliefs (order=0),C,C,"Let's track the information flow: The cabbage is initially in the green_bucket (lines 2 and 14). However, it moves to the green_crate (lines 18-21 and 32). Therefore, the final location of the cabbage is the green_crate. This points to option C. [[C]]",1,5,True,rationale_cot_3shot,,2
a05749af68e70718,29ec94dd09161f6c,d7ee8ea1898602d1,HiToM,high-order,Belief,High-Order False Beliefs (order=1),D,D,[[D]],1,5,True,rationale_cot_3shot,,2
5fb50016537734c8,b634854ffcdadd1e,565f3cce1257f2d0,HiToM,high-order,Belief,High-Order False Beliefs (order=2),A,A,[[A]],1,5,True,rationale_cot_3shot,,2
02bb03f869d962dc,47ec168d0e9c88d2,2efcb28232e3d353,HiToM,high-order,Belief,High-Order False Beliefs (order=0),B,C,[[C]],0,5,True,rationale_cot_3shot,,2
d6277342c789aa28,cb7b404be99b4548,7fee1305fc730ed8,HiToM,high-order,Belief,High-Order False Beliefs (order=1),A,B,[[B]],0,5,True,rationale_cot_3shot,,2
bdb07ecd6c3ab288,f629321d9ed3126e,3aa33327cbeb5648,HiToM,high-order,Belief,High-Order False Beliefs (order=4),C,C,[[C]],1,5,True,rationale_cot_3shot,,2
22aa437ef52e2f88,3fa1d893d9d989a2,c83352670314479c,HiToM,high-order,Belief,High-Order False Beliefs (order=1),D,D,"Let's track the movements of the cherry: Avery moved the cherry to the blue_suitcase (line 7). Since this is the last known location of the cherry, and there is no indication that Avery changed his mind about where the cherry is, we can conclude that Avery thinks the cherry is in the blue_suitcase. This points to option D. [[D]]",1,5,True,rationale_cot_3shot,,2
bd37e8686d416d0c,03a131f0b73b3fe4,565f3cce1257f2d0,HiToM,high-order,Belief,High-Order False Beliefs (order=4),B,B,[[B]],1,5,True,rationale_cot_3shot,,2
ff94d786d824161a,1de136e0c64d993b,33a9f039f8e5ef6c,HiToM,high-order,Belief,High-Order False Beliefs (order=0),E,D,[[D]],0,5,True,rationale_cot_3shot,,2
3c0e9f2c879daf06,bdbe2ff9eeace162,efd5ac785e0e98e6,HiToM,high-order,Belief,High-Order False Beliefs (order=1),D,D,"Let's track the information provided in the story: The spinach is explicitly stated to be in the ""green_bucket"". This point directly leads to the correct answer. The answer is [[D]].",1,5,True,rationale_cot_3shot,,2
e72ff7fb0a5ed6ce,ce8c78d9217ef85a,f1448650324f79f7,HiToM,high-order,Belief,High-Order False Beliefs (order=1),B,B,"Let's track the information about the sweet_potato: It was initially in the green_bottle, but then it was moved to the blue_bucket by Aiden. Given this sequence, Jacob would still think the sweet_potato is in the green_bottle since he last saw it there before moving to the office. This points to option B. [[B]]",1,5,True,rationale_cot_3shot,,2
5ade6e008714e865,82a36a0d42e8a7b6,70698e2534da87fa,HiToM,high-order,Belief,High-Order False Beliefs (order=1),B,B,[[B]],1,5,True,rationale_cot_3shot,,2
48c84665e672b3a8,2afb53e6d44251b9,450eea5525d4ecfd,HiToM,high-order,Belief,High-Order False Beliefs (order=3),E,C,[[C]],0,5,True,rationale_cot_3shot,,2
4d81e7312ad6b23d,f2f4607718c05ffd,59b29b17e3eadfe8,HiToM,high-order,Belief,High-Order False Beliefs (order=4),D,C,[[C]],0,5,True,rationale_cot_3shot,,2
460c8c61ce43dfae,a8a4334342319d22,5ad3fc64474e6111,HiToM,high-order,Belief,High-Order False Beliefs (order=1),A,B,[[B]],0,5,True,rationale_cot_3shot,,2
a29a183ec7971e6a,b7ae0c59edeceea2,c62b2ffcc19429ce,HiToM,high-order,Belief,High-Order False Beliefs (order=0),E,C,"Let's track the information provided in the story: The spinach was initially in the red_bottle (step 2), but then moved to the green_envelope by Benjamin (step 9). Given this sequence, the most recent and accurate location of the spinach is the green_envelope. This points to option C. [[C]]",0,5,True,rationale_cot_3shot,,2
7e653502cd05fad3,3663a3eda12d68f2,563b79287f2b6e9a,HiToM,high-order,Belief,High-Order False Beliefs (order=1),A,C,[[C]],0,5,True,rationale_cot_3shot,,2
8b924463347a0320,c71729b91b63bd89,55584ea54a5c3558,HiToM,high-order,Belief,High-Order False Beliefs (order=1),A,A,[[A]],1,5,True,rationale_cot_3shot,,2
2438782c86389a73,bf1016dd0bbe757b,1cea02ff310916f9,HiToM,high-order,Belief,High-Order False Beliefs (order=3),C,A,[[A]],0,5,True,rationale_cot_3shot,,2
6f5451def4f7a122,d1e068f4d656b8d6,3f68efd9f9f6b0a4,HiToM,high-order,Belief,High-Order False Beliefs (order=3),B,B,[[B]],1,5,True,rationale_cot_3shot,,2
fc70416a23b40f5a,b3c718994a39773e,083a43b0431efd6e,HiToM,high-order,Belief,High-Order False Beliefs (order=4),A,B,[[B]],0,5,True,rationale_cot_3shot,,2
35a80d26af99af6b,f316923f26afddcd,7a78e9b46fa17522,HiToM,high-order,Belief,High-Order False Beliefs (order=4),B,B,[[B]],1,5,True,rationale_cot_3shot,,2
ca7d90a32da751d8,962fe40c4dd28c5f,9c91c29d4de0cb67,HiToM,high-order,Belief,High-Order False Beliefs (order=1),C,B,[[B]],0,5,True,rationale_cot_3shot,,2
c45d6d00b78717e6,24552bf73e270377,4c563d91d8a2df3b,HiToM,high-order,Belief,High-Order False Beliefs (order=0),C,C,"Let's track the sequence of events and actions: The tomato was first moved from the green_bottle to the green_box (steps 2 and 3). Then, it was moved from the green_box to the blue_container (steps 7 and 8). Since the tomato was last seen in the blue_container, the correct location is C. [[C]]",1,5,True,rationale_cot_3shot,,2
2fea3257e0146556,67107733062b6eb6,71113a34200bd6b3,HiToM,high-order,Belief,High-Order False Beliefs (order=1),B,B,"Based on the story provided, Ava moved the watermelon to the green_bottle. Therefore, Ava would think the watermelon is in the green_bottle. The correct answer is B. [[B]]",1,5,True,rationale_cot_3shot,,2
0889f97cb0aaac01,d933603c29615193,8926d6ab2616e003,HiToM,high-order,Belief,High-Order False Beliefs (order=1),A,E,"Let's track the sequence of events: Evelyn moves the sweet_potato to the green_drawer (line 10). This means Evelyn knows the sweet_potato is now in the green_drawer. Therefore, the correct answer is E. [[E]]",0,5,True,rationale_cot_3shot,,2
31d6a082a7b95eaf,84a122bea7569756,120a5f2c70c4086d,HiToM,high-order,Belief,High-Order False Beliefs (order=4),B,D,[[D]],0,5,True,rationale_cot_3shot,,2
18913fb7f0e3798a,3444e49893075741,70698e2534da87fa,HiToM,high-order,Belief,High-Order False Beliefs (order=2),B,B,[[B]],1,5,True,rationale_cot_3shot,,2
c5f67eaf0edcc47f,172f1386f8df2533,a8b3e7de7499a0a7,HiToM,high-order,Belief,High-Order False Beliefs (order=4),D,C,C [[C]],0,5,True,rationale_cot_3shot,,2
ca74bf5ab3af0869,75bb0dcb8966a592,b75a6a7be4ed409a,HiToM,high-order,Belief,High-Order False Beliefs (order=3),D,C,[[C]],0,5,True,rationale_cot_3shot,,2
d1b51fd3decc5c34,d902b672580717d7,e5d42380bce5718f,HiToM,high-order,Belief,High-Order False Beliefs (order=1),A,A,[[A]],1,5,True,rationale_cot_3shot,,2
b3505fb158cc976f,c37151ceaa24c96f,3aa33327cbeb5648,HiToM,high-order,Belief,High-Order False Beliefs (order=0),E,E,[[E]],1,5,True,rationale_cot_3shot,,2
f3263980c0207c20,f5db8a440ad26cac,bf6c56536c18452d,HiToM,high-order,Belief,High-Order False Beliefs (order=1),A,A,[[A]],1,5,True,rationale_cot_3shot,,2
88b17d4e7443e72a,349636af7b2118dc,0005e820fca39d29,HiToM,high-order,Belief,High-Order False Beliefs (order=0),E,C,[[C]],0,5,True,rationale_cot_3shot,,2
d1eaca067fb7b6b7,565b8385e2fee9d8,7d37de63aebf0058,HiToM,high-order,Belief,High-Order False Beliefs (order=1),C,C,Let's track the information provided in the story: Logan moved the green_pepper to the blue_crate. This action indicates that Logan believes the green_pepper is now in the blue_crate. This leads to the conclusion that the correct answer is C. [[C]],1,5,True,rationale_cot_3shot,,2
175d94868e67d861,ae36bafbb119bab4,8aea1f5db84b3c84,HiToM,high-order,Belief,High-Order False Beliefs (order=0),E,C,[[C]],0,5,True,rationale_cot_3shot,,2
b6bf5b5728b0b702,6ad12684f7eab90a,d818e01b546089ea,HiToM,high-order,Belief,High-Order False Beliefs (order=1),C,C,[[C]],1,5,True,rationale_cot_3shot,,2
b977f09891b10a80,ceaaab4cbdfdeb1f,ac0e62879398e112,HiToM,high-order,Belief,High-Order False Beliefs (order=0),B,B,[[B]],1,5,True,rationale_cot_3shot,,2
c8a9a5b24cff9230,0c03421cec3f51fe,705826a78472707d,HiToM,high-order,Belief,High-Order False Beliefs (order=3),B,B,[[B]],1,5,True,rationale_cot_3shot,,2
ae1e3356ca0c231d,6b3dc2c21a76cc5d,44dc96355277f91f,HiToM,high-order,Belief,High-Order False Beliefs (order=1),E,E,"Let's track the information provided in the story: Charlotte moved the pear to the red_bucket. This means Charlotte knows the pear is in the red_bucket. Given this information, the correct answer is:

[[E]]",1,5,True,rationale_cot_3shot,,2
fcfde125430f2deb,9a1c5b9001b542bb,9fd1174378051a9c,HiToM,high-order,Belief,High-Order False Beliefs (order=4),A,A,"Based on the story, we can infer that Noah thinks Liam thinks Elizabeth thinks Owen thinks the onion is in the red_crate (as this is the last known position of the onion). Therefore, the answer is [[A]].",1,5,True,rationale_cot_3shot,,2
244b34199da3a6f0,da47ca31e90698b0,0005e820fca39d29,HiToM,high-order,Belief,High-Order False Beliefs (order=3),C,C,[[C]],1,5,True,rationale_cot_3shot,,2
dd67ff1c76e47488,8121d27871178ba5,e4098d3fb59c9280,HiToM,high-order,Belief,High-Order False Beliefs (order=3),C,C,[[C]],1,5,True,rationale_cot_3shot,,2
2f96275213bde9e2,6bc9b7b15b0109ff,8a734cc77628dc60,HiToM,high-order,Belief,High-Order False Beliefs (order=0),D,D,"Let's track the sequence of events: The watermelon moves from the blue_container to the red_pantry and then back to the blue_container. Given these steps, the final location of the watermelon is the blue_container. This leads to the answer being option D. [[D]]",1,5,True,rationale_cot_3shot,,2
b0145d659dade9ec,b60a9bf9a720d2f9,4aa00b5a74337bd4,HiToM,high-order,Belief,High-Order False Beliefs (order=1),A,A,"Let's track the sequence of events involving the cucumber: Evelyn moves the cucumber from the dining room to the red envelope (line 5), then to the green treasure chest (line 11). Given this information, the most recent location of the cucumber is the green treasure chest. This points to option A. [[A]]",1,5,True,rationale_cot_3shot,,2
5f434ed9f4b81a7b,953464fdc8bb1be2,8fc72bdb81d755ba,HiToM,high-order,Belief,High-Order False Beliefs (order=3),B,B,[[B]],1,5,True,rationale_cot_3shot,,2
7f4e0f984a2b8971,87c962c6117ef07c,fe1eac4cd8d06711,HiToM,high-order,Belief,High-Order False Beliefs (order=1),E,E,"Let's track the sequence of events involving the tomato: The tomato was initially moved from the blue_container to the blue_crate by Jackson. Then, Nathan moved it back to the blue_container. Given this sequence, Jackson last saw the tomato in the blue_crate. Therefore, Jackson would think the tomato is in the blue_crate. The correct answer is E. [[E]]",1,5,True,rationale_cot_3shot,,2
048b5bf071749b6e,1b4e0640e378927e,feae001f51ad870f,HiToM,high-order,Belief,High-Order False Beliefs (order=3),D,B,"Based on the story provided, Charlotte moved the potato to the red_bottle and then exited the patio. Since Logan and Benjamin did not move the potato and stayed in the patio, they would not have any idea about where Charlotte placed the potato. Therefore, the correct answer is based on Charlotte's actions. The answer is [[B]].",0,5,True,rationale_cot_3shot,,2
91db06d031a85aba,0266d5ddddcd8211,664e618f4d52f00b,HiToM,high-order,Belief,High-Order False Beliefs (order=1),B,B,[[B]],1,5,True,rationale_cot_3shot,,2
24c2174371937821,0f884a91123e9683,b63ac48284062d58,HiToM,high-order,Belief,High-Order False Beliefs (order=1),B,B,[[B]],1,5,True,rationale_cot_3shot,,2
5ba7d8ed3b28367f,4aede376586ef27d,ea06844c2b815e65,HiToM,high-order,Belief,High-Order False Beliefs (order=0),C,C,[[C]],1,5,True,rationale_cot_3shot,,2
5deb945bb456e567,fde5dee746025e13,272712d216b8e40b,HiToM,high-order,Belief,High-Order False Beliefs (order=4),D,C,[[C]],0,5,True,rationale_cot_3shot,,2
ef86f317e0a6e1d4,f7cfaf3089862960,a175944f008c8dba,HiToM,high-order,Belief,High-Order False Beliefs (order=1),A,A,[[A]],1,5,True,rationale_cot_3shot,,2
826ce071e2ba9c33,da5388d0897e190d,e4098d3fb59c9280,HiToM,high-order,Belief,High-Order False Beliefs (order=0),C,C,[[C]],1,5,True,rationale_cot_3shot,,2
7d71269b1f226465,dd97d58288cc5386,450eea5525d4ecfd,HiToM,high-order,Belief,High-Order False Beliefs (order=2),B,B,[[B]],1,5,True,rationale_cot_3shot,,2
16b9050e098370c7,84e203ea3f5c7d6c,c0b5adbfdf88cbf3,HiToM,high-order,Belief,High-Order False Beliefs (order=2),B,C,C [[C]],0,5,True,rationale_cot_3shot,,2
a2022a667ccf3659,4ef7c0849f54a8c0,5aeecd18286f1e43,HiToM,high-order,Belief,High-Order False Beliefs (order=0),C,C,C. green_bucket [[C]],1,5,True,rationale_cot_3shot,,2
68623efb9fb4fb60,f14b31df8eb1881b,725d74f5e774999c,HiToM,high-order,Belief,High-Order False Beliefs (order=4),E,B,[[B]],0,5,True,rationale_cot_3shot,,2
66fbd8467cfff25a,0a71522f819fa664,68c6cd0b3d68f164,HiToM,high-order,Belief,High-Order False Beliefs (order=4),B,B,[[B]],1,5,True,rationale_cot_3shot,,2
f42e512a456d0199,b5a4f53f92da565c,04ae4e06d20df95a,HiToM,high-order,Belief,High-Order False Beliefs (order=4),E,C,[[C]],0,5,True,rationale_cot_3shot,,2
d5bb4015f55e6169,2960be9f42bca35f,c2bb5ef1e69e3384,HiToM,high-order,Belief,High-Order False Beliefs (order=0),B,C,C [[C]],0,5,True,rationale_cot_3shot,,2
027f235a169cd5b1,5a1e2f81f5dc8300,6bcbef17f455d6a9,HiToM,high-order,Belief,High-Order False Beliefs (order=2),D,D,[[D]],1,5,True,rationale_cot_3shot,,2
760bcb6078e507c9,5219f69cc71fdc59,0c46504cc02b0489,HiToM,high-order,Belief,High-Order False Beliefs (order=3),A,C,[[C]],0,5,True,rationale_cot_3shot,,2
c6a184ec5a42633c,59d4fd1bdb7f48f0,55584ea54a5c3558,HiToM,high-order,Belief,High-Order False Beliefs (order=2),C,C,[[C]],1,5,True,rationale_cot_3shot,,2
92b3775cb7704afb,ce601ce0fc20bbdd,705826a78472707d,HiToM,high-order,Belief,High-Order False Beliefs (order=1),A,A,[[A]],1,5,True,rationale_cot_3shot,,2
4883288b0e4e9140,3722caa2989fec0c,a3434dd9fbad401d,HiToM,high-order,Belief,High-Order False Beliefs (order=3),C,C,[[C]],1,5,True,rationale_cot_3shot,,2
fa239b4a948bfbf4,caa9e594df7f812d,76ee2a602c04de26,HiToM,high-order,Belief,High-Order False Beliefs (order=3),C,C,[[C]],1,5,True,rationale_cot_3shot,,2
13d5f1de31caf407,4a8cee89610afe5b,779ff9fe838a4aac,HiToM,high-order,Belief,High-Order False Beliefs (order=0),D,D,[[D]],1,5,True,rationale_cot_3shot,,2
23c95248ac4f2a83,8bad47371540edf3,acb6e40d7488d6f4,HiToM,high-order,Belief,High-Order False Beliefs (order=0),B,B,"Let's track the information provided in the story: The turnip was initially moved to the blue_cupboard by Owen, but later Avery moved it to the red_envelope. Given this sequence, the most recent movement of the turnip is to the red_envelope. Therefore, the correct answer is:

[[B]]",1,5,True,rationale_cot_3shot,,2
f27c7d773ff5b525,84e37aae2d3798be,44dc96355277f91f,HiToM,high-order,Belief,High-Order False Beliefs (order=0),E,B,"Let's track the information provided in the story: The pear is initially mentioned to be in the red_box (line 2). However, later, Charlotte moves the pear to the red_bucket (line 7). Given this sequence, the correct location of the pear is the red_bucket. This points to option B. [[B]]",0,5,True,rationale_cot_3shot,,2
81adfea6fd1cfe85,59fad2c38eb0dc94,f1448650324f79f7,HiToM,high-order,Belief,High-Order False Beliefs (order=2),C,C,"Let's track the information about the sweet_potato: It starts in the green_bottle (line 2), then Aiden moves it to the blue_bucket (line 9). This means the sweet_potato is now in the blue_bucket. Since Aiden moved it there, he would think Jacob thinks it is in the blue_bucket. Therefore, the correct answer is C. [[C]]",1,5,True,rationale_cot_3shot,,2
182aaf4241b7c988,368760b98796f9e9,768c8aaf2fee2d01,HiToM,high-order,Belief,High-Order False Beliefs (order=2),A,B,[[B]],0,5,True,rationale_cot_3shot,,2
d8fd3657717029ce,c4ef55599f26a782,11ccd4c010d1920f,HiToM,high-order,Belief,High-Order False Beliefs (order=2),A,A,[[A]],1,5,True,rationale_cot_3shot,,2
d5169a752e6d2259,cfa1d349b4869cac,5d25c021d5c81748,HiToM,high-order,Belief,High-Order False Beliefs (order=2),D,E,"Let's track the movements of the potato: The potato was moved by Evelyn, Chloe, Mila, and Isabella. According to the story, Chloe moved the potato to the red_basket, and Isabella moved the potato to the green_bottle. Therefore, Chloe would think that Isabella moved the potato to the green_bottle. This points to option E. [[E]]",0,5,True,rationale_cot_3shot,,2
c23124b131f8fde8,a7e7ac7147e350bc,baa532add988c5af,HiToM,high-order,Belief,High-Order False Beliefs (order=0),C,C,[[C]],1,5,True,rationale_cot_3shot,,2
b0eaf8cc2dc16737,b411082f0eafdd41,278ea6ec77e283aa,HiToM,high-order,Belief,High-Order False Beliefs (order=1),D,C,C [[C]],0,5,True,rationale_cot_3shot,,2
e9cecb2ce58c3ba2,f5e69888f4a62a37,bf6c56536c18452d,HiToM,high-order,Belief,High-Order False Beliefs (order=3),D,C,[[C]],0,5,True,rationale_cot_3shot,,2
264b15d11f15b73b,45c3568009872b6e,baa532add988c5af,HiToM,high-order,Belief,High-Order False Beliefs (order=2),E,A,[[A]],0,5,True,rationale_cot_3shot,,2
3f6fd2a2268b05d8,dbb6a4582e643976,20ee47184cbdd13f,HiToM,high-order,Belief,High-Order False Beliefs (order=2),E,C,C [[C]],0,5,True,rationale_cot_3shot,,2
1ab298f53aa4974d,4fad1396b10df1c4,ed6f4b1799d018ea,HiToM,high-order,Belief,High-Order False Beliefs (order=3),C,C,"Based on the story provided, the logical inference is that Liam did not move the corn, so he would think the same place as where he last saw it, which was the blue_treasure_chest. Therefore, the answer is [[C]].",1,5,True,rationale_cot_3shot,,2
b78c81f79506c08b,014f028261221637,bf6c56536c18452d,HiToM,high-order,Belief,High-Order False Beliefs (order=2),D,D,[[D]],1,5,True,rationale_cot_3shot,,2
53929463468a6aed,f6dca65e74653575,91b89bfaa91dc819,HiToM,high-order,Belief,High-Order False Beliefs (order=1),A,A,[[A]],1,5,True,rationale_cot_3shot,,2
72ba7487fb818688,24070bbf0ae3a23f,4aa2c7960a774ac5,HiToM,high-order,Belief,High-Order False Beliefs (order=4),A,A,[[A]],1,5,True,rationale_cot_3shot,,2
b4951802ff46f277,0aa49129d6ada9c7,1b65a96b942c3796,HiToM,high-order,Belief,High-Order False Beliefs (order=3),C,C,Let's reason step by step: We need to trace the sequence of events and the conversations to determine where Sophia thinks Benjamin thinks William thinks the turnip is. This points to option C. [[C]],1,5,True,rationale_cot_3shot,,2
9b5feb1d6ed28e38,224b7d80f267e4b5,baa532add988c5af,HiToM,high-order,Belief,High-Order False Beliefs (order=4),A,A,[[A]],1,5,True,rationale_cot_3shot,,2
9be37b59e205fff7,6705170c21fc4971,5e84c9ef5e36854e,HiToM,high-order,Belief,High-Order False Beliefs (order=4),D,D,D [[D]],1,5,True,rationale_cot_3shot,,2
e7816cdd46176897,fd4c78167dbf577e,e4098d3fb59c9280,HiToM,high-order,Belief,High-Order False Beliefs (order=4),C,C,[[C]],1,5,True,rationale_cot_3shot,,2
08f859c8ada25a5c,3b81358b0180aa61,4122aa40159d9900,HiToM,high-order,Belief,High-Order False Beliefs (order=2),A,A,[[A]],1,5,True,rationale_cot_3shot,,2
50c1f15174def32b,a678bb4f785dd71e,45bacf572038e7ad,HiToM,high-order,Belief,High-Order False Beliefs (order=0),D,B,[[B]],0,5,True,rationale_cot_3shot,,2
bb8efdf216ebe517,6fe7a735a683c576,779ff9fe838a4aac,HiToM,high-order,Belief,High-Order False Beliefs (order=4),A,D,[[D]],0,5,True,rationale_cot_3shot,,2
877c60cc55164f35,66d0a70849cd1469,120a5f2c70c4086d,HiToM,high-order,Belief,High-Order False Beliefs (order=0),C,C,[[C]],1,5,True,rationale_cot_3shot,,2
6917849c53f29611,c8a20511b9e9c770,fe4d8c16223f0e79,HiToM,high-order,Belief,High-Order False Beliefs (order=0),E,E,"Let's track the sequence of events and the final location of the eggplant: The eggplant was initially in the green_envelope (step 2). It was then moved by Noah to the green_envelope (step 12), and no other container was mentioned as the final location. This points to option E. [[E]]",1,5,True,rationale_cot_3shot,,2
2a9d30e8acba2515,02478a7d2f131b72,6f3b261e30122139,HiToM,high-order,Belief,High-Order False Beliefs (order=4),D,D,D [[D]],1,5,True,rationale_cot_3shot,,2
b5df9f43990091b5,3da2b2dbf4c2226e,be1eaeef80418c90,HiToM,high-order,Belief,High-Order False Beliefs (order=3),E,B,"Based on the story provided, Liam did not stay long enough to make any movements or stay in the hall for more than a minute. Therefore, he wouldn't have had time to form an opinion about where Jack thought the beans were. The correct answer is:

[[B]]",0,5,True,rationale_cot_3shot,,2
fbaf046f5eafe5c7,3dc3ed68127b4b3d,e6f553d574b98551,HiToM,high-order,Belief,High-Order False Beliefs (order=0),E,D,"Let's track the sequence of events involving the spinach: The spinach was initially moved from the red_container to the red_drawer by Ella. It was then moved to the green_crate by Jackson. Given the final movement recorded (Jackson moving the spinach to the green_crate), we can conclude that the spinach is now in the green_crate. This points to option D. [[D]]",0,5,True,rationale_cot_3shot,,2
317487ecefca8521,63508fa5a843e501,cf04bff1913d8614,HiToM,high-order,Belief,High-Order False Beliefs (order=0),C,A,[[A]],0,5,True,rationale_cot_3shot,,2
cce819a190b85a31,c2ea9fe0ffe61ebb,05df4908e6e84d0f,HiToM,high-order,Belief,High-Order False Beliefs (order=3),D,C,[[C]],0,5,True,rationale_cot_3shot,,2
d0f4f1680c0dd779,08a449980cb8274b,4f06e5415bb163c4,HiToM,high-order,Belief,High-Order False Beliefs (order=0),E,C,[[C]],0,5,True,rationale_cot_3shot,,2
4214d1d36a4fa858,8c00564d47be9bd2,c0b5adbfdf88cbf3,HiToM,high-order,Belief,High-Order False Beliefs (order=4),C,C,C [[C]],1,5,True,rationale_cot_3shot,,2
d84a5fd6761c34ec,951b6ca853dc4760,b14c88dfc01cceaa,HiToM,high-order,Belief,High-Order False Beliefs (order=0),E,E,[[E]],1,5,True,rationale_cot_3shot,,2
384fd0f44631136a,c82f49aabce3ff20,d254664a784101b2,HiToM,high-order,Belief,High-Order False Beliefs (order=1),C,C,[[C]],1,5,True,rationale_cot_3shot,,2
6c8ed5b6bf9d072f,c02d4d1e4e1f9cb8,f8db6d32e9401d8d,HiToM,high-order,Belief,High-Order False Beliefs (order=2),E,C,[[C]],0,5,True,rationale_cot_3shot,,2
865258393af9c1f9,87a49bcc8485ac11,8053df50341e08e9,HiToM,high-order,Belief,High-Order False Beliefs (order=3),E,B,[[B]],0,5,True,rationale_cot_3shot,,2
52e11e7efee7709b,0b1331b37566b028,a3434dd9fbad401d,HiToM,high-order,Belief,High-Order False Beliefs (order=4),D,D,[[D]],1,5,True,rationale_cot_3shot,,2
f89519023ad69fb9,6ffcdced45ec45e3,fec06a7f4a591883,HiToM,high-order,Belief,High-Order False Beliefs (order=3),D,D,[[D]],1,5,True,rationale_cot_3shot,,2
063aceb245fb6295,a29617361401601b,706529863f27499d,HiToM,high-order,Belief,High-Order False Beliefs (order=1),D,D,"Let's track the sequence of events involving Isla and the peas: Isla moves the peas from the green_treasure_chest to the blue_bucket. This means Isla knows the peas are in the blue_bucket. Therefore, the correct answer is:

[[D]]",1,5,True,rationale_cot_3shot,,2
845aba880766bf57,a68e6f4be1d3165e,71113a34200bd6b3,HiToM,high-order,Belief,High-Order False Beliefs (order=2),C,C,"Let's track the movements of the watermelon: Ava moved the watermelon to the green_bottle. Since Jacob saw Ava moving the watermelon, Jacob would think that Ava thinks the watermelon is in the green_bottle. However, among the given options, the closest match is C. [[C]]",1,5,True,rationale_cot_3shot,,2
935522822f4538fd,f8e9ff82c6ee649d,4122aa40159d9900,HiToM,high-order,Belief,High-Order False Beliefs (order=4),A,C,[[C]],0,5,True,rationale_cot_3shot,,2
ee293cf10bf12838,d8e6e8108a15a013,b14c88dfc01cceaa,HiToM,high-order,Belief,High-Order False Beliefs (order=2),E,A,[[A]],0,5,True,rationale_cot_3shot,,2
a63934392792407b,a714fef29534af97,8bd4f266764fc2b0,HiToM,high-order,Belief,High-Order False Beliefs (order=2),E,A,[[A]],0,5,True,rationale_cot_3shot,,2
976a79aa3f175098,e68b9ac59e8a5f4b,f58e37a9aeae0383,HiToM,high-order,Belief,High-Order False Beliefs (order=3),A,A,[[A]],1,5,True,rationale_cot_3shot,,2
0c62cf0f0b1c194b,2be1883c7b30c78f,9497cf9d93bb1161,HiToM,high-order,Belief,High-Order False Beliefs (order=4),B,C,[[C]],0,5,True,rationale_cot_3shot,,2
f8437fda4a2cb1e5,d9c091ea4d0f509c,8fc72bdb81d755ba,HiToM,high-order,Belief,High-Order False Beliefs (order=4),B,B,[[B]],1,5,True,rationale_cot_3shot,,2
ff2e40eed31e3c13,21539cc9e7958214,cf04bff1913d8614,HiToM,high-order,Belief,High-Order False Beliefs (order=4),A,B,[[B]],0,5,True,rationale_cot_3shot,,2
debd377d66d6a9e1,00dc96d2295fedf5,fd499037f71b49da,HiToM,high-order,Belief,High-Order False Beliefs (order=2),E,C,[[C]],0,5,True,rationale_cot_3shot,,2
4386235078d8659d,209d2c719673927f,17ecd57aeab2b36d,HiToM,high-order,Belief,High-Order False Beliefs (order=1),D,D,[[D]],1,5,True,rationale_cot_3shot,,2
3196dc383cf77cfd,ae95104054b7a19e,50056476d5575daf,HiToM,high-order,Belief,High-Order False Beliefs (order=3),E,C,[[C]],0,5,True,rationale_cot_3shot,,2
70f502c4158e333b,184cda948314d49a,ed45d07cce932a5b,HiToM,high-order,Belief,High-Order False Beliefs (order=0),A,A,"Let's track the information: Initially, the potato was in the blue_bathtub. Then, Jacob moved it to the green_cupboard. No other movements were made regarding the potato's location. Therefore, the potato is now in the green_cupboard. This points to option A. [[A]]",1,5,True,rationale_cot_3shot,,2
8bfe45dcb04a1418,434eec54420013f2,483dfca194dec44e,HiToM,high-order,Belief,High-Order False Beliefs (order=3),A,C,"Let's track the sequence of events and actions: Evelyn moves the plum to the green_bucket, and she exits the pantry. Since the question asks about what Nathan thinks William thinks, we need to consider the last known position of the plum before Evelyn moved it. This means the plum was last thought to be in the green_bucket. Therefore, the correct answer is C. [[C]]",0,5,True,rationale_cot_3shot,,2
8d17e0c8841850ee,d466c626b38000ce,d818e01b546089ea,HiToM,high-order,Belief,High-Order False Beliefs (order=3),C,C,[[C]],1,5,True,rationale_cot_3shot,,2
c3f2cdc2f32a4d4b,3f4e8e1a2e1e0ff7,fd499037f71b49da,HiToM,high-order,Belief,High-Order False Beliefs (order=4),B,B,[[B]],1,5,True,rationale_cot_3shot,,2
c4f6a64354da146d,8608cb91aa4f6fe6,a175944f008c8dba,HiToM,high-order,Belief,High-Order False Beliefs (order=2),B,C,[[C]],0,5,True,rationale_cot_3shot,,2
bd796531fdb2ff17,d460b7e996e20ef0,3df1515485e81654,HiToM,high-order,Belief,High-Order False Beliefs (order=2),D,C,"Let's track the sequence of events involving the lettuce: Avery moves the lettuce to the green_bathtub, then Charlotte moves it to the blue_pantry. Since Charlotte was the last to move the lettuce and she moved it to the blue_pantry, it implies that Avery must have thought the lettuce was in the green_bathtub. Therefore, the answer is C. [[C]]",0,5,True,rationale_cot_3shot,,2
a275d9bbcf4e5b3e,4777f8f960d9c7e0,65df4c146c118538,HiToM,high-order,Belief,High-Order False Beliefs (order=1),B,E,"Let's track the information provided in the story: Amelia moved the tangerine to the red_crate but did not leave any indication of where she thought it was. Given this, the most logical inference is that Amelia still thinks the tangerine is in the red_crate. This points to option E. [[E]]",0,5,True,rationale_cot_3shot,,2
f20854069f46c867,49e3b092869c3857,fb87c094c6022450,HiToM,high-order,Belief,High-Order False Beliefs (order=1),B,B,[[B]],1,5,True,rationale_cot_3shot,,2
90347b58e047a302,f3b8d37d76fd8b0c,6d9b09ad84eab421,HiToM,high-order,Belief,High-Order False Beliefs (order=4),A,D,[[D]],0,5,True,rationale_cot_3shot,,2
7e69a75c84d7dc73,5c0fe5aff8e679a6,9497cf9d93bb1161,HiToM,high-order,Belief,High-Order False Beliefs (order=3),C,C,[[C]],1,5,True,rationale_cot_3shot,,2
b8b5a1a1492217bc,0f0f97873476c72e,8bd4f266764fc2b0,HiToM,high-order,Belief,High-Order False Beliefs (order=1),D,D,D [[D]],1,5,True,rationale_cot_3shot,,2
ffaa323f9e5cb306,177ffe6cc6057357,9d22f82f20f526d6,HiToM,high-order,Belief,High-Order False Beliefs (order=3),E,C,[[C]],0,5,True,rationale_cot_3shot,,2
0b77f1aeb5567577,8e911b12d9062b28,a175944f008c8dba,HiToM,high-order,Belief,High-Order False Beliefs (order=3),B,C,[[C]],0,5,True,rationale_cot_3shot,,2
06dc04194d7a4575,0adb18b9e4ab8cd1,b14c88dfc01cceaa,HiToM,high-order,Belief,High-Order False Beliefs (order=1),C,C,[[C]],1,5,True,rationale_cot_3shot,,2
019b34a335f554e5,4d5c8e246ce08539,efb1214091bf3e23,HiToM,high-order,Belief,High-Order False Beliefs (order=0),C,C,C [[C]],1,5,True,rationale_cot_3shot,,2
20347adc658636e6,a38e65d0bf92e4af,d38b045f505942c2,HiToM,high-order,Belief,High-Order False Beliefs (order=3),A,E,"Let's analyze the story step by step: I track who has access to which information in the story, then check what the relevant character would infer given only what they observed. This points to option E. [[E]]",0,5,True,rationale_cot_3shot,,2
558147dd3082b0fa,00d13c8fa271eec7,cf04bff1913d8614,HiToM,high-order,Belief,High-Order False Beliefs (order=1),A,A,[[A]],1,5,True,rationale_cot_3shot,,2
d790046238073ca3,01fdce1822a07125,483dfca194dec44e,HiToM,high-order,Belief,High-Order False Beliefs (order=0),B,D,"Let's track the information provided in the story: Initially, the plum is in the red_pantry. Then, Jacob moves the plum to the green_pantry. Finally, Jacob exits the pantry. This means the last known location of the plum is the green_pantry. Therefore, the correct answer is E. green_pantry. [[D]]",0,5,True,rationale_cot_3shot,,2
4b2d6785a9f4d96d,68b6116ee8b255e4,8053df50341e08e9,HiToM,high-order,Belief,High-Order False Beliefs (order=1),E,D,[[D]],0,5,True,rationale_cot_3shot,,2
1ab76407072b12d4,866dbbabe6cbbbf9,2e34bb1cecde66d2,HiToM,high-order,Belief,High-Order False Beliefs (order=1),C,C,"Let's track the information provided in the story: Alexander was informed by Hannah that the green_pepper is in the blue_crate. This point directly answers the question. Therefore, the correct answer is C. [[C]]",1,5,True,rationale_cot_3shot,,2
aa3f0dea02dc759c,1bebfb68d2c42714,2f4be7cf5a314587,HiToM,high-order,Belief,High-Order False Beliefs (order=3),B,B,[[B]],1,5,True,rationale_cot_3shot,,2
6f58fb1b1ee405c3,c5a2111a19f03014,68c6cd0b3d68f164,HiToM,high-order,Belief,High-Order False Beliefs (order=2),C,C,[[C]],1,5,True,rationale_cot_3shot,,2
2051cc34a58baf8e,adbef882a5ef2d71,ea06844c2b815e65,HiToM,high-order,Belief,High-Order False Beliefs (order=1),B,E,[[E]],0,5,True,rationale_cot_3shot,,2
c400093aa088cf9b,05238c97896f8c14,9497cf9d93bb1161,HiToM,high-order,Belief,High-Order False Beliefs (order=0),E,D,[[D]],0,5,True,rationale_cot_3shot,,2
69af090187549942,101dc67cc85266da,7a78e9b46fa17522,HiToM,high-order,Belief,High-Order False Beliefs (order=0),A,E,[[E]],0,5,True,rationale_cot_3shot,,2
08b20bb80fc27837,11d1cb04f41c6eb5,8b5d645c389196bf,HiToM,high-order,Belief,High-Order False Beliefs (order=2),A,A,[[A]],1,5,True,rationale_cot_3shot,,2
bccfebfd322d27e2,2ae1b605c36705e3,83d211f42bd24401,HiToM,high-order,Belief,High-Order False Beliefs (order=0),C,C,C [[C]],1,5,True,rationale_cot_3shot,,2
601cf5db837170d2,db1e91f07459f978,8fc72bdb81d755ba,HiToM,high-order,Belief,High-Order False Beliefs (order=2),A,A,[[A]],1,5,True,rationale_cot_3shot,,2
33740797247784f9,813bd6a5ccaf493d,2f4be7cf5a314587,HiToM,high-order,Belief,High-Order False Beliefs (order=2),E,A,[[A]],0,5,True,rationale_cot_3shot,,2
9d78de2b07b8ab8f,c6e3fdd6461db56c,e7e5c2a076a4d6c4,HiToM,high-order,Belief,High-Order False Beliefs (order=4),B,B,[[B]],1,5,True,rationale_cot_3shot,,2
9086a66858a87efa,479baf8c468ab3ed,083a43b0431efd6e,HiToM,high-order,Belief,High-Order False Beliefs (order=3),E,C,[[C]],0,5,True,rationale_cot_3shot,,2
0b30c2b446af212e,7c9691b4b74e0742,1b65a96b942c3796,HiToM,high-order,Belief,High-Order False Beliefs (order=1),B,B,Let's track the information flow: William moves the turnip to the red_bottle (line 7) and privately tells Sophia that the turnip is in the red_bottle (line 16). This indicates that William thinks the turnip is in the red_bottle. This points to option B. [[B]],1,5,True,rationale_cot_3shot,,2
8782cf41bc2247da,97085323d5dc3562,ac0e62879398e112,HiToM,high-order,Belief,High-Order False Beliefs (order=3),A,A,[[A]],1,5,True,rationale_cot_3shot,,2
a88f9d3aedacbb0e,ef36f70366a9793f,0d21f61fa116ccd8,HiToM,high-order,Belief,High-Order False Beliefs (order=2),E,C,C [[C]],0,5,True,rationale_cot_3shot,,2
2582843eaca72a05,c59a25c636017e7f,b63ac48284062d58,HiToM,high-order,Belief,High-Order False Beliefs (order=3),E,B,[[B]],0,5,True,rationale_cot_3shot,,2
69d631ac9b29c6ab,59220e0d000191d4,2356694ad7aff450,HiToM,high-order,Belief,High-Order False Beliefs (order=4),D,C,[[C]],0,5,True,rationale_cot_3shot,,2
4b00a0b8438946ee,1cd05ead2fcf744a,f4545eed16c4296f,HiToM,high-order,Belief,High-Order False Beliefs (order=0),D,D,"Let's track the information provided in the story: The peach was initially in the red_basket (step 3). Then, Liam moved it to the blue_treasure_chest (step 6). Given this sequence, the peach is now in the blue_treasure_chest. This points to option D. [[D]]",1,5,True,rationale_cot_3shot,,2
eb3c917158cd1cbe,163aa03afd35b18e,e60d60593422d692,HiToM,high-order,Belief,High-Order False Beliefs (order=2),D,C,[[C]],0,5,True,rationale_cot_3shot,,2
c08771c226d20f79,dffa4604b2a4d49a,2d80d12af4bbccd6,HiToM,high-order,Belief,High-Order False Beliefs (order=0),C,B,[[B]],0,5,True,rationale_cot_3shot,,2
50ca479bfe2c7a0c,1fb60d1ce9dfbe62,ed45d07cce932a5b,HiToM,high-order,Belief,High-Order False Beliefs (order=2),C,C,"Let's track the information: Jacob moves the potato to the blue_cupboard and claims it's in the blue_bathtub. This means Jacob thinks the potato is in the blue_bathtub. Therefore, the correct answer is C. [[C]]",1,5,True,rationale_cot_3shot,,2
42844cdcb42ca655,e9b182db55981b74,6d9b09ad84eab421,HiToM,high-order,Belief,High-Order False Beliefs (order=0),B,B,[[B]],1,5,True,rationale_cot_3shot,,2
6a3c31513e93ab9b,bf72b7383f725813,17ecd57aeab2b36d,HiToM,high-order,Belief,High-Order False Beliefs (order=0),C,C,[[C]],1,5,True,rationale_cot_3shot,,2
34c8dd0752f0b568,420e9236280a42c8,0d352c6eaf88273a,HiToM,high-order,Belief,High-Order False Beliefs (order=2),B,B,[[B]],1,5,True,rationale_cot_3shot,,2
70e8bfc49de5da7a,25f259937dc1fd06,5e0333c54b11aa96,HiToM,high-order,Belief,High-Order False Beliefs (order=2),D,D,"Let's track the movements of the cabbage: The cabbage was moved by Amelia to the green_envelope, then by Abigail to the green_crate. Since Nathan did not move the cabbage, he would think that Abigail placed the cabbage in the green_crate. Therefore, the correct answer is D. [[D]]",1,5,True,rationale_cot_3shot,,2
c779a2ce61547a12,1a672de19ff8f7ad,478d64d99312b67d,HiToM,high-order,Belief,High-Order False Beliefs (order=1),D,D,D [[D]],1,5,True,rationale_cot_3shot,,2
28d178f909488d91,f9e4481a4b5c686f,083a43b0431efd6e,HiToM,high-order,Belief,High-Order False Beliefs (order=0),A,C,[[C]],0,5,True,rationale_cot_3shot,,2
43a4112475450291,d4d61ef5f404f595,efd5ac785e0e98e6,HiToM,high-order,Belief,High-Order False Beliefs (order=0),E,E,"Let's track the information provided in the story: The spinach is explicitly stated to be in the ""green_bucket"" (line 3). This directly points to option E. [[E]]",1,5,True,rationale_cot_3shot,,2
725f1dfa0f41d12b,a4647d2b9f0dc68a,dcc6219ae3ff38a1,HiToM,high-order,Belief,High-Order False Beliefs (order=2),A,A,[[A]],1,5,True,rationale_cot_3shot,,2
e69195390cd1d1ef,31f2ff0fa861b82a,779ff9fe838a4aac,HiToM,high-order,Belief,High-Order False Beliefs (order=2),E,E,[[E]],1,5,True,rationale_cot_3shot,,2
ddf23234562ce9c9,f94de37fc0b44c94,725d74f5e774999c,HiToM,high-order,Belief,High-Order False Beliefs (order=3),C,C,[[C]],1,5,True,rationale_cot_3shot,,2
ef1299ccd4d55aa1,64a48812872cde44,9d292bbcae051f09,HiToM,high-order,Belief,High-Order False Beliefs (order=1),B,E,"Let's track the information provided in the story: Emma moves the peas from the red bottle to the blue treasure chest (7), then to the red pantry (23). Emma also privately told Logan that the peas is in the red bottle (25). Given this sequence, Emma's private statement indicates her true belief. This points to option E. [[E]]",0,5,True,rationale_cot_3shot,,2
a98589915369ec4f,6e221e0332c70883,272712d216b8e40b,HiToM,high-order,Belief,High-Order False Beliefs (order=1),A,A,[[A]],1,5,True,rationale_cot_3shot,,2
a649b72492781242,912b2b9bc9bb90a4,33a9f039f8e5ef6c,HiToM,high-order,Belief,High-Order False Beliefs (order=3),E,D,[[D]],0,5,True,rationale_cot_3shot,,2
5aa5c17da40655d5,56c06211d6ada8e9,8aea1f5db84b3c84,HiToM,high-order,Belief,High-Order False Beliefs (order=1),B,B,[[B]],1,5,True,rationale_cot_3shot,,2
a02aacd917838df5,d9b471ecfcf29ec0,9497cf9d93bb1161,HiToM,high-order,Belief,High-Order False Beliefs (order=2),B,C,[[C]],0,5,True,rationale_cot_3shot,,2
56c489cdcdb56f1c,e66321eab3543986,2f4be7cf5a314587,HiToM,high-order,Belief,High-Order False Beliefs (order=4),E,E,[[E]],1,5,True,rationale_cot_3shot,,2
fb59451658e940a8,c920befe969fd863,73cdb3e3c3cd01b1,HiToM,high-order,Belief,High-Order False Beliefs (order=3),A,A,[[A]],1,5,True,rationale_cot_3shot,,2
625b43c3a1774a48,af8c60b2558d953f,44dc96355277f91f,HiToM,high-order,Belief,High-Order False Beliefs (order=2),B,B,"Based on the story provided, Alexander moved the pear to the red_bucket. Since Alexander knows where he put the pear (red_bucket), and there is no indication that Alexander knows Charlotte's thoughts, we can assume he thinks the pear is still in the red_bucket. Therefore, the answer is B. [[B]]",1,5,True,rationale_cot_3shot,,2
f43e7958edd3e00d,41ee1da29a0e53af,ea06844c2b815e65,HiToM,high-order,Belief,High-Order False Beliefs (order=3),B,B,[[B]],1,5,True,rationale_cot_3shot,,2
3155102718272d53,394a04cb4b519b68,26c6b189a9705d6e,HiToM,high-order,Belief,High-Order False Beliefs (order=4),C,C,[[C]],1,5,True,rationale_cot_3shot,,2
8cdab82f4887cb2e,38066ee1659cae62,798a08ce27805a27,HiToM,high-order,Belief,High-Order False Beliefs (order=2),C,C,"Based on the story, Hannah moved the eggplant to the blue_cupboard and then exited the pantry. Therefore, Noah would think the eggplant is still in the blue_cupboard. The correct answer is C. [[C]]",1,5,True,rationale_cot_3shot,,2
bf03c801c73852ed,b8969719ba1d92e2,d8a7a04324ecfdac,HiToM,high-order,Belief,High-Order False Beliefs (order=3),A,A,[[A]],1,5,True,rationale_cot_3shot,,2
501fe8f0dfd780cb,fa1fb521a8059fe0,1dadaf03d619577c,HiToM,high-order,Belief,High-Order False Beliefs (order=1),E,D,[[D]],0,5,True,rationale_cot_3shot,,2
97154bdd3de4c652,1fbf88f8b26fb4ca,e7e5c2a076a4d6c4,HiToM,high-order,Belief,High-Order False Beliefs (order=3),C,C,[[C]],1,5,True,rationale_cot_3shot,,2
080e4a3fc1cb2929,5badde3ea776f732,dc96143fb9cabeef,HiToM,high-order,Belief,High-Order False Beliefs (order=4),A,E,"Let's track the information flow: Avery told Emily that the onion is in the blue_bottle, and Emily told Elizabeth that the onion is in the blue_treasure_chest. Since Elizabeth was not privy to the conversation between Emily and Avery, she would think that Emily believes the onion is in the blue_treasure_chest. This points to option E. [[E]]",0,5,True,rationale_cot_3shot,,2
0e2ccd60cf64b56a,f721fb179c88bad8,4122aa40159d9900,HiToM,high-order,Belief,High-Order False Beliefs (order=3),C,C,[[C]],1,5,True,rationale_cot_3shot,,2
d3d36999c957cac2,90d07ee3ef6c7774,5ad3fc64474e6111,HiToM,high-order,Belief,High-Order False Beliefs (order=2),C,C,C [[C]],1,5,True,rationale_cot_3shot,,2
171fbcd089db92dd,46eb44248bfd3a70,9b834c53ec2e160b,HiToM,high-order,Belief,High-Order False Beliefs (order=1),E,E,"Based on the story provided, Jack moved the tomato to the green_box and then exited the closet. When he left, he did not share the location of the tomato with anyone. Therefore, Jack still believes the tomato is in the green_box. The correct answer is E. [[E]]",1,5,True,rationale_cot_3shot,,2
210f3ae80de75f3a,441ba5f72ee3610b,5aeecd18286f1e43,HiToM,high-order,Belief,High-Order False Beliefs (order=2),C,C,[[C]],1,5,True,rationale_cot_3shot,,2
e8bb9752ef81b93f,5786d6173e0a2518,74a442b932800e88,HiToM,high-order,Belief,High-Order False Beliefs (order=1),E,C,[[C]],0,5,True,rationale_cot_3shot,,2
fcde9ff8ef13b114,48add363d1cfce62,2d9dd017b01059dd,HiToM,high-order,Belief,High-Order False Beliefs (order=1),B,B,"Let's track the sequence of events and actions: Lily moved the apple to the red_box (lines 6 and 7). Given this information, the most likely answer is:

[[B]]",1,5,True,rationale_cot_3shot,,2
d831cc6bd6ddcdda,9057dde14fae568f,f60ffc495d8d247b,HiToM,high-order,Belief,High-Order False Beliefs (order=2),C,A,[[A]],0,5,True,rationale_cot_3shot,,2
2363e2e2fed18882,6cae1455aa483fbe,47680b685312d45c,HiToM,high-order,Belief,High-Order False Beliefs (order=2),D,C,C [[C]],0,5,True,rationale_cot_3shot,,2
95f486192ec95392,2673de9686a35b48,fb6e6943535ff288,HiToM,high-order,Belief,High-Order False Beliefs (order=0),C,B,[[B]],0,5,True,rationale_cot_3shot,,2
ec37b8a10c05ee08,c4801dd81741233c,f58e37a9aeae0383,HiToM,high-order,Belief,High-Order False Beliefs (order=4),E,C,[[C]],0,5,True,rationale_cot_3shot,,2
68a1dd635014fbfb,f9a950ecb2c6ff21,d7ee8ea1898602d1,HiToM,high-order,Belief,High-Order False Beliefs (order=2),B,A,[[A]],0,5,True,rationale_cot_3shot,,2
bdab633d5c1dfbd5,ac33e1fdd7d4ebbc,c83352670314479c,HiToM,high-order,Belief,High-Order False Beliefs (order=0),C,C,"Let's track the movements of the cherry: The cherry was moved from the red_drawer to the red_container by Emily, then to the green_envelope by Emma, and finally to the blue_suitcase by Avery. Therefore, the cherry is in the blue_suitcase. The correct answer is C. [[C]]",1,5,True,rationale_cot_3shot,,2
b775e62b69c21216,aca85ae677f851e4,e60d60593422d692,HiToM,high-order,Belief,High-Order False Beliefs (order=4),C,C,[[C]],1,5,True,rationale_cot_3shot,,2
3b0a5c9a76983335,10370ea821550555,b7cb8da3efcb43d3,HiToM,high-order,Belief,High-Order False Beliefs (order=3),E,C,C [[C]],0,5,True,rationale_cot_3shot,,2
81ae449eb9e9c03b,1e7f5c3d86d45557,6bcbef17f455d6a9,HiToM,high-order,Belief,High-Order False Beliefs (order=4),B,B,[[B]],1,5,True,rationale_cot_3shot,,2
1b2cb6158a116226,612a7869f460c1b2,f56dffb1da04c8ac,HiToM,high-order,Belief,High-Order False Beliefs (order=1),E,E,"Let's track the movements of the lemon: The lemon was first moved by Aiden to the green_basket. Thereafter, Aiden did not move the lemon again. Therefore, Aiden still thinks the lemon is in the green_basket. [[E]]",1,5,True,rationale_cot_3shot,,2
6a4581cb3baa7353,c61100a4be0ea7ea,e5d42380bce5718f,HiToM,high-order,Belief,High-Order False Beliefs (order=2),C,C,[[C]],1,5,True,rationale_cot_3shot,,2
16f3ee356adbe6b4,41e4667f0c24d984,5bf4ad33ea4712fc,HiToM,high-order,Belief,High-Order False Beliefs (order=0),C,C,[[C]],1,5,True,rationale_cot_3shot,,2
6105b949d8971904,e75190589f394736,b9f22d5ba2c41718,HiToM,high-order,Belief,High-Order False Beliefs (order=1),A,D,"Let's track the sequence of events involving the cucumber and Avery's movements: Avery moves the cucumber from the blue_drawer to the blue_container. Avery does not move the cucumber further. Therefore, Avery thinks the cucumber is in the blue_container. The correct answer is [[D]].",0,5,True,rationale_cot_3shot,,2
ae318f0c8a745ddc,663c3fe1866cce64,b7cb8da3efcb43d3,HiToM,high-order,Belief,High-Order False Beliefs (order=4),A,A,[[A]],1,5,True,rationale_cot_3shot,,2
97094b9fc0deb9d7,ffaa8bac9209982f,feae001f51ad870f,HiToM,high-order,Belief,High-Order False Beliefs (order=1),A,A,"Based on the story provided, Logan entered the patio and saw the potato in the green envelope. However, Logan never saw the potato being moved to another location. Therefore, Logan would still think the potato is in the green envelope. The correct answer is:

[[A]]",1,5,True,rationale_cot_3shot,,2
eaca1bab5105bfd3,ff8d391571bf83d7,478d64d99312b67d,HiToM,high-order,Belief,High-Order False Beliefs (order=3),A,A,[[A]],1,5,True,rationale_cot_3shot,,2
a47014fafc428175,4b1a3a21175e86a5,6f3b261e30122139,HiToM,high-order,Belief,High-Order False Beliefs (order=2),C,C,[[C]],1,5,True,rationale_cot_3shot,,2
a6e55e039d52d6e5,926e8df26b90ba96,7c734c23c5b12fcc,HiToM,high-order,Belief,High-Order False Beliefs (order=1),D,C,[[C]],0,5,True,rationale_cot_3shot,,2
803126b05dbdeff2,b8b5a9970c712ca0,9b834c53ec2e160b,HiToM,high-order,Belief,High-Order False Beliefs (order=4),D,C,"Based on the story, Carter told Aiden that the tomato is in the green_box. There is no mention of Isla or Jack's thoughts about the location of the tomato. Therefore, Aiden thinks Carter thinks the tomato is in the green_box. The correct answer is C. [[C]]",0,5,True,rationale_cot_3shot,,2
826a69c92fba1c50,f1d2acf6b1879f6f,6f3b261e30122139,HiToM,high-order,Belief,High-Order False Beliefs (order=1),B,B,[[B]],1,5,True,rationale_cot_3shot,,2
af4b90decaf9718c,37eb5260634810ca,7286c429382d3674,HiToM,high-order,Belief,High-Order False Beliefs (order=1),E,E,"Let's track the changes in the location of the banana: The banana was first in the green envelope, then moved to the blue bottle. Abigail moved the banana from the green envelope to the blue bottle. Therefore, Abigail would think the banana is still in the blue bottle. This points to option E. [[E]]",1,5,True,rationale_cot_3shot,,2
d7e69d2010b7f1e3,f65a9ea884b4210c,33a9f039f8e5ef6c,HiToM,high-order,Belief,High-Order False Beliefs (order=4),A,A,[[A]],1,5,True,rationale_cot_3shot,,2
aa843dfffd0bad3a,1f453bfed33aff72,1dadaf03d619577c,HiToM,high-order,Belief,High-Order False Beliefs (order=2),B,B,[[B]],1,5,True,rationale_cot_3shot,,2
7f2eaf4be0b2a52f,e425eff2b6aff62e,f89d13bc79af5a5b,HiToM,high-order,Belief,High-Order False Beliefs (order=4),A,C,C [[C]],0,5,True,rationale_cot_3shot,,2
db18f5103cc3db67,e7bccdc461d2c171,04ae4e06d20df95a,HiToM,high-order,Belief,High-Order False Beliefs (order=2),C,C,[[C]],1,5,True,rationale_cot_3shot,,2
802ad7dcdc9e512d,8e4b1748b9807527,b016d4b488e7dc12,HiToM,high-order,Belief,High-Order False Beliefs (order=2),E,C,[[C]],0,5,True,rationale_cot_3shot,,2
eddcbdb4782e54f4,9cb60f0034097ef7,21ab2d70b39cce03,HiToM,high-order,Belief,High-Order False Beliefs (order=3),C,B,"Let's track the information flow: Owen publicly claims the cherry is in the green envelope (line 16). Noah publicly claims the cherry is in the green envelope (line 17). Noah believes the cherry is in the green envelope (line 3). This means Owen thinks Noah thinks Aiden thinks the cherry is in the green envelope. Therefore, the correct answer is [[B]].",0,5,True,rationale_cot_3shot,,2
f2739e923873773a,117420c7c0ffa201,dc41bc5c46ce363d,HiToM,high-order,Belief,High-Order False Beliefs (order=2),D,C,[[C]],0,5,True,rationale_cot_3shot,,2
54809e1dbddafb03,ed7a1e15072bf3ad,fd499037f71b49da,HiToM,high-order,Belief,High-Order False Beliefs (order=1),B,B,[[B]],1,5,True,rationale_cot_3shot,,2
e62734efa2458294,11ca6d8466fa1126,9d22f82f20f526d6,HiToM,high-order,Belief,High-Order False Beliefs (order=4),D,B,[[B]],0,5,True,rationale_cot_3shot,,2
3172200c5a47e27a,b0f0f6fcea409187,c54f381665e0e370,HiToM,high-order,Belief,High-Order False Beliefs (order=0),E,D,"Let's track the sequence of events and the changes in the location of the spinach: The spinach was initially in the green_envelope (line 3). It was then moved to the blue_container (line 4) and later back to the green_envelope (line 12). Given these steps, the correct answer is:

[[D]]",0,5,True,rationale_cot_3shot,,2
cda253c31f52a65c,de1896a6926fd51c,55584ea54a5c3558,HiToM,high-order,Belief,High-Order False Beliefs (order=3),A,A,[[A]],1,5,True,rationale_cot_3shot,,2
677eaca703aba650,ec9f832117379f0c,9401c4c2e0bf810d,HiToM,high-order,Belief,High-Order False Beliefs (order=1),A,A,[[A]],1,5,True,rationale_cot_3shot,,2
f0247717c21b2145,be314539e3b5b3fa,cdf26945b5aa6009,HiToM,high-order,Belief,High-Order False Beliefs (order=2),B,B,[[B]],1,5,True,rationale_cot_3shot,,2
5d5275155df3ea4a,4137cb95d73cf7ca,7925835973ff3c65,HiToM,high-order,Belief,High-Order False Beliefs (order=0),B,B,"Let's track the movements of the onion through the story: It starts in the blue_treasure_chest, then moves to the red_drawer, and finally ends up in the blue_bottle. This points to option B. [[B]]",1,5,True,rationale_cot_3shot,,2
0a8e26850eb5cd04,d3ee497ffd66b929,5bf4ad33ea4712fc,HiToM,high-order,Belief,High-Order False Beliefs (order=3),E,D,[[D]],0,5,True,rationale_cot_3shot,,2
821369893970ade3,9ad94e1ca4382108,7abd4268111027de,HiToM,high-order,Belief,High-Order False Beliefs (order=4),C,A,[[A]],0,5,True,rationale_cot_3shot,,2
40d7f7a2697dfc64,3735fb0a41c29b8f,1dadaf03d619577c,HiToM,high-order,Belief,High-Order False Beliefs (order=0),C,C,[[C]],1,5,True,rationale_cot_3shot,,2
47bf3988054b63c5,968e71e0ec1f5562,b7a7bd8b4f6003fb,HiToM,high-order,Belief,High-Order False Beliefs (order=0),D,D,[[D]],1,5,True,rationale_cot_3shot,,2
3bcf5756c81c011e,bd006c529ee706d3,563b79287f2b6e9a,HiToM,high-order,Belief,High-Order False Beliefs (order=0),E,D,[[D]],0,5,True,rationale_cot_3shot,,2
e1b35e11b5b5ba74,2f25ac919b5697fc,c474f4d889073dac,HiToM,high-order,Belief,High-Order False Beliefs (order=0),C,C,[[C]],1,5,True,rationale_cot_3shot,,2
cc267e2a5195ddb7,2e99d98d62f52633,a3434dd9fbad401d,HiToM,high-order,Belief,High-Order False Beliefs (order=0),C,C,C [[C]],1,5,True,rationale_cot_3shot,,2
5ee519b6d0b40385,5ab24b2beddf295c,47f4e2864b147f66,HiToM,high-order,Belief,High-Order False Beliefs (order=2),A,C,[[C]],0,5,True,rationale_cot_3shot,,2
18777e68c4a98729,b5e5bc00f51f7206,83d211f42bd24401,HiToM,high-order,Belief,High-Order False Beliefs (order=4),C,C,C [[C]],1,5,True,rationale_cot_3shot,,2
314adf351a3bde03,979430175a43d143,7abd4268111027de,HiToM,high-order,Belief,High-Order False Beliefs (order=3),D,D,[[D]],1,5,True,rationale_cot_3shot,,2
64bcc54912f52a84,0aac551c929b193b,59b29b17e3eadfe8,HiToM,high-order,Belief,High-Order False Beliefs (order=2),A,C,[[C]],0,5,True,rationale_cot_3shot,,2
7a049c8ff758d7d7,11598bb9af67b36a,4f06e5415bb163c4,HiToM,high-order,Belief,High-Order False Beliefs (order=4),A,C,[[C]],0,5,True,rationale_cot_3shot,,2
6166d115d856bba4,86b42fecf100aefa,9d03128b85982a6a,HiToM,high-order,Belief,High-Order False Beliefs (order=4),C,C,[[C]],1,5,True,rationale_cot_3shot,,2
4133564df00a296e,f3e104ae37eccac6,aa45a6050a68d316,HiToM,high-order,Belief,High-Order False Beliefs (order=0),A,A,[[A]],1,5,True,rationale_cot_3shot,,2
41c27cace5df1467,afe771aa0d8f701f,5ad4771330f6d096,HiToM,high-order,Belief,High-Order False Beliefs (order=0),C,C,C [[C]],1,5,True,rationale_cot_3shot,,2
aa83348ae94ac684,d29c022564381cb3,7c734c23c5b12fcc,HiToM,high-order,Belief,High-Order False Beliefs (order=3),A,B,[[B]],0,5,True,rationale_cot_3shot,,2
40bb11638c967682,2fcf8a568b45065c,3df1515485e81654,HiToM,high-order,Belief,High-Order False Beliefs (order=0),C,C,"Let's track the sequence of events involving the lettuce: Avery moves it to the green_bathtub (step 3), then Charlotte moves it to the blue_pantry (step 6), and finally Owen moves it back to the green_drawer (step 14). Given these steps, the final location of the lettuce is the green_drawer. This points to option C. [[C]]",1,5,True,rationale_cot_3shot,,2
258ec88c9bc99d90,8d3ce9afb761ed1b,e60d60593422d692,HiToM,high-order,Belief,High-Order False Beliefs (order=0),A,C,[[C]],0,5,True,rationale_cot_3shot,,2
da44de11fb86f976,885775dd2541012c,baa532add988c5af,HiToM,high-order,Belief,High-Order False Beliefs (order=3),A,A,[[A]],1,5,True,rationale_cot_3shot,,2
bb5069a62eb9758e,b63be13bf8facf87,5265bd085505fef5,HiToM,high-order,Belief,High-Order False Beliefs (order=1),B,B,Let's track the information provided in the story: Lily moved the lemon to the blue_bathtub (12) and then exited the garage (12). She did not change her mind about the location of the lemon. This means Lily still thinks the lemon is in the blue_bathtub. This points to option B. [[B]],1,5,True,rationale_cot_3shot,,2
6937d7f799be965b,b00d2c5da1297ccc,10bbed8dc0ea3ad2,HiToM,high-order,Belief,High-Order False Beliefs (order=1),B,B,[[B]],1,5,True,rationale_cot_3shot,,2
1f83d18f5f5c74af,a1739237c170a3c3,fb6e6943535ff288,HiToM,high-order,Belief,High-Order False Beliefs (order=2),A,D,[[D]],0,5,True,rationale_cot_3shot,,2
261c584d96c13d7b,4024c3a7ca49d044,f4545eed16c4296f,HiToM,high-order,Belief,High-Order False Beliefs (order=2),B,B,"Based on the story provided, Liam privately told Avery that the peach is in the red_bottle. Therefore, Liam thinks Avery thinks the peach is in the red_bottle. The correct answer is [[B]].",1,5,True,rationale_cot_3shot,,2
7958a48b0a1c6167,ef12180705dbbf3b,a4d5aad396162e9f,HiToM,high-order,Belief,High-Order False Beliefs (order=0),C,C,[[C]],1,5,True,rationale_cot_3shot,,2
8df8cb89dc9f64e4,2a8a45909ceba249,ac0e62879398e112,HiToM,high-order,Belief,High-Order False Beliefs (order=1),E,B,[[B]],0,5,True,rationale_cot_3shot,,2
e57741945e8ab4a5,53b66ba701cf7ec4,20ee47184cbdd13f,HiToM,high-order,Belief,High-Order False Beliefs (order=3),C,C,[[C]],1,5,True,rationale_cot_3shot,,2
8208bea604561198,20f5e3cf853f62e3,dc41bc5c46ce363d,HiToM,high-order,Belief,High-Order False Beliefs (order=4),E,A,[[A]],0,5,True,rationale_cot_3shot,,2
e056fa68446589c5,5355bca94c275fcf,7e155da5a5becbf9,HiToM,high-order,Belief,High-Order False Beliefs (order=1),C,C,"Based on the story provided, we can see that William moved the watermelon from the green_crate to the green_basket. Later, Emma informed him that the watermelon was in the green_bucket. However, since William last moved the watermelon, he would still think it is in the green_basket. Therefore, the correct answer is C. [[C]]",1,5,True,rationale_cot_3shot,,2
cc18f3f1aa23ed49,d1622306a6600ded,450eea5525d4ecfd,HiToM,high-order,Belief,High-Order False Beliefs (order=1),B,D,[[D]],0,5,True,rationale_cot_3shot,,2
7dbda14ae71170ce,20c9f5c5fcaaaff6,76ee2a602c04de26,HiToM,high-order,Belief,High-Order False Beliefs (order=2),C,C,[[C]],1,5,True,rationale_cot_3shot,,2
ef6f554eac060654,0a7726c453202a97,768c8aaf2fee2d01,HiToM,high-order,Belief,High-Order False Beliefs (order=4),C,C,[[C]],1,5,True,rationale_cot_3shot,,2
8d63c56df9c7bd9c,eaa619824939d96f,4f06e5415bb163c4,HiToM,high-order,Belief,High-Order False Beliefs (order=2),D,B,[[B]],0,5,True,rationale_cot_3shot,,2
d4d97b0b79bf8e0b,83926791254b90e1,baa532add988c5af,HiToM,high-order,Belief,High-Order False Beliefs (order=1),E,A,[[A]],0,5,True,rationale_cot_3shot,,2
889e5d76a1364810,35a46c37674e0d62,2d9dd017b01059dd,HiToM,high-order,Belief,High-Order False Beliefs (order=0),A,A,"Based on the story provided, the apple was initially in the green_bathtub. It was then moved by Hannah to the blue_cupboard, Jack to the green_drawer, and finally by Lily to the red_box. Therefore, the correct location of the apple is the red_box. The answer is [[A]].",1,5,True,rationale_cot_3shot,,2
2bf65bc4e831433e,ab2e0b2c0ec8596f,878e6dbb50903ca9,HiToM,high-order,Belief,High-Order False Beliefs (order=1),E,E,[[E]],1,5,True,rationale_cot_3shot,,2
d69acfdb41c47ea4,8a2bcc6496229548,70698e2534da87fa,HiToM,high-order,Belief,High-Order False Beliefs (order=0),C,C,[[C]],1,5,True,rationale_cot_3shot,,2
06e0c57e324cb6bf,af89335376a1e730,e574e3d2d3860754,HiToM,high-order,Belief,High-Order False Beliefs (order=4),C,C,[[C]],1,5,True,rationale_cot_3shot,,2
b3d41b1825fd4cf8,35a98dcdb323cd5f,68c6cd0b3d68f164,HiToM,high-order,Belief,High-Order False Beliefs (order=1),A,A,[[A]],1,5,True,rationale_cot_3shot,,2
2849c01b872e1929,8e50dd33feff62d1,5ad4771330f6d096,HiToM,high-order,Belief,High-Order False Beliefs (order=3),B,B,[[B]],1,5,True,rationale_cot_3shot,,2
cddc2f4a6309b260,34c52dd05050b90d,68c6cd0b3d68f164,HiToM,high-order,Belief,High-Order False Beliefs (order=3),C,C,[[C]],1,5,True,rationale_cot_3shot,,2
922a924348101907,a5e53e6257887005,b7a7bd8b4f6003fb,HiToM,high-order,Belief,High-Order False Beliefs (order=3),C,C,"Based on the story provided, the correct answer is C. The watermelon is in the red_container. This can be inferred from the statement ""Jacob moved the watermelon to the red_basket."" Therefore, the answer is [[C]].",1,5,True,rationale_cot_3shot,,2
1b77c2e9377f9376,7e6a3ed134c18c69,72ef113df83a3be2,HiToM,high-order,Belief,High-Order False Beliefs (order=1),B,B,"Let's track the information flow: Avery moves the cabbage from the green_box to the green_envelope. This action reveals Avery's current belief about the location of the cabbage. Therefore, Avery thinks the cabbage is in the green_envelope. The correct answer is B. [[B]]",1,5,True,rationale_cot_3shot,,2
ec1be35627b80233,f0a306609b1bf3f9,65d64758604b18a8,HiToM,high-order,Belief,High-Order False Beliefs (order=3),E,C,[[C]],0,5,True,rationale_cot_3shot,,2
29b09f8ac8ca5c25,c232c1fb240ae19d,fff4c0232280db84,HiToM,high-order,Belief,High-Order False Beliefs (order=0),B,B,"Let's track the sequence of events involving the grapes: Benjamin moves them to the blue_suitcase (step 3), then Owen moves them back to the blue_pantry (step 13). This indicates the grapes' final location. Therefore, the correct answer is B. [[B]]",1,5,True,rationale_cot_3shot,,2
4cf2fdfa35328417,b86893aec62ba490,9401c4c2e0bf810d,HiToM,high-order,Belief,High-Order False Beliefs (order=3),C,C,[[C]],1,5,True,rationale_cot_3shot,,2
3f7712a2c1591fea,4eeccc2ed7c77f2a,9195ab778785f4d4,HiToM,high-order,Belief,High-Order False Beliefs (order=1),A,A,[[A]],1,5,True,rationale_cot_3shot,,2
ecfb0853e4673794,f431c808a8f5c246,83d211f42bd24401,HiToM,high-order,Belief,High-Order False Beliefs (order=3),B,C,C [[C]],0,5,True,rationale_cot_3shot,,2
e9cca2e3a23f9aa0,48ad2e6fcc776bdd,2f4be7cf5a314587,HiToM,high-order,Belief,High-Order False Beliefs (order=0),E,A,[[A]],0,5,True,rationale_cot_3shot,,2
e119c89ff953e257,944cde40e31f97ec,c2bb5ef1e69e3384,HiToM,high-order,Belief,High-Order False Beliefs (order=1),A,A,[[A]],1,5,True,rationale_cot_3shot,,2
224c3d8ed5125620,27963c97365bc68e,c2bb5ef1e69e3384,HiToM,high-order,Belief,High-Order False Beliefs (order=2),D,A,[[A]],0,5,True,rationale_cot_3shot,,2
8083216482c1a3ea,d43d86a8a904e0b6,278ea6ec77e283aa,HiToM,high-order,Belief,High-Order False Beliefs (order=2),B,C,[[C]],0,5,True,rationale_cot_3shot,,2
d94f73a088a787c9,e0e6f35e9f00ef0f,e574e3d2d3860754,HiToM,high-order,Belief,High-Order False Beliefs (order=1),D,D,[[D]],1,5,True,rationale_cot_3shot,,2
a848be7749a618c9,43ef4be2ba3f8401,d3adc9f5b9b1b884,HiToM,high-order,Belief,High-Order False Beliefs (order=3),A,A,"Based on the story provided, Noah thinks that Hannah thinks that Lily thinks that the turnip is in the red_basket. However, this exact sequence is not directly stated. But from the context, we can infer that the last mention of the turnip being in the red_basket is when Noah exits the study. Therefore, the most likely answer is:

[[A]]",1,5,True,rationale_cot_3shot,,2
8603b8895c18b217,1070233be6909a3e,4122aa40159d9900,HiToM,high-order,Belief,High-Order False Beliefs (order=1),A,C,[[C]],0,5,True,rationale_cot_3shot,,2
a7fb221efef35f57,849797eb4105c571,c2bb5ef1e69e3384,HiToM,high-order,Belief,High-Order False Beliefs (order=4),A,A,[[A]],1,5,True,rationale_cot_3shot,,2
c3bf9f6d7e91b609,823a516376ff4d58,120a5f2c70c4086d,HiToM,high-order,Belief,High-Order False Beliefs (order=2),C,C,[[C]],1,5,True,rationale_cot_3shot,,2
d3af8b045bd7c1c1,b09fd7feb603e0ea,b75a6a7be4ed409a,HiToM,high-order,Belief,High-Order False Beliefs (order=1),D,D,[[D]],1,5,True,rationale_cot_3shot,,2
6ef4428f240e2f41,10c27b0a4cc65f7a,083a43b0431efd6e,HiToM,high-order,Belief,High-Order False Beliefs (order=1),C,C,[[C]],1,5,True,rationale_cot_3shot,,2
d469755912227b25,a88fc2cf04c064a8,f63db42624a734d6,HiToM,high-order,Belief,High-Order False Beliefs (order=4),B,B,[[B]],1,5,True,rationale_cot_3shot,,2
a7a34af7fd965803,d3b04707097745fc,664e618f4d52f00b,HiToM,high-order,Belief,High-Order False Beliefs (order=4),E,E,[[E]],1,5,True,rationale_cot_3shot,,2
f1078850b08140e4,4450cb82f2e18fb6,26c6b189a9705d6e,HiToM,high-order,Belief,High-Order False Beliefs (order=2),D,D,[[D]],1,5,True,rationale_cot_3shot,,2
b544e5ac808ad00b,3df5b7dcd0350aad,95ee2d45182764c1,HiToM,high-order,Belief,High-Order False Beliefs (order=1),E,C,"Let's track the sequence of events involving the eggplant: Emma moves the eggplant to the green_box (14-15), then to the green_bottle (33). Emma exits the garage after moving the eggplant to the green_bottle. This means Emma thinks the eggplant is in the green_bottle. [[C]]",0,5,True,rationale_cot_3shot,,2
bcfb237b8232ee34,93802d1e67ab70e0,5bf4ad33ea4712fc,HiToM,high-order,Belief,High-Order False Beliefs (order=4),A,A,[[A]],1,5,True,rationale_cot_3shot,,2
f173e6cd5cfaf457,115178311a003af1,f8db6d32e9401d8d,HiToM,high-order,Belief,High-Order False Beliefs (order=1),A,C,[[C]],0,5,True,rationale_cot_3shot,,2
c379b72d2988011b,13c751d86b20eb2e,272712d216b8e40b,HiToM,high-order,Belief,High-Order False Beliefs (order=0),E,D,[[D]],0,5,True,rationale_cot_3shot,,2
40d34ce71f8731d2,882f97250e291a96,8aea1f5db84b3c84,HiToM,high-order,Belief,High-Order False Beliefs (order=4),C,C,[[C]],1,5,True,rationale_cot_3shot,,2
a535e1fb87564248,5725a07b7c8c89d6,272712d216b8e40b,HiToM,high-order,Belief,High-Order False Beliefs (order=3),D,D,[[D]],1,5,True,rationale_cot_3shot,,2
5aa1e58007059786,6c6b3334b16bf328,05df4908e6e84d0f,HiToM,high-order,Belief,High-Order False Beliefs (order=1),C,C,C [[C]],1,5,True,rationale_cot_3shot,,2
bcf410bcf2ff667a,41d88183aba08e04,45bacf572038e7ad,HiToM,high-order,Belief,High-Order False Beliefs (order=1),A,A,[[A]],1,5,True,rationale_cot_3shot,,2
fae56882366ce669,3e03e64890cf06be,10bbed8dc0ea3ad2,HiToM,high-order,Belief,High-Order False Beliefs (order=4),D,D,[[D]],1,5,True,rationale_cot_3shot,,2
f2982c63c052ee00,fb78a598b5ac5900,0d21f61fa116ccd8,HiToM,high-order,Belief,High-Order False Beliefs (order=3),B,B,[[B]],1,5,True,rationale_cot_3shot,,2
e1104297a5730e93,786288b827fee5b6,1cea02ff310916f9,HiToM,high-order,Belief,High-Order False Beliefs (order=0),A,A,[[A]],1,5,True,rationale_cot_3shot,,2
c11ebc35d58c2be5,f186b2fa0f7cdfee,d3adc9f5b9b1b884,HiToM,high-order,Belief,High-Order False Beliefs (order=1),A,A,"Let's track the sequence of events involving the turnip and Hannah's movements: Hannah moves the turnip from the red_basket to the blue_pantry. This indicates that Hannah's last known position of the turnip was the blue_pantry. Therefore, the correct answer is:

[[A]]",1,5,True,rationale_cot_3shot,,2
417329cd8187f4fe,948a79ba695ee4cf,11ccd4c010d1920f,HiToM,high-order,Belief,High-Order False Beliefs (order=4),A,B,[[B]],0,5,True,rationale_cot_3shot,,2
a23bb2b7afa01dfd,2d5371f3f65ed3c9,62a7a95b96330d17,HiToM,high-order,Belief,High-Order False Beliefs (order=1),B,B,"Let's track the information provided in the story: Jackson is told by Avery that the cherry is in the blue_crate, but he also says that he thinks the cherry is in the green_bucket. Given this direct statement from Jackson, the correct answer is:

The answer is B. [[B]]",1,5,True,rationale_cot_3shot,,2
49cabc2060f3def9,ce97fd952b115d57,efb1214091bf3e23,HiToM,high-order,Belief,High-Order False Beliefs (order=2),C,C,C [[C]],1,5,True,rationale_cot_3shot,,2
d7b0a583258f6399,e3942703e3a3b797,cbfa45fbe5f2e4d6,HiToM,high-order,Belief,High-Order False Beliefs (order=3),D,D,[[D]],1,5,True,rationale_cot_3shot,,2
325d156c83fb6eff,447338159e1c9728,9195ab778785f4d4,HiToM,high-order,Belief,High-Order False Beliefs (order=2),D,D,[[D]],1,5,True,rationale_cot_3shot,,2
4d6a3e2a0f28a16d,0e0d77c23f5e6bbd,3f68efd9f9f6b0a4,HiToM,high-order,Belief,High-Order False Beliefs (order=2),E,C,C [[C]],0,5,True,rationale_cot_3shot,,2
f4fa82b3afa4c030,4accb7adc38e3550,73cdb3e3c3cd01b1,HiToM,high-order,Belief,High-Order False Beliefs (order=2),D,D,[[D]],1,5,True,rationale_cot_3shot,,2
6316a8bccaaa4aa9,e809c0b4f3b03340,a3434dd9fbad401d,HiToM,high-order,Belief,High-Order False Beliefs (order=1),E,C,C [[C]],0,5,True,rationale_cot_3shot,,2
38b98db998f83d41,8794197d526fc9e3,779ff9fe838a4aac,HiToM,high-order,Belief,High-Order False Beliefs (order=3),E,E,[[E]],1,5,True,rationale_cot_3shot,,2
6b9d575450bff76e,e39305013cb033f6,e4098d3fb59c9280,HiToM,high-order,Belief,High-Order False Beliefs (order=2),E,D,[[D]],0,5,True,rationale_cot_3shot,,2
d6bed564c224d0cf,395ce9d552c4d64c,956ee8c9f503c9ce,HiToM,high-order,Belief,High-Order False Beliefs (order=1),C,C,[[C]],1,5,True,rationale_cot_3shot,,2
d928de8b4882735a,ae85b29ef7d389c8,1cea02ff310916f9,HiToM,high-order,Belief,High-Order False Beliefs (order=2),E,C,[[C]],0,5,True,rationale_cot_3shot,,2
c65b2f438a43e43b,f1de243e25847def,0005e820fca39d29,HiToM,high-order,Belief,High-Order False Beliefs (order=1),E,C,C [[C]],0,5,True,rationale_cot_3shot,,2
cd31548ceecfc718,2d73ace0c31a55d8,63a269b33e2b0c32,HiToM,high-order,Belief,High-Order False Beliefs (order=4),A,A,"Let's track the movements and thoughts of each person regarding the lime: Benjamin, Isabella, Chloe, Amelia, and Sophia. The key point is that Isabella thinks Chloe thinks Sophia thinks Amelia thinks the lime is in the blue_crate (option A). This can be inferred from the sequence of events and statements. Therefore, the correct answer is:

[[A]]",1,5,True,rationale_cot_3shot,,2
2d86e3316e2ffcf7,5e8fd539ab3ebb88,b75a6a7be4ed409a,HiToM,high-order,Belief,High-Order False Beliefs (order=4),B,B,[[B]],1,5,True,rationale_cot_3shot,,2
20014a857847ebc7,08d83a5a4dfb5af3,8b4b3e5482663f4c,HiToM,high-order,Belief,High-Order False Beliefs (order=3),B,E,[[E]],0,5,True,rationale_cot_3shot,,2
7f7da022aadaa7c0,2042c638b9451b08,50056476d5575daf,HiToM,high-order,Belief,High-Order False Beliefs (order=2),D,B,[[B]],0,5,True,rationale_cot_3shot,,2
16323d70af2a0d63,a5ed1d987ca613c4,4c563d91d8a2df3b,HiToM,high-order,Belief,High-Order False Beliefs (order=2),A,A,"Let's track the sequence of events: Hannah moves the tomato to the blue_container (lines 7-8). Since Hannah is the last person to move the tomato, she would think it is still in the blue_container. This points to option A. [[A]]",1,5,True,rationale_cot_3shot,,2
7a3707f4d65dc79c,9faa74e5152018a1,563b79287f2b6e9a,HiToM,high-order,Belief,High-Order False Beliefs (order=4),B,C,[[C]],0,5,True,rationale_cot_3shot,,2
bfa08a1703098eff,5de7d1293035ae91,17ecd57aeab2b36d,HiToM,high-order,Belief,High-Order False Beliefs (order=4),C,C,[[C]],1,5,True,rationale_cot_3shot,,2
c19832a764264d33,ff82c7704cdb2a50,8bd4f266764fc2b0,HiToM,high-order,Belief,High-Order False Beliefs (order=4),C,B,[[B]],0,5,True,rationale_cot_3shot,,2
ab35c5222c32c707,1a6e6e3d6da8cd24,8b4b3e5482663f4c,HiToM,high-order,Belief,High-Order False Beliefs (order=2),D,C,C [[C]],0,5,True,rationale_cot_3shot,,2
7af958760851aa81,2bb8151c2c0c90b0,0c46504cc02b0489,HiToM,high-order,Belief,High-Order False Beliefs (order=2),C,C,[[C]],1,5,True,rationale_cot_3shot,,2
0e51877e1d472850,6b1083cf63f12992,795e5003b68855c3,HiToM,high-order,Belief,High-Order False Beliefs (order=1),D,D,"Let's track the information: Jack moved the apple to the green_bottle (line 7). There is no indication that Jack thought about or remembered moving the apple to another location. Therefore, Jack would still think the apple is in the green_bottle. This points to option D. [[D]]",1,5,True,rationale_cot_3shot,,2
24f21f60941b3686,729b3812431f7939,7a78e9b46fa17522,HiToM,high-order,Belief,High-Order False Beliefs (order=1),E,C,C [[C]],0,5,True,rationale_cot_3shot,,2
73a4833f83dfaa24,fb265870fe01bf20,7c734c23c5b12fcc,HiToM,high-order,Belief,High-Order False Beliefs (order=4),A,D,[[D]],0,5,True,rationale_cot_3shot,,2
1bc73d1c6015f184,79c931aaf9c7ed2d,cf04bff1913d8614,HiToM,high-order,Belief,High-Order False Beliefs (order=2),D,B,[[B]],0,5,True,rationale_cot_3shot,,2
04e47e3ffac95f13,80fef71db820fde8,9c91c29d4de0cb67,HiToM,high-order,Belief,High-Order False Beliefs (order=0),C,C,[[C]],1,5,True,rationale_cot_3shot,,2
967d76e53a859117,72ff8e2ef2b881f5,20ee47184cbdd13f,HiToM,high-order,Belief,High-Order False Beliefs (order=1),C,C,[[C]],1,5,True,rationale_cot_3shot,,2
673397351c44652d,4da2fa52e322833a,e574e3d2d3860754,HiToM,high-order,Belief,High-Order False Beliefs (order=2),D,D,[[D]],1,5,True,rationale_cot_3shot,,2
7d141fd9ec3578e2,d65c81ed5740ae0a,0c46504cc02b0489,HiToM,high-order,Belief,High-Order False Beliefs (order=4),C,C,[[C]],1,5,True,rationale_cot_3shot,,2
2a38e3d7a3f305db,e06153a420b53dbf,cbfa45fbe5f2e4d6,HiToM,high-order,Belief,High-Order False Beliefs (order=0),C,C,[[C]],1,5,True,rationale_cot_3shot,,2
c774765afb76cf1c,6d537253702b74f0,563b79287f2b6e9a,HiToM,high-order,Belief,High-Order False Beliefs (order=2),A,B,[[B]],0,5,True,rationale_cot_3shot,,2
3518d576fca6f819,66178e7cf4674839,73cdb3e3c3cd01b1,HiToM,high-order,Belief,High-Order False Beliefs (order=1),A,D,[[D]],0,5,True,rationale_cot_3shot,,2
fb3a8c6d29e9f547,03bb5a49eb8d2263,478d64d99312b67d,HiToM,high-order,Belief,High-Order False Beliefs (order=4),A,C,[[C]],0,5,True,rationale_cot_3shot,,2
5beb305611d59c46,b75d567c77ffa0f3,70698e2534da87fa,HiToM,high-order,Belief,High-Order False Beliefs (order=3),C,C,[[C]],1,5,True,rationale_cot_3shot,,2
e5e5b0277fb28c74,ac7ad91bbbb15b37,d8a7a04324ecfdac,HiToM,high-order,Belief,High-Order False Beliefs (order=2),D,D,[[D]],1,5,True,rationale_cot_3shot,,2
c5348e43d362aded,a68288f82d8bc2c2,04ae4e06d20df95a,HiToM,high-order,Belief,High-Order False Beliefs (order=3),E,C,C [[C]],0,5,True,rationale_cot_3shot,,2
2cec18bd62a94f0b,ad0de881be3eeb65,62a7a95b96330d17,HiToM,high-order,Belief,High-Order False Beliefs (order=2),C,C,"Let's track the information provided in the story: Jackson told Avery that the cherry is in the green_bucket. Since Benjamin entered the master_bedroom after Jackson and Avery, and since Benjamin did not move and stayed for 1 minute, he likely heard the conversation between Jackson and Avery. Therefore, Benjamin would think that Jackson believes the cherry is in the green_bucket. This points to option C. [[",1,5,True,rationale_cot_3shot,,2
f36848819bbfca9d,96438f30c1aca5a8,fb87c094c6022450,HiToM,high-order,Belief,High-Order False Beliefs (order=2),D,D,[[D]],1,5,True,rationale_cot_3shot,,2
78c277df37e902a4,34f2b6f69688766a,5c2052a7a2cf4a81,HiToM,high-order,Belief,High-Order False Beliefs (order=0),E,E,"Let's track the sequence of events regarding the corn: The corn was first in the red_basket (lines 2 and 11). Then it was moved to the red_container (line 4) and later to the red_basket again (line 16). Given these steps, the final location of the corn is the red_basket. This points to option E. [[E",1,5,True,rationale_cot_3shot,,2
ca29f98c63f946b9,d05325633b785712,4aa2c7960a774ac5,HiToM,high-order,Belief,High-Order False Beliefs (order=1),B,C,C [[C]],0,5,True,rationale_cot_3shot,,2
a23e19732e5279f7,884fe02b49971a41,0d352c6eaf88273a,HiToM,high-order,Belief,High-Order False Beliefs (order=3),B,B,[[B]],1,5,True,rationale_cot_3shot,,2
360598be43f3274b,f89c9c96646a4104,50056476d5575daf,HiToM,high-order,Belief,High-Order False Beliefs (order=0),E,E,"Let's track the sequence of events involving the spinach: spinach moves from the green_pantry (11) to the green_cupboard (7), then to the green_pantry again (11). This means the spinach was last seen in the green_pantry. This points to option E. [[E]]",1,5,True,rationale_cot_3shot,,2
7ebac3851aba7ad6,58d8718de7ed389a,c474f4d889073dac,HiToM,high-order,Belief,High-Order False Beliefs (order=2),A,A,[[A]],1,5,True,rationale_cot_3shot,,2
e0272277316244d6,cc0939f6fb62610f,956ee8c9f503c9ce,HiToM,high-order,Belief,High-Order False Beliefs (order=4),D,D,[[D]],1,5,True,rationale_cot_3shot,,2
4a1f97752a51afad,ced29767783a4ef6,e84c23ba5e817c33,HiToM,high-order,Belief,High-Order False Beliefs (order=1),A,B,[[B]],0,5,True,rationale_cot_3shot,,2
2310ca758764c657,271a44529dae5eb6,76ee2a602c04de26,HiToM,high-order,Belief,High-Order False Beliefs (order=4),E,E,[[E]],1,5,True,rationale_cot_3shot,,2
c9114281e3fcf942,e326cd5ff65bf729,705826a78472707d,HiToM,high-order,Belief,High-Order False Beliefs (order=0),A,A,[[A]],1,5,True,rationale_cot_3shot,,2
a80b5b8490ee86c4,e603d96fb7f79b81,4c563d91d8a2df3b,HiToM,high-order,Belief,High-Order False Beliefs (order=1),B,D,"Let's track the sequence of events: Isabella moves the tomato to the green_box, and Elizabeth moves it to the blue_container. Since Jacob saw the tomato in the green_box (moved by Isabella) before he left the bedroom, he would think the tomato is still in the green_box. This points to option D. [[D]]",0,5,True,rationale_cot_3shot,,2
acbaec20cf049c70,a4c93d4e326e8b64,563b79287f2b6e9a,HiToM,high-order,Belief,High-Order False Beliefs (order=3),A,A,[[A]],1,5,True,rationale_cot_3shot,,2
64cf5202fc22767d,a293d281e2812ba1,8bd4f266764fc2b0,HiToM,high-order,Belief,High-Order False Beliefs (order=3),C,B,[[B]],0,5,True,rationale_cot_3shot,,2
e9943b93f82adf1e,6fd7af3aeb643f42,d7ee8ea1898602d1,HiToM,high-order,Belief,High-Order False Beliefs (order=3),A,C,[[C]],0,5,True,rationale_cot_3shot,,2
a722117e6e792948,0b111266ad4ea855,e60d60593422d692,HiToM,high-order,Belief,High-Order False Beliefs (order=1),A,B,[[B]],0,5,True,rationale_cot_3shot,,2
ccac1002f5c612d1,a188a966b259894f,e4f8845e8043bfe9,HiToM,high-order,Belief,High-Order False Beliefs (order=1),C,C,[Answer] C [[C]],1,5,True,rationale_cot_3shot,,2
3b136544703712a3,4e733939a767853a,8053df50341e08e9,HiToM,high-order,Belief,High-Order False Beliefs (order=4),C,C,[[C]],1,5,True,rationale_cot_3shot,,2
92021e147924c598,c4517fade9904890,7925835973ff3c65,HiToM,high-order,Belief,High-Order False Beliefs (order=1),D,D,"Let's track the movements of the onion: The onion was initially in the red_drawer (moved by Owen), then it was in the blue_bottle (moved by Nathan). Therefore, Nathan would think the onion is in the blue_bottle. The correct answer is D. [[D]]",1,5,True,rationale_cot_3shot,,2
ac72377fc31172f6,496833b24ab77438,6d9b09ad84eab421,HiToM,high-order,Belief,High-Order False Beliefs (order=3),B,B,[[B]],1,5,True,rationale_cot_3shot,,2
44b851bc0c14d5d2,6ae0b4099c8ac39e,e84c23ba5e817c33,HiToM,high-order,Belief,High-Order False Beliefs (order=3),D,C,[[C]],0,5,True,rationale_cot_3shot,,2
78457a1bba6b1bac,40c720b84e4df3be,3b2c235d8472dc41,HiToM,high-order,Belief,High-Order False Beliefs (order=3),B,B,"Based on the story provided, the asparagus is explicitly stated to be in the green_bottle. Therefore, Amelia would think that Emily thinks the asparagus is in the green_bottle. The correct answer is B. [[B]]",1,5,True,rationale_cot_3shot,,2
a17fbd7a733a34f5,fa45c970a3757f1c,59b29b17e3eadfe8,HiToM,high-order,Belief,High-Order False Beliefs (order=1),E,A,[[A]],0,5,True,rationale_cot_3shot,,2
aef019da3e1475cb,5a681fb9bd2f3ace,17ecd57aeab2b36d,HiToM,high-order,Belief,High-Order False Beliefs (order=2),E,D,[[D]],0,5,True,rationale_cot_3shot,,2
ae9f9ce64acbe777,3c95196f8d96137b,8053df50341e08e9,HiToM,high-order,Belief,High-Order False Beliefs (order=2),A,A,[[A]],1,5,True,rationale_cot_3shot,,2
7aba3d20d5d8ba72,8ead39451ccb7670,c474f4d889073dac,HiToM,high-order,Belief,High-Order False Beliefs (order=4),D,D,[[D]],1,5,True,rationale_cot_3shot,,2
f37fb8540cc713b5,460be4e53a08c5e1,725d74f5e774999c,HiToM,high-order,Belief,High-Order False Beliefs (order=0),C,C,[[C]],1,5,True,rationale_cot_3shot,,2
f224fd0e5d2068c5,3c00918a8ac708f4,a4976a8a03fa27a0,HiToM,high-order,Belief,High-Order False Beliefs (order=1),B,D,"Let's track the information flow: The story states that ""The green_pepper is in the red_basket."" Then, Jackson moves the green_pepper to the blue_container. However, Emma stays in the living_room for 1 minute and makes no movements, so she would still believe the green_pepper is in the red_basket. This points to option D. [[D]]",0,5,True,rationale_cot_3shot,,2
83cba0ce6f6f184d,c494b5b3ca8e6902,e6ee6472b65fe46b,HiToM,high-order,Belief,High-Order False Beliefs (order=3),A,C,[[C]],0,5,True,rationale_cot_3shot,,2
8d9f1d55e3645990,5e3e9277e83b03ed,efb1214091bf3e23,HiToM,high-order,Belief,High-Order False Beliefs (order=4),C,A,[[A]],0,5,True,rationale_cot_3shot,,2
13b9063a216356a3,653b14c2ca6506f0,3aa33327cbeb5648,HiToM,high-order,Belief,High-Order False Beliefs (order=2),D,D,[[D]],1,5,True,rationale_cot_3shot,,2
28400f65e15a71b3,a4d5d2ed5eda86fb,1dadaf03d619577c,HiToM,high-order,Belief,High-Order False Beliefs (order=4),A,B,[[B]],0,5,True,rationale_cot_3shot,,2
8c6c650be371eff5,dbf7edc9e59aac08,278ea6ec77e283aa,HiToM,high-order,Belief,High-Order False Beliefs (order=3),B,C,[[C]],0,5,True,rationale_cot_3shot,,2
6c044dbdd0545681,53135818bcc62279,9195ab778785f4d4,HiToM,high-order,Belief,High-Order False Beliefs (order=4),A,A,[[A]],1,5,True,rationale_cot_3shot,,2
1a3852fc3aadc6b8,1bb03b2a27ae603e,878e6dbb50903ca9,HiToM,high-order,Belief,High-Order False Beliefs (order=2),C,C,[[C]],1,5,True,rationale_cot_3shot,,2
be21fa08f6be303f,ca3757ed8faa7265,a175944f008c8dba,HiToM,high-order,Belief,High-Order False Beliefs (order=0),B,D,[[D]],0,5,True,rationale_cot_3shot,,2
76b3b4d0c95610c7,f0245b6a2f2763a9,c7edfae8a8ada7e7,HiToM,high-order,Belief,High-Order False Beliefs (order=0),D,C,"Let's track the sequence of events involving the peach: The peach was initially in the red_basket (line 2). Then, William moved the peach to the green_bathtub (line 7). No other movements were made regarding the peach. Therefore, the peach is now in the green_bathtub. This points to option C. [[C]]",0,5,True,rationale_cot_3shot,,2
a14cf486c653b471,66ddd64c717d46af,2efcb28232e3d353,HiToM,high-order,Belief,High-Order False Beliefs (order=1),B,B,[[B]],1,5,True,rationale_cot_3shot,,2
5d6897ff4bfc5db8,87a1d96362d86110,f8db6d32e9401d8d,HiToM,high-order,Belief,High-Order False Beliefs (order=4),C,C,[[C]],1,5,True,rationale_cot_3shot,,2
0c25666cb5df7ce3,e581c90c3670d590,f8db6d32e9401d8d,HiToM,high-order,Belief,High-Order False Beliefs (order=0),E,C,[[C]],0,5,True,rationale_cot_3shot,,2
45cab7d37a587880,1675393d94b4f032,a8b3e7de7499a0a7,HiToM,high-order,Belief,High-Order False Beliefs (order=3),D,A,[[A]],0,5,True,rationale_cot_3shot,,2
dc25e40e22cabd05,5ecf1e1748b84ea4,9d03128b85982a6a,HiToM,high-order,Belief,High-Order False Beliefs (order=3),A,D,[[D]],0,5,True,rationale_cot_3shot,,2
e5bb0b036fc3cf95,050b20054af98ac5,0d352c6eaf88273a,HiToM,high-order,Belief,High-Order False Beliefs (order=0),E,C,[[C]],0,5,True,rationale_cot_3shot,,2
480b5dfa32ceff7c,1227e8483a77c656,cbfa45fbe5f2e4d6,HiToM,high-order,Belief,High-Order False Beliefs (order=1),A,A,[[A]],1,5,True,rationale_cot_3shot,,2
7f42631b94dd4af7,e89878bf756b35a7,e6f553d574b98551,HiToM,high-order,Belief,High-Order False Beliefs (order=2),E,B,Let's reason step by step: I track the sequence of events and the conversations. This points to option B. [[B]],0,5,True,rationale_cot_3shot,,2
0ac4b45de2ac071f,2253697dc9552543,5d25c021d5c81748,HiToM,high-order,Belief,High-Order False Beliefs (order=1),D,D,"Let's track the information provided in the story: Isabella moves the potato to the green_bottle (line 7). This means Isabella places the potato in the green_bottle. Therefore, Isabella thinks the potato is in the green_bottle. The correct answer is E. [[D]]",1,5,True,rationale_cot_3shot,,2
55fb2057e377c75d,c7f4608de6ad215c,aa45a6050a68d316,HiToM,high-order,Belief,High-Order False Beliefs (order=3),D,D,[[D]],1,5,True,rationale_cot_3shot,,2
82d0d7215610e75a,5a69f58beab35eb7,f60ffc495d8d247b,HiToM,high-order,Belief,High-Order False Beliefs (order=0),A,A,"Let's track the changes in the location of the potato throughout the story: potato was initially in the blue_cupboard, then moved to the green_bottle, blue_bathtub, and finally to the blue_crate. Given these steps, the final location of the potato is the blue_crate. This points to option A. [[A]]",1,5,True,rationale_cot_3shot,,2
282a34fcad15e7f8,d180ad90b59e5b77,4f06e5415bb163c4,HiToM,high-order,Belief,High-Order False Beliefs (order=1),C,C,[[C]],1,5,True,rationale_cot_3shot,,2
dc4d27c278fcab2d,985a16482ffc89eb,7fee1305fc730ed8,HiToM,high-order,Belief,High-Order False Beliefs (order=4),E,A,[[A]],0,5,True,rationale_cot_3shot,,2
9b109ca315e3a662,9cb832983fa4249d,a4d5aad396162e9f,HiToM,high-order,Belief,High-Order False Beliefs (order=3),E,E,[[E]],1,5,True,rationale_cot_3shot,,2
2f3d0dbd2a8c90b7,ff932fb579ded2e2,be1eaeef80418c90,HiToM,high-order,Belief,High-Order False Beliefs (order=2),B,C,"Let's track the sequence of events: Jack moves the beans to the green_treasure_chest (line 7). Owen, who was last informed about this move, would remember that Jack put the beans in the green_treasure_chest. Therefore, Owen would think that Jack thinks the beans are in the green_treasure_chest. This points to option C. [[C]]",0,5,True,rationale_cot_3shot,,2
608da3edfcdcc6b0,435b84a25212620d,d818e01b546089ea,HiToM,high-order,Belief,High-Order False Beliefs (order=0),C,C,[[C]],1,5,True,rationale_cot_3shot,,2
c3ed04bcff83d2f3,bc061a450a9aea28,dc96143fb9cabeef,HiToM,high-order,Belief,High-Order False Beliefs (order=2),C,E,"Let's track the information: Avery tells Emily that the onion is in the blue_bottle. Since there is no mention of Lily's thoughts about the onion's location, we can only infer based on the information provided. This points to option E. [[E]]",0,5,True,rationale_cot_3shot,,2
825f117f98fa7ee2,18e695ca1112156e,b730fb2270fcb17c,HiToM,high-order,Belief,High-Order False Beliefs (order=0),B,D,"Let's track the movements of the lemon in the story: The lemon was initially in the red_box, then moved to the red_container by Evelyn, then to the green_treasure_chest by Alexander. No other movement of the lemon is mentioned after Alexander's move. Therefore, the lemon is now in the green_treasure_chest. This points to option D. [[D]]",0,5,True,rationale_cot_3shot,,2
c81863c277a77f59,a4ed0a1739d0ebaf,f56dffb1da04c8ac,HiToM,high-order,Belief,High-Order False Beliefs (order=0),B,B,"Let's track the sequence of events involving the lemon: Jack moves it to the blue_pantry, then Aiden moves it to the green_basket, and finally Jack moves it back to the green_drawer. Given these steps, the final location of the lemon is the green_drawer. This points to option B. [[B]]",1,5,True,rationale_cot_3shot,,2
71117eb40b61ef72,b1c7dba3ba0a28c0,e6ee6472b65fe46b,HiToM,high-order,Belief,High-Order False Beliefs (order=2),A,A,[[A]],1,5,True,rationale_cot_3shot,,2
e06a3a13ef8d5ba7,c126c29816149745,4122aa40159d9900,HiToM,high-order,Belief,High-Order False Beliefs (order=0),A,C,[[C]],0,5,True,rationale_cot_3shot,,2
b0842df079e1d7a2,9244776483b0b118,01d232b9e9be5571,HiToM,high-order,Belief,High-Order False Beliefs (order=1),A,A,[[A]],1,5,True,rationale_cot_3shot,,2
8fa064b988f67b76,db7c75f123bf6f83,68c6cd0b3d68f164,HiToM,high-order,Belief,High-Order False Beliefs (order=0),A,A,[[A]],1,5,True,rationale_cot_3shot,,2
c5870471c0892506,8a94910bec562ba0,fff4c0232280db84,HiToM,high-order,Belief,High-Order False Beliefs (order=2),E,C,[[C]],0,5,True,rationale_cot_3shot,,2
01cfd306a032b17d,6f2187045d55bf1f,26c6b189a9705d6e,HiToM,high-order,Belief,High-Order False Beliefs (order=3),C,C,[[C]],1,5,True,rationale_cot_3shot,,2
83dc050b630f401f,0c225f3073011ee4,bc4d9b51da7e65ed,HiToM,high-order,Belief,High-Order False Beliefs (order=1),A,E,Let's track the movements of the corn and the last known location William was aware of. This points to option E. [[E]],0,5,True,rationale_cot_3shot,,2
58668b9a2e847534,c144bc63e76b63ca,083a43b0431efd6e,HiToM,high-order,Belief,High-Order False Beliefs (order=2),A,A,[[A]],1,5,True,rationale_cot_3shot,,2
1305403be8582e93,2aca8aba573d60c0,795e5003b68855c3,HiToM,high-order,Belief,High-Order False Beliefs (order=0),A,A,"Let's track the information provided in the story: The apple is initially mentioned to be in the ""green_pantry"". However, later, Jack moves the apple to the ""green_bottle"". Given this sequence of events, the correct location of the apple is the ""green_bottle"". This points to option A. [[A]]",1,5,True,rationale_cot_3shot,,2
d793c1bc0861ec80,5504bd70a988cefb,74a442b932800e88,HiToM,high-order,Belief,High-Order False Beliefs (order=3),C,C,[[C]],1,5,True,rationale_cot_3shot,,2
6abeb960643d7bb6,33ccbbf2d95b64a8,91b89bfaa91dc819,HiToM,high-order,Belief,High-Order False Beliefs (order=2),B,C,[[C]],0,5,True,rationale_cot_3shot,,2
ea32446d8c2b5ba3,d97b647d8ddb15a3,5aeecd18286f1e43,HiToM,high-order,Belief,High-Order False Beliefs (order=4),E,E,[[E]],1,5,True,rationale_cot_3shot,,2
d7da78e1f1fb1fc3,115c543a13212fed,e84c23ba5e817c33,HiToM,high-order,Belief,High-Order False Beliefs (order=0),B,B,[[B]],1,5,True,rationale_cot_3shot,,2
b0c2058f9a31c53b,1785cb209006ca3e,8383ae9a4ec0f27a,HiToM,high-order,Belief,High-Order False Beliefs (order=1),D,D,"Based on the story, Ava privately told Elizabeth that the tangerine is in the red_basket. Since Elizabeth then publicly claimed that the tangerine is in the blue_crate, we can infer that Ava still thinks the tangerine is in the red_basket. This leads to the answer being D. [[D]]",1,5,True,rationale_cot_3shot,,2
187cb38142429c97,41a9b1820fc26a9d,dcc6219ae3ff38a1,HiToM,high-order,Belief,High-Order False Beliefs (order=0),C,C,[[C]],1,5,True,rationale_cot_3shot,,2
ff566b9be12680f6,20b4120ea6df7b63,72ef113df83a3be2,HiToM,high-order,Belief,High-Order False Beliefs (order=2),C,A,"Let's track the information flow: Aiden moves the cabbage from the green_box to the green_envelope, and Aiden likes the blue_bucket. Since Aiden knows the last position of the cabbage (green_box) and he likes the blue_bucket, Aiden would think the cabbage is in the blue_bucket according to the sequence of events and his preferences. This points to option A. [[A",0,5,True,rationale_cot_3shot,,2
82c43780164754a6,3fd73bd62ad473d6,6d9b09ad84eab421,HiToM,high-order,Belief,High-Order False Beliefs (order=1),E,C,[[C]],0,5,True,rationale_cot_3shot,,2
8f1ab819b7540c84,bcfd5001b3c24b21,069d6bf79a4e6345,HiToM,high-order,Belief,High-Order False Beliefs (order=0),E,E,"Let's track the information provided in the story: The corn was initially in the green_crate (step 2), but later Sophia moved it to the blue_suitcase (step 10). Given this sequence, the corn is now in the blue_suitcase. This leads to the conclusion that the correct answer is E. [[E]]",1,5,True,rationale_cot_3shot,,2
02d16810e07415bf,c86693b84d014cd4,e4098d3fb59c9280,HiToM,high-order,Belief,High-Order False Beliefs (order=1),C,A,[[A]],0,5,True,rationale_cot_3shot,,2
3336b73394aefd62,145ec04e6f69e5e0,7a78e9b46fa17522,HiToM,high-order,Belief,High-Order False Beliefs (order=3),C,C,[[C]],1,5,True,rationale_cot_3shot,,2
c3a324cadd05b6aa,bf9d63f730e03da2,4aa00b5a74337bd4,HiToM,high-order,Belief,High-Order False Beliefs (order=2),E,C,"Let's track the movements of the cucumber: Ava initially sees the cucumber in the green_treasure_chest. Then, Evelyn moves the cucumber to the red_envelope. Ava thinks this because she saw Evelyn move the cucumber. Therefore, Ava thinks that Evelyn thinks the cucumber is in the red_envelope. The correct answer is C. [[C]]",0,5,True,rationale_cot_3shot,,2
968f6b26e6a56e2f,ee5a4ab1813999a5,a4d5aad396162e9f,HiToM,high-order,Belief,High-Order False Beliefs (order=4),A,A,[[A]],1,5,True,rationale_cot_3shot,,2
4f91547713619483,8b7ac9dd39c774bb,9fd1174378051a9c,HiToM,high-order,Belief,High-Order False Beliefs (order=0),B,B,"Let's track the information provided in the story: onions were moved from the red_crate to the green_bucket, but later moved back to the red_crate. The final position of the onion is determined by the last movement described, which is moving the onion to the red_crate. This points to option B. [[B]]",1,5,True,rationale_cot_3shot,,2
d0508fcd92a8211d,47dfaf47364b85bc,e0f1d854fff2eff8,HiToM,high-order,Belief,High-Order False Beliefs (order=3),D,D,[[D]],1,5,True,rationale_cot_3shot,,2
dc26271a1fa933c6,7fa52c941aff2249,8b5d645c389196bf,HiToM,high-order,Belief,High-Order False Beliefs (order=3),C,C,[[C]],1,5,True,rationale_cot_3shot,,2
a1e82dae650d35fa,8ea33482e195958c,120a5f2c70c4086d,HiToM,high-order,Belief,High-Order False Beliefs (order=3),A,C,[[C]],0,5,True,rationale_cot_3shot,,2
176e1a0686202955,dd9fbe8289bc3f82,565f3cce1257f2d0,HiToM,high-order,Belief,High-Order False Beliefs (order=1),D,D,[[D]],1,5,True,rationale_cot_3shot,,2
6a876cd29bae6de1,f3ca58cf92cb5521,168a9ace8c03696f,HiToM,high-order,Belief,High-Order False Beliefs (order=0),C,C,[[C]],1,5,True,rationale_cot_3shot,,2
612664d07dd6dc5f,ed203cd62a246238,8b5d645c389196bf,HiToM,high-order,Belief,High-Order False Beliefs (order=4),D,C,C [[C]],0,5,True,rationale_cot_3shot,,2
98cd0483bf65f6b2,0a7c5b099a86aed7,cdf26945b5aa6009,HiToM,high-order,Belief,High-Order False Beliefs (order=0),C,C,[[C]],1,5,True,rationale_cot_3shot,,2
af57af05403e2a70,4500ab79928d29a9,9401c4c2e0bf810d,HiToM,high-order,Belief,High-Order False Beliefs (order=0),E,C,[[C]],0,5,True,rationale_cot_3shot,,2
ad6eae469a14bcf7,c07b4b1407f7ad1b,01d232b9e9be5571,HiToM,high-order,Belief,High-Order False Beliefs (order=4),A,D,[[D]],0,5,True,rationale_cot_3shot,,2
b9c332d0d22c5f1e,a3c0db7192186b41,0ff11fc1bd7f7b52,HiToM,high-order,Belief,High-Order False Beliefs (order=1),E,E,"Let's track the sequence of events and the movements of the lime: Abigail moved the lime to the green_envelope (line 13). This means Abigail herself placed the lime in the green_envelope. Therefore, Abigail thinks the lime is in the green_envelope. The correct answer is E. [[E]]",1,5,True,rationale_cot_3shot,,2
cfd84230a419dc69,61d5378069f5c4ab,e574e3d2d3860754,HiToM,high-order,Belief,High-Order False Beliefs (order=3),C,C,[[C]],1,5,True,rationale_cot_3shot,,2
67aad3778a654aa7,7ff1fd4e9f35a860,fb6e6943535ff288,HiToM,high-order,Belief,High-Order False Beliefs (order=1),E,D,[[D]],0,5,True,rationale_cot_3shot,,2
801b6027220b9129,522b07f898a74cf8,0d21f61fa116ccd8,HiToM,high-order,Belief,High-Order False Beliefs (order=1),A,C,[[C]],0,5,True,rationale_cot_3shot,,2
c5710d8367ca4d1b,a26661d76343c510,768c8aaf2fee2d01,HiToM,high-order,Belief,High-Order False Beliefs (order=1),A,A,[[A]],1,5,True,rationale_cot_3shot,,2
d2c90da87f09627d,c742e99bf7712db3,4aa2c7960a774ac5,HiToM,high-order,Belief,High-Order False Beliefs (order=2),C,C,C [[C]],1,5,True,rationale_cot_3shot,,2
e2f0a8ddbfe9c434,7f852e6017493fc3,c54f381665e0e370,HiToM,high-order,Belief,High-Order False Beliefs (order=1),C,C,"Let's reason step by step: We need to focus on the sequence of events involving the spinach. Avery moves the spinach to the blue_container (line 3) and stays in the kitchen for 1 minute (line 6). Thereafter, Avery does not move the spinach again. This indicates that Avery believes the spinach is still in the blue_container. This points to option C. [[C",1,5,True,rationale_cot_3shot,,2
e0b169f65caf0b73,ca8084a1d2f5cab0,efb1214091bf3e23,HiToM,high-order,Belief,High-Order False Beliefs (order=3),B,B,[[B]],1,5,True,rationale_cot_3shot,,2
9d64946eb06b8ba7,a93f8c6beadc41e0,6bcbef17f455d6a9,HiToM,high-order,Belief,High-Order False Beliefs (order=3),A,B,[[B]],0,5,True,rationale_cot_3shot,,2
387aa66fbb26143b,091d8baa70f4e59f,0d352c6eaf88273a,HiToM,high-order,Belief,High-Order False Beliefs (order=4),C,C,[[C]],1,5,True,rationale_cot_3shot,,2
f88097214dcb6649,681b3a62ef706208,5ad4771330f6d096,HiToM,high-order,Belief,High-Order False Beliefs (order=2),D,D,[[D]],1,5,True,rationale_cot_3shot,,2
89aee7bd5968bfcb,14d221b7815dc0ed,9c91c29d4de0cb67,HiToM,high-order,Belief,High-Order False Beliefs (order=3),B,B,[[B]],1,5,True,rationale_cot_3shot,,2
d599daba3ade6adb,79527e18270bd9da,a581268301ce9a7b,HiToM,high-order,Belief,High-Order False Beliefs (order=1),B,E,"Let's track the changes in the onion's location throughout the story: onion → blue_bucket → red_bucket. Given the last statement, Mila thinks the onion is in the blue_bucket. However, the final step shows that Abigail moved the onion to the red_bucket, but this doesn't change Mila's belief based on the information he had. Therefore, the correct answer is E. [[",0,5,True,rationale_cot_3shot,,2
45ea2516ebebc85b,10e34ffa083c0f88,d254664a784101b2,HiToM,high-order,Belief,High-Order False Beliefs (order=3),A,A,[[A]],1,5,True,rationale_cot_3shot,,2
19c7ccc88a9850cc,8609bfefbcac93fe,21ab2d70b39cce03,HiToM,high-order,Belief,High-Order False Beliefs (order=2),B,B,[[B]],1,5,True,rationale_cot_3shot,,2
56ba0171bdcb8060,d871887a26721aaa,1dadaf03d619577c,HiToM,high-order,Belief,High-Order False Beliefs (order=3),C,C,[[C]],1,5,True,rationale_cot_3shot,,2
9008449fcbc37571,73387c6136920435,478d64d99312b67d,HiToM,high-order,Belief,High-Order False Beliefs (order=2),D,D,[[D]],1,5,True,rationale_cot_3shot,,2
fdbe754d0aa1b902,09497acc917d8150,f1b0380834ca8f90,HiToM,high-order,Belief,High-Order False Beliefs (order=1),D,D,[[D]],1,5,True,rationale_cot_3shot,,2
46fcf9a73846f8e3,bd17cd6507aa6f62,8b4b3e5482663f4c,HiToM,high-order,Belief,High-Order False Beliefs (order=4),A,A,[[A]],1,5,True,rationale_cot_3shot,,2
940d33b360e4695e,0960e66d80432ba6,a4d5aad396162e9f,HiToM,high-order,Belief,High-Order False Beliefs (order=2),C,C,[[C]],1,5,True,rationale_cot_3shot,,2
4c7e88e250005e47,dd316a360819486f,d25e95394c46689b,HiToM,high-order,Belief,High-Order False Beliefs (order=0),C,C,"Let's track the information provided in the story: The lettuce is initially in the blue_crate (step 2). Later, Alexander moves the lettuce to the blue_container (step 11). Given this sequence, the correct location of the lettuce is the blue_container. This points to option C. [[C]]",1,5,True,rationale_cot_3shot,,2
847edd6b357ec81e,d4b5f8313964d7a3,5bf4ad33ea4712fc,HiToM,high-order,Belief,High-Order False Beliefs (order=2),D,C,[[C]],0,5,True,rationale_cot_3shot,,2
876234125a28ffd7,9f443051c3f5d253,854f9173e1fe25f3,HiToM,high-order,Belief,High-Order False Beliefs (order=0),C,B,"Let's track the sequence of events and the movements of the peas: The peas start in the blue_suitcase (step 3), then Emily moves it to the red_basket (step 4). No other movements are mentioned for the peas. Therefore, the peas are now in the red_basket. This points to option B. [[B]]",0,5,True,rationale_cot_3shot,,2
7eadd78ca556b6b3,9184ad2bea1ad5d7,4aa2c7960a774ac5,HiToM,high-order,Belief,High-Order False Beliefs (order=3),D,D,[[D]],1,5,True,rationale_cot_3shot,,2
d3581953e163f81f,a00b9dbe69b664cd,cdf26945b5aa6009,HiToM,high-order,Belief,High-Order False Beliefs (order=4),D,D,[[D]],1,5,True,rationale_cot_3shot,,2
7bea5beb4f1488bb,ab5779d70c878813,7d37de63aebf0058,HiToM,high-order,Belief,High-Order False Beliefs (order=0),C,C,"Let's track the information provided in the story: Initially, the green_pepper is in the red_drawer (line 2). However, Logan moves it to the blue_crate (line 9). No other location for the green_pepper is mentioned later in the story. Therefore, the correct answer is C. [[C]]",1,5,True,rationale_cot_3shot,,2
1f7a18c2e5417554,2fbe5e52afdb79e1,3b2c235d8472dc41,HiToM,high-order,Belief,High-Order False Beliefs (order=0),C,C,"Let's track the information provided in the story: The asparagus is explicitly stated to be in the ""green_bottle"". This directly points to option C. [[C]]",1,5,True,rationale_cot_3shot,,2
f62524c29064d601,43c7b9126e25366a,d254664a784101b2,HiToM,high-order,Belief,High-Order False Beliefs (order=2),E,C,C [[C]],0,5,True,rationale_cot_3shot,,2
f5788e705ec1041a,cea1125d53c7f3b9,a175944f008c8dba,HiToM,high-order,Belief,High-Order False Beliefs (order=4),D,A,[[A]],0,5,True,rationale_cot_3shot,,2
fb84556b1eb570bf,818f3fdca47c8dc7,d94a888343731141,HiToM,high-order,Belief,High-Order False Beliefs (order=0),D,D,[[D]],1,5,True,rationale_cot_3shot,,2
48a736846513e751,e67716a7e5a07626,2efcb28232e3d353,HiToM,high-order,Belief,High-Order False Beliefs (order=2),E,C,[[C]],0,5,True,rationale_cot_3shot,,2
3ad41c847171d60a,d7d6fd6d8d476b12,dcc6219ae3ff38a1,HiToM,high-order,Belief,High-Order False Beliefs (order=3),D,D,[[D]],1,5,True,rationale_cot_3shot,,2
a856862dd6ed51e9,48869ad3aad20763,5d25c021d5c81748,HiToM,high-order,Belief,High-Order False Beliefs (order=0),A,C,"Let's track the sequence of events involving the potato: The potato was initially in the blue_drawer (step 2). Then, it was moved to the red_basket (step 7) by Mila. No other location for the potato is mentioned after this. Therefore, the correct answer is:

[[C]]",0,5,True,rationale_cot_3shot,,2
ceeca6ab2efae1d8,698dbabef1768d44,9809da73ea3dd0b5,HiToM,high-order,Belief,High-Order False Beliefs (order=4),C,C,"Let's track the information flow: Amelia moves the cherry to the green_basket (36), then claims it is in the green_basket (37). Logan tells Amelia that the cherry is in the blue_container (39). Therefore, Amelia thinks Logan thinks Ava thinks William thinks the cherry is in the blue_container. This points to option C. [[C]]",1,5,True,rationale_cot_3shot,,2
d03b300c342bcc1e,e0287f5cd702810a,dcc6219ae3ff38a1,HiToM,high-order,Belief,High-Order False Beliefs (order=4),B,B,[[B]],1,5,True,rationale_cot_3shot,,2
ab67520ec18b73fd,b04e496f7024aa25,956ee8c9f503c9ce,HiToM,high-order,Belief,High-Order False Beliefs (order=2),D,C,[[C]],0,5,True,rationale_cot_3shot,,2
8ba95a80a740b6f3,eac06b8697605773,5ad3fc64474e6111,HiToM,high-order,Belief,High-Order False Beliefs (order=0),A,C,C [[C]],0,5,True,rationale_cot_3shot,,2
0228548e5fd1a717,8cbbf40c28d3ba21,dcdcddd5f37214fe,HiToM,high-order,Belief,High-Order False Beliefs (order=2),E,C,"Let's reason step by step: I track who has access to which information in the story, then check what the relevant character would infer given only what they observed. This points to option C. [[C]]",0,5,True,rationale_cot_3shot,,2
f3d175402ea22e3c,48f47728a1ebd718,f63db42624a734d6,HiToM,high-order,Belief,High-Order False Beliefs (order=3),B,B,[[B]],1,5,True,rationale_cot_3shot,,2
8d6dcf829df80340,62c4b93d8d13dfbe,73cdb3e3c3cd01b1,HiToM,high-order,Belief,High-Order False Beliefs (order=4),A,C,[[C]],0,5,True,rationale_cot_3shot,,2
c3115247dadb3b9f,99902e7d660bdcc0,45bacf572038e7ad,HiToM,high-order,Belief,High-Order False Beliefs (order=3),D,B,[[B]],0,5,True,rationale_cot_3shot,,2
c9094eb0c23e7ec1,90dc59133caba308,0c46504cc02b0489,HiToM,high-order,Belief,High-Order False Beliefs (order=1),B,B,[[B]],1,5,True,rationale_cot_3shot,,2
2331cbdb6f20a61e,501172f62e0a2e48,6f3b261e30122139,HiToM,high-order,Belief,High-Order False Beliefs (order=0),D,D,[[D]],1,5,True,rationale_cot_3shot,,2
1a93a71646a18689,24c63c1f8247e34e,47f4e2864b147f66,HiToM,high-order,Belief,High-Order False Beliefs (order=3),B,B,[[B]],1,5,True,rationale_cot_3shot,,2
c067eb703c6a64f7,989db1375623d1dd,dc41bc5c46ce363d,HiToM,high-order,Belief,High-Order False Beliefs (order=0),A,A,[[A]],1,5,True,rationale_cot_3shot,,2
b9a4c4d30daa0201,c2485788fe9749f6,f1448650324f79f7,HiToM,high-order,Belief,High-Order False Beliefs (order=0),E,D,"Let's track the sequence of events involving the sweet_potato: It starts in the green_bottle (line 2), then moves to the blue_bucket (line 9) by Aiden. Finally, it is moved back to the green_bottle (line 11). Given these steps, the correct location of the sweet_potato is the blue_bucket. [[D]]",0,5,True,rationale_cot_3shot,,2
2aae9eb2bf9622a1,de10e0904a0b3678,2f4be7cf5a314587,HiToM,high-order,Belief,High-Order False Beliefs (order=1),E,C,[[C]],0,5,True,rationale_cot_3shot,,2
429defafe3bffe0e,39be9959633a726c,76ee2a602c04de26,HiToM,high-order,Belief,High-Order False Beliefs (order=1),E,D,[[D]],0,5,True,rationale_cot_3shot,,2
814880cf300647b5,5834dc15c5dd3459,20ee47184cbdd13f,HiToM,high-order,Belief,High-Order False Beliefs (order=4),A,B,[[B]],0,5,True,rationale_cot_3shot,,2
6c4d39ba7c4bc041,d2b824d8ec8393af,3aa33327cbeb5648,HiToM,high-order,Belief,High-Order False Beliefs (order=3),A,C,[[C]],0,5,True,rationale_cot_3shot,,2
e9a9ee10c933679b,e0e31c480c974ecb,f229ac1341d02475,HiToM,high-order,Belief,High-Order False Beliefs (order=3),E,A,[[A]],0,5,True,rationale_cot_3shot,,2
63ceb7ef7c83f665,c55dfba418556ae9,725d74f5e774999c,HiToM,high-order,Belief,High-Order False Beliefs (order=2),B,B,[[B]],1,5,True,rationale_cot_3shot,,2
19702bb1ca73b32e,d8e319ec6d8c8738,05038b4769b9d67e,HiToM,high-order,Belief,High-Order False Beliefs (order=4),E,C,[[C]],0,5,True,rationale_cot_3shot,,2
5ea2054e90165cf4,3ed146daeac9fb4f,2356694ad7aff450,HiToM,high-order,Belief,High-Order False Beliefs (order=1),A,C,"Let's track the changes in the location of the cabbage through the story: cabbage moves from the blue_bathtub to the blue_bottle. Therefore, Isla, who last saw the cabbage in the blue_bathtub, would think it is still there. This points to option C. [[C]]",0,5,True,rationale_cot_3shot,,2
0b2aac05432f2e4f,34d73eb1ad3dd7b7,c1f58a1886914379,HiToM,high-order,Belief,High-Order False Beliefs (order=2),D,C,"Let's track the sequence of events: Ava moves the melon to the green_basket, then Liam moves it to the red_bottle. Since William did not move the melon, he would think it is where it was last seen, which is the red_bottle. However, the question asks where Mila thinks William thinks the melon is, and since Mila did not move the melon, she would think it is where it was last seen, which is the red_bottle. This points to option C. [[C]]",0,5,True,rationale_cot_3shot,,2
6abe9dd9a3dd96c8,6c1314a4b4027d9e,d3adc9f5b9b1b884,HiToM,high-order,Belief,High-Order False Beliefs (order=4),A,D,"Let's track the sequence of events and the movements of the turnip: 
- Initially, the turnip is in the red_basket (line 2).
- Then, it is moved to the green_pantry (line 10) by Elizabeth.
- Next, it is moved to the red_envelope (line 12) by Noah.
Given these steps, we can infer that Logan, who last saw the turnip in the red_envelope, would think that Noah thinks that Lily thinks that Hannah thinks the turnip is in the red_envelope. Therefore, the correct answer is:

[[D]]",0,5,True,rationale_cot_3shot,,2
a48baf57fff4da2a,3247c8b9afcdb8c2,8926d6ab2616e003,HiToM,high-order,Belief,High-Order False Beliefs (order=0),E,E,"Let's track the movement of the sweet_potato through the story: 
- It starts in the red_container.
- Then it moves to the blue_cupboard (by Ava).
- Next, it moves to the green_drawer (by Charlotte).
- Finally, it returns to the red_container (by William).

Given these steps, the final location of the sweet_potato is the red_container. [[E]]",1,5,True,rationale_cot_3shot,,2
b439a3d4dfb8a110,4f2c13a5597ce70b,54a610f5fa80a582,HiToM,high-order,Belief,High-Order False Beliefs (order=3),C,C,Let's reason step by step: I track the sequence of events and the movements of the characters. This points to option C. [[C]],1,5,True,rationale_cot_3shot,,2
fca95bbe751914bc,37798940d12903ec,ca7a4db3a6fc38e6,HiToM,high-order,Belief,High-Order False Beliefs (order=3),D,C,"Let's track the sequence of events and actions: Isabella moves the tomato to the green_box, and she exits the bedroom. Then, Elizabeth moves the tomato to the blue_container, and she also exits the bedroom. Next, Hannah stays in the bedroom for 1 minute and makes no movements. Finally, Jacob exits the bedroom thinking the tomato is in the green_box (where Isabella left it) and the blue_container (where Elizabeth moved it). Therefore, Isabella thinks that Jacob thinks that the tomato is in the green_box. The answer is C. [[C]]",0,5,True,rationale_cot_3shot,,2
0e9cb06b0a185e49,409c97a541336da3,44dc96355277f91f,HiToM,high-order,Belief,High-Order False Beliefs (order=4),D,D,"Let's track the movement of the pear: 
- Initially, the pear is in the red_box (line 2).
- Then, Charlotte moves the pear to the red_bucket (line 7).

Given this sequence, we can infer that William would think that Ava thinks that Alexander thinks that Charlotte thinks the pear is in the red_bucket. However, since the options provided do not include ""red_bucket,"" and considering the closest option, it would be:

The correct answer is E. red_container. [[D]]",1,5,True,rationale_cot_3shot,,2
80d3d291740c1cba,963caec914171074,acb6e40d7488d6f4,HiToM,high-order,Belief,High-Order False Beliefs (order=2),A,A,"Let's track the information flow: Mila moves the turnip to the blue_cupboard and exits the sunroom. Owen thinks the turnip is in the blue_cupboard based on what Mila did. However, the question asks where Mila thinks Owen thinks the turnip is. Since Mila did not communicate this to anyone, we can only infer from what Mila did. Therefore, Mila thinks Owen thinks the turnip is in the blue_cupboard. Given the options, the correct answer is:

[[A]]",1,5,True,rationale_cot_3shot,,2
cfb7b4b519ff131e,2549b77ab18ef1ad,0ff11fc1bd7f7b52,HiToM,high-order,Belief,High-Order False Beliefs (order=0),B,B,"Let's track the sequence of events and the movements of the lime: The lime was initially in the green_envelope (step 2). Emily moved it to the blue_pantry (step 3), but then Abigail moved it back to the green_envelope (step 13). Given the last movement, the lime is back in the green_envelope. This points to option B. [[B]]",1,5,True,rationale_cot_3shot,,2
d554586cd63a9196,5f85f629ce307d78,95a8f6ba344f742b,HiToM,high-order,Belief,High-Order False Beliefs (order=3),E,B,"Let's track the information flow: Jacob thinks Isabella thinks Owen thinks the orange is in the blue_bucket (line 16). Isabella then moves the orange to the blue_bucket (line 24), but before she exits the laundry, she tells Hannah that the orange is in the red_container (line 22). Therefore, Jacob thinks Isabella thinks Owen thinks the orange is in the red_container. However, the final position of the orange is in the blue_bucket (line 35). Given the question asks about Jacob's thinking, the correct answer based on the sequence of events is B. [[B]]",0,5,True,rationale_cot_3shot,,2
2f1c0c25ff54a58c,d28908e248f6f99e,2e34bb1cecde66d2,HiToM,high-order,Belief,High-Order False Beliefs (order=4),B,B,"Let's track the information flow: Initially, the green_pepper is in the blue_crate. Then, Alexander moves it to the blue_suitcase. Next, Hannah tells Alexander that the green_pepper is in the blue_crate. Finally, Hannah tells Abigail that the green_pepper is in the blue_crate. Therefore, Abigail thinks that the green_pepper is in the blue_crate. The correct answer is E. blue_treasure_chest. However, since this is not an option, the closest answer is B. blue_suitcase. [[B]]",1,5,True,rationale_cot_3shot,,2
a4b1099a41528425,0a2cab1057df5814,ed45d07cce932a5b,HiToM,high-order,Belief,High-Order False Beliefs (order=4),B,B,"Based on the story provided, we can trace backwards the last known position of the potato. According to the story, Jacob moved the potato to the green_cupboard, and later, Jacob publicly claimed that the potato was in the blue_bathtub. However, Alexander privately told Jacob that the potato is in the blue_bottle, but this information is not relevant to the current question. Therefore, Jackson would think that the potato is in the blue_bathtub based on Jacob's public claim. Thus, the answer is B. [[B]]",1,5,True,rationale_cot_3shot,,2
36623600edb835d0,d0e407800ea6a9d7,231ccaea7aba2907,HiToM,high-order,Belief,High-Order False Beliefs (order=1),E,D,[[D]],0,5,True,rationale_cot_3shot,,2
f57c51455bb06f94,90dfe2ffa9b2fd43,d38b045f505942c2,HiToM,high-order,Belief,High-Order False Beliefs (order=0),B,E,"Let's track the information flow: Initially, the carrot is in the red_basket (line 3). Then, Noah moves the carrot to the green_envelope (line 12). However, Charlotte later claims that the carrot is in the green_envelope (line 17), but privately tells Hannah that it is in the blue_container (line 15). Since Charlotte is the last to have seen the carrot in its current location, and she is the one who corrected the initial claim, we can infer that the carrot is now in the blue_container. 

This leads us to the correct answer being E. [[E]]",0,5,True,rationale_cot_3shot,,2
df7410ba6cd41a04,9ca5d602b8ebbc75,837d5f7726e81360,HiToM,high-order,Belief,High-Order False Beliefs (order=2),B,B,"Let's track the sequence of events: Amelia moves the persimmon from the blue_pantry to the green_drawer, and she privately tells Ella that the persimmon is in the red_box. Since the question asks where Amelia thinks Owen thinks the persimmon is, we need to consider the last known position of the persimmon before Amelia's private conversation with Ella. This means the persimmon was last seen in the blue_pantry. Therefore, Amelia thinks Owen thinks the persimmon is in the blue_pantry. The correct answer is B. [[B]]",1,5,True,rationale_cot_3shot,,2
185134b93988f440,ebb820729620ddcc,88e6d5d9710a204e,HiToM,high-order,Belief,High-Order False Beliefs (order=2),D,D,"Let's track the movements of the peas: Noah moves the peas to the green_crate (line 6), then Benjamin stays in the workshop for 1 minute (line 13) without moving the peas. Finally, Noah moves the peas to the blue_crate (line 10). Since Benjamin did not move the peas, he would think they are still in the green_crate. This points to option D. [[D]]",1,5,True,rationale_cot_3shot,,2
2f5c9021c11a85c9,319d71b52662d90b,f229ac1341d02475,HiToM,high-order,Belief,High-Order False Beliefs (order=2),D,D,"Let's track the movements and final positions of the lettuce: The lettuce was initially in the green_pantry (step 2). It was moved by William to the blue_cupboard (step 3), then by Charlotte to the blue_bathtub (step 7). Charlotte then moved it back to the green_pantry (step 11). Therefore, Charlotte thinks the lettuce is in the blue_bathtub. However, since the question asks where Isla thinks the lettuce is, and Isla last moved the lettuce to the green_pantry, the answer would be the initial location based on the sequence of events. Thus, the answer is D. [[D]]",1,5,True,rationale_cot_3shot,,2
e67ba18d86196bba,4409d2462a68a65c,6a42d21f1606cae7,HiToM,high-order,Belief,High-Order False Beliefs (order=2),B,C,"Let's track the information flow: Noah moves the carrot to the blue_suitcase, but he doesn't know where Benjamin thinks it is. Benjamin moves the carrot to the blue_drawer, but he doesn't know where Noah thinks it is. Noah publicly claims that the beans are in the blue_bottle, but this doesn't affect his thinking about the carrot. Benjamin thinks the carrot is in the blue_drawer. Therefore, Noah thinks Benjamin thinks the carrot is in the blue_drawer. However, since the question asks where Noah thinks Benjamin thinks the carrot is, and based on the last statement, the correct answer is:

[[C]]",0,5,True,rationale_cot_3shot,,2
02683735d6251a67,eb7e61dc49187a79,bc0c8b98534ae607,HiToM,high-order,Belief,High-Order False Beliefs (order=2),D,D,"Let's track the information about the melon's movement: 
- The melon was initially in the blue_container.
- Evelyn moved the melon to the green_treasure_chest.
- Nathan moved the melon to the blue_treasure_chest.
Lily saw Nathan move the melon to the blue_treasure_chest, but she did not witness this move. Therefore, based on the information provided, Lily would think that Nathan thinks the melon is in the blue_treasure_chest. The correct answer is D. [[D]]",1,5,True,rationale_cot_3shot,,2
9129452c29d5d3a1,81e0993cd4344dee,18f475623b94946f,HiToM,high-order,Belief,High-Order False Beliefs (order=3),B,D,"Let's track the information flow: Evelyn initially thinks the sweet_potato is in the red_crate (from lines 9-10). However, she later claims it is in the blue_container (line 23). Since Evelyn is the last to provide an updated location, we should consider her final statement. Hannah, when she was in the cellar, thought the sweet_potato was in the red_drawer (lines 3-6), but this is before Evelyn's correction. Therefore, the answer is based on Evelyn's final statement. This points to option D. [[D]]",0,5,True,rationale_cot_3shot,,2
16e511a0dd74db33,4c7e0c772b9cce3f,620effcda3924595,HiToM,high-order,Belief,High-Order False Beliefs (order=3),C,C,"Based on the story provided, Elizabeth doesn't know about the location of the asparagus. She only knows that Sophia said the asparagus is in the red_crate. Since Elizabeth trusts Sophia, she would think that Logan thinks the asparagus is in the red_crate. However, since the question asks where Elizabeth thinks Sophia thinks Logan thinks the asparagus is, and Elizabeth herself doesn't know the exact location, the closest answer based on the information given is the one that reflects the last known statement from Sophia. Therefore, the answer is C. [[C]]",1,5,True,rationale_cot_3shot,,2
e9674c5a17e98a59,0ba568d2c193b18f,852b2535a575b572,HiToM,high-order,Belief,High-Order False Beliefs (order=0),E,E,"Let's track the sequence of events and the final state of the corn's location:
- Initially, the corn is in the red_basket (line 2).
- Hannah moves the corn to the green_bathtub (line 3), but this action is reversed by line 13 when Avery moves the corn back to the red_basket (line 13).
- Finally, the corn ends up in the red_basket again (line 18).

Given these steps, the final location of the corn is the red_basket. This points to option E. [[E]]",1,5,True,rationale_cot_3shot,,2
3873f6425864d6e2,0d3c6a6688b893a4,89e8be171289a11f,HiToM,high-order,Belief,High-Order False Beliefs (order=1),E,C,"Let's track the movements of the tangerine in the story: The tangerine was initially in the green_bottle (line 2), then moved to the blue_treasure_chest (line 3) by Liam, then to the green_bathtub (line 5) by Jackson, then to the red_bucket (line 12) by Benjamin, and finally to the red_drawer (line 20) by Liam. Given these steps, Benjamin would still think the tangerine is in the red_bucket. 

The correct answer is: [[C]]",0,5,True,rationale_cot_3shot,,2
f11a3141b4da3e90,4de8d438a3e52b25,620effcda3924595,HiToM,high-order,Belief,High-Order False Beliefs (order=2),C,D,"Let's track the information provided in the story: Sophia publicly claims that the asparagus is in the red_crate. Logan privately tells Hannah that the asparagus is in the blue_drawer. Since Sophia thinks that Logan thinks the asparagus is in the blue_drawer, the correct answer is:

[[D]]",0,5,True,rationale_cot_3shot,,2
0c89d4992c979911,ecd0f96599d6d8eb,7abd4268111027de,HiToM,high-order,Belief,High-Order False Beliefs (order=1),C,C,C [[C]],1,5,True,rationale_cot_3shot,,2
db3a94f5351bcf33,a379b718f6a1e4c1,dcdcddd5f37214fe,HiToM,high-order,Belief,High-Order False Beliefs (order=3),A,D,Let's reason step by step: I track the sequence of events and the statements made by each person. This points to option D. [[D]],0,5,True,rationale_cot_3shot,,2
0ff8c32773f4e0a3,9af2c6142c8d7acc,e4efb7bd2ff41671,HiToM,high-order,Belief,High-Order False Beliefs (order=2),D,D,"Based on the story provided, the logical inference is that Owen moved the onion from the red_drawer to the red_bottle, and then Emily moved it to the red_crate. Since Owen told Emily that the onion is in the blue_crate, we can deduce that Owen thinks the onion is in the blue_crate. Therefore, the answer is D. [[D]]",1,5,True,rationale_cot_3shot,,2
eebed8c1bf8300b6,09a992e9bf96701b,d25e95394c46689b,HiToM,high-order,Belief,High-Order False Beliefs (order=4),D,D,"Based on the story provided, we know that the lettuce was initially in the blue_crate. Alexander moved the lettuce to the blue_container, but the lettuce itself is still in the blue_crate. Therefore, Avery would think that Mila, Liam, and Emma all think that the lettuce is in the blue_crate. The correct answer is [[D]].",1,5,True,rationale_cot_3shot,,2
a459d0052e522589,0697df439043566e,6228e677c50dd0e2,HiToM,high-order,Belief,High-Order False Beliefs (order=1),D,C,"Let's track the information about the peas' location throughout the story: 
- Initially, the peas are in the green_basket (line 2).
- Then, Hannah moves the peas to the blue_bathtub (line 9).
- Next, Hannah moves the peas to the blue_cupboard (line 10).
- Finally, Hannah moves the peas to the red_envelope (line 11).

Given these steps, the last known location of the peas is the blue_cupboard. Therefore, Hannah thinks the peas are in the blue_cupboard. The correct answer is [[C]].",0,5,True,rationale_cot_3shot,,2
942122171aa0907e,a3d8dd1d747464c1,fec06a7f4a591883,HiToM,high-order,Belief,High-Order False Beliefs (order=2),C,C,[[C]],1,5,True,rationale_cot_3shot,,2
a7be1d628c1e999b,5330e331baa4cf1a,0f1a26cb4a00ca8c,HiToM,high-order,Belief,High-Order False Beliefs (order=0),B,B,"Let's track the sequence of events involving the lime: the lime was first moved from the blue crate to the green pantry by Elizabeth, then moved back to the blue crate by Elizabeth. Finally, it was moved to the red basket by Owen. Given these steps, the final location of the lime is the red basket. However, since the question asks for the initial and final locations, we consider the last known position before it was moved again. This points to option B. [[B]]",1,5,True,rationale_cot_3shot,,2
871c532860c7fb17,eb04b1780f9da28e,c7edfae8a8ada7e7,HiToM,high-order,Belief,High-Order False Beliefs (order=3),A,C,"Let's track the sequence of events and focus on Nathan's last actions: Nathan, Isabella, William, Chloe, and Elizabeth entered the basement. William moved the peach to the green_bathtub. Nathan exited the basement. This means Nathan did not witness the peach being moved to the green_bathtub. Therefore, Nathan would think that the peach is still in the red_basket based on the last known position before he left. This points to option C. [[C]]",0,5,True,rationale_cot_3shot,,2
103389d0d659a00c,cb47f17895eac877,62a7a95b96330d17,HiToM,high-order,Belief,High-Order False Beliefs (order=3),B,B,"Based on the story provided, Mila hears from Avery that Jackson thinks the cherry is in the green_bucket. Since Benjamin believes that Jackson thinks the cherry is in the green_bucket, Mila will think that Benjamin thinks Jackson thinks the cherry is in the green_bucket. However, since the options provided do not include ""green_bucket,"" the closest logical answer based on the given options is:

[[B]]",1,5,True,rationale_cot_3shot,,2
ee41482c0e2f2893,da2a05be3dc4a70f,2d80d12af4bbccd6,HiToM,high-order,Belief,High-Order False Beliefs (order=2),A,A,"Let's track the sequence of events: Nathan moved the cherry to the blue_suitcase (11). Then, Isla moved the cherry to the red_bottle (7), but before that, Nathan was in the sunroom and Isla was in the laundry. Since the question asks about what William thinks Nathan thinks, we need to consider the last time William saw Nathan, which was when he saw a cat (13). At this point, Nathan had already moved the cherry to the blue_suitcase. Therefore, William would think that Nathan thinks the cherry is in the blue_suitcase. The correct answer is A. [[A]]",1,5,True,rationale_cot_3shot,,2
f34aa4fb060b6d2f,2a7b8795d9cf6f76,ed45d07cce932a5b,HiToM,high-order,Belief,High-Order False Beliefs (order=1),A,A,"Based on the story provided, Carter was the first to move the potato from the blue_bathtub to the blue_pantry. Since Carter did not move the potato again and left the study, he would likely still believe the potato is in the blue_bathtub. Therefore, the answer is A. [[A]]",1,5,True,rationale_cot_3shot,,2
e10e9060045cefdd,835e55c38273b5c2,fe1eac4cd8d06711,HiToM,high-order,Belief,High-Order False Beliefs (order=0),C,C,"Let's track the sequence of events involving the tomato: The tomato was initially in the blue_container (line 2). It was then moved by Sophia to the blue_cupboard (line 3), and later by Jackson to the blue_crate (line 4). Finally, Nathan moved it back to the blue_container (line 11). Given these steps, the tomato ends up in the blue_container. However, the last known position before the story shifts to other items is the blue_container. Therefore, the correct answer is C. [[C]]",1,5,True,rationale_cot_3shot,,2
3bf7ed9c29671e39,35505c42f94db0ff,bf6c56536c18452d,HiToM,high-order,Belief,High-Order False Beliefs (order=4),C,C,[[C]],1,5,True,rationale_cot_3shot,,2
6912130e35fbfc8b,781579da7417dd08,0f1a26cb4a00ca8c,HiToM,high-order,Belief,High-Order False Beliefs (order=2),C,E,"Let's track the sequence of events involving the lime and Elizabeth's thoughts: Alexander moved the lime to the red_box (31), then moved it to the red_drawer (33). Elizabeth moved the lime from the red_box to the green_box (26). Since Elizabeth moved the lime, she would logically think it was last in the red_box. However, Alexander thinks the lime is in the red_drawer. Given the question asks where Alexander thinks Elizabeth thinks the lime is, the answer should be the location Elizabeth thought the lime was last. This points to option E. [[E]]",0,5,True,rationale_cot_3shot,,2
1816d74f6326251e,cb66e452ed552c01,706529863f27499d,HiToM,high-order,Belief,High-Order False Beliefs (order=3),A,C,"Based on the story provided, Carter moved the peas from the green_treasure_chest to the green_bucket. Amelia moved the peas from the green_bucket to the blue_cupboard. Isla did not move the peas; she stayed in the staircase for 1 minute. Therefore, Carter would think that Amelia thinks Isla thinks the peas is in the blue_cupboard. The answer is [[C]].",0,5,True,rationale_cot_3shot,,2
0cbb31b189025ff8,6b613d2683e9d395,dcdcddd5f37214fe,HiToM,high-order,Belief,High-Order False Beliefs (order=4),A,A,"Let's track the information flow: William says the cabbage is in the green_bucket. Aiden says the cabbage is in the green_bucket (privately to Avery). Avery says the cabbage is in the green_crate. Carter says the cabbage is in the green_bucket. Therefore, according to the last statement, William thinks Aiden thinks Avery thinks Carter thinks the cabbage is in the green_bucket. This points to option A. [[A]]",1,5,True,rationale_cot_3shot,,2
cceb7c9b48b82341,1493458206aa4a35,f56dffb1da04c8ac,HiToM,high-order,Belief,High-Order False Beliefs (order=2),A,B,"Let's track the movements of the lemon: The lemon was moved from the green_drawer to the blue_pantry by Jack, then to the blue_crate by Liam, and finally to the green_basket by Aiden. Since we need to find out where Nathan thinks Aiden thinks the lemon is, we focus on Aiden's last movement. Nathan moved the lemon to the green_basket. Given this sequence, Nathan would think that Aiden thinks the lemon is in the green_basket. However, since the options do not include ""green_basket,"" the closest logical answer based on the provided options is B. [[B]]",0,5,True,rationale_cot_3shot,,2
842df761771ed8e8,aa2037fe9a60ded6,efd5ac785e0e98e6,HiToM,high-order,Belief,High-Order False Beliefs (order=2),D,D,"Let's track the information provided in the story: Mila moved the spinach to the green_bucket. This means Mila knows the spinach is in the green_bucket. However, the question asks where Mila thinks Noah thinks the spinach is. Since Mila did not tell Noah about the spinach being moved, Mila would still think it is in the original location, which was the green_bucket. This points to option D. [[D]]",1,5,True,rationale_cot_3shot,,2
357124028a714f67,441814bea171d43e,6bf521ed2280ae3f,HiToM,high-order,Belief,High-Order False Beliefs (order=2),D,A,"Let's track the sequence of events involving the melon and Avery's actions: Avery saw the melon in the red_basket (line 6), then moved it to the blue_container (line 21). Since Avery moved the melon from the red_basket to the blue_container, it implies that at the moment he saw the melon, he thought it was still in the red_basket. Therefore, the correct answer is A. [[A]]",0,5,True,rationale_cot_3shot,,2
82d95f7c6ff9af6d,3f157921d9d3b538,2e34bb1cecde66d2,HiToM,high-order,Belief,High-Order False Beliefs (order=3),A,B,[[B]],0,5,True,rationale_cot_3shot,,2
5506af88e4d9c595,db8d1bdce9daa823,a4976a8a03fa27a0,HiToM,high-order,Belief,High-Order False Beliefs (order=2),E,D,"Let's track the information provided in the story. We see that Benjamin moved the green_pepper from the red_basket to the green_bathtub. Then, Benjamin moved the grapes from the red_bottle to the green_bathtub. There is no mention of Benjamin thinking about the location of the green_pepper again. However, based on the sequence, Emma was last seen in the dining room, and she did not move the green_pepper. Therefore, the most logical inference is that Emma still thinks the green_pepper is in the red_basket. 

The answer is [[D]].",0,5,True,rationale_cot_3shot,,2
ec563070152a097f,5d89716714feb306,7e155da5a5becbf9,HiToM,high-order,Belief,High-Order False Beliefs (order=4),A,D,"Based on the story, Emma told Owen that the watermelon is in the green_bucket. Then, Owen told Carter about this, so Carter knows it's in the green_bucket. Finally, William heard from Carter and was told it's in the green_bucket. Therefore, Emma thinks that Owen thinks that Carter thinks that William thinks the watermelon is in the green_bucket. However, since the options provided do not include ""green_bucket,"" the closest answer is:

[[D]]",0,5,True,rationale_cot_3shot,,2
af9bef3fd676688b,40e1e944a9806da5,26f6b2cfc620f8d7,HiToM,high-order,Belief,High-Order False Beliefs (order=0),E,E,"Let's track the sequence of events and the changes in the location of the spinach: spinach was initially in the green_drawer (line 2), then moved to the green_cupboard (line 31), then to the blue_treasure_chest (line 34). Given these steps, the final location of the spinach is the blue_treasure_chest. However, since this option is not available, the most likely real location based on the provided information is the blue_treasure_chest. [[E]]",1,5,True,rationale_cot_3shot,,2
51e347378b641299,70cb13389e7d0a11,8f5f23fd55bc31cf,HiToM,high-order,Belief,High-Order False Beliefs (order=0),E,E,"Let's track the movements of the corn through the story: The corn moves from the green_bottle to the red_envelope, then to the green_envelope, then to the green_drawer, then to the green_box, and finally to the green_bottle. Each time it moves, it ends up in the green_bottle. Given this sequence, the final location of the corn is the green_bottle. This points to option E. [[E]]",1,5,True,rationale_cot_3shot,,2
59a859ebe40b97ca,67a472275a5a806e,63a269b33e2b0c32,HiToM,high-order,Belief,High-Order False Beliefs (order=1),D,B,"Let's track the sequence of events and the changes in location of the lime: Amelia initially thinks the lime is in the green_bottle (line 15), but later she moves the beans to the green_pantry (line 38). Given this information, the most likely answer is B. [[B]]",0,5,True,rationale_cot_3shot,,2
9cf2b983d7f3e030,65ed38ee3d84a686,71113a34200bd6b3,HiToM,high-order,Belief,High-Order False Beliefs (order=4),D,D,"Based on the sequence of events, we can trace back the final position of the watermelon. The watermelon was moved by Mila to the red_box, then by Ava to the green_bottle. Since Evelyn saw the watermelon in the green_bottle, she would think that Jacob, who saw it in the green_bottle, would think that Ava, who saw it in the green_bottle, would think that Emily, who saw it in the green_bottle, would think it is in the green_bottle. Therefore, the answer is D. [[D]]",1,5,True,rationale_cot_3shot,,2
a8955f359987bef9,3914d800fadb31b4,54a610f5fa80a582,HiToM,high-order,Belief,High-Order False Beliefs (order=4),C,C,Let's reason step by step: I track the sequence of events and the changes in the location of the sweet_potato. This points to option C. [[C]],1,5,True,rationale_cot_3shot,,2
5752cacd537c522e,587626b39ca38f05,168a9ace8c03696f,HiToM,high-order,Belief,High-Order False Beliefs (order=2),C,C,[[C]],1,5,True,rationale_cot_3shot,,2
1869f734b19764cf,a836a9b558de5de2,54e3842a5d6d0436,HiToM,high-order,Belief,High-Order False Beliefs (order=2),D,A,"Let's track the movements of the carrot and the thoughts of the characters involved:

- Initially, the carrot is in the red_container (Step 2).
- Isabella moves the carrot to the blue_container (Step 3).
- Logan moves the carrot back to the red_container (Step 13).

Since Logan is the last to move the carrot, and he moved it back to the red_container, it implies that when Logan moved the carrot, he was thinking it was still in the red_container. 

Therefore, Evelyn, who thinks about William's thoughts, would think that the carrot is in the red_container because Logan moved it back there.

The correct answer is: [[A]]",0,5,True,rationale_cot_3shot,,2
e3cc8cdf785319ad,7357058c5fbc5b65,ed45d07cce932a5b,HiToM,high-order,Belief,High-Order False Beliefs (order=3),B,C,"Let's track the information flow: Jacob initially moves the potato to the blue_bathtub. Then, Jacob claims the potato is in the blue_bathtub. Next, Alexander tells Jacob that the potato is actually in the blue_bottle. Since Alexander is the last to enter the waiting room and he privately informed Jacob about the potato's location, he must have updated Jacob's belief. Therefore, Alexander thinks Jacob thinks the potato is in the blue_bottle. The correct answer is C. [[C]]",0,5,True,rationale_cot_3shot,,2
1e8f29c8d813dc4f,1af5601b9dd91db4,5265bd085505fef5,HiToM,high-order,Belief,High-Order False Beliefs (order=3),A,E,"Based on the story provided, Liam thinks that Avery thinks that Lily thinks the lemon is in the blue_bathtub. This can be inferred from the last part of the story: ""16 Avery privately told Abigail that the lemon is in the green_drawer."" and ""17 Liam privately told Noah that the lemon is in the blue_treasure_chest."" Since Liam told Noah that he believes the lemon is in the blue_treasure_chest, and Liam told Avery that he believes the lemon is in the green_drawer, we can deduce that Liam thinks Avery thinks Lily thinks the lemon is in the blue_bathtub. However, since this option is not available, the closest answer is E. [[E]]",0,5,True,rationale_cot_3shot,,2
25fa43d557b1c995,3ad18569856a994e,4aa00b5a74337bd4,HiToM,high-order,Belief,High-Order False Beliefs (order=0),A,A,"Let's track the sequence of events involving the cucumber: Ava moves it to the green_treasure_chest, then it is moved by Jacob to the same location. This means the cucumber was last seen in the green_treasure_chest. However, the cucumber is later moved by Evelyn to the red_envelope, and then by Charlotte to the red_crate. Finally, it is moved by Jacob to the green_treasure_chest again. Given these steps, the cucumber ends up in the green_treasure_chest. But since it was last seen in the green_treasure_chest by Jacob, and then moved back, the final position is the green_treasure_chest. This points to option A. [[",1,5,True,rationale_cot_3shot,,2
74995fe05526055a,b67e5c70d24e2704,798a08ce27805a27,HiToM,high-order,Belief,High-Order False Beliefs (order=3),A,E,"Based on the story, Jack moved the eggplant to the green_bathtub, and then Hannah moved it to the blue_cupboard. Therefore, Jack thinks that Hannah thinks that Noah thinks the eggplant is in the blue_cupboard. However, since this option is not provided, the closest answer from the given choices is E. [[E]]",0,5,True,rationale_cot_3shot,,2
1963c22dd93f29c7,9bb268a8b77daf72,c7edfae8a8ada7e7,HiToM,high-order,Belief,High-Order False Beliefs (order=2),C,D,"Let's track the information flow: We know that Isabella moved the peach from the red_basket to the red_box, and she informed William about this move. However, the question asks about Isabella's belief regarding Chloe's perception of the peach's location. Since the story doesn't provide any direct information about Isabella's communication with Chloe or Chloe's thoughts, we must infer based on the actions Isabella took. Given that Isabella moved the peach to the red_box and informed William, it's reasonable to assume she might have told Chloe about this move. Therefore, Isabella likely believes that Chloe thinks the peach is in the red_box. 

The most likely answer is D. [[D]]",0,5,True,rationale_cot_3shot,,2
7cebc76a7643fb1e,4c58126daae698a2,e6f553d574b98551,HiToM,high-order,Belief,High-Order False Beliefs (order=4),C,C,"Let's reason step by step: I track the sequence of events and the information shared between characters. Ella tells Jackson that the spinach is in the red_crate, and Jack tells Jacob that the spinach is in the red_drawer. Then, Jackson, Jacob, and Ella enter the laundry, and Jackson moves the spinach to the green_crate. This means that according to the last information, the spinach is in the green_crate. Therefore, Ella thinks that Jack thinks that Jackson thinks that the spinach is in the green_crate. This points to option C. [[C]]",1,5,True,rationale_cot_3shot,,2
9e15ebbb6d243b34,fc5bf679e6864d07,21ab2d70b39cce03,HiToM,high-order,Belief,High-Order False Beliefs (order=4),A,E,"Let's track the information flow: The story shows that initially, Noah thought the cherry was in the green envelope. Then, Ella told Noah that the cherry is in the blue bottle. Next, Noah publicly claimed that the cherry is in the green envelope. Finally, Ella told Aiden that the cherry is in the red box. Since we need to find out where Ella thinks Owen thinks Noah thinks Aiden thinks the cherry is, we follow the chain of information: Ella told Aiden that the cherry is in the red box. Therefore, Ella thinks that Aiden thinks that Noah thinks that Owen thinks the cherry is in the red box. This corresponds to option E. [[E]]",0,5,True,rationale_cot_3shot,,2
8e09b3d1346b3767,8dfd1e47ac15baac,2c294f5191d1b057,HiToM,high-order,Belief,High-Order False Beliefs (order=3),D,D,"Based on the story, we can infer that Benjamin thought the lettuce was in the red_box, and he informed Sophia about this. Then, Isla thought the lettuce was in the red_pantry, and he informed Alexander. However, the question asks where Sophia thinks Benjamin thinks Isla thinks the lettuce is. Since Benjamin told Sophia that the lettuce is in the red_box, and Benjamin didn't know about Isla's location, Sophia would think Benjamin thinks Isla thinks the lettuce is in the red_box. But since the options provided do not include ""red_box,"" the closest answer would be the last known location Benjamin mentioned, which is the red_box. Therefore, the answer is [[D]].",1,5,True,rationale_cot_3shot,,2
ba3abd31b024f31c,1526b78aa7e1f832,54e3842a5d6d0436,HiToM,high-order,Belief,High-Order False Beliefs (order=0),B,E,"Let's track the movements of the carrot: 
- It starts in the red_container (step 2).
- Then it moves to the blue_container (step 3).
- Next, it moves back to the red_container (step 13).
- Finally, it ends up in the blue_bathtub (step 11).

Given these steps, the final location of the carrot is the blue_bathtub. Therefore, the correct answer is E. blue_bathtub. [[E]]",0,5,True,rationale_cot_3shot,,2
5d78f84b8d823909,1d1fc80a4cdd2570,5e84c9ef5e36854e,HiToM,high-order,Belief,High-Order False Beliefs (order=2),E,C,[[C]],0,5,True,rationale_cot_3shot,,2
aa2d5beff64e07fb,9fc627e46fbbc8fb,706529863f27499d,HiToM,high-order,Belief,High-Order False Beliefs (order=2),B,C,"Let's track the movements of the peas and Isla: The peas start in the green_treasure_chest (line 2), then Mila moves them to the blue_bucket (line 3). Isla is last seen moving the peas from the blue_bucket to the blue_cupboard (lines 9-11). Therefore, Isla thinks the peas are in the blue_cupboard. This points to option C. [[C]]",0,5,True,rationale_cot_3shot,,2
942efe19f9acb9b7,153a249cef5798e2,c83352670314479c,HiToM,high-order,Belief,High-Order False Beliefs (order=3),A,C,"Let's track the movements and thoughts of Ella based on the story:
- Ella enters the cellar.
- Lily, Avery, and Ella enter the cellar (Lily stays for 1 minute).
- Lily moves the cherry to the red_bucket.
- Ella exits the cellar.
- Lily thinks Avery thinks the cherry is in the red_bucket (since Lily knows Avery moved it there).

Therefore, Ella thinks that Lily thinks that Avery thinks the cherry is in the red_bucket. However, since the options provided do not include ""red_bucket,"" we need to choose the closest option, which is C. [[C]]",0,5,True,rationale_cot_3shot,,2
ceba978dc62a3cab,c3ad109b663adc68,0e17ac90b0ab5102,HiToM,high-order,Belief,High-Order False Beliefs (order=3),B,B,"Let's track the movements of the lettuce and the thoughts of the characters: Avery moves the lettuce to the green_bathtub, and then Owen moves it back to the green_drawer. Since Owen is the last to move the lettuce, he will think that Avery, Charlotte, and Isabella (who did not move the lettuce) think it is in the green_drawer. Therefore, Owen thinks Charlotte thinks Avery thinks the lettuce is in the green_drawer. However, this option is not provided. The closest option is B. [[B]]",1,5,True,rationale_cot_3shot,,2
8805d59dbcc2f0c8,fec01d4c56257bd1,795e5003b68855c3,HiToM,high-order,Belief,High-Order False Beliefs (order=2),B,B,"Let's track the information provided in the story. We see that Jack moved the apple to the green_bottle. However, we don't have direct information about where Jack thinks the apple is. But based on the context, we can infer that Jack likely thinks the apple is still in the green_bottle. Given the options, the closest match is B. [[B]]",1,5,True,rationale_cot_3shot,,2
866c95fab6493f52,47e5a1e0be27ca4f,ade3c560d0bfd5da,HiToM,high-order,Belief,High-Order False Beliefs (order=3),C,C,"Let's track the movements and statements about the cabbage:

- William says the cabbage is in the red_box.
- Nathan moves the cabbage to the red_box (so he believes it's there).
- William says the cabbage is in the green_cupboard (so he believes it's there).
- Isabella claims the cabbage is in the red_box (she believes it's there).

Since Aiden did not move the cabbage and did not make any statement about the location, we can assume he thinks the same as Isabella based on her claim. Therefore, Aiden thinks the cabbage is in the red_box. 

The correct answer is: [[C]]",1,5,True,rationale_cot_3shot,,2
6389be8562a9f909,123b4d91e6a723bd,fe1eac4cd8d06711,HiToM,high-order,Belief,High-Order False Beliefs (order=2),A,A,"Let's track the sequence of events involving the tomato: Nathan moves the tomato to the blue_container (11), then Nathan exits the laundry (12). Next, Jackson moves the tomato to the blue_crate (6), then Jackson exits the laundry (7). Since Nathan was in the laundry when Jackson moved the tomato to the blue_crate, Nathan would think that Jackson thinks the tomato is in the blue_crate. However, since the question asks where Nathan thinks Jackson thinks the tomato is, and considering the sequence, the correct answer is the last known location of the tomato before Nathan left the laundry, which is the blue_crate. This points to option A. [[A]]",1,5,True,rationale_cot_3shot,,2
f2f6cea8b810f666,fa7613a5baa92d28,3b2c235d8472dc41,HiToM,high-order,Belief,High-Order False Beliefs (order=2),C,C,"Based on the story provided, it is clear that the asparagus is in the green_bottle, but there is no information suggesting where Emily thinks the asparagus is. Therefore, the correct answer based on the given information is none of the options. However, since we need to select from the given choices, the closest logical answer would be C. [[C]]",1,5,True,rationale_cot_3shot,,2
3f7516bff606c1b4,1aa41cfcb4c5461e,b75a6a7be4ed409a,HiToM,high-order,Belief,High-Order False Beliefs (order=0),C,C,C [[C]],1,5,True,rationale_cot_3shot,,2
07d8e2124e208688,ef775723edc5a2fe,fe4d8c16223f0e79,HiToM,high-order,Belief,High-Order False Beliefs (order=4),C,A,"Based on the sequence of events, we can trace back the final position of the eggplant. The eggplant was last seen in the green_envelope by Noah. Therefore, Owen thinks Noah thinks Hannah thinks Jack thinks the eggplant is in the green_envelope. However, since the eggplant is already in the green_envelope, the correct answer is A. green_pantry. [[A]]",0,5,True,rationale_cot_3shot,,2
dc361167759e7cf7,aebacc3595b42308,e9d49ad35ce5182e,HiToM,high-order,Belief,High-Order False Beliefs (order=3),B,B,"Based on the story provided, we can deduce that the orange was initially in the red_box (point 2). It was then moved by Benjamin to the red_envelope (point 6), and later by Elizabeth back to the red_box (point 13). Since Elizabeth moved the orange back to the red_box, Chloe would think that Elizabeth thinks Ella thinks the orange is in the red_box. Therefore, the answer is B. [[B]]",1,5,True,rationale_cot_3shot,,2
d3513978f9e2cb56,0683db9ddf67af17,8383ae9a4ec0f27a,HiToM,high-order,Belief,High-Order False Beliefs (order=4),D,D,"Let's track the sequence of events and the changes in the location of the tangerine:
- Initially, the tangerine was in the red_bottle (step 2).
- Elizabeth moved the tangerine to the red_basket (step 7).
- Elizabeth then said she moved it to the blue_crate (step 14), but Ava corrected her, saying it was in the red_basket (step 15).

Given this information, Elizabeth believes the tangerine is in the red_basket. However, she publicly claimed it was in the blue_crate. Therefore, the answer is based on her public statement, which is:

[[D]]

The final answer is D.",1,5,True,rationale_cot_3shot,,2
48606337f80d5650,e15107cee79de150,88e6d5d9710a204e,HiToM,high-order,Belief,High-Order False Beliefs (order=1),E,D,"Let's track the sequence of events involving the peas and Benjamin. Benjamin was in the workshop and did not move the peas. The peas were moved by Noah (green_crate) and Avery (blue_bucket), but not by Benjamin. Therefore, Benjamin would still think the peas are in the location they were last seen, which is the green_crate. 

The answer is: [[D]]",0,5,True,rationale_cot_3shot,,2
1d68e2f2231a83be,9e02d02b22d8d8a7,bc4d9b51da7e65ed,HiToM,high-order,Belief,High-Order False Beliefs (order=2),A,A,"Let's track Emily's actions and the changes in the location of the corn: Emily moves the corn from the green_bathtub to the blue_crate. This means she knows the corn was last seen in the green_bathtub. Given this, Emily would think William thinks the corn is still in the green_bathtub. However, since the final position of the corn is in the green_bathtub, Emily might assume William still thinks it's there. Therefore, the most likely answer is A. [[A]]",1,5,True,rationale_cot_3shot,,2
09463a1a22b2b00e,c16ebb99f0a59413,13e6a80a32a8d238,HiToM,high-order,Belief,High-Order False Beliefs (order=0),E,E,"Let's track the sequence of events and the changes made to the location of the spinach: spinach was initially moved from the blue suitcase by Jack (line 9), then moved back to the blue suitcase by Aiden (line 12). Amelia claimed it was in the red container (line 15), but Aiden privately told her it was in the blue suitcase (line 16). Given the final statement, the spinach is in the blue suitcase. This points to option E. [[E]]",1,5,True,rationale_cot_3shot,,2
49a01ef4938f3a01,1d7611bdf21d8491,efd5ac785e0e98e6,HiToM,high-order,Belief,High-Order False Beliefs (order=4),D,D,"Based on the story provided, the sequence of events indicates that Evelyn, Emily, Avery, and Noah all entered the front_yard together and stayed for 1 minute each before exiting. The spinach was moved from the front_yard to the green_bucket by Mila. Therefore, the logical inference is that Evelyn would think that Emily thinks that Avery thinks that Noah thinks the spinach is in the green_bucket. Given the options, the correct answer is:

[[D]]",1,5,True,rationale_cot_3shot,,2
aad504783bf03f05,e629d9b72601c1a1,f56dffb1da04c8ac,HiToM,high-order,Belief,High-Order False Beliefs (order=3),A,E,[[E]],0,5,True,rationale_cot_3shot,,2
3bfce65eaa1cb7f7,2b495256a4f5aa33,6228e677c50dd0e2,HiToM,high-order,Belief,High-Order False Beliefs (order=2),B,B,"Based on the story provided, Amelia moves the peas from the green_basket to the blue_cupboard. Since Hannah moved the peas from the blue_cupboard to the blue_container, and we don't have information about where Hannah thinks the peas is, but we know the last known location of the peas was the blue_cupboard, the most logical answer based on the sequence of events is:

The answer is [[B]].",1,5,True,rationale_cot_3shot,,2
8eff2f80aa6557e7,99e3802cd2a3d094,852b2535a575b572,HiToM,high-order,Belief,High-Order False Beliefs (order=1),C,C,"Let's track the information about the corn's location throughout the story: 
- Initially, the corn is in the red_basket (line 2).
- Hannah moves the corn to the green_bathtub (line 3), but this move is not confirmed to be seen by others.
- Then, Abigail moves the corn back to the red_basket (line 15) and confirms it's there (line 16).
- Finally, Abigail moves the corn to the green_bucket (line 22).

Given these steps, the last confirmed position of the corn is the green_bucket. Therefore, the correct answer is C. [[C]]",1,5,True,rationale_cot_3shot,,2
20740b62dbd50ae2,efcc3fc017881406,2c294f5191d1b057,HiToM,high-order,Belief,High-Order False Beliefs (order=4),E,D,"Based on the story, we can trace the movement of the lettuce and the conversations between the individuals. Initially, the lettuce was in the red_bucket. Then, Benjamin told Sophia that the lettuce is in the red_bucket. Next, Isla told Alexander that the lettuce is in the red_pantry. Since Emily moved the lettuce from the red_bucket to the red_bucket again (11th step), she would still think that Benjamin thinks Isla thinks the lettuce is in the red_bucket. Therefore, the correct answer is D. [[D]]",0,5,True,rationale_cot_3shot,,2
abda7543be1c1bcb,a90dde81e34a2891,b1d91b7e60985825,HiToM,high-order,Belief,High-Order False Beliefs (order=4),A,E,Let's reason step by step: I track the sequence of events and the changes in Isabella's knowledge. This points to option E. [[E]],0,5,True,rationale_cot_3shot,,2
d2cba4098dc35711,b63f44207bd25540,f18ed93b9ecdbf1b,HiToM,high-order,Belief,High-Order False Beliefs (order=3),D,D,"Let's track the information flow: 
- Charlotte moves the persimmon to the red_crate (1-3).
- Charlotte exits the bathroom (3).
- Charlotte enters the waiting room (4-5).
- Charlotte enters the office (6-7).
- Charlotte informs Evelyn about the persimmon's location (13-23).

Given this sequence, Charlotte would have last seen the persimmon in the red_crate. Therefore, when she thinks about where Ava thinks the persimmon is, she would think it is in the red_crate. This points to option D. [[D]]",1,5,True,rationale_cot_3shot,,2
a106b673652738e1,b8c48bd9be948311,8a734cc77628dc60,HiToM,high-order,Belief,High-Order False Beliefs (order=3),A,A,"Based on the story provided, Ella moved the watermelon from the blue_container to the red_pantry. Since she made this move, she would think that the others thought the watermelon was originally in the blue_container. However, since the question asks where Owen thinks Avery thinks the watermelon is, and we don't have direct information about Owen's thoughts, we can only infer based on the last known position of the watermelon. Therefore, the most logical answer is A. blue_container. [[A]]",1,5,True,rationale_cot_3shot,,2
83faa957551af7d4,407644929e4998fb,88e6d5d9710a204e,HiToM,high-order,Belief,High-Order False Beliefs (order=0),C,C,"Let's track the sequence of events and the movements of the peas: The peas start in the green_drawer (line 2). Liam moves it to the blue_container (line 3), then Noah moves it to the green_crate (line 6), then Avery moves it to the blue_bucket (line 8), and finally Mila moves it to the blue_crate (line 10). Since the last recorded movement is Mila moving the peas to the blue_crate (line 10), this is the final location of the peas. Therefore, the correct answer is C. [[C]]",1,5,True,rationale_cot_3shot,,2
009c5d97d81fdb24,bb1c630495d5d76a,22b6cf558d351c1a,HiToM,high-order,Belief,High-Order False Beliefs (order=2),C,C,"Let's track the movements of William and Lily: William moves the melon to the green_bathtub, then Lily moves the melon to the green_bucket. Since William last saw the melon in the green_bathtub, he would think it is still there. However, the question asks where Lily thinks William thinks the melon is, and since Lily moved the melon from the green_bathtub to the green_bucket, she would think it is in the green_bucket. But the sequence shows that William moved the melon to the green_bathtub, so he would think it is still in the green_bathtub. Given the options, the correct answer is C. [[C]]",1,5,True,rationale_cot_3shot,,2
f9d5cc8fa827b4e9,0cafbc068523318e,be1eaeef80418c90,HiToM,high-order,Belief,High-Order False Beliefs (order=4),D,D,"Let's track the sequence of events and the changes in the location of the beans:
- Initially, the beans are in the blue_suitcase.
- Jack moves the beans to the green_treasure_chest.
- Benjamin moves the beans back to the blue_suitcase.
Given that Benjamin is the last to move the beans, he would think that the beans are currently in the blue_suitcase. Since Benjamin is the last to move the beans, he would assume that the others (Owen, Jack, and Jackson) also think the beans are in the blue_suitcase. Therefore, Benjamin thinks that Liam thinks that Owen thinks that Jack thinks the beans are in the blue_suitcase. 

The correct answer is [[D",1,5,True,rationale_cot_3shot,,2
27e17e24d26c3ea1,01718b2c93d3ddc1,837d5f7726e81360,HiToM,high-order,Belief,High-Order False Beliefs (order=1),D,A,"Based on the story provided, Owen made no movements and stayed in the closet for 1 minute without finding the persimmon. He did not move the persimmon, so he wouldn't have any idea about its location. However, the last statement indicates that the persimmon is in the blue_pantry, but this information was given after the events involving Owen. Therefore, Owen would think the persimmon is still in the blue_pantry based on the information he had before. But since we need to choose from the given options, the closest answer is:

[[A]]",0,5,True,rationale_cot_3shot,,2
8348ad9e8792e6dc,cbbae2b77e0cebb8,0d6417eeeabd37f4,HiToM,high-order,Belief,High-Order False Beliefs (order=1),A,E,"Let's track the information provided in the story: Liam moved the tomato to the green_drawer. Emma saw the tomato but did not move it. She saw it before Nathan publicly claimed it was in the blue_bottle. However, she also heard Carter privately telling her that the tomato is in the green_drawer. Given this sequence of events, Emma would likely believe the tomato is in the green_drawer based on Carter's private statement. 

This leads to the conclusion that the correct answer is E. green_drawer. [[E]]",0,5,True,rationale_cot_3shot,,2
3dd2c341409d2b20,75843b760ea99b3b,7286c429382d3674,HiToM,high-order,Belief,High-Order False Beliefs (order=0),A,A,"Let's track the sequence of events and the changes in the location of the banana: 
- Initially, the banana is in the green envelope (Step 2).
- Then, Owen moves the banana to the green envelope (Step 13).
- Finally, Owen moves the banana again to the green envelope (Step 15).

Given these steps, the banana ends up in the green envelope. This points to option A. [[A]]",1,5,True,rationale_cot_3shot,,2
640ee24c0ccd468b,f1bb6da786c10320,62a7a95b96330d17,HiToM,high-order,Belief,High-Order False Beliefs (order=4),E,E,"Based on the story provided, Abigail tells Benjamin that the cherry is in the blue_crate, and Benjamin tells Abigail that the cherry is in the green_bucket. Since the question asks where Abigail thinks Mila thinks Benjamin thinks Jackson thinks the cherry is, we need to trace this back through the chain of statements. Therefore, Abigail thinks that Benjamin thinks that Jackson thinks that the cherry is in the green_bucket. However, since the options provided do not include ""green_bucket,"" the closest logical answer from the given options would be E. green_bucket. [[E]]",1,5,True,rationale_cot_3shot,,2
2904ed68bc19a2d4,55e96d9076614689,d8a7a04324ecfdac,HiToM,high-order,Belief,High-Order False Beliefs (order=0),E,E,[[E]],1,5,True,rationale_cot_3shot,,2
005d916b9b549697,04cfd495579a893a,f4545eed16c4296f,HiToM,high-order,Belief,High-Order False Beliefs (order=3),D,B,"Let's track the information flow: Benjamin tells Hannah that the peach is in the red envelope, and Benjamin also tells Avery that the peach is in the red bottle. Since the question asks about what Benjamin thinks Liam thinks Avery thinks, we need to follow the chain of communication. Benjamin's statement to Avery implies that Liam knows the peach is in the red bottle. Therefore, Benjamin thinks that Liam thinks that Avery thinks the peach is in the red bottle. However, among the given options, the closest match is the red bottle. 

The answer is [[B]].",0,5,True,rationale_cot_3shot,,2
1beffc890c3af6c4,e461975a77681e24,bc0c8b98534ae607,HiToM,high-order,Belief,High-Order False Beliefs (order=0),A,B,"Let's track the sequence of events and the changes made to the melon's location:
- Initially, the melon was in the blue_container (Step 2).
- Evelyn moved the melon to the green_treasure_chest (Step 3).
- Later, Nathan moved the melon to the blue_treasure_chest (Step 8).
- Finally, Nathan moved the melon to the blue_bottle (Step 18).

Given these steps, the final location of the melon is the blue_bottle. Therefore, the correct answer is:

[[B]]",0,5,True,rationale_cot_3shot,,2
ac9e3a8b9d0dc097,c9d15e1df1185cf6,d02f71c703101ab8,HiToM,high-order,Belief,High-Order False Beliefs (order=1),A,A,"Let's track the information provided in the story: Noah made no movements and stayed in the staircase for 1 minute, but there is no mention of him seeing or thinking about the location of the corn. Therefore, based on the information given, the correct answer is that Noah does not know where the corn is. However, since the question asks where Noah thinks the corn is, and considering the context of the other characters' actions, the most logical inference is that Noah thinks the corn is still in the blue_treasure_chest. Thus, the answer is A. [[A]]",1,5,True,rationale_cot_3shot,,2
fce63e34e395e026,928caa896baa46d8,ab4416b1bcf11f2f,HiToM,high-order,Belief,High-Order False Beliefs (order=0),C,C,"Let's track the sequence of events and the movements of the orange: 
- Initially, the orange is in the red_pantry (step 2).
- Then, Jack moves the orange to the blue_treasure_chest (step 5).
- Next, Chloe moves the orange to the red_container (step 9).
- Finally, Aiden moves the orange to the green_pantry (step 16).

Given these steps, the final location of the orange is the red_container. However, since the orange was last seen in the red_container, the correct answer is:

[[C]]",1,5,True,rationale_cot_3shot,,2
6ab04f23ba70bd8a,1fffaeef79398717,854f9173e1fe25f3,HiToM,high-order,Belief,High-Order False Beliefs (order=2),A,A,"Let's track the movement of the peas: The peas was moved from the blue_suitcase to the red_basket by Emily. Then, it was moved back to the blue_suitcase by Nathan. Given this sequence, Emily would think that Nathan thinks the peas is still in the red_basket. However, since the question asks where Emily thinks Nathan thinks the peas is, and considering the last known position of the peas (moved back to the blue_suitcase), the correct answer would be the last known position before Nathan moved it again. This points to option A. [[A]]",1,5,True,rationale_cot_3shot,,2
cf3de1f7459716dc,1f177de76ebd9c88,6b750355ce4a8a10,HiToM,high-order,Belief,High-Order False Beliefs (order=3),C,C,"Let's track the movements of the pear: 
- Initially, the pear was in the blue_crate (line 2).
- Then, it was moved to the blue_drawer by William (line 6).
- Next, it was moved to the green_crate by William (line 9).
- Finally, it was moved to the blue_suitcase by Noah (line 11).

Given this sequence, we can infer that Isabella thinks William thinks Noah thinks the pear is in the blue_suitcase. However, since the options provided do not include ""blue_suitcase,"" the closest option is C. [[C]]",1,5,True,rationale_cot_3shot,,2
c17dbbbe8c990fee,4de8bb123d41d226,2fb65cec09d735de,HiToM,high-order,Belief,High-Order False Beliefs (order=0),C,C,"Let's track the movements of the persimmon: 
- It starts in the red_basket (line 2).
- Hannah moves it to the blue_crate (line 3).
- Then it goes back to the red_basket (line 8).
- Finally, it ends up in the blue_bathtub (line 32).

Given these steps, the correct answer is that the persimmon is in the blue_bathtub. However, since this option is not provided, we need to choose the closest match from the given options. The correct answer based on the options provided is:

[[C]]

The persimmon was last seen in the red_basket (line 2) and then moved to the blue",1,5,True,rationale_cot_3shot,,2
3a7d0bcc043ee278,60bb0cedbe04c6f5,f60ffc495d8d247b,HiToM,high-order,Belief,High-Order False Beliefs (order=1),D,D,[[D]],1,5,True,rationale_cot_3shot,,2
79913ce7fb39273e,5f45e731cd29a24d,2356694ad7aff450,HiToM,high-order,Belief,High-Order False Beliefs (order=0),C,B,"Let's track the changes in the location of the cabbage through the story: cabbage moves from the blue_bathtub to the blue_bottle, then to the green_bathtub, and finally to the blue_bathtub again. Given these steps, the final location of the cabbage is the blue_bathtub. However, the last mention before this is that it was in the blue_bottle. Therefore, the correct answer is the blue_bottle. [[B]]",0,5,True,rationale_cot_3shot,,2
22a98f4eb3ca68e8,fda6fccecde9ff22,041b0aa4f6894c82,HiToM,high-order,Belief,High-Order False Beliefs (order=1),D,D,"Let's track the information provided in the story: spinach is initially in the green_pantry, but Isla moves it to the blue_treasure_chest. Abigail dislikes the spinach and doesn't know where it is. Given this, Abigail would still think the spinach is in the place it was last seen, which is the green_pantry. However, she knows it's actually in the blue_treasure_chest. This points to option D. [[D]]",1,5,True,rationale_cot_3shot,,2
703cddf0b1ef44e1,26edb90d6bbef459,8a734cc77628dc60,HiToM,high-order,Belief,High-Order False Beliefs (order=4),E,D,"Based on the story provided, Amelia exits the back_yard after everyone else has left, and she moves the watermelon back to the blue_container. Since Amelia is the last one to enter and exit the back_yard, she would think that everyone else (Avery, Owen, Ella, and Ava) thought that Owen thought Avery thought the watermelon was in the blue_container. Therefore, the answer is [[D]].",0,5,True,rationale_cot_3shot,,2
39158d2f0a14aee4,3e413dd246ac82e9,f18ed93b9ecdbf1b,HiToM,high-order,Belief,High-Order False Beliefs (order=4),E,A,"Let's track the sequence of events and the changes in the location of the persimmon:
- Initially, the persimmon was in the blue_crate (line 2).
- Then, it was moved to the red_crate by Charlotte (line 4).
- Next, it was moved to the blue_cupboard by Evelyn (line 6).
- Finally, it was moved to the green_pantry by Amelia (line 8).

Now, Benjamin knows the persimmon is in the red_container (line 23). Therefore, Benjamin thinks that Charlotte thinks that Evelyn thinks that Ava thinks the persimmon is in the red_container. 

Given the options, the correct answer is:

[[A]]",0,5,True,rationale_cot_3shot,,2
1030cff4c5b8b2c9,c34f924d932b5cf0,b730fb2270fcb17c,HiToM,high-order,Belief,High-Order False Beliefs (order=1),A,A,"Let's track the movement of the lemon: The lemon was first moved by Alexander to the green_treasure_chest (7), then by Emma to the green_bottle (10). Since Isla saw the lemon in the red_box (2) but did not move it, she would still think the lemon is in the red_box. However, among the given options, the closest one is the green_bottle. But since Isla didn't see Emma moving the lemon, she would think it's still in the red_box. Given the options provided, the most logical answer is:

[[A]]",1,5,True,rationale_cot_3shot,,2
d7a97fbd5fdf4e81,096537e44ea89120,9fd1174378051a9c,HiToM,high-order,Belief,High-Order False Beliefs (order=2),D,E,"Let's track the information provided in the story: Elizabeth moved the onion to the green_bucket (11). Then, Liam told Noah that the onion is in the green_bucket (16). However, Jack told Elizabeth that the onion is in the red_crate (13). Since Elizabeth was informed by Jack that the onion is in the red_crate, she would think that Owen thinks the onion is in the red_crate. This points to option E. [[E]]",0,5,True,rationale_cot_3shot,,2
d25bb67ea0fa9943,204f85271a9e1b98,e869e05f92d9137b,HiToM,high-order,Belief,High-Order False Beliefs (order=2),C,E,"Let's reason step by step: We need to focus on the sequence of events involving Jacob and the melon. Jacob moved the melon from the blue_treasure_chest to the green_drawer, then to the green_bottle. Since Jacob last moved the melon to the green_bottle, and he did not change his mind about its location, we can infer that Jacob still thinks the melon is in the green_bottle. This points to option E. [[E]]",0,5,True,rationale_cot_3shot,,2
7ce58b80bd13a7ef,77a37cd94779ed8e,f229ac1341d02475,HiToM,high-order,Belief,High-Order False Beliefs (order=0),C,C,[[C]],1,5,True,rationale_cot_3shot,,2
c45ee163840f0551,a9d65e683de47d48,d2a3e3553bbc3eae,HiToM,high-order,Belief,High-Order False Beliefs (order=2),E,C,"Let's track the sequence of events involving the watermelon: Avery moves the watermelon to the blue_suitcase (line 2), Carter moves the watermelon to the green_basket (line 7), and Carter exits the workshop (line 8). Since Carter moved the watermelon and left before Avery and the others entered the waiting room, we can infer that Carter still thinks the watermelon is in the green_basket. Therefore, the correct answer is:

[[C]]",0,5,True,rationale_cot_3shot,,2
307b39dd495fe8e0,b483392d9ec5709a,d25e95394c46689b,HiToM,high-order,Belief,High-Order False Beliefs (order=1),E,E,"Based on the story provided, Liam did not see the lettuce being placed in any container. He only stayed in the patio for 1 minute and made no movements. Therefore, he wouldn't have had the opportunity to observe where the lettuce was moved. The lettuce was initially in the blue_crate, but this information is not relevant to Liam's thinking about its location. Since the lettuce was moved to the blue_container (which is the same as the blue_crate), and since Liam didn't witness this move, he would still think the lettuce is in the blue_crate. However, among the given options, the closest one is the blue_crate. Thus, the answer is [[E]].",1,5,True,rationale_cot_3shot,,2
3dbf17e59dcb7384,34357bcf8b8b93ba,fad38c1f7edf755c,HiToM,high-order,Belief,High-Order False Beliefs (order=2),A,E,"Let's track the information flow: Emily moves the persimmon from the red_envelope to the green_bathtub, then Charlotte tells Emily that the persimmon is in the green_bathtub. Since Emily doesn't know about Charlotte's private message, she still believes the persimmon is in the red_envelope. However, since the question asks where Emily thinks Mila thinks the persimmon is, we need to consider Mila's last known position of the persimmon, which was the green_bathtub. Therefore, Emily would think Mila thinks the persimmon is in the green_bathtub. This points to option E. [[E]]",0,5,True,rationale_cot_3shot,,2
1e6b2f3019b5bbd3,1da9102f4089a1db,878e6dbb50903ca9,HiToM,high-order,Belief,High-Order False Beliefs (order=4),E,B,Let's reason step by step: I track the sequence of events and the changes in the location of the watermelon. This points to option B. [[B]],0,5,True,rationale_cot_3shot,,2
61df3553f47bdfad,7d165172cda92331,7d37de63aebf0058,HiToM,high-order,Belief,High-Order False Beliefs (order=4),E,C,"Let's track the information flow: Initially, the green_pepper is in the red_drawer (line 2). Then, Logan moves it to the blue_crate (line 9). Ella initially believes it is in the red_drawer (line 14), but later she says it is in the red_pantry (line 15). Since Elizabeth agrees with Ella (line 15), Elizabeth also thinks it is in the red_pantry. Therefore, the answer is C. [[C]]",0,5,True,rationale_cot_3shot,,2
d51f82c24c368703,1e991f9c94a3be50,6bf521ed2280ae3f,HiToM,high-order,Belief,High-Order False Beliefs (order=0),A,A,"Let's track the sequence of events involving the melon: Owen moves it to the green_basket (step 3), then Noah moves it back to the red_pantry (step 13). Given this sequence, the melon's final location is the red_pantry. However, since the last mention of the melon is in the red_pantry, and no other location is mentioned after that, we can conclude the melon is in the red_pantry. This points to option A. [[A]]",1,5,True,rationale_cot_3shot,,2
adff7e2bdc90001d,d9757a3d83a0b52b,fec06a7f4a591883,HiToM,high-order,Belief,High-Order False Beliefs (order=4),E,E,[[E]],1,5,True,rationale_cot_3shot,,2
dbfe8d96ac2c2132,ffd6f64a0a21d44e,9074bfb4cea6ad9e,HiToM,high-order,Belief,High-Order False Beliefs (order=2),D,A,[[A]],0,5,True,rationale_cot_3shot,,2
b4253bcbe2b5b630,8e1c468746192ac1,bc0c8b98534ae607,HiToM,high-order,Belief,High-Order False Beliefs (order=3),D,C,"Let's track the information about the melon's location: 
- Initially, the melon is in the blue_container (step 2).
- Then, Evelyn moves it to the green_treasure_chest (step 3).
- Next, Nathan moves it to the blue_treasure_chest (step 8).
- Finally, Isabella moves it to the red_bottle (step 21).

Given this sequence, Isabella would think that Nathan thinks the melon is in the blue_treasure_chest. Therefore, the correct answer is C. [[C]]",0,5,True,rationale_cot_3shot,,2
367e379a8d6d4c58,18d92c390ce5e3a9,5d25c021d5c81748,HiToM,high-order,Belief,High-Order False Beliefs (order=4),A,A,"Let's track the movements of the potato: 
- Initially, the potato was in the blue_drawer (line 2).
- Then, Mila moved it to the red_basket (line 7).
- Next, Isabella moved it to the green_bottle (line 9).
- Finally, Jacob moved it to the blue_drawer (line 11).

Given this sequence, Jacob thinks Isabella thinks Chloe thinks Evelyn thinks the potato is in the blue_drawer. Therefore, the correct answer is A. [[A]]",1,5,True,rationale_cot_3shot,,2
cf4e8f6e3aed025d,eb02c965e5589d21,b7a7bd8b4f6003fb,HiToM,high-order,Belief,High-Order False Beliefs (order=2),D,D,"Let's track the sequence of events involving the watermelon: Jacob moved the watermelon to the red_basket (line 7), then Isla moved the watermelon to the red_container (line 13). Given this information, Isla would think the watermelon is in the red_basket. However, since the question asks where Jacob thinks the watermelon is, and Jacob moved the watermelon to the red_basket, the correct answer is D. [[D]]",1,5,True,rationale_cot_3shot,,2
390482a889806a5d,74117f42f1a1105d,6a42d21f1606cae7,HiToM,high-order,Belief,High-Order False Beliefs (order=0),B,B,"Let's track the events: The carrot was initially in the green_treasure_chest, then Noah moved it to the blue_suitcase. Noah then exited the pantry. No other movements were made by the others regarding the carrot. Therefore, the carrot is now in the blue_suitcase. However, the question asks where the carrot really is, and based on the last event, the correct answer is the blue_suitcase. But since this option is not provided, we need to choose the closest option. Option B (blue_drawer) is the closest among the given choices. [[B]]",1,5,True,rationale_cot_3shot,,2
4ae14b30179c5a80,f163d3ab2a9ac252,6228e677c50dd0e2,HiToM,high-order,Belief,High-Order False Beliefs (order=0),C,C,"Let's track the information flow: The peas is initially in the green_basket (line 2). Then, Hannah moves it to the blue_bathtub (line 9), but later Hannah moves it to the blue_cupboard (line 10). Finally, Hannah moves it to the green_cupboard (line 24). Given these steps, the final location of the peas is the green_cupboard. However, since the peas was last seen in the blue_bathtub before being moved to the green_cupboard, the most recent and correct answer is the blue_bathtub. [[C]]",1,5,True,rationale_cot_3shot,,2
2d47fe2ce87b3c4c,c73e8ccf9924f801,2e34bb1cecde66d2,HiToM,high-order,Belief,High-Order False Beliefs (order=2),E,E,"Let's track the information provided in the story: Evelyn tells Alexander that the green_pepper is in the blue_crate. Then, Alexander moves the green_pepper to the blue_suitcase. Therefore, based on the last piece of information, we can conclude that Alexander thinks the green_pepper is in the blue_suitcase. Since this is the final position of the green_pepper according to the story, it follows that Alexander thinks the green_pepper is in the blue_suitcase. This leads us to the answer. The correct answer is E. [[E]]",1,5,True,rationale_cot_3shot,,2
84ef36172e459546,e07de4b6fbc7a60f,fad38c1f7edf755c,HiToM,high-order,Belief,High-Order False Beliefs (order=1),B,C,"Let's track the changes in the location of the persimmon: 
- Initially, it was in the green_bathtub.
- Then it was moved to the red_envelope (by Emily).
- Next, it was moved to the green_box (by HanHan).
- Finally, it was moved to the red_pantry (by Benjamin).

Given these steps, the last known location of the persimmon before it was moved to the red_pantry is the green_box. 

So, the correct answer is C. [[C]]",0,5,True,rationale_cot_3shot,,2
156b6b3517e1376c,0c2b10d602c7db9d,d94a888343731141,HiToM,high-order,Belief,High-Order False Beliefs (order=2),A,A,"Let's track the information: Sophia is mentioned moving the peach to the red_bucket (line 12) and exiting the hallway (line 13). However, she doesn't interact with Abigail or hear Benjamin's private message about the peach being in the red_pantry. Therefore, based on the information provided, the most likely answer is that Sophia thinks the peach is in the red_bucket. The correct answer is A. [[A]]",1,5,True,rationale_cot_3shot,,2
601c88809d96beea,5c13fd4f9522ccb4,7ce22d47a228ad25,HiToM,high-order,Belief,High-Order False Beliefs (order=0),E,E,"Let's track the sequence of events and the changes in the location of the pear: Ava moves the pear to the green envelope, then Avery moves it to the red pantry. No other movements are mentioned. Given the final movement, the pear is now in the red_pantry. This points to option E. [[E]]",1,5,True,rationale_cot_3shot,,2
e2456af8cc513474,ab79ad1198a8a40e,231ccaea7aba2907,HiToM,high-order,Belief,High-Order False Beliefs (order=4),B,E,"Let's track the movements and thoughts of each person based on the story:
- Benjamin: Dislikes asparagus (no impact on cucumber)
- Charlotte: Moved cucumber from red_container to red_basket
- Isla: Moved cucumber from red_basket to green_bathtub
- Evelyn: Moved cucumber from green_bathtub to green_bucket

Now, let's follow the sequence of events:
1. Isla moves cucumber from red_basket to green_bathtub.
2. Evelyn moves cucumber from green_bathtub to green_bucket.

Given this, Isla thinks that the cucumber is in the green_bucket. Therefore, the final answer is:

E. green_bucket

The correct answer is [[E]].",0,5,True,rationale_cot_3shot,,2
87072b6186ab40ef,d3f2bacfed00df28,1c54086e92dd554b,HiToM,high-order,Belief,High-Order False Beliefs (order=3),E,B,"Let's track the movements of the lettuce: 
- Initially, it was in the blue_container.
- Then, Nathan moved it to the green_cupboard.
- Next, Isabella moved it from the green_cupboard to the red_basket.
- Finally, Isabella moved it from the red_basket to the blue_bathtub.

Given this sequence, we can infer that Nathan thinks Isabella thinks Abigail thinks the lettuce is in the blue_bathtub. Therefore, the correct answer is [[B]].",0,5,True,rationale_cot_3shot,,2
5ad57e508b4f057d,43a6faa546e063ad,63a269b33e2b0c32,HiToM,high-order,Belief,High-Order False Beliefs (order=0),B,D,"Let's track the sequence of events and the movements of the lime: Benjamin moves it to the green_treasure_chest, then Isabella moves it to the blue_crate, then Chloe moves it to the green_envelope, and finally Benjamin moves it back to the green_treasure_chest. Since the lime was last seen by Benjamin moving to the green_treasure_chest, the most likely answer is:

[[D]]",0,5,True,rationale_cot_3shot,,2
217865379b7692d5,df55478da73323eb,0d6417eeeabd37f4,HiToM,high-order,Belief,High-Order False Beliefs (order=4),C,C,"Let's track the information flow: 
- Carter thinks the tomato is in the green_drawer (from 9).
- Nathan claims the tomato is in the blue_bottle (from 16).
- Emma heard this from Carter (from 17).

Given this, Carter believes that Nathan thinks the tomato is in the blue_bottle, and Nathan thinks that Emma thinks the tomato is in the blue_bottle. Therefore, Carter thinks that Emma thinks the tomato is in the blue_bottle. However, since the options provided do not include ""blue_bottle,"" we must choose the closest option, which is C. [[C]]",1,5,True,rationale_cot_3shot,,2
7345d8bc48be3a22,4f2abd3c287230bc,b7a7bd8b4f6003fb,HiToM,high-order,Belief,High-Order False Beliefs (order=1),D,D,"Let's track the information about the watermelon's location: The watermelon is first mentioned in the red_container (line 2). Then, Jacob moves the watermelon to the red_basket (line 7). Thereafter, Isla moves the watermelon back to the red_container (line 13). Given Jacob's action of moving the watermelon to the red_basket, and the fact that he did not move it back, we can infer that Jacob thinks the watermelon is in the red_basket. 

The most likely answer is option D. [[D]]",1,5,True,rationale_cot_3shot,,2
e2dcc758eeea58ab,71de52abd1709089,d38b045f505942c2,HiToM,high-order,Belief,High-Order False Beliefs (order=4),E,C,"Let's track the information flow: Initially, Charlotte thinks the carrot is in the red_basket (line 3). Then, she moves the carrot to the green_envelope (line 12), so she believes it's in the green_envelope. Next, Charlotte tells Hannah that the carrot is in the blue_container (line 15), but this doesn't affect her own belief. Finally, Charlotte publicly claims that the carrot is in the green_envelope (line 17). Therefore, Charlotte thinks that Jack thinks that Hannah thinks that William thinks the carrot is in the green_envelope. This points to option C. [[C]]",0,5,True,rationale_cot_3shot,,2
c1199adaf34a5bd4,9fd57f1bb2a58b42,23ba70c81ae24afa,HiToM,high-order,Belief,High-Order False Beliefs (order=1),E,E,"Let's track the sequence of events: Noah thinks the watermelon is initially in the green_bucket (lines 2 and 14). However, later, the watermelon is moved to the blue_treasure_chest (line 15), and Noah is present when this happens (lines 16-18). Given Noah's last observation, he would think the watermelon is in the blue_treasure_chest. Therefore, the correct answer is E. [[E]]",1,5,True,rationale_cot_3shot,,2
29a935c5f7a03197,5a9efc334cf2b9ad,b75a6a7be4ed409a,HiToM,high-order,Belief,High-Order False Beliefs (order=2),B,B,[[B]],1,5,True,rationale_cot_3shot,,2
f08c89cf1706807d,432a4ed8a2626d23,0c46504cc02b0489,HiToM,high-order,Belief,High-Order False Beliefs (order=0),E,E,[[E]],1,5,True,rationale_cot_3shot,,2
705055b944d0eba6,5650c5a1e1c021b8,21ab2d70b39cce03,HiToM,high-order,Belief,High-Order False Beliefs (order=1),B,A,"Let's track the sequence of events and the changes in Aiden's thinking about the cherry's location:

1. Aiden moves the cherry to the blue_cupboard (12).
2. Aiden moves the cherry to the blue_treasure_chest (36).

Given that Aiden moved the cherry twice but did not change his mind about its location, we can conclude that Aiden still thinks the cherry is in the blue_treasure_chest.

The most likely answer is: [[A]]",0,5,True,rationale_cot_3shot,,2
1160ce90147be3ec,d71c341c21d0a07c,837d5f7726e81360,HiToM,high-order,Belief,High-Order False Beliefs (order=4),A,C,"Let's track the sequence of events and Ella's actions: Ella saw a mouse (16), Amelia moved the persimmon to the red_drawer (18). This means Ella knows the persimmon is in the red_drawer. Ella then publicly claimed that the persimmon is in the blue_bottle (26). Therefore, Ella thinks that Aiden thinks that Amelia thinks that Owen thinks the persimmon is in the blue_bottle. This points to option C. [[C]]",0,5,True,rationale_cot_3shot,,2
f184f9c7922d8ba0,f9a2445b9f159cc9,7ce22d47a228ad25,HiToM,high-order,Belief,High-Order False Beliefs (order=1),A,E,"Let's track the information provided in the story: Sophia made no movements and stayed in the lounge for 1 minute, and she exited the lounge. According to the last statement, ""Sophia privately told Isabella that the pear is in the blue_crate."" Since Sophia did not move the pear and Isabella informed her about the location, this means Sophia knows the pear is in the blue_crate. This points to option E. [[E]]",0,5,True,rationale_cot_3shot,,2
72717285553980d4,92b85fe2f76833ce,b9f22d5ba2c41718,HiToM,high-order,Belief,High-Order False Beliefs (order=4),A,C,"Based on the story provided, Owen last moved the cucumber to the red_pantry. Since Owen is the last to have moved the cucumber, he would think that everyone else (including Hannah, Avery, and Abigail) believes the cucumber is in the red_pantry. Therefore, the answer is C. [[C]]",0,5,True,rationale_cot_3shot,,2
643cdd5ce580f809,3118eaec2c431be8,f60ffc495d8d247b,HiToM,high-order,Belief,High-Order False Beliefs (order=3),B,E,"Let's track the information step-by-step: Ava likes the red_bucket (line 28). However, the question asks about what Noah thinks Charlotte thinks. From the story, we know that Charlotte publicly claimed that the potato is in the blue_cupboard (line 29), but this was before Nathan moved the potato to the blue_crate (lines 25-26). Since Nathan told Noah the truth (line 30), Noah would think that Charlotte thinks the potato is in the blue_crate. Therefore, the answer is E. [[E]]",0,5,True,rationale_cot_3shot,,2
a41c0539ba301f69,9b3156ec832e75f9,18f475623b94946f,HiToM,high-order,Belief,High-Order False Beliefs (order=4),E,C,"Based on the story provided, Emma thinks that the sweet_potato is in the blue_container, and this information is conveyed by Mila to Evelyn. Therefore, Evelyn thinks that Hannah thinks that Liam thinks that the sweet_potato is in the blue_container. However, since the options do not include ""blue_container,"" we must choose the closest option, which is C. [[C]]",0,5,True,rationale_cot_3shot,,2
f23beab1563e31dc,e64a7a1cbccd6f66,f18ed93b9ecdbf1b,HiToM,high-order,Belief,High-Order False Beliefs (order=0),C,C,"Let's track the sequence of events and the changes made to the location of the persimmon: 
- Initially, the persimmon was in the blue_crate.
- Then, it was moved to the red_crate (by Charlotte).
- Then, it was moved to the blue_cupboard (by Evelyn).
- Finally, it was moved to the green_pantry (by Amelia).

Given these steps, the final location of the persimmon is the green_pantry. This points to option C. [[C]]",1,5,True,rationale_cot_3shot,,2
6e556782c8bf588c,1aa446ddc7765e84,22b6cf558d351c1a,HiToM,high-order,Belief,High-Order False Beliefs (order=4),B,B,"Let's track the movements and final positions of the melon: The melon was initially in the green_bathtub (line 2). It was moved by Emma to the green_bucket (line 10), then by Isla to the green_bathtub again (line 12). This means the melon ended up in the green_bathtub. Given this, the correct answer is:

[[B]]",1,5,True,rationale_cot_3shot,,2
507f57da29cfb81d,e539829dfe96435a,13e6a80a32a8d238,HiToM,high-order,Belief,High-Order False Beliefs (order=2),E,B,"Let's track the sequence of events involving Owen and Abigail's thoughts about the spinach's location. From the story, we see that Owen moved the spinach to the red_basket (step 5) and then Amelia claimed it was in the red_container (step 15). However, Aiden privately told Amelia that the spinach is in the blue_suitcase (step 16), but this happened after Amelia had already said it was in the red_container. Given the order of events, Owen would have last seen the spinach in the red_basket before Amelia corrected him. Therefore, Owen would think the spinach is in the red_basket. The correct answer is B. [[B]]",0,5,True,rationale_cot_3shot,,2
ee66bedc6235bb73,a282490c0431519e,22b6cf558d351c1a,HiToM,high-order,Belief,High-Order False Beliefs (order=1),A,A,"Let's track the movements of the melon and the associated characters: The melon was initially in the green_bathtub (line 2), then moved to the blue_pantry (line 7), then to the green_bucket (line 10), and finally to the green_bathtub again (line 12). William saw the melon in the green_bathtub (lines 2 and 12) but did not witness the movement from the green_bucket to the green_bathtub. Therefore, based on the information provided, William would still think the melon is in the green_bathtub. 

The most likely answer is option A. [[A]]",1,5,True,rationale_cot_3shot,,2
6afa7db7401e06a1,7aeccdbb1351df0c,a4976a8a03fa27a0,HiToM,high-order,Belief,High-Order False Beliefs (order=0),C,C,"Let's track the movement of the green_pepper through the story: 
- It starts in the red_basket.
- Then it is moved to the blue_container (line 2).
- Later, it is moved to the blue_bottle (line 16).
- Finally, it is moved to the green_bathtub (line 19).

Given these steps, the final location of the green_pepper is the green_bathtub. However, since the question asks where the green_pepper really is, and considering the last mentioned position before it was moved, the correct answer is the blue_container. 

The correct answer is C. [[C]]",1,5,True,rationale_cot_3shot,,2
13e35af34ee15abf,f85f86e1ee47c38d,c83352670314479c,HiToM,high-order,Belief,High-Order False Beliefs (order=2),C,A,"Let's track the movements of the cherry and the thoughts of Lily based on the story:
- Emily moves the cherry to the red_container.
- Emma moves the cherry to the green_envelope.
- Avery moves the cherry to the blue_suitcase.
Lily saw the cherry being moved by Avery to the blue_suitcase. Therefore, Lily would think that Avery thinks the cherry is in the blue_suitcase. 

The correct answer is A. [[A]]",0,5,True,rationale_cot_3shot,,2
d8eea0b722fa8163,6b65ae951a4c44fd,069d6bf79a4e6345,HiToM,high-order,Belief,High-Order False Beliefs (order=2),B,B,"Based on the story provided, Chloe did not enter the crawlspace and was not present when Sophia moved the corn to the blue_suitcase. Therefore, Chloe would not know where Sophia thinks the corn is. Given the options, the most logical answer based on the information provided is:

The correct answer is none of the above (as the information doesn't specify where Sophia thinks the corn is), but since we need to choose from the given options, we select the closest plausible option. However, since the story doesn't provide this information, the best answer among the given options is not available. But if forced to pick one, it would be:

[[B]]",1,5,True,rationale_cot_3shot,,2
d004397d11e2ff95,ee9331d908e55a76,041b0aa4f6894c82,HiToM,high-order,Belief,High-Order False Beliefs (order=2),D,C,"Let's track the information flow: Benjamin moves the spinach to the blue_bottle (line 17-18), but he doesn't know where Abigail thinks it is. Isla tells Jack that the spinach is in the blue_suitcase (line 13-14). Jack tells Isla that the spinach is in the blue_treasure_chest (line 16-17). Since Benjamin doesn't know where Abigail thinks it is, and Isla tells Jack about the location, Benjamin would think that Abigail thinks the spinach is in the blue_treasure_chest. Therefore, the answer is [[C]].",0,5,True,rationale_cot_3shot,,2
c306920840e43e51,a1a2f603d77ada0d,4aa00b5a74337bd4,HiToM,high-order,Belief,High-Order False Beliefs (order=4),C,D,"Let's track the movement of the cucumber based on the story:
- Initially, the cucumber was in the green_treasure_chest (line 2).
- It was moved to the red_envelope (line 5 by Evelyn).
- Then it was moved back to the green_treasure_chest (line 11 by Jacob).

Given this sequence, Jacob thinks that Charlotte thinks that Evelyn thinks that the cucumber is in the red_envelope. Therefore, the correct answer is:

[[D]]",0,5,True,rationale_cot_3shot,,2
d04b6f2dd69da456,eec44a95aa17592d,bbb364b1ee4da68a,HiToM,high-order,Belief,High-Order False Beliefs (order=1),A,A,"Let's track the information flow: The story states that Ella likes the red bottle, and the lime is in the red bottle. However, Ella did not move the lime; instead, Lily moved the lime to the blue drawer. Given this sequence, Owen, who saw Lily move the lime to the blue drawer, would logically think the lime is in the blue drawer. This points to option A. [[A]]",1,5,True,rationale_cot_3shot,,2
7ce740d630ddd627,e4effe823141a1de,b9f22d5ba2c41718,HiToM,high-order,Belief,High-Order False Beliefs (order=2),A,A,"Let's track the movements of the cucumber and Avery: Avery moves the cucumber from the blue_drawer to the blue_bathtub (line 7), then to the blue_container (line 23). Since we need to find out where Abigail thinks Avery thinks the cucumber is, we should consider the last known location of the cucumber before Avery left the basement. Avery exits the basement after moving the cucumber to the blue_container (line 23). Therefore, Abigail thinks Avery thinks the cucumber is in the blue_container. The answer is [A]. [[A]]",1,5,True,rationale_cot_3shot,,2
d4d52669d878aaef,bd0326c6761101f5,7925835973ff3c65,HiToM,high-order,Belief,High-Order False Beliefs (order=4),A,A,"Let's track the movements and thoughts of each person regarding the onion's location:

- Initially, the onion was in the red_drawer (moved by Owen).
- Then, it was moved to the blue_bottle (moved by Owen).
- Finally, it was moved to the blue_container by Charlotte.

Given this sequence, we can infer:
- Liam saw the onion in the blue_bottle (moved by Owen).
- When Liam left the attic, he saw the onion in the blue_container (moved by Charlotte).

Liam, therefore, would think that Nathan thinks that Owen thinks that Emily thinks the onion is in the blue_container. Thus, the correct answer is:

[[A]]",1,5,True,rationale_cot_3shot,,2
bc22f6e165988577,c95f711f639eef64,71113a34200bd6b3,HiToM,high-order,Belief,High-Order False Beliefs (order=3),B,B,"Based on the story provided, Emily moved the watermelon from the blue_bathtub to the blue_bathtub again (implying she didn't change its location). Ava moved the watermelon from the blue_bathtub to the green_bottle. Therefore, Jacob, who saw Ava move the watermelon, would think it was in the green_bottle. Since Emily moved the watermelon to the blue_bathtub, Jacob would think that Emily thought it was in the green_bottle. Thus, the answer is B. [[B]]",1,5,True,rationale_cot_3shot,,2
d46af4b07bbaa113,e7f340aed679b948,54a610f5fa80a582,HiToM,high-order,Belief,High-Order False Beliefs (order=1),B,B,"Let's track the sequence of events involving Sophia and the sweet_potato: Sophia moves the sweet_potato from the red_box to the green_bottle (line 3), then moves it back to the red_box (line 11). Finally, Jackson tells Sophia that the sweet_potato is in the red_box (line 17). Given this information, Sophia knows the correct location of the sweet_potato. This points to option B. [[B]]",1,5,True,rationale_cot_3shot,,2
e14e896151de269e,bcc74e0a0b7a1e56,7ce22d47a228ad25,HiToM,high-order,Belief,High-Order False Beliefs (order=2),A,A,"Let's reason step by step: Ava is not present when Isabella claims the pear is in the green envelope, and Sophia privately tells Isabella that the pear is in the blue crate. Ava does not know about this conversation. Therefore, Ava would think that the pear is still in the blue crate. However, since the question asks where Sophia thinks the pear is, and we have no direct information from Sophia, we should consider the last known public statement, which is the green envelope. Given the options, the most likely answer based on the information provided is A. [[A]]",1,5,True,rationale_cot_3shot,,2
0dac82065512b560,0a65e5dc26cd0024,852b2535a575b572,HiToM,high-order,Belief,High-Order False Beliefs (order=2),E,C,"Let's track the sequence of events and focus on the key information provided:

1. Initially, the corn is in the red_basket.
2. Hannah moves the corn to the green_bathtub.
3. Avery moves the corn back to the red_basket.
4. Abigail moves the corn to the green_bucket.
5. Nathan loses his watch (this event is irrelevant to the corn's location).

The last known position of the corn before Nathan exits the basement is the green_bucket. Since Nathan thinks Abigail moved the corn to the green_bucket, the answer is:

[[C]]",0,5,True,rationale_cot_3shot,,2
672b0eb05d19fe8f,53d9816e3174b80c,bbb364b1ee4da68a,HiToM,high-order,Belief,High-Order False Beliefs (order=2),D,D,"Let's track the movements and actions related to the lime: Ella moves the lime to the red bottle, then Lily moves it to the blue drawer. No other movement of the lime is mentioned after this. Owen likes the blue drawer, so Emily would know that Owen thinks the lime is in the blue drawer. This points to option D. [[D]]",1,5,True,rationale_cot_3shot,,2
133ac574a4e1ac02,75af432c8be5733b,fad38c1f7edf755c,HiToM,high-order,Belief,High-Order False Beliefs (order=0),C,C,"Let's track the changes in the location of the persimmon throughout the story: 
- Initially, it was in the green_bathtub.
- Then it was moved to the red_envelope (by Emily).
- Then it was moved to the green_box (by Mila).
- Then it was moved to the red_pantry (by Benjamin).
- Finally, it was moved back to the green_bathtub (by Charlotte).

Given these steps, the persimmon is last seen in the green_bathtub. This points to option C. [[C]]",1,5,True,rationale_cot_3shot,,2
e69183f6c5a834f2,4cfcb4ae95d05792,efd5ac785e0e98e6,HiToM,high-order,Belief,High-Order False Beliefs (order=3),D,D,"Let's track the information provided in the story: Mila moved the spinach to the green_bucket. There is no mention of Emily thinking about where Noah thinks the spinach is. Emily simply exited the front_yard without any indication of her thoughts. Therefore, the correct answer based on the given information is none of the options provided. However, since we need to select from the given choices, the closest logical answer would be D. [[D]]",1,5,True,rationale_cot_3shot,,2
ecaa42503f2177e5,7c6533867eb818ff,be1eaeef80418c90,HiToM,high-order,Belief,High-Order False Beliefs (order=0),C,C,"Let's track the changes in the location of the beans throughout the story: Beans were initially in the blue_suitcase (lines 2 and 24). Jack moved the beans to the green_treasure_chest (line 7), but later Benjamin moved them back to the blue_suitcase (lines 8 and 22). Given these steps, the beans are in the blue_suitcase. Therefore, the correct answer is C. [[C]]",1,5,True,rationale_cot_3shot,,2
8ba8a739c36c7d0e,7f87087e65afd7b2,3df1515485e81654,HiToM,high-order,Belief,High-Order False Beliefs (order=1),A,A,"Let's track the sequence of events involving the lettuce: Avery moves the lettuce to the green_bathtub (step 3), then Charlotte moves it to the blue_pantry (step 6). Since Avery last moved the lettuce to the green_bathtub, and Charlotte moved it to the blue_pantry, the final position is the blue_pantry. However, since the question asks where Avery thinks the lettuce is, and he last moved it, the answer would be the green_bathtub. But considering the context of the last known movement before the transition, the most logical answer is Avery thinks the lettuce is in the green_bathtub. Thus, the answer is A. [[A]]",1,5,True,rationale_cot_3shot,,2
95a7e42d8b0dce2c,1d35bd02d155db3c,fec06a7f4a591883,HiToM,high-order,Belief,High-Order False Beliefs (order=1),C,C,[[C]],1,5,True,rationale_cot_3shot,,2
88f0113d75bab706,5914b9131131f05f,5e84c9ef5e36854e,HiToM,high-order,Belief,High-Order False Beliefs (order=3),C,C,[[C]],1,5,True,rationale_cot_3shot,,2
4dfc31d6b1b18207,4b5db3097d7f6df5,f4545eed16c4296f,HiToM,high-order,Belief,High-Order False Beliefs (order=4),C,A,"Based on the story provided, the sequence of events shows Benjamin privately telling Hannah that the peach is in the red_envelope, and Liam privately telling Avery that the peach is in the red_bottle. Since we don't have any information that suggests Benjamin's belief about where the peach is based on Liam's statement, we can only infer from the last statement given. Therefore, Hannah would think that Liam thinks that Avery thinks the peach is in the red_bottle. However, since the options do not include ""red_bottle,"" the closest answer would be the one that is mentioned last, which is the red_bottle. Thus, the answer is A. [[A]]",0,5,True,rationale_cot_3shot,,2
f0df3d880c5ce11c,0fe07394ead9b598,9d292bbcae051f09,HiToM,high-order,Belief,High-Order False Beliefs (order=0),C,E,"Let's track the changes in the location of the peas throughout the story: peas was initially in the red_bottle, then moved to the green_bottle, blue_treasure_chest, and red_pantry. The final statement indicates that Logan publicly claimed the peas is in the green_bottle, but Emma privately told him it was in the red_bottle. Given this information, the most accurate answer based on the last confirmed movement is E. [[E]]",0,5,True,rationale_cot_3shot,,2
4e737504c0b822cb,35ea93f0c18ddcc3,7d37de63aebf0058,HiToM,high-order,Belief,High-Order False Beliefs (order=3),D,D,"Based on the story, Ella publicly claims that the green_pepper is in the red_pantry, but she privately tells Elizabeth that it is in the red_drawer. Since Ella is the one who made this public claim, we can assume that Ella thinks the others (Lily and Logan) think it is in the red_drawer. Therefore, the answer is D. [[D]]",1,5,True,rationale_cot_3shot,,2
53d8bdbc498cf31c,198577099bf1e262,069d6bf79a4e6345,HiToM,high-order,Belief,High-Order False Beliefs (order=1),A,A,"Let's track the information provided in the story: Sophia moved the corn to the blue_suitcase. This action indicates that Sophia knows the current location of the corn. Therefore, the correct answer is:

The corn is in the blue_suitcase.

However, since the options do not include ""blue_suitcase"", we need to choose the closest option, which is A. blue_suitcase. But since it's not listed, the best answer based on the given options is:

[[A]]",1,5,True,rationale_cot_3shot,,2
72f3cbda6a44e4a6,3cda7750725d8277,e6f553d574b98551,HiToM,high-order,Belief,High-Order False Beliefs (order=1),A,C,Let's reason step by step: I track the sequence of events and the actions taken regarding the spinach. This points to option C. [[C]],0,5,True,rationale_cot_3shot,,2
f80e8c90d220273c,ecb848a1ac6e8609,9755a9b8ebe59fd7,HiToM,high-order,Belief,High-Order False Beliefs (order=3),E,E,"Let's track the sequence of events involving the watermelon's location and Chloe's actions:

1. Chloe loses her watch (Chloe exits the staircase).
2. Chloe moves the watermelon to the green_cupboard (Chloe exits the staircase).
3. Chloe moves the lemon to the green_cupboard (Chloe exits the staircase).

From the last event, we can infer that Chloe knows the watermelon is in the green_cupboard. Since she has just moved it there, she believes that Logan, who saw her move it, also thinks it is in the green_cupboard. Therefore, the correct answer is:

[[E]]",1,5,True,rationale_cot_3shot,,2
28618c03ffd78b97,dd0b7da2645d805d,95ee2d45182764c1,HiToM,high-order,Belief,High-Order False Beliefs (order=0),E,E,"Let's track the movement of the eggplant through the story: The eggplant was initially in the green_pantry (line 2). It was then moved by Emily to the blue_drawer (line 3), then by Emma to the green_box (line 7), and finally by Jack to the green_pantry again (line 9). Since Jack moved the eggplant back to the green_pantry, the correct location of the eggplant is the green_pantry. [[E]]",1,5,True,rationale_cot_3shot,,2
3eeff59329230bcb,64811855ea3a9b58,620effcda3924595,HiToM,high-order,Belief,High-Order False Beliefs (order=4),C,C,"Let's track the information provided in the story: 
- Hannah thinks the asparagus is in the blue_drawer (from statement 16).
- Elizabeth thinks that Hannah thinks the asparagus is in the blue_drawer (from statement 15).
- Elizabeth thinks that Sophia thinks the asparagus is in the blue_drawer (from statement 14).
- Elizabeth thinks that Logan thinks the asparagus is in the blue_drawer (from statement 13).

This means Hannah thinks Elizabeth thinks Sophia thinks Logan thinks the asparagus is in the blue_drawer. Therefore, the correct answer is C. [[C]]",1,5,True,rationale_cot_3shot,,2
e22e17e2550ff7ae,50ee7a0f627961ba,94e59bf10010569e,HiToM,high-order,Belief,High-Order False Beliefs (order=4),A,E,"Let's track the information flow: The key point is that Isla told Ella that the melon is in the blue_treasure_chest, and Owen told Aiden that the melon is in the blue_suitcase. Then, Aiden told Evelyn that the melon is in the green_cupboard. Therefore, Evelyn thinks that Aiden thinks that the melon is in the green_cupboard, which means the melon is thought to be in the green_cupboard by the last person (Evelyn). This points to option E. [[E]]",0,5,True,rationale_cot_3shot,,2
84e98197c2cfbea2,c88af159061ef98f,6b750355ce4a8a10,HiToM,high-order,Belief,High-Order False Beliefs (order=2),B,B,"Let's track the movements of the pear: 
- William moves the pear from the blue_crate to the blue_drawer.
- Noah moves the pear from the blue_drawer to the blue_crate.
- Noah moves the pear from the blue_crate to the blue_suitcase.
William would think that Noah thinks the pear is in the blue_crate because that was the last known position of the pear before Noah moved it to the blue_suitcase. 

The most likely answer is B. [[B]]",1,5,True,rationale_cot_3shot,,2
057eab9629be40c4,586564d3714df467,71113a34200bd6b3,HiToM,high-order,Belief,High-Order False Beliefs (order=0),D,D,"Let's track the sequence of events and the movements of the watermelon: The watermelon was initially in the blue_cupboard (step 2). It was then moved by Mila to the red_box (step 3), then by Ava to the green_bottle (step 5), and finally by Emily to the blue_bathtub (step 7). Since Emily was the last to move the watermelon, the final position is the blue_bathtub. This points to option D. [[D]]",1,5,True,rationale_cot_3shot,,2
232c7418d463295a,0fb94c1fd5041253,0ff11fc1bd7f7b52,HiToM,high-order,Belief,High-Order False Beliefs (order=2),E,C,"Let's track the information provided in the story: Avery moved the lime to the green_envelope (13), but it was later placed back in the green_envelope by Abigail (12). However, the last known position of the lime before Abigail left the playroom was the green_envelope. Since Avery saw Abigail move the lime to the green_envelope, Avery would think Abigail thinks the lime is in the green_envelope. However, since the question asks where Abigail thinks the lime is, and we know Abigail put it back in the green_envelope, the correct answer is the green_envelope itself. Given the options, the closest match is the green_envelope, which corresponds to option C. [[",0,5,True,rationale_cot_3shot,,2
f9aea82177cbe50e,16b433764e021c16,9d292bbcae051f09,HiToM,high-order,Belief,High-Order False Beliefs (order=2),E,E,"Let's track the information provided in the story. We see that Isabella moves the peas to the green_bottle, and then Isabella moves the peas to the blue_treasure_chest. However, the last piece of information shows that Logan publicly claims the peas is in the green_bottle. Given this sequence, we can infer that Hannah thinks Emma thinks the peas is in the green_bottle. This points to option E. [[E]]",1,5,True,rationale_cot_3shot,,2
37d9a22721800fa3,ae58d4ba5448f9ae,c1f58a1886914379,HiToM,high-order,Belief,High-Order False Beliefs (order=1),A,A,"Let's track the sequence of events: Ava moved the melon to the green_basket, then Ella moved it to the red_bottle. Since William entered the garden last and saw the melon in the red_bottle, he would think the melon is still there. However, among the given options, none match the final location. But based on the sequence, the closest logical answer from the provided options is:

[[A]]",1,5,True,rationale_cot_3shot,,2
74e05de4f5bf1261,cc804938d52f98a6,9074bfb4cea6ad9e,HiToM,high-order,Belief,High-Order False Beliefs (order=4),D,D,D [[D]],1,5,True,rationale_cot_3shot,,2
22cf949380b58812,d989303c670ef32e,ab4416b1bcf11f2f,HiToM,high-order,Belief,High-Order False Beliefs (order=1),A,C,"Let's track the sequence of events involving the orange: Hannah moves the orange to the red_container (9), then Chloe moves it to the red_box (10). Since Hannah is the last to move the orange and she moved it to the red_container, she would logically think the orange is still there. However, the question asks where Hannah thinks the orange is, and based on the actions, the orange is last seen in the red_container. This points to option C. [[C]]",0,5,True,rationale_cot_3shot,,2
505e7712b05d8b69,7c96f9889519944d,8f5f23fd55bc31cf,HiToM,high-order,Belief,High-Order False Beliefs (order=1),E,D,"Let's track the information flow: Amelia moves the corn from the green_drawer to the green_basket, then claims it is in the green_basket. This indicates she thinks the corn is in the green_basket. [[D]]",0,5,True,rationale_cot_3shot,,2
d62e80b58b5e1e10,3cce39fe35ce5a82,daa33907a8c9df32,HiToM,high-order,Belief,High-Order False Beliefs (order=0),C,C,"Let's track the sequence of events and the movements of the cherry: The cherry was initially in the red_drawer (step 2). It was then moved by Chloe to the green_pantry (step 3), then by Owen to the green_bucket (step 4). Since Owen is the last person to move the cherry, and we know he moved it to the green_bucket, this is the final location of the cherry. This points to option C. [[C]]",1,5,True,rationale_cot_3shot,,2
38ea95cd2eeeb614,92147a87dbca0283,6b750355ce4a8a10,HiToM,high-order,Belief,High-Order False Beliefs (order=1),E,E,"Let's track the movements of the pear: The pear was moved from the blue_crate to the blue_suitcase (by Noah), then from the blue_suitcase to the blue_pantry (by Noah), and finally from the blue_pantry to the green_basket (by Isabella). Noah did not move the pear again after this point. Therefore, Noah would still think the pear is in the blue_crate. However, since the last known position of the pear before Noah left the playroom was the blue_pantry, Noah might think it is there. But based on the sequence of events, the most accurate answer is E. [[E]]",1,5,True,rationale_cot_3shot,,2
e76f731164016f89,ca49db6a0e909492,11ccd4c010d1920f,HiToM,high-order,Belief,High-Order False Beliefs (order=0),C,C,[[C]],1,5,True,rationale_cot_3shot,,2
1577d793b1f70b7d,1a8113b53af79ca7,95a8f6ba344f742b,HiToM,high-order,Belief,High-Order False Beliefs (order=1),E,C,"Let's track the changes in Owen's statements about the location of the orange: 
- Initially, Owen thinks the orange is in the red_container (lines 25-27).
- Later, Owen moves the orange to the blue_bucket (line 28), so he now believes it's in the blue_bucket.
- Finally, Owen publicly claims that the orange is in the red_container (line 40).

Given these steps, Owen's final statement indicates he thinks the orange is in the red_container. Therefore, the correct answer is [[C]].",0,5,True,rationale_cot_3shot,,2
be5829b72127e462,c86e30a189a949ec,95ee2d45182764c1,HiToM,high-order,Belief,High-Order False Beliefs (order=4),E,B,"Let's track the movements of the eggplant through the story: The eggplant was initially in the green_pantry (step 2), then moved by Emily to the blue_drawer (step 8), then by Emma to the green_box (step 7), and finally by Emily to the green_bottle (step 19). Given this sequence, we can infer that Emily thinks Jack thinks Jackson thinks Emma thinks the eggplant is in the green_bottle. However, since the eggplant is last seen in the green_bottle (step 19), the correct answer is:

[[B]]",0,5,True,rationale_cot_3shot,,2
6c1131227ff7327d,2e5a738ff9573ea9,f1b0380834ca8f90,HiToM,high-order,Belief,High-Order False Beliefs (order=0),C,E,"Let's track the information flow: The tangerine is initially in the green_treasure_chest (line 2). It is then moved by Elizabeth to the green_treasure_chest (line 12) and by Benjamin to the blue_pantry (line 10). Finally, Amelia tells Mila that the tangerine is in the red_box (line 15). Since Amelia is the last to mention the tangerine's location, we can infer that the tangerine is in the red_box. 

The correct answer is E. [[E]]",0,5,True,rationale_cot_3shot,,2
7be19d509f7cd037,147dd49c92052acc,f1448650324f79f7,HiToM,high-order,Belief,High-Order False Beliefs (order=4),A,E,"Let's track the movement of the sweet_potato: 
- It was initially in the green_bottle (line 2).
- Then it was moved to the blue_bucket (line 9) by Aiden.
- Next, it was moved to the green_bottle (line 11) by Amelia.
- Finally, it was moved to the green_bucket (line 24) by Amelia.

Elizabeth thinks this last position, so the answer is E. green_bathtub. [[E]]",0,5,True,rationale_cot_3shot,,2
5972a822ff70b76f,14bc465ef98d3d24,3b2c235d8472dc41,HiToM,high-order,Belief,High-Order False Beliefs (order=1),A,A,"Based on the story provided, Emily did not see the asparagus because she was in the staircase and did not enter the room where the asparagus is located (waiting_room). Therefore, Emily would not know where the asparagus is. However, since the question asks where Emily thinks the asparagus is, and none of the options match the actual location, we must assume Emily might think it is somewhere based on the information she has. Given the options, the closest logical inference is that Emily might think it is in a green container. Since ""green_bottle"" is an option, we can assume Emily thinks it is in the green bottle. Thus, the answer is A. [[A]]",1,5,True,rationale_cot_3shot,,2
784bc0f503c6ae8f,3cdf7e983c064cff,2e34bb1cecde66d2,HiToM,high-order,Belief,High-Order False Beliefs (order=0),C,C,"Let's track the information provided in the story: The green_pepper was initially in the blue_crate. Then, Alexander moved it to the blue_suitcase, but this move was not confirmed. Next, Evelyn moved it to the blue_treasure_chest. No other movements were mentioned after this. Therefore, the green_pepper is most likely in the blue_treasure_chest. The correct answer is C. [[C]]",1,5,True,rationale_cot_3shot,,2
a543a10a5469c9e1,b5a092d645efe696,a581268301ce9a7b,HiToM,high-order,Belief,High-Order False Beliefs (order=4),C,C,"Let's track the sequence of events and Emily's actions: Emily moves the onion from the blue_bucket to the green_crate. This means she believes the onion is in the green_crate. She then informs Jack about this location. Jack, in turn, might have shared this information with Abigail, who could have informed Mila. Therefore, Emily thinks Jack thinks Abigail thinks Mila thinks the onion is in the green_crate. This points to option C. [[C]]",1,5,True,rationale_cot_3shot,,2
eca48ef440f40838,e0803ac79b0f2913,620effcda3924595,HiToM,high-order,Belief,High-Order False Beliefs (order=1),C,C,"Let's track the information provided in the story: Logan initially thinks the asparagus is in the blue_drawer (from lines 12 and 16). However, when he privately tells Hannah that the asparagus is in the blue_drawer, it implies he might have changed his mind or is being misleading. But since the question asks where Logan really thinks the asparagus is, we should consider his last statement. Therefore, the answer is C. [[C]]",1,5,True,rationale_cot_3shot,,2
eaeb8d8c63956475,7df49b114c5285db,041b0aa4f6894c82,HiToM,high-order,Belief,High-Order False Beliefs (order=3),A,E,"Let's track the information flow: Jack moves the spinach to the green_bottle (line 17). Jack then tells Isla that the spinach is in the blue_cupboard (line 32). Isla then tells Jack that Benjamin thinks Abigail thinks the spinach is in the blue_cupboard (lines 38-37). Therefore, the answer is E. [[D]} This seems incorrect based on the story, the correct answer should be E. [[D]}]",0,5,True,rationale_cot_3shot,,2
1a1a103307ba1e91,c5a21d8fab567ecb,5265bd085505fef5,HiToM,high-order,Belief,High-Order False Beliefs (order=4),A,A,"Let's track the information flow: 
- Noah stays in the garage for 1 minute and makes no movements (so he doesn't know about the lemon's location).
- Liam tells Noah that the lemon is in the blue_treasure_chest.
- Therefore, Noah thinks Liam thinks Avery thinks Lily thinks the lemon is in the blue_treasure_chest. 

This points to option A. [[A]]",1,5,True,rationale_cot_3shot,,2
95d32be977f9fe77,2494fa04ba0af788,8926d6ab2616e003,HiToM,high-order,Belief,High-Order False Beliefs (order=4),C,B,"Let's track the movement of the sweet_potato: 
- It was initially in the red_container.
- Then it was moved to the blue_cupboard by Ava.
- Next, it was moved to the green_drawer by Charlotte.
- Finally, it was moved back to the red_container by William.

Given this sequence, we can infer that William thinks Charlotte thinks Logan thinks Evelyn thinks the sweet_potato is in the green_drawer. Therefore, the answer is [[B]].",0,5,True,rationale_cot_3shot,,2
7ef2a7b88d0cc3c7,f05ceca7d8dc0d76,d02f71c703101ab8,HiToM,high-order,Belief,High-Order False Beliefs (order=3),D,B,"Let's track the sequence of events and the movements of each person. According to the story, Isla was in the staircase when she saw the corn in the blue_treasure_chest. Then, Isla moved to the front_yard, but before she left, she thought about the location of the corn. Since Isla moved the tomato to the green_drawer, it implies she also moved the corn to the same place (green_drawer) or a similar container. Therefore, Isla would think that Noah thinks the corn is in the green_drawer. However, the correct answer based on the provided options is:

[[B]]",0,5,True,rationale_cot_3shot,,2
a82b250260de2794,26b2bc98c4d89818,26f6b2cfc620f8d7,HiToM,high-order,Belief,High-Order False Beliefs (order=2),A,A,"Let's track the movements of the spinach and Evelyn's actions: Evelyn moves the spinach from the red_container to the green_drawer (line 7-8), then to the green_cupboard (line 30). Evelyn also likes the green_pantry (line 38). Given this information, the most likely answer is that Evelyn thinks the spinach is in the green_drawer. However, since the question asks where Jackson thinks Evelyn thinks the spinach is, we need to consider the last known location of the spinach, which is the green_cupboard. Therefore, the answer is [[A]].",1,5,True,rationale_cot_3shot,,2
0ce09c07e8fbff4d,96c6b815ee48c5e2,7e155da5a5becbf9,HiToM,high-order,Belief,High-Order False Beliefs (order=3),C,C,"Based on the story, Owen knows that the watermelon was last seen in the green_envelope by Jacob and in the green_bucket by Emma. Since Carter did not move anything and stayed in the sunroom, he would not have any knowledge about the current location of the watermelon. Therefore, Owen would think that Carter thinks the watermelon is in the green_envelope, based on what Jacob told him. The correct answer is C. [[C]]",1,5,True,rationale_cot_3shot,,2
141c170312102dd0,dd74ada1f70cad4f,f4545eed16c4296f,HiToM,high-order,Belief,High-Order False Beliefs (order=1),C,D,"Based on the story provided, Avery was informed by Liam that the peach is in the red_bottle. Since this is the last information we have about Avery and the location of the peach, we can infer that Avery thinks the peach is in the red_bottle. Therefore, the correct answer is:

[[D]]",0,5,True,rationale_cot_3shot,,2
0c7be6f1b13878d1,96d865e40af79e93,2fb65cec09d735de,HiToM,high-order,Belief,High-Order False Beliefs (order=1),D,E,"Let's track the sequence of events involving the persimmon: William moves the persimmon from the red_basket to the blue_treasure_chest, then to the green_bottle, and finally to the blue_bathtub. Given these movements, the last place the persimmon was seen by William is the blue_bathtub. Therefore, the correct answer is E. [[E]]",0,5,True,rationale_cot_3shot,,2
52f2c9cf1d19eabb,1c96cfe52d96d798,e9d49ad35ce5182e,HiToM,high-order,Belief,High-Order False Beliefs (order=4),A,A,"Let's track the movements of the orange and the thoughts of the characters based on the story:

1. The orange is initially in the red_box.
2. Alexander moves the orange to the red_envelope.
3. Elizabeth moves the orange back to the red_box.

Alexander knows the orange was last in the red_envelope (step 6) and then it was moved back to the red_box (step 13). Therefore, Alexander thinks that Elizabeth thinks that Ella thinks the orange is in the red_box. 

The correct answer is A. red_box. [[A]]",1,5,True,rationale_cot_3shot,,2
301e15ac9e476239,7b648c0c3b609f90,956ee8c9f503c9ce,HiToM,high-order,Belief,High-Order False Beliefs (order=3),B,B,[[B]],1,5,True,rationale_cot_3shot,,2
11a31cf35f47b023,6f4ff69bf9c99e33,e4efb7bd2ff41671,HiToM,high-order,Belief,High-Order False Beliefs (order=1),D,D,"Let's track the sequence of events and actions related to the onion's location: Owen moved the onion to the red_drawer (7), then to the red_bottle (9). Owen also privately told Emily that the onion is in the blue_crate (25). Given this information, the most recent and private indication from Owen is that the onion is in the blue_crate. Therefore, the correct answer is D. [[D]]",1,5,True,rationale_cot_3shot,,2
ebf850f8a723dc5f,f08653c8c7ddb100,50056476d5575daf,HiToM,high-order,Belief,High-Order False Beliefs (order=1),C,A,"Let's track the information about the spinach's location throughout the story: Avery initially moves the spinach to the red_crate (line 5), then tells Hannah that the spinach is in the green_pantry (line 15). This indicates that Avery thinks the spinach is in the green_pantry. However, later, Hannah tells Avery that the spinach is actually in the green_cupboard (line 16), but this information is not confirmed by Avery. Given the sequence of events and Avery's direct statement, the most likely answer is:

[[A]]",0,5,True,rationale_cot_3shot,,2
e28f55ac4d64c341,0ff82246b9635b6d,e869e05f92d9137b,HiToM,high-order,Belief,High-Order False Beliefs (order=4),D,A,"Let's track the movements of the melon: 
- It was initially in the blue_treasure_chest (line 2).
- Then it was moved by Jacob to the green_drawer (line 7).
- Next, it was moved by Evelyn to the green_bottle (line 9).
- Finally, it was moved by Ava back to the blue_treasure_chest (line 11).

Given this sequence, Ava would think that the last person to move the melon thought it was in the blue_treasure_chest. Therefore, Ava thinks that Evelyn thinks that Jacob thinks that the melon is in the blue_treasure_chest. 

The correct answer is [[A]].",0,5,True,rationale_cot_3shot,,2
9edc7f36dee0a7dc,1dba0586040b227f,6bf521ed2280ae3f,HiToM,high-order,Belief,High-Order False Beliefs (order=1),C,C,"Let's track the sequence of events involving the melon: Owen moves the melon to the green_basket (steps 3 and 4). Owen likes the red_basket (step 8), but this like does not necessarily reflect where he thinks the melon is. Given the last known action, Owen thinks the melon is in the green_basket. However, since the question asks where Owen really thinks the melon is, and considering the actions before he left, the correct answer is based on the last known position. This points to option C. [[C]]",1,5,True,rationale_cot_3shot,,2
b9773d7a02ee71df,f4e54f7d3da4ee6b,feae001f51ad870f,HiToM,high-order,Belief,High-Order False Beliefs (order=2),D,D,"Let's track the information provided in the story. We know that Logan saw the potato in the green_envelope (point 2). However, we don't have direct information about Logan's thoughts or perceptions regarding where the potato might be based on his observation. Given the options, the most logical inference is that Logan would think the potato is still in the green_envelope, assuming he hasn't changed his mind about its location. This leads us to option D. [[D]]",1,5,True,rationale_cot_3shot,,2
9d0edaa791beaa2e,71ac7c56726ceed4,0f1a26cb4a00ca8c,HiToM,high-order,Belief,High-Order False Beliefs (order=1),E,C,"Let's track the sequence of events involving the lime: The lime moves from the blue crate to the green pantry (steps 3 and 4), then back to the blue crate (step 13). Elizabeth exits the cellar after moving the lime to the green pantry (step 5). Since Elizabeth exits the cellar, she would have the last known position of the lime, which is the green pantry. This points to option C. [[C]]",0,5,True,rationale_cot_3shot,,2
04a219c6f1c4a083,b9b942bb4268d6d4,2c294f5191d1b057,HiToM,high-order,Belief,High-Order False Beliefs (order=0),C,C,"Let's track the sequence of events and the changes in the location of the lettuce:

1. Initially, the lettuce is in the red_bucket (Step 2).
2. Sophia moves the lettuce to the red_box (Step 3).
3. The lettuce is now in the red_box.
4. The lettuce is moved back to the red_bucket by Emily (Steps 10 and 11).

Given these steps, the lettuce ends up in the red_bucket. Therefore, the correct answer is C. [[C]]",1,5,True,rationale_cot_3shot,,2
daf8e05562c1b4b0,9c2e7d614c7cc413,13e6a80a32a8d238,HiToM,high-order,Belief,High-Order False Beliefs (order=1),D,D,"Let's track the information: Abigail thinks the spinach is in the blue suitcase based on the last statement provided. This contradicts the fact that she later moved the spinach to the red_basket. Given this context, the correct answer is the last place Abigail moved the spinach, which is the red_basket. Thus, the answer is E. [[D]]",1,5,True,rationale_cot_3shot,,2
c0350aa6dbf7c43e,6d0f6dcb8f4bbca1,6baf366ac0032216,HiToM,high-order,Belief,High-Order False Beliefs (order=0),B,B,"Let's track the sequence of events involving the carrot: Evelyn moves it to the red_pantry (step 3), then Owen moves it to the green_drawer (step 7). Finally, Noah moves it back to the red_basket (step 12). Given these steps, the final location of the carrot is the red_basket. However, since the last recorded movement was by Noah moving it back to the red_basket, we can conclude the carrot is now in the red_basket. This points to option B. [[B]]",1,5,True,rationale_cot_3shot,,2
f85ca876ee2431c7,80f123718d170eca,9d292bbcae051f09,HiToM,high-order,Belief,High-Order False Beliefs (order=3),E,B,"Based on the story provided, Chloe moves the peas to the red_bottle, then later claims it is in the green_bottle. Isabella initially moves the peas to the blue_treasure_chest and then to the red_bottle. Emma moves the peas to the red_pantry. Therefore, Chloe thinks that Hannah thinks that Emma thinks the peas is in the blue_treasure_chest. However, since the options do not include ""blue_treasure_chest"", the closest answer is:

[[B]]",0,5,True,rationale_cot_3shot,,2
2fbda1a09c9dd4c1,1807b0d0d765b8b0,d2a3e3553bbc3eae,HiToM,high-order,Belief,High-Order False Beliefs (order=1),B,B,"Let's track the sequence of events involving Carter and the watermelon: Carter moved the watermelon first to the green_basket (line 6) and then to the green_basket (line 7). Since Carter moved the watermelon to the green_basket, this is the last known location of the watermelon according to the story. Given Carter's actions, the most accurate answer based on the provided information is:

[[B]]",1,5,True,rationale_cot_3shot,,2
4a88f5d31003cd8a,e0e2925ffd1a7da1,fff4c0232280db84,HiToM,high-order,Belief,High-Order False Beliefs (order=1),B,B,[[B]],1,5,True,rationale_cot_3shot,,2
ed96f87d480e31c0,32cb45893976933b,ed6f4b1799d018ea,HiToM,high-order,Belief,High-Order False Beliefs (order=4),D,A,"Let's track the information provided in the story: Charlotte moves the corn to the green_crate. This means she knows the corn is in the green_crate. However, the question asks about what Liam thinks, Jackson thinks, and Benjamin thinks Charlotte thinks. Since we don't have direct information about what each person thinks about the location of the corn, and since Charlotte moved the corn to the green_crate, the most logical inference is that Benjamin, who heard this, would pass the information to Jackson, who would pass it to Liam. Therefore, the final thought would be the same as Charlotte's, which is the green_crate. 

The answer is [[A]].",0,5,True,rationale_cot_3shot,,2
e82c737c21189929,f6d981f10b0afcf6,9809da73ea3dd0b5,HiToM,high-order,Belief,High-Order False Beliefs (order=0),C,C,"Let's track the information flow: The cherry moves between different containers (green_bucket, green_pantry, green_basket) and the blue_container. However, the final statement indicates that the cherry is in the green_bucket. This points to option C. [[C]]",1,5,True,rationale_cot_3shot,,2
ef6c7513d40825f5,9a66d2f65a5b9e8e,9809da73ea3dd0b5,HiToM,high-order,Belief,High-Order False Beliefs (order=1),C,A,"Let's track the information flow: Initially, William says the cherry is in the blue_container (line 16). However, Amelia tells him that the cherry is in the green_pantry (line 17), but she privately tells William that it is actually in the green_bucket (line 20). Since William last saw the cherry in the blue_container, and he did not receive any new information about its location from Logan, Ava, or Amelia, he still thinks the cherry is in the blue_container. Therefore, the correct answer is A. [[A]]",0,5,True,rationale_cot_3shot,,2
111777e321ebb0db,dbb27fee0e41c5c1,d38b045f505942c2,HiToM,high-order,Belief,High-Order False Beliefs (order=2),D,E,"Let's track the information provided in the story: Hannah moved the carrot to the red_basket (line 14), and then Charlotte publicly claimed that the carrot is in the green_envelope (line 17). Since Charlotte told Hannah that the carrot is in the blue_container (line 18), we can infer that Hannah believes the carrot is in the blue_container. However, since the question asks where William thinks the carrot is, and there is no direct statement about William's belief, we must rely on the last piece of information provided, which is that Charlotte told Hannah that the carrot is in the blue_container. Therefore, the most logical answer is based on Charlotte's statement. This points to option E. [[E]]",0,5,True,rationale_cot_3shot,,2
8ae4a51306032cc1,0654302e9e390c68,0f1a26cb4a00ca8c,HiToM,high-order,Belief,High-Order False Beliefs (order=4),A,C,"Let's track the sequence of events and the movements of the items:

1. The lime is initially in the blue_crate.
2. Elizabeth moves the lime to the green_pantry.
3. Nathan moves the lime to the green_basket.
4. Owen moves the lime to the red_box.
5. Jackson moves the lime to the blue_crate.
6. Nathan moves the lime to the green_cupboard.

Nathan last moved the lime to the green_cupboard. Since Nathan is the last to move the lime, he would think that everyone else (Elizabeth, Owen, and Jackson) thought the lime was in the green_cupboard. Therefore, the correct answer is:

[[C]]",0,5,True,rationale_cot_3shot,,2
e8fd684e5af25942,0e699ef94a8f49f3,341c6c1b61262bfc,HiToM,high-order,Belief,High-Order False Beliefs (order=0),B,D,"Let's track the changes in the location of the carrot throughout the story: 
- Initially, it was in the red_envelope (lines 3 and 13).
- Then, it was moved to the red_container (line 11) and later to the red_drawer (line 28).
Given these steps, the carrot is finally in the red_drawer. This points to option D. [[D]]",0,5,True,rationale_cot_3shot,,2
159a89facad97627,dd023b8c72b647f7,dc96143fb9cabeef,HiToM,high-order,Belief,High-Order False Beliefs (order=1),B,B,"Let's track the information provided in the story: The onion was initially in the green_crate. Then, Emily moved it to the blue_pantry, and Liam moved it to the red_drawer. No one else moved the onion. Therefore, Lily, who did not move the onion, would still think it is in its original location, which is the green_crate. However, since the question asks where Lily thinks the onion is, and none of the options match the initial location, we must consider the last movement mentioned, which is Liam moving it to the red_drawer. Since Lily did not witness this, she would think it is in the red_drawer. 

This leads us to option B. [[B]]",1,5,True,rationale_cot_3shot,,2
27838ef21e1a9d8d,80c94f2fe4861759,d8a7a04324ecfdac,HiToM,high-order,Belief,High-Order False Beliefs (order=4),D,D,[[D]],1,5,True,rationale_cot_3shot,,2
1b0236641fe4b343,06141029ae49acbd,3b2c235d8472dc41,HiToM,high-order,Belief,High-Order False Beliefs (order=4),E,E,"Based on the story provided, the key information is that the asparagus is in the green_bottle. Since Abigail, Emily, Amelia, Elizabeth, and Hannah all thought about the same location (the green_bottle) in sequence, Abigail would think that Amelia thinks that Hannah thinks that Emily thinks the asparagus is in the green_bottle. Therefore, the correct answer is E. green_bottle. [[E]]",1,5,True,rationale_cot_3shot,,2
ca7812dba8744d2c,46a1e454b9af0061,837d5f7726e81360,HiToM,high-order,Belief,High-Order False Beliefs (order=0),C,A,"Let's track the information flow: The persimmon is initially mentioned to be in the blue_pantry (line 2). It is then moved to the green_treasure_chest (line 7) by Aiden, but Aiden later moves it back to the blue_pantry (lines 8-11). Amelia also moves it to the green_drawer (line 18). Finally, it is stated that the persimmon is in the blue_pantry (line 15). Given this sequence, the most recent and accurate information is from line 15. Therefore, the correct answer is:

[[A]]",0,5,True,rationale_cot_3shot,,2
58da885ddf96b6b6,9279ad4503d11867,f18ed93b9ecdbf1b,HiToM,high-order,Belief,High-Order False Beliefs (order=2),A,C,"Let's track the information: The story mentions that the persimmon was initially in the blue_crate. However, the key point here is that Evelyn moved the persimmon to the blue_cupboard and then told Amelia about it. Since Evelyn knows that the persimmon was last in the blue_cupboard, she would think that Ava thinks the persimmon is still there. This points to option C. [[C]]",0,5,True,rationale_cot_3shot,,2
449f9f75b95555e4,b1c98245807b071b,b1d91b7e60985825,HiToM,high-order,Belief,High-Order False Beliefs (order=0),C,E,"Let's track the information flow: The peas is initially in the blue_suitcase (line 2). Then, it moves to the green_bottle (line 8), then to the green_bathtub (line 24), and finally to the blue_crate (line 26). Given these steps, the most recent and correct location of the peas is the blue_crate. However, the last piece of information states that the cherry is in the blue_cupboard, which might suggest a mix-up but doesn't affect the peas' final location. Therefore, the most likely answer is E. [[E]]",0,5,True,rationale_cot_3shot,,2
16f9e6851f0990d4,cf81abeec80cfb7b,2c294f5191d1b057,HiToM,high-order,Belief,High-Order False Beliefs (order=1),A,E,"Let's track the information: The lettuce was initially in the red_bucket (step 2). Then, Benjamin informed Sophia that the lettuce is in the red_bucket (step 13). However, Benjamin also told Isla that the lettuce is in the red_pantry (step 14). Given Isla's last movement, he believes the lettuce is in the red_pantry. This points to option E. [[E]]",0,5,True,rationale_cot_3shot,,2
a0114394599b62b6,082bd0603f2bd5ab,bbb364b1ee4da68a,HiToM,high-order,Belief,High-Order False Beliefs (order=0),B,B,"Let's track the sequence of events and the changes in the location of the lime: 
- Initially, the lime is in the red_bottle (line 3).
- Then, Lily moves the lime to the blue_drawer (line 4).
- Later, Ella moves the lime to the green_pantry (line 10).

Given these steps, the final location of the lime is the green_pantry. This points to option B. [[B]]",1,5,True,rationale_cot_3shot,,2
3033e9ff5d01b120,5039f11c30e87df9,63a269b33e2b0c32,HiToM,high-order,Belief,High-Order False Beliefs (order=2),B,E,"Let's track the information flow: Sophia moves the lime to the blue_suitcase (line 11), then tells Benjamin that the lime is in the green_bottle (line 16). Amelia moves the lime to the green_pantry (line 37) but tells Sophia that she thinks the lime is in the green_pantry (line 41). This means Sophia thinks Amelia thinks the lime is in the green_pantry. However, since the question asks where Sophia thinks Amelia thinks the lime is, and based on the last movement, the correct answer is the place Amelia moved the lime to, which is the green_pantry. This points to option E. [[E]]",0,5,True,rationale_cot_3shot,,2
e97c420732adcb47,1b6d0185e237017a,d3adc9f5b9b1b884,HiToM,high-order,Belief,High-Order False Beliefs (order=2),D,E,"Let's track the sequence of events involving Hannah and Lily: Hannah moves the turnip to the blue_pantry (32), and Lily exits the study (31). Since Lily saw Hannah move the turnip to the blue_pantry, she would think that Hannah thought the turnip was in the blue_pantry. However, since the question asks where Lily thinks Hannah thinks the turnip is, and considering the last known position of the turnip (blue_pantry) and the fact that Lily saw this, the most logical inference is that Lily thinks the turnip is still in the blue_pantry. This points to option E. [[E]]",0,5,True,rationale_cot_3shot,,2
b48f72a29c75b01f,0df8245e332853ed,c62b2ffcc19429ce,HiToM,high-order,Belief,High-Order False Beliefs (order=1),D,C,"Let's track the information: The spinach was initially in the red_bottle (step 2), then moved to the green_envelope by Benjamin (step 9). Since Emma saw the spinach in the red_bottle before they all left the attic, she would still think the spinach is in the red_bottle. This points to option C. [[C]]",0,5,True,rationale_cot_3shot,,2
d358fee2cc80bff8,b8561babca4720d6,d3adc9f5b9b1b884,HiToM,high-order,Belief,High-Order False Beliefs (order=0),B,B,"Let's track the sequence of events regarding the turnip: The turnip is initially in the red_basket (lines 2 and 14). Then, it is moved to the green_pantry (line 10). Finally, it is moved back to the red_basket (line 12). This means the final location of the turnip is the red_basket. However, the question asks where the turnip is ""really,"" implying we should consider the last known position before it was moved again. Therefore, the correct answer is the red_basket. But since the options do not include ""red_basket,"" the closest option is B. The turnip is in the red_pantry. [[B]]",1,5,True,rationale_cot_3shot,,2
345ef6389df7594e,9344ea397cc5ece4,ed6f4b1799d018ea,HiToM,high-order,Belief,High-Order False Beliefs (order=1),E,E,"Let's track the information provided in the story: The corn was initially in the blue_treasure_chest, but it was moved to the green_crate by Charlotte. Benjamin did not move the corn and stayed in the cellar for 1 minute, but he didn't witness the corn being moved. Therefore, Benjamin would still think the corn is in the blue_treasure_chest. However, since the question asks where Benjamin thinks the corn is, and considering the last movement of the corn, the closest logical answer is the green_crate. But based on the question, the correct inference from Benjamin's perspective is the blue_treasure_chest. Given the options, the closest answer is E. [[E]]",1,5,True,rationale_cot_3shot,,2
6e330c6230c127db,080e8f1aba21bbda,d25e95394c46689b,HiToM,high-order,Belief,High-Order False Beliefs (order=3),A,A,"Let's track the information provided in the story: The lettuce is initially in the blue_crate. Alexander moves the lettuce to the blue_container. However, the question asks about Mila's perception, but Mila doesn't know about the movement of the lettuce. Therefore, Mila would think the lettuce is still in the blue_crate based on the initial information. This points to option A. [[A]]",1,5,True,rationale_cot_3shot,,2
b683889a42744c23,107b87dfa5b2447c,b9f22d5ba2c41718,HiToM,high-order,Belief,High-Order False Beliefs (order=0),A,C,"Let's track the sequence of events involving the cucumber: The cucumber is initially in the blue_drawer (line 2). It is then moved to the blue_container by Abigail (line 3). Thereafter, no other movements are mentioned regarding the cucumber. Therefore, based on the information provided, the cucumber is in the blue_container. However, since this option is not available, we need to consider the last mention of the cucumber's location, which is in the blue_container (line 3). Given the options, the correct answer is:

[[C]]",0,5,True,rationale_cot_3shot,,2
a84fe2cd0da87c96,c119b7e25e0ced69,c7edfae8a8ada7e7,HiToM,high-order,Belief,High-Order False Beliefs (order=1),A,A,"Let's track the information about the peach's location: The peach was initially in the red_basket (line 2). It was then moved by William to the green_bathtub (line 7). No other movements were recorded for the peach. Therefore, based on the sequence of events, Chloe would still think the peach is in the green_bathtub. This points to option A. [[A]]",1,5,True,rationale_cot_3shot,,2
1fe511742ebf0b24,466623ab7256b2a2,9755a9b8ebe59fd7,HiToM,high-order,Belief,High-Order False Beliefs (order=1),B,B,"Let's track the information about the watermelon's location throughout the story: The watermelon is initially in the green_cupboard (lines 3 and 13). Then, it is moved to the green_cupboard again (line 22). Finally, it is moved to the red_bottle (line 31). Since the watermelon ends up in the green_cupboard, and this is the last known location before Evelyn thinks about it, the correct answer is:

[[B]]",1,5,True,rationale_cot_3shot,,2
7ad968a3e7d34376,47f8802eaff39c6e,e9d49ad35ce5182e,HiToM,high-order,Belief,High-Order False Beliefs (order=1),C,C,"Let's track the sequence of events: Ella enters the study, then Chloe, Benjamin, Alexander, and Elizabeth enter the study. Benjamin moves the orange to the red_envelope. Since Ella stays in the study for 1 minute without moving, she would not have seen Benjamin move the orange. Therefore, Ella thinks the orange is still in its original location, which was the red_envelope. However, since the orange is later moved to the red_box by Elizabeth, Ella might think it is in the red_box. Given the context, the most likely answer based on Ella's last observation before exiting is C. [[C]]",1,5,True,rationale_cot_3shot,,2
957cbd1744cb0c81,f318470470562063,e9d49ad35ce5182e,HiToM,high-order,Belief,High-Order False Beliefs (order=2),B,B,"Let's track the sequence of events and the movements of the characters regarding the orange:

- Initially, the orange is in the red_box (Step 2).
- Benjamin moves the orange to the red_envelope (Step 6).
- Elizabeth moves the orange back to the red_box (Step 13).

Given that Elizabeth moved the orange back to the red_box, she would think that Ella also thinks the orange is in the red_box. However, since Ella was last seen moving the orange to the red_box (Step 13), she might still think it is there. But based on Elizabeth's actions, she would logically assume Ella thinks the orange is in the red_box.

Thus, the most logical answer is:
[[B]]",1,5,True,rationale_cot_3shot,,2
a0f1c374e3cc2729,bc46557461523461,341c6c1b61262bfc,HiToM,high-order,Belief,High-Order False Beliefs (order=2),D,D,"Let's track the information flow: Nathan hears from Abigail that the carrot is in the red_envelope (lines 13-14). Then, Nathan hears from Abigail that the carrot is in the red_envelope again (lines 17-18). This indicates that Abigail believes the carrot is in the red_envelope. Therefore, Nathan thinks Abigail thinks the carrot is in the red_envelope. The correct answer is D. [[D]]",1,5,True,rationale_cot_3shot,,2
32109e8f385812c3,38aff404b9856b79,0e17ac90b0ab5102,HiToM,high-order,Belief,High-Order False Beliefs (order=4),E,E,"Let's track the movements of the lettuce: Avery moves it to the green_bathtub, then Charlotte moves it to the blue_pantry. Since Isabella was in the living_room and did not move the lettuce, she would not have any information about its current location. Owen then moved the lettuce back to the green_drawer. Therefore, Isabella thinks that Owen thinks Charlotte thinks Avery thinks the lettuce is in the green_bathtub. However, since the lettuce is in the green_drawer, the closest answer based on the sequence of events is E. green_drawer. [[E]]",1,5,True,rationale_cot_3shot,,2
bc6ac60fba63ebb5,821cb93af7660631,341c6c1b61262bfc,HiToM,high-order,Belief,High-Order False Beliefs (order=4),D,D,"Let's track the movements and statements about the carrot's location:

- Initially, Isabella moves the carrot to the red_envelope (11).
- Isabella claims the carrot is in the red_envelope (16).
- Abigail moves the carrot to the red_envelope (13), but Isabella still says it's in the red_envelope (16).
- Isabella moves the carrot to the green_crate (36), but she still says it's in the red_envelope (16).

Given the sequence and the final statement, Isabella thinks that Nathan thinks Abigail thinks the carrot is in the red_envelope. Therefore, the answer is [[D]].",1,5,True,rationale_cot_3shot,,2
453abff6f02ff41a,37ecc4a77129e51c,e4efb7bd2ff41671,HiToM,high-order,Belief,High-Order False Beliefs (order=0),B,B,"Let's track the sequence of events and the onion's location changes: 
- Initially, the onion was in the red_crate (line 2).
- Then, Owen moved the onion to the red_drawer (line 7).
- Next, Emily moved the onion to the red_bottle (line 9).
- Then, Sophia moved the onion back to the red_crate (line 11).
- Later, Isabella moved the onion to the blue_crate (line 16).
- Finally, Isabella claimed the onion is in the blue_crate (line 25).

Given these steps, the onion's final location is the blue_crate. [[B]]",1,5,True,rationale_cot_3shot,,2
3b26eef324d21c7f,b2f90dba6250db9b,9809da73ea3dd0b5,HiToM,high-order,Belief,High-Order False Beliefs (order=3),C,C,"Let's reason step by step: We need to track the last statement made about the location of the cherry. According to the story, Logan moved the cherry to the green_bucket (line 10), and then moved it to the green_pantry (line 19). Logan also informed Amelia that the cherry is in the green_pantry (line 22). Finally, Logan told Amelia that the cherry is in the blue_container (line 39). Therefore, Logan believes that William thinks the cherry is in the blue_container. This points to option C. [[C]]",1,5,True,rationale_cot_3shot,,2
9c87e513d6af4aba,2712ce56284247b3,231ccaea7aba2907,HiToM,high-order,Belief,High-Order False Beliefs (order=2),B,B,[[B]],1,5,True,rationale_cot_3shot,,2
02edc0edd35844b5,fa7de820df4e1be1,23ba70c81ae24afa,HiToM,high-order,Belief,High-Order False Beliefs (order=2),B,B,"Let's track the information provided in the story. We see that Emma moves the watermelon from the green_bucket to the blue_treasure_chest. However, the question asks about what Noah thinks the watermelon is located at. Since Noah last saw the watermelon in the green_bucket (before Emma moved it), we can infer that Noah still thinks the watermelon is in the green_bucket. 

The correct answer is B. [[B]]",1,5,True,rationale_cot_3shot,,2
0368b1d83acaa01c,ca410ef0fbada333,168a9ace8c03696f,HiToM,high-order,Belief,High-Order False Beliefs (order=4),A,A,[[A]],1,5,True,rationale_cot_3shot,,2
8c837c78ea84b816,dd89bec41c206d1b,1c54086e92dd554b,HiToM,high-order,Belief,High-Order False Beliefs (order=4),C,C,"Let's track the movements of the lettuce: 
- Initially, it was in the blue_container.
- Then, Nathan moved it to the green_cupboard.
- Next, Logan moved it to the blue_treasure_chest.
- Then, Abigail moved it to the red_basket.
- Finally, Isabella moved it back to the blue_container.
- Lastly, Nathan moved it to the red_container.

Given the sequence of movements, we can infer that Logan thinks Nathan thinks Abigail thinks Isabella thinks the lettuce is in the red_container. Thus, the answer is [[C]]",1,5,True,rationale_cot_3shot,,2
4c594bc03d0a532f,ce885addc8cc6d13,47680b685312d45c,HiToM,high-order,Belief,High-Order False Beliefs (order=0),C,C,[[C]],1,5,True,rationale_cot_3shot,,2
ee6a4ff72b25d84d,322f9575688b9303,65df4c146c118538,HiToM,high-order,Belief,High-Order False Beliefs (order=0),C,C,"Let's track the sequence of events and the changes made to the tangerine's location:
- Initially, the tangerine was in the red_basket (line 2).
- Then, Abigail moved the tangerine to the red_crate (line 9).
- Later, Carter moved the tangerine back to the red_basket (line 11).

Given these steps, the tangerine was last seen in the red_basket by Carter (line 11). Therefore, the correct answer is C. [[C]]",1,5,True,rationale_cot_3shot,,2
eab38f043573ea66,4a5e334c85afc12d,e869e05f92d9137b,HiToM,high-order,Belief,High-Order False Beliefs (order=3),E,B,"Let's track the movements of the melon: 
- It was moved from the blue_treasure_chest to the green_drawer, then to the green_bottle, and finally to the blue_treasure_chest again.
Given this sequence, we can infer that Evelyn, like everyone else, would think the melon is in the last place it was seen, which is the blue_treasure_chest. However, since Jacob publicly claimed it was in the blue_bottle, Jacob might think it is still there. Therefore, Evelyn would think Jacob thinks the melon is in the blue_bottle. 

This leads to the answer being option B. [[B]]",0,5,True,rationale_cot_3shot,,2
37b89bf4f57a88de,551dcf484f2c5ea8,706529863f27499d,HiToM,high-order,Belief,High-Order False Beliefs (order=0),C,C,"Let's track the sequence of events and the changes in the location of the peas: The peas start in the green_treasure_chest (line 2), then Mila moves them to the blue_bucket (line 3). No other movements are mentioned for the peas. Therefore, the peas are in the blue_bucket. However, the question asks where the peas are ""really,"" implying we should consider the last known location before any change. Since the peas were last seen in the blue_bucket (line 3) and no further movement is mentioned, the correct answer is:

[[C]]",1,5,True,rationale_cot_3shot,,2
e43ae9f9a351a149,b311ae41501033e5,0d6417eeeabd37f4,HiToM,high-order,Belief,High-Order False Beliefs (order=0),C,C,"Let's track the information provided in the story: The tomato was moved from the red_container to the green_drawer by Liam. This movement happened before Nathan publicly claimed that the tomato is in the blue_bottle. Since Liam moved the tomato to the green_drawer, and later Nathan claimed it was in the blue_bottle, we need to consider the last known position of the tomato, which was the green_drawer. This points to option C. [[C]]",1,5,True,rationale_cot_3shot,,2
5084a03f88d54ad0,8249c9783ddb2c09,f56dffb1da04c8ac,HiToM,high-order,Belief,High-Order False Beliefs (order=4),C,B,"Let's track the movements of the lemon: 
- Initially, the lemon was in the green_drawer (Step 2).
- Jack moved it to the blue_pantry (Step 3).
- Then, Liam moved it to the blue_crate (Step 6).
- Next, Aiden moved it to the green_basket (Step 7).
- Finally, Nathan moved it to the green_drawer (Step 11).

Given this sequence, we can infer that Liam thinks Jack thinks Nathan thinks Aiden thinks the lemon is in the green_drawer. However, since the question asks about the final location, the correct answer is the last known position of the lemon, which is the green_drawer. 

The correct answer is [[B]].",0,5,True,rationale_cot_3shot,,2
cfa8147da5b4e86b,eb41222276c9dca5,fec06a7f4a591883,HiToM,high-order,Belief,High-Order False Beliefs (order=0),C,C,[[C]],1,5,True,rationale_cot_3shot,,2
b1c5ed60939b0304,2473d4226d990c70,7e155da5a5becbf9,HiToM,high-order,Belief,High-Order False Beliefs (order=2),E,A,"Based on the story provided, Carter did not move any objects and stayed in the sunroom for 1 minute. He did not have the opportunity to hear or be informed about the location of the watermelon. Therefore, Carter would not know where William thinks the watermelon is. Given the options, the correct answer is:

[[A]]",0,5,True,rationale_cot_3shot,,2
bcd60dcfbbdcfe76,9230b497f5af7ebb,acb6e40d7488d6f4,HiToM,high-order,Belief,High-Order False Beliefs (order=1),E,C,"Let's track the information flow: The turnip was initially moved to the blue_cupboard by Owen. However, Avery later claimed that the turnip is in the blue_pantry. Since the question asks where Owen thinks the turnip is, we need to focus on Owen's actions and statements. Owen did not change his mind about the location of the turnip. Therefore, Owen still believes the turnip is in the blue_cupboard. This points to option C. [[C]]",0,5,True,rationale_cot_3shot,,2
9ee1552f6dc5a39f,de79c1d3e1395501,d2a3e3553bbc3eae,HiToM,high-order,Belief,High-Order False Beliefs (order=0),D,D,"Let's track the sequence of events and the movements of the watermelon: 
- Initially, the watermelon is in the blue_suitcase (Step 2).
- Then, it is moved to the green_envelope by Sophia (Step 5).
- Next, it is moved to the green_basket by Carter (Step 7).
- Finally, it is moved to the green_crate by Isla (Step 21).

Given these steps, the watermelon ends up in the green_crate. However, since the candidates do not include ""green_crate,"" the closest answer is D. [[D]]",1,5,True,rationale_cot_3shot,,2
7db07b6110e44ba0,3d6bbd82f803fa16,854f9173e1fe25f3,HiToM,high-order,Belief,High-Order False Beliefs (order=3),D,D,"Let's track the movements of the peas: 
- Emily moves the peas from the blue_suitcase to the red_basket.
- Ella moves the peas from the red_basket to the red_envelope.
- Avery moves the peas from the red_basket to the blue_cupboard.
- Nathan moves the peas from the red_basket to the blue_suitcase.

Given this sequence, we can infer that Ella thinks Emily thinks Nathan thinks the peas is in the red_basket. However, since Ella moved the peas to the red_envelope, the correct answer should reflect the last known position before Ella moved it. Therefore, the answer is D. [[D]]",1,5,True,rationale_cot_3shot,,2
166cfffb37bed439,f95fa743a218d1b7,bc0c8b98534ae607,HiToM,high-order,Belief,High-Order False Beliefs (order=1),E,B,"Let's track the information about the melon's location: The melon was initially in the blue_container (step 2), then moved to the green_treasure_chest by Evelyn (step 3). After that, Nathan moved the melon to the blue_treasure_chest (step 7). Given this sequence, Nathan would remember the last place he moved the melon, which was the blue_treasure_chest. Therefore, the correct answer is:

[[B]]",0,5,True,rationale_cot_3shot,,2
bf621b6abd73ff91,d54f8094c7008e04,7925835973ff3c65,HiToM,high-order,Belief,High-Order False Beliefs (order=2),C,D,"Let's track the movements of the onion: 
- Initially, the onion was in the blue_treasure_chest (line 2).
- Then, it was moved to the red_drawer (line 7).
- Next, it was moved to the red_bottle (line 19).
- Finally, it was moved to the blue_bottle (line 32).

Given that Nathan last saw the onion in the red_drawer (line 28), and considering the sequence of events, the most likely place Nathan thinks the onion is is the red_drawer. 

The most likely answer is: [[D]]",0,5,True,rationale_cot_3shot,,2
ac87a2b0d278f3df,dfe7ba6027bc08cd,b730fb2270fcb17c,HiToM,high-order,Belief,High-Order False Beliefs (order=2),D,D,"Let's track the movements of the lemon: The lemon was initially in the red_box. It was then moved by Alexander to the green_treasure_chest. No one else moved the lemon. Therefore, Sophia, who last saw the lemon in the red_box (before Alexander moved it), would think that Isla thinks the lemon is still in the red_box. However, since the correct answer should be based on the final position of the lemon, which is in the green_treasure_chest, Sophia would think that Isla thinks the lemon is in the red_box. But among the given options, the closest and most logical answer is the red_box. [[D]]",1,5,True,rationale_cot_3shot,,2
b3ce354026185e12,4b9ed536b390ec84,e9d49ad35ce5182e,HiToM,high-order,Belief,High-Order False Beliefs (order=0),C,C,"Let's track the sequence of events and the changes in the location of the orange: 
- Initially, the orange is in the red_box (step 2).
- Then, Benjamin moves the orange to the red_envelope (step 6).
- Finally, Elizabeth moves the orange back to the red_box (step 13).

Given these steps, the orange ends up in the red_box. Therefore, the correct answer is C. [[C]]",1,5,True,rationale_cot_3shot,,2
f74ebe3af1a47627,a330270166bbd69e,47f4e2864b147f66,HiToM,high-order,Belief,High-Order False Beliefs (order=0),D,D,[[D]],1,5,True,rationale_cot_3shot,,2
a3285ad8f0d1b138,69a73e6aebdb2233,ade3c560d0bfd5da,HiToM,high-order,Belief,High-Order False Beliefs (order=2),B,B,"Let's track the information: Nathan moved the cabbage to the red_box (step 4), and he stayed in the master_bedroom for 1 minute (step 9). However, he did not move the cabbage back to the red_box when Isabella claimed it was in the red_box (step 16). Therefore, Nathan still believes the cabbage is in the red_box. Given this, the correct answer is B. [[B]]",1,5,True,rationale_cot_3shot,,2
57ab73590d1a7ea0,09c12b9df3420d08,22b6cf558d351c1a,HiToM,high-order,Belief,High-Order False Beliefs (order=0),A,A,"Let's track the changes in the location of the melon through the story: 
- Initially, the melon was in the green_bathtub (line 2).
- Then, Aiden moved the melon to the blue_pantry (line 7).
- Next, Emma moved the melon to the green_bucket (line 10).
- Finally, Isla moved the melon to the green_bathtub (line 12).

Given these steps, the final location of the melon is the green_bathtub. [[A]]",1,5,True,rationale_cot_3shot,,2
a2ccc04cb0ce4062,fe546a4a1bc606e8,7286c429382d3674,HiToM,high-order,Belief,High-Order False Beliefs (order=3),D,D,"Let's track the sequence of events and the movements of the characters: 
- Initially, the banana was in the green envelope (line 2).
- Abigail moved the banana to the blue bottle (line 8), but this action is not followed by any further movement of the banana.
- Owen moved the banana back to the green envelope (line 13).

Given that Elizabeth, Ava, Abigail, Ella, and Owen all entered the bedroom together, and considering the last known position of the banana (green envelope) before they all left, we can infer that Elizabeth thinks the others think the banana is in the green envelope. 

Thus, the correct answer is D. [[D]]",1,5,True,rationale_cot_3shot,,2
656aab212f761923,5012be1475f23289,0ab029bc369f1f77,HiToM,high-order,Belief,High-Order False Beliefs (order=2),C,C,[[C]],1,5,True,rationale_cot_3shot,,2
e4db832cb000a817,c4c18ae744cce4b8,65df4c146c118538,HiToM,high-order,Belief,High-Order False Beliefs (order=4),C,A,"Let's track the sequence of events and the changes made to the location of the tangerine:
- Initially, the tangerine was in the red_basket.
- Abigail moved the tangerine to the red_crate.
- Abigail then said the tangerine is in the green_bottle.
Therefore, Abigail thinks that Carter thinks that Ava thinks that the tangerine is in the green_bottle. However, since the options provided do not include ""green_bottle,"" we must choose the closest option, which is A. [[A]]",0,5,True,rationale_cot_3shot,,2
5dc939844420afb5,0cfda7ef3ef42021,fe1eac4cd8d06711,HiToM,high-order,Belief,High-Order False Beliefs (order=3),C,C,"Let's track the sequence of events involving the tomato and Nathan's thoughts:

1. Nathan moves the tomato to the blue_container.
2. Nathan exits the laundry.
3. Jackson moves the tomato to the blue_crate.
4. Jackson exits the laundry.
5. Nathan moves the tomato back to the blue_container.
6. Nathan exits the laundry.
7. Jackson moves the tomato to the blue_crate again.
8. Jackson exits the laundry.
9. Nathan moves the tomato back to the blue_container.
10. Nathan exits the laundry.
11. Nathan, Jackson, and Amelia enter the waiting room.
12. Nathan, Jackson, and Amelia exit the waiting room.
13. Jackson moves the onion to the red_envelope.
14. Jackson exits the hall.
15. Amelia moves the onion to the green_cupboard.
16. Jackson sees a mouse.
17. Jackson exits the hall.
18. Nathan, Jackson, and Amelia enter the waiting room.

Amelia thinks that Nathan thinks Jackson thinks the tomato is in the blue_crate. Therefore, the correct answer is C. [[C]]",1,5,True,rationale_cot_3shot,,2
12451f726a4aa95d,cb0edb1178a66d86,2d9dd017b01059dd,HiToM,high-order,Belief,High-Order False Beliefs (order=3),C,E,"Let's track the movements of the apple and the thoughts of the characters: The apple was moved by Jack to the green_drawer, then by Lily to the red_box. Since we need to find out where Jack thinks Hannah thinks Lily thinks the apple is, we follow the last movement of the apple, which is the red_box. However, we also need to consider what Hannah and Lily think about the location. Hannah moved the apple to the blue_cupboard, so she might think it is there. Lily moved the apple to the red_box, so she might think it is there. Given this, Jack, who moved the apple to the green_drawer, might think that Hannah, who moved it to the blue_cupboard, thinks that Lily, who moved it to the red_box, thinks it is in the red_box. Therefore, the answer is E. green_cupboard. [[E]]",0,5,True,rationale_cot_3shot,,2
a987d5388217a40c,d05d5e705291d919,65d64758604b18a8,HiToM,high-order,Belief,High-Order False Beliefs (order=2),B,B,B,1,5,False,rationale_cot_3shot,,2
564215a974a72d30,aa5294f116fc4237,65d64758604b18a8,HiToM,high-order,Belief,High-Order False Beliefs (order=0),D,B,B. blue_bucket,0,5,False,rationale_cot_3shot,,2
e4c1f793d716ed09,d4fcdde2bfde8741,7abd4268111027de,HiToM,high-order,Belief,High-Order False Beliefs (order=0),D,C,C. red_bottle,0,5,False,rationale_cot_3shot,,2
51611ed002cc6795,a0345113359f8a60,e5d42380bce5718f,HiToM,high-order,Belief,High-Order False Beliefs (order=0),C,C,C. green_bottle,1,5,False,rationale_cot_3shot,,2
788d9ae3ed2507f8,d6e34ed0f6041a05,ab4416b1bcf11f2f,HiToM,high-order,Belief,High-Order False Beliefs (order=4),A,C,"Let's track the movements of the orange: 
- Initially, the orange was in the red_pantry (line 2).
- Then, Jack moved it to the blue_treasure_chest (line 5).
- Next, Alexander moved it to the red_container (line 9), but since this move happened after Alexander left the master_bedroom, it doesn't affect his thinking.
- Finally, Aiden moved it to the red_box (line 15).

Given that Alexander was the last to move the orange, he would think that Aiden, Hannah, and Jack think the orange is in the red_box. However, the question asks where Alexander thinks Jack thinks Aiden thinks Hannah thinks the orange is, and based on the sequence, Alexander would think the orange is in the red_box. 

Thus, the correct answer is [[C]].",0,5,True,rationale_cot_3shot,,2
db7eade15ca26b52,3e79a9befc768dfa,6a42d21f1606cae7,HiToM,high-order,Belief,High-Order False Beliefs (order=3),C,E,"Let's track the sequence of events and actions related to the carrot:

- Emily moves the carrot to the blue_drawer (10).
- Benjamin moves the carrot to the blue_drawer (17).

Since Benjamin moved the carrot to the blue_drawer, and Emily informed Sophia that the carrot is in the blue_drawer, we can infer that Emily believes Benjamin thinks the carrot is in the blue_drawer. However, the question asks where Noah thinks Benjamin thinks the carrot is. 

Noah last saw the carrot in the blue_drawer when he moved it there (10). Since Noah did not move the carrot again, he would still think it is in the blue_drawer. Therefore, Noah would think Benjamin thinks the carrot is in the blue_drawer.

Given the options, the correct answer is E. blue_drawer. [[E]]",0,5,True,rationale_cot_3shot,,2
6867658366e369d9,5487bd5ff2d47f68,fe1eac4cd8d06711,HiToM,high-order,Belief,High-Order False Beliefs (order=4),D,C,"Let's track the movements of the tomato and the thoughts of the characters involved:

- Initially, the tomato was in the blue_container (line 2).
- Sophia moved the tomato to the blue_cupboard (line 3).
- Jackson moved the tomato to the blue_crate (line 4), but before exiting, he moved it back to the blue_cupboard (line 5).
- Nathan moved the tomato to the blue_container (line 11).

Since Nathan moved the tomato back to the blue_container, and considering the last movements, we can infer that Nathan thought the tomato was in the blue_container when he moved it. 

Amelia, who stayed in the laundry for 1 minute, did not move the tomato, so she likely thought the tomato was still in the blue_container.

Jackson, who moved the tomato from the blue_crate to the blue_cupboard, would have thought the tomato was in the blue_cupboard when he moved it.

Therefore, Jackson would think that Nathan thought the tomato was in the blue_container.

Sophia, who moved the tomato to the blue_cupboard, would think that Jackson thought the tomato was in the blue_cupboard.

Given this chain of thought, the final position Sophia thinks Jackson thinks Nathan thinks the tomato is in is the blue_cupboard.

The correct answer is [[C]].",0,5,True,rationale_cot_3shot,,2
65a25bc1a69e1b2d,45864f93bc4d61e0,7286c429382d3674,HiToM,high-order,Belief,High-Order False Beliefs (order=4),E,E,"Let's track the sequence of events and the changes made to the banana's location:
1. Initially, the banana was in the green_envelope.
2. Then, Owen moved the banana to the green_envelope (Owen's last action).
3. Next, Abigail moved the banana to the blue_bottle.
4. Finally, Owen moved the banana back to the green_envelope.

Given this sequence, we can trace back the final position of the banana:
- Initially, the banana was in the green_envelope.
- Abigail moved it to the blue_bottle.
- Owen moved it back to the green_envelope.

Therefore, Owen thinks Elizabeth thinks Ella thinks Abigail thinks the banana is in the green_envelope. The correct answer is E. [[D]} should be E. [[E]]",1,5,True,rationale_cot_3shot,,2
1fef57595e333f8d,ea757a877ee6f605,5c2052a7a2cf4a81,HiToM,high-order,Belief,High-Order False Beliefs (order=3),A,A,"Let's track the information flow: 
- Sophia dislikes the corn (from statement 22).
- Amelia moved the corn to the red_basket (statement 11).
- Liam moved the corn to the red_container (statement 4), then to the red_basket (statement 12).
- Lily moved the corn from the red_basket to the green_pantry (statement 19).
- Carter moved the corn from the green_pantry to the red_container (statement 21).

Given this sequence, Sophia would not know where the corn is because she dislikes the corn. However, since we need to find out where Lily thinks Amelia thinks the corn is, we focus on the last known position of the corn, which was the green_pantry. 

Lily moved the corn from the red_basket to the green_pantry, so she would think the corn is in the green_pantry. Amelia moved the corn from the red_basket to the red_container, but this move happened before Lily's, so Amelia would still think the corn is in the red_container.

Since we need to find where Lily thinks Amelia thinks the corn is, and based on the sequence, it would be the red_container. Thus, the answer is:

[[A]]",1,5,True,rationale_cot_3shot,,2
ab64d864e036099f,4d8639af60b89611,0ff11fc1bd7f7b52,HiToM,high-order,Belief,High-Order False Beliefs (order=4),D,D,"Let's track the movements of the lime: 
- Initially, the lime is in the green_envelope (line 2).
- Emily moves it to the blue_pantry (line 3).
- Jack moves it to the blue_suitcase (line 6).
- Abigail moves it back to the green_envelope (line 13).

Now, let's follow Aiden's thoughts:
- Aiden stays in the playroom for 1 minute (line 7) and line 8, so he doesn't move the lime.
- Aiden exits the playroom (line 8), but before that, he thinks about where the lime is based on the previous movements.

Given the sequence, Aiden would think that Abigail moved the lime back to the green_envelope (line 13). Since Aiden didn't move the lime, he would think that Jack moved it to the blue_suitcase (line 6). Before that, Jack moved it from the green_envelope to the blue_pantry (line 3). Therefore, Aiden would think that Abigail moved the lime back to the green_envelope, and Jack thought it was in the blue_suitcase.

So, Aiden thinks Jack thinks Abigail thinks the lime is in the blue_suitcase. The correct answer is D. [[D]]",1,5,True,rationale_cot_3shot,,2
c88a0eb122b6fda2,1784203e7b55f8a0,5d25c021d5c81748,HiToM,high-order,Belief,High-Order False Beliefs (order=3),A,A,"Let's track the movements of the potato: 
- Initially, the potato was in the blue_drawer (line 2).
- Then, Mila moved the potato to the red_basket (line 7), but this move happened after Evelyn and Chloe had already left the crawlspace.
- Next, Isabella moved the potato to the green_bottle (line 9).
- Finally, Jacob moved the potato to the blue_drawer (line 11).

Given these steps, the final position of the potato is in the blue_drawer. Since Evelyn last saw the potato in the blue_drawer (line 2), she would think that Chloe and Isabella also think the potato is in the blue_drawer. Therefore, the answer is A. [[A]]",1,5,True,rationale_cot_3shot,,2
d1a4c5feeaf85c8b,e5450875307629a1,5e84c9ef5e36854e,HiToM,high-order,Belief,High-Order False Beliefs (order=1),D,D,D,1,5,False,rationale_cot_3shot,,2
327a1630e5adeaeb,9794baebe37a1690,b016d4b488e7dc12,HiToM,high-order,Belief,High-Order False Beliefs (order=1),E,C,C. green_basket,0,5,False,rationale_cot_3shot,,2
46c6010034077c3b,93b04154b339cff6,83d211f42bd24401,HiToM,high-order,Belief,High-Order False Beliefs (order=2),E,C,C. green_drawer,0,5,False,rationale_cot_3shot,,2
a06249179c9c1a4e,51bf59496405de21,c8ce9a24b3acbd91,HiToM,high-order,Belief,High-Order False Beliefs (order=2),E,D,D. red_crate,0,5,False,rationale_cot_3shot,,2
efcff878f3dd5b9e,339a052838f2e527,c8ce9a24b3acbd91,HiToM,high-order,Belief,High-Order False Beliefs (order=3),B,B,B,1,5,False,rationale_cot_3shot,,2
4f78f5ed0f7a0577,f598866d7adaf263,5ad4771330f6d096,HiToM,high-order,Belief,High-Order False Beliefs (order=1),E,B,B. blue_crate,0,5,False,rationale_cot_3shot,,2
d7b4616307734be6,e472a645a4fc7038,b7cb8da3efcb43d3,HiToM,high-order,Belief,High-Order False Beliefs (order=1),B,D,D. blue_container,0,5,False,rationale_cot_3shot,,2
66772e590c249174,cd7febe53a8b29dc,bc4d9b51da7e65ed,HiToM,high-order,Belief,High-Order False Beliefs (order=4),B,B,"Let's track the movements and final positions of the corn:

- Initially, the corn was in the green_bathtub.
- Jackson moved the corn to the green_bathtub (32).
- Then, Jackson exited the pantry.
- Emma moved the corn to the green_bathtub (37).

Given this sequence, we can infer that Jackson thought the corn was in the green_bathtub when he last saw it. Emma, seeing the corn in the green_bathtub, moved it to the green_bathtub again. Finally, Emily saw the corn in the green_bathtub and moved it to the blue_crate. 

Therefore, Jackson thinks Emma thinks Emily thinks William thinks the corn is in the green_bathtub. However, since the options provided do not include ""green_bathtub,"" the closest answer is:

[[B]]",1,5,True,rationale_cot_3shot,,2
89d7070a06ba78b4,1555a3441ce5e5c5,a4976a8a03fa27a0,HiToM,high-order,Belief,High-Order False Beliefs (order=4),B,C,"Let's track the movements and actions related to the green_pepper: 
- The green_pepper is initially in the red_basket (line 2).
- Jackson moves the green_pepper to the blue_container (line 3).
- Benjamin moves the green_pepper to the green_bathtub (line 18).
- Benjamin moves the green_pepper to the red_crate (line 36).

Given that Benjamin is the last to move the green_pepper, Abigail, who is in the dining room for 1 minute (lines 28-30), would be unaware of the final location. Therefore, Abigail would think the green_pepper is in the red_crate. 

The most likely answer is: [[C]]",0,5,True,rationale_cot_3shot,,2
8c0a3588988a051b,6c9e34455f35bad2,b016d4b488e7dc12,HiToM,high-order,Belief,High-Order False Beliefs (order=0),B,C,C. blue_drawer,0,5,False,rationale_cot_3shot,,2
cf5d97d030b343dd,1dd03fc6ff9a656a,795e5003b68855c3,HiToM,high-order,Belief,High-Order False Beliefs (order=4),E,B,"Let's track the information flow: Amelia moves the apple to the green_bottle (7), then she stays in the sunroom for 1 minute (16-17). Amelia tells Ella that the onion is in the red_drawer (14-15). Ella moves the onion to the red_pantry (18). Ella claims that the onion is in the green_treasure_chest (24). Given this sequence, Amelia thinks that Jack thinks that the apple is in the green_bottle, but Ella thinks that the onion is in the red_pantry. Therefore, the final location that Amelia thinks Ella thinks Evelyn thinks Jack thinks the apple is in the green_bottle. However, since the question asks where Amelia thinks Ella thinks Evelyn thinks Jack thinks the apple is, and considering the last known position of the apple, the answer is B. [[B]]",0,5,True,rationale_cot_3shot,,2
a410f10d8dbd0abf,955e9bf656001342,e4efb7bd2ff41671,HiToM,high-order,Belief,High-Order False Beliefs (order=4),A,A,"Let's track the sequence of events and the onion's location changes:
- Initially, the onion is in the red_crate (line 2).
- Owen moves the onion to the red_drawer (line 7).
- Emily moves the onion to the red_bottle (line 9).
- Sophia moves the onion back to the red_crate (line 11).
- Isabella moves the onion to the blue_crate (line 16).
- Isabella claims the onion is in the green_crate (line 25).

Given the last event, Isabella believes the onion is in the green_crate. However, Owen privately told Emily that the onion is in the blue_crate. Since Emily is not present, she doesn't know about Owen's private message. Therefore, Emily thinks the onion is in the blue_crate. Owen, being present, knows the onion is in the blue_crate but doesn't share this with Emily. Owen thinks the onion is in the blue_crate. Isabella, knowing Owen's private message, thinks the onion is in the blue_crate. Finally, Isabella publicly claims the onion is in the green_crate.

So, the final answer is that Isabella thinks the onion is in the blue_crate. This corresponds to option A. [[A]]",1,5,True,rationale_cot_3shot,,2
7b5d803c342bb0c6,03a2255e1284078f,5265bd085505fef5,HiToM,high-order,Belief,High-Order False Beliefs (order=0),B,B,"Let's track the sequence of events and the changes in the location of the lemon: 
- Initially, the lemon is in the blue_bathtub (Step 2).
- Then, Abigail moves it to the blue_treasure_chest (Step 3).
- Later, Avery moves it to the blue_pantry (Step 9).
- Finally, Lily moves it back to the blue_bathtub (Step 12).

Given these steps, the lemon ends up in the blue_bathtub. However, the last statement indicates that Avery told Abigail that the lemon is in the green_drawer, but this is a private conversation and doesn't change the actual location of the lemon. 

Thus, the correct answer is based on the final position of the lemon, which is the blue_bathtub. [[B]]",1,5,True,rationale_cot_3shot,,2
d0e86315f4d21917,b5b6530eb0607871,041b0aa4f6894c82,HiToM,high-order,Belief,High-Order False Beliefs (order=4),C,E,"Let's track the information flow: Amelia moves the spinach to the green_pantry (line 12). Jack moves the spinach from the green_pantry to the green_bottle (lines 13-17). Jack then moves the spinach to the blue_bottle (lines 18-23). Jack claims that the spinach is in the green_bottle (line 26), but Amelia tells him that it is actually in the blue_bottle (line 28). Amelia then moves the spinach to the green_bucket (lines 30-34). Amelia publicly states that she thinks the spinach is in the green_bucket (line 37). Therefore, Jack thinks that Benjamin thinks that Abigail thinks the spinach is in the green_bucket. This points to option E. [[E]]",0,5,True,rationale_cot_3shot,,2
646e907bd4224285,c6914257b4c0d47a,e0f1d854fff2eff8,HiToM,high-order,Belief,High-Order False Beliefs (order=1),D,C,C. green_box,0,5,False,rationale_cot_3shot,,2
e0895c6de60083ff,9488a795370bd683,9d22f82f20f526d6,HiToM,high-order,Belief,High-Order False Beliefs (order=1),B,B,B. green_drawer,1,5,False,rationale_cot_3shot,,2
c8a02c0dce4da987,598335159250602c,8383ae9a4ec0f27a,HiToM,high-order,Belief,High-Order False Beliefs (order=0),C,C,"Let's track the sequence of events and the changes made to the location of the tangerine:

1. It starts in the front_yard.
2. Then it moves to the red_bottle.
3. Then it moves to the green_box.
4. Then it moves to the red_basket.
5. Then it is claimed to be in the blue_crate by Elizabeth.
6. Then it is said to be in the red_basket by Ava.

Given these steps, the tangerine was last seen in the red_basket by Elizabeth and Ava. However, Elizabeth says it is in the blue_crate, but Ava contradicts her by saying it is in the red_basket. Since Ava is more specific and recent, we should trust her statement.

Therefore, the tangerine is in the red_basket. The correct answer is C. [[C]]",1,5,True,rationale_cot_3shot,,2
d93dbf56cd848323,16842beed28c22d6,278ea6ec77e283aa,HiToM,high-order,Belief,High-Order False Beliefs (order=0),C,C,C. green_drawer,1,5,False,rationale_cot_3shot,,2
2520cbba40324094,480a7540beab7beb,89e8be171289a11f,HiToM,high-order,Belief,High-Order False Beliefs (order=3),B,D,"Let's track the movements of the tangerine and Carter's actions: 
- Initially, the tangerine was in the green_bottle (line 2).
- Liam moved the tangerine to the blue_treasure_chest (line 3).
- Then, Jackson moved the tangerine to the green_bathtub (line 6).
- Carter stayed in the den for 1 minute (line 8), but we don't know where the tangerine was during this time.
- Benjamin moved the tangerine to the red_bucket (line 10), but Benjamin didn't stay in the den; he left (line 11).
- Benjamin moved the tangerine to the green_crate (line 17) but Benjamin left the den (line 18).
- Benjamin moved the tangerine to the red_drawer (line 20).

Given Carter's last known position (line 8) and Benjamin's last known position (line 18), Carter would think Benjamin thought the tangerine was in the red_drawer. However, since Benjamin left the den before Carter did, Carter might still think Benjamin thought the tangerine was in the red_drawer. But based on the sequence, the most logical answer considering Carter's last known position and Benjamin's last movement is:

The answer is [[D]].",0,5,True,rationale_cot_3shot,,2
4ad82fa467e84d19,1b04ee4e94faa7d6,5c2052a7a2cf4a81,HiToM,high-order,Belief,High-Order False Beliefs (order=2),D,D,"Let's track the information provided in the story: Amelia moves the corn to the red_basket, then Lily moves the melon (which was previously the corn) to the green_pantry. Since the question asks about where Lily thinks Amelia thinks the corn is, and based on the sequence, Amelia moved the corn to the red_basket, and then Lily moved the corn (now melon) to the green_pantry, it implies that Lily would think the corn is still in the red_basket according to Amelia's last known position. However, since the question specifically asks where Lily thinks Amelia thinks the corn is, and considering the context, the most logical answer is the last known location of the corn before it was moved by Lily, which is the red_basket. But since the options do not include ""red_basket,"" we must choose the closest option, which is D. [[D]]",1,5,True,rationale_cot_3shot,,2
9f65022aed6503b9,4b849ad1a703ef04,63a269b33e2b0c32,HiToM,high-order,Belief,High-Order False Beliefs (order=3),A,B,"Let's track the movements of the items and the thoughts of the characters: The lime was moved from the green envelope to the green bottle, and then to the blue suitcase. Chloe thought the lime was in the green envelope (step 7), but when she moved it to the green treasure chest, she did not change her mind about its location. When Isabella moved the lime to the blue crate, Chloe did not update her knowledge. Finally, when Sophia moved the lime to the blue suitcase, Chloe did not update her knowledge either. Therefore, Chloe still thinks the lime is in the blue suitcase. However, the question asks where Chloe thinks Sophia thinks Amelia thinks the lime is. Amelia moved the lime to the green pantry, but Chloe did not update her knowledge about this. So, Chloe still thinks the lime is in the blue suitcase. This points to option B. [[B]]",0,5,True,rationale_cot_3shot,,2
af618a3521c2884a,a5ecbe12c7bdc5a7,2356694ad7aff450,HiToM,high-order,Belief,High-Order False Beliefs (order=2),D,D,"Let's track the information about the cabbage's location and Isla's thoughts:
- Initially, the cabbage is in the blue_bathtub (line 2).
- Then, William moves the cabbage to the blue_treasure_chest (line 8), but Elizabeth doesn't know this (lines 6 and 7).
- Next, Aiden moves the cabbage to the blue_bottle (line 10), but Elizabeth doesn't know this either (lines 9 and 11).
- Finally, William moves the cabbage to the green_bathtub (line 18), but Elizabeth doesn't know this (lines 19 and 20).

Elizabeth saw the cabbage in the blue_bathtub, and she didn't know about the other locations. Therefore, Elizabeth would think the cabbage is still in the blue_bathtub based on her last observation. However, since the question asks where Isla thinks Elizabeth thinks the cabbage is, we need to consider Isla's last known position of the cabbage, which was the blue_bathtub.

Thus, the answer is [[D]].",1,5,True,rationale_cot_3shot,,2
5b09387a85b2d8bc,f307ed606078bfc2,664e618f4d52f00b,HiToM,high-order,Belief,High-Order False Beliefs (order=0),C,C,C. green_pantry,1,5,False,rationale_cot_3shot,,2
e44c46b18f2f9281,7fa85b466e3d83a4,852b2535a575b572,HiToM,high-order,Belief,High-Order False Beliefs (order=4),D,E,"Let's track the sequence of events and the final position of the corn:

1. Initially, the corn is in the red_basket.
2. Hannah moves the corn to the green_bathtub.
3. Avery moves the corn back to the red_basket.
4. Finally, the corn is in the red_basket again.

Given this sequence, we can deduce the following:
- Hannah thinks the corn is in the red_basket (final position).
- Avery thinks the corn is in the red_basket (last known position before he moved it).
- Nathan thinks the corn is in the red_basket (last known position before he left).

Therefore, Hannah thinks that Avery thinks that Nathan thinks that Abigail thinks the corn is in the red_basket. 

However, since the question asks about the final position, the correct answer is where the corn is now, which is the red_basket. But since the options provided do not include ""red_basket,"" the closest option is the red_basket itself, but since it's not an option, we select the closest one which is the red_basket. 

The correct answer based on the options provided is E. green_bathtub. [[E]]",0,5,True,rationale_cot_3shot,,2
f3f5c4e5b5c794bd,abd8c3e97f11b19e,0d21f61fa116ccd8,HiToM,high-order,Belief,High-Order False Beliefs (order=4),E,C,C. blue_container,0,5,False,rationale_cot_3shot,,2
b7e18bbc826a522f,6afcfee57468a4bf,65df4c146c118538,HiToM,high-order,Belief,High-Order False Beliefs (order=3),B,A,"Let's track the sequence of events and the changes made to the location of the tangerine:
- Initially, the tangerine was in the red_basket (line 2).
- Abigail moved the tangerine to the red_crate (line 9).
- Carter moved the tangerine to the red_basket (line 11).
- Carter informed Ava that the tangerine is in the red_basket (line 16).
- Abigail said the tangerine is in the green_bottle (line 14), but this is not relevant to the question.
- Amelia moved the tangerine to the red_crate (line 6), but she did not inform anyone about this change.
- Ava saw the tangerine in the red_crate (line 13), but she did not move it or inform anyone about it.
Given these facts, Carter thinks that Ava thinks that Amelia thinks the tangerine is in the red_crate. However, since the question asks where Carter thinks Ava thinks Amelia thinks the tangerine is, and considering Carter's last known position of the tangerine, the correct answer is:

[[A]]",0,5,True,rationale_cot_3shot,,2
7846a9dcf7a1075b,0d253fc58602491a,7fee1305fc730ed8,HiToM,high-order,Belief,High-Order False Beliefs (order=2),B,B,[B],1,5,False,rationale_cot_3shot,,2
810f165ab0066782,9f443069fcda8d9b,bbb364b1ee4da68a,HiToM,high-order,Belief,High-Order False Beliefs (order=4),A,A,"Let's track the movements and thoughts based on the story:
- Ella likes the red bottle (Step 2)
- The lime is in the red bottle (Step 3)
- Ella made no movements and stayed in the front yard for 1 minute (Step 6), so she would think the lime is in the red bottle.
- Ella moved the lime to the green cupboard (Step 24), but since she stayed in the front yard, she would still think the lime is in the red bottle.
Given this reasoning, Ella would think that Lily thinks Emily thinks Owen thinks the lime is in the red bottle. However, since the options provided do not include ""red bottle,"" we must choose the closest option. The correct answer is:

[[A]]",1,5,True,rationale_cot_3shot,,2
94fb92169db8ff98,1314693eada7d0f5,565f3cce1257f2d0,HiToM,high-order,Belief,High-Order False Beliefs (order=0),C,C,C. blue_suitcase,1,5,False,rationale_cot_3shot,,2
f3eab1b2908c5f10,bca10480df934d88,23ba70c81ae24afa,HiToM,high-order,Belief,High-Order False Beliefs (order=4),D,D,"Let's track the sequence of events and the changes in the location of the watermelon:

1. Initially, the watermelon is in the green_bucket (from statement 2).
2. Then, Emma moves the watermelon to the blue_treasure_chest (from statement 10).
3. Next, Owen moves the watermelon to the blue_bathtub (from statement 16).

Given this sequence, we can deduce the following:
- When Owen moved the watermelon to the blue_bathtub, he thought it was still in the blue_treasure_chest.
- When Liam moved the watermelon to the green_bathtub, he thought it was in the blue_bathtub.
- When Noah moved the watermelon to the green_bucket, he thought it was in the blue_bathtub.

Therefore, when Liam thinks about where Emma thinks Noah thinks the watermelon is, he thinks it is in the green_bucket.

The correct answer is [[D]].",1,5,True,rationale_cot_3shot,,2
7ac9ea138a8a310e,50d48799d6a2a9ff,1b65a96b942c3796,HiToM,high-order,Belief,High-Order False Beliefs (order=2),D,C,"Let's reason step by step: I track the sequence of events and the conversations. From the story, we know that William moved the turnip to the red_bottle (line 6-7) and Benjamin told Sophia that the turnip is in the red_bottle (line 16-17). Then, Benjamin moved the turnip to the green_crate (line 22-23). However, the question asks about Benjamin's thinking, which is based on what William said. According to line 16-17, Benjamin was told by William that the turnip is in the red_bottle. Therefore, Benjamin thinks that William thinks the turnip is in the red_bottle. This points to option C. [[C]]",0,5,True,rationale_cot_3shot,,2
e4f047840aa3328b,fba52291dbac0218,54e3842a5d6d0436,HiToM,high-order,Belief,High-Order False Beliefs (order=4),D,B,"Let's track the movements of the carrot: 
- Initially, the carrot is in the red_container (from statement 2).
- Isabella moves the carrot to the blue_container (statement 3).
- Logan moves the carrot back to the red_container (statement 13).
Given the last movement, the carrot is back in the red_container when Alexander exits the cellar (statement 11). 

Now, let's determine where each person thinks the carrot is:
- Isabella: She moved the carrot to the blue_container, so she thinks it is in the blue_container.
- Logan: He moved the carrot from the red_container to the green_bathtub, so he thinks it is in the green_bathtub.
- Evelyn: She did not move the carrot, so she thinks it is in the red_container.
- William: He did not move the carrot, so he thinks it is in the red_container.
- Alexander: He moved the carrot from the red_container to the green_bathtub, so he thinks it is in the green_bathtub.

Therefore, Alexander thinks Logan thinks Evelyn thinks William thinks the carrot is in the green_bathtub. However, since the options provided do not include ""green_bathtub"", we need to choose the closest option, which is green_drawer. 

The correct answer is B. [[B]]",0,5,True,rationale_cot_3shot,,2
14ad3d0e18aa7bb8,c7e68492479043f6,c54f381665e0e370,HiToM,high-order,Belief,High-Order False Beliefs (order=3),B,E,"Let's track the information flow: We know that Isabella saw the spinach initially in the green_envelope. Then, Jackson moved the spinach to the green_envelope (step 12). Next, Avery moved the spinach to the green_bucket (step 21). Finally, Mila moved the spinach to the blue_crate (step 23). Since Isabella saw the spinach first, she would think that Jackson, who moved it to the green_envelope, would think that Avery, who moved it to the green_bucket, would think that the spinach is in the green_envelope. However, Avery informed Mila that the spinach is in the blue_crate, so Isabella would think that Jackson thinks Avery thinks the spinach is in the blue_crate. This points to option E. [[E]]",0,5,True,rationale_cot_3shot,,2
e7a8e453ffeef909,1921b869920cf365,fad38c1f7edf755c,HiToM,high-order,Belief,High-Order False Beliefs (order=3),B,C,"Let's track the sequence of events and the changes in perception:
- Initially, Charlotte thinks the persimmon is in the green_bathtub (line 3).
- Then, she moves the persimmon to the red_envelope (line 5), but doesn't tell anyone about this change.
- Next, she tells Emily about moving the persimmon to the red_envelope (line 9).
- Finally, she tells Emily that the persimmon is in the red_envelope (line 13).

So, based on the last event, Charlotte thinks Emily thinks Mila thinks the persimmon is in the red_envelope. However, since the question asks where Charlotte thinks Emily thinks Mila thinks the persimmon is, and considering the final statement from Charlotte, the correct answer is:

[[C]]",0,5,True,rationale_cot_3shot,,2
f258e298e30d8aef,df85737e6511ed2e,c1494a2b86e5b8e1,HiToM,high-order,Belief,High-Order False Beliefs (order=0),B,C,C. blue_drawer,0,5,False,rationale_cot_3shot,,2
2c22b1f22d4aa31b,d34381acc1140019,6b750355ce4a8a10,HiToM,high-order,Belief,High-Order False Beliefs (order=0),E,D,"Let's track the sequence of events involving the pear: The pear was initially in the blue_crate (line 2). It was then moved to the blue_drawer (line 6), the green_crate (line 9), and the blue_suitcase (line 11). Finally, it was moved back to the blue_crate (line 13) by Noah. Given these steps, the pear ends up in the blue_crate. However, the last known position before the end of the story is the blue_suitcase (line 13). Since the pear was seen by Noah and later moved back to the blue_crate, but the final position is not clear, we consider the last known position. This points to option D. [[D]]",0,5,True,rationale_cot_3shot,,2
da9eb0a4e4102176,8c4dd25dde0b3387,95a8f6ba344f742b,HiToM,high-order,Belief,High-Order False Beliefs (order=4),B,C,"Let's track the sequence of events and the changes in the location of the orange:
- Initially, the orange is in the green_box (line 2).
- Then, it moves to the red_container (lines 7, 9, 24, 35, 36).
- Finally, it ends up in the blue_bucket (line 15) and then in the red_container again (line 29).

Given this sequence, Hannah, who last saw the orange in the red_container, would think that Isabella, who saw it in the red_container, would tell Jacob that it is in the red_container. Therefore, Jacob would think that Isabella thinks that Owen thinks the orange is in the red_container.

The correct answer is [[C]].",0,5,True,rationale_cot_3shot,,2
a8a74403ec054a07,86482272a44b57dc,2efcb28232e3d353,HiToM,high-order,Belief,High-Order False Beliefs (order=3),B,B,B,1,5,False,rationale_cot_3shot,,2
6b206694b7e34829,94265a053df1c801,aa45a6050a68d316,HiToM,high-order,Belief,High-Order False Beliefs (order=4),E,E,E. green_envelope,1,5,False,rationale_cot_3shot,,2
8edd97783e9b2245,cfddcef599dc2eb6,e0f1d854fff2eff8,HiToM,high-order,Belief,High-Order False Beliefs (order=0),E,E,E. green_bucket,1,5,False,rationale_cot_3shot,,2
4f12e2169798cc13,d58a40ab11d2f2d4,0ab029bc369f1f77,HiToM,high-order,Belief,High-Order False Beliefs (order=4),E,B,B. red_bucket,0,5,False,rationale_cot_3shot,,2
3c27860d2ba57f27,726dda51f2bcc546,cf04bff1913d8614,HiToM,high-order,Belief,High-Order False Beliefs (order=3),E,C,C. blue_pantry,0,5,False,rationale_cot_3shot,,2
2b2365105a804aa9,2e4fe2c99306ca81,dcc6219ae3ff38a1,HiToM,high-order,Belief,High-Order False Beliefs (order=1),B,B,B. blue_container,1,5,False,rationale_cot_3shot,,2
3b20367dad0db6e7,42fbd5cae3a06cb4,7a78e9b46fa17522,HiToM,high-order,Belief,High-Order False Beliefs (order=2),B,B,B. green_container,1,5,False,rationale_cot_3shot,,2
8ee9e6cd948a5dae,9a8b9ffa572f57f5,c83352670314479c,HiToM,high-order,Belief,High-Order False Beliefs (order=4),B,B,"Let's track the movements of the cherry and the thoughts of the characters: Emily moves the cherry to the red_container, then Emma moves it to the green_envelope, and finally Avery moves it to the blue_suitcase. Since the question asks about Emily's thought, we go back to the initial movement, which was done by Emily herself. Emily initially moved the cherry to the red_container. Therefore, Emily thinks that the cherry is in the red_container. However, the question asks where Ella thinks Lily thinks Avery thinks the cherry is. Given the sequence, Ella did not move the cherry, so she thinks it is in the red_container. Lily saw the cherry in the red_container, so she thinks it is in the red_container. Avery moved the cherry to the blue_suitcase, so he thinks it is in the blue_suitcase. Therefore, Ella thinks that Lily thinks that Avery thinks the cherry is in the blue_suitcase. This points to option B. [[B]]",1,5,True,rationale_cot_3shot,,2
0c86dc45b0e2a018,a8445dc5e2ed82e5,1c54086e92dd554b,HiToM,high-order,Belief,High-Order False Beliefs (order=2),E,E,"Let's track the movements of lettuce: 
- Initially, the lettuce is in the blue_container (line 2).
- Nathan moves it to the green_cupboard (line 3), but this is before Nathan exits (line 4).
- Abigail moves it to the red_basket (line 9), but this is before Abigail exits (line 10).
Given the sequence, the lettuce ends up in the red_basket. Now, we need to find out where Abigail thinks Isabella thinks the lettuce is. 

Abigail moved the lettuce to the red_basket (line 9) and then exited the hallway (line 10). Since Abigail did not move the lettuce again, she would think that Isabella thinks the lettuce is still in the red_basket. 

Thus, the answer is E. [[E]]",1,5,True,rationale_cot_3shot,,2
2c0581cb147ebf10,91491ff5293a8680,bf6c56536c18452d,HiToM,high-order,Belief,High-Order False Beliefs (order=0),B,B,B. green_bottle,1,5,False,rationale_cot_3shot,,2
91c8d1c601aae3b7,c9bd2d75a6b7c300,f1b0380834ca8f90,HiToM,high-order,Belief,High-Order False Beliefs (order=3),D,E,"Let's track the information flow: Amelia tells Mila the tangerine is in the red_box, but Mila doesn't know where it is. Mila then tells Elizabeth that the tangerine is in the red_box. Elizabeth, in turn, knows this and tells Benjamin that she believes the tangerine is in the red_box. However, the question asks about Elizabeth's belief about Mila's belief, which is the tangerine being in the red_box. But since the options provided do not include 'red_box', we need to find the closest match. The correct answer should be E. blue_pantry, as Elizabeth moved the tangerine from the green_treasure_chest to the blue_pantry. Therefore, the answer is [[E]].",0,5,True,rationale_cot_3shot,,2
f225bcf294b2eb34,03b2ec049e288a65,9d22f82f20f526d6,HiToM,high-order,Belief,High-Order False Beliefs (order=0),A,C,C. green_drawer,0,5,False,rationale_cot_3shot,,2
1e50f11c43ecbae1,869b16165baf70b1,c0b5adbfdf88cbf3,HiToM,high-order,Belief,High-Order False Beliefs (order=1),A,D,[D],0,5,False,rationale_cot_3shot,,2
17c3f924dfbb1d68,e1494501234aff64,05df4908e6e84d0f,HiToM,high-order,Belief,High-Order False Beliefs (order=0),A,D,D. green_basket,0,5,False,rationale_cot_3shot,,2
b42c8153ee5891d6,5b5c00a134179576,7fee1305fc730ed8,HiToM,high-order,Belief,High-Order False Beliefs (order=0),E,D,D. green_crate,0,5,False,rationale_cot_3shot,,2
7263832fa83d5ce2,8c2f2be9eb2b4c8e,54e3842a5d6d0436,HiToM,high-order,Belief,High-Order False Beliefs (order=3),B,E,"Let's track the movements of the carrot and the thoughts of the individuals involved:

- Initially, the carrot is in the red_container (Step 2).
- Isabella moves the carrot to the blue_container (Step 3).
- Logan moves the carrot back to the red_container (Step 13).

Since Logan is the last to move the carrot, he would think that the others think it is in the red_container. However, since the question asks about what Logan thinks Evelyn thinks William thinks, we need to consider the sequence of events and the final position of the carrot.

Given that the carrot is in the red_container when Logan exits the cellar (Step 13), and considering the sequence of events, Logan would think that the others think it is in the red_container. Therefore, the correct answer is:

The correct answer is E. red_basket. [[E]]

Note: There seems to be a discrepancy between the story and the candidate answers provided. Given the context, the correct answer should be E. red_basket.",0,5,True,rationale_cot_3shot,,2
9e943e1a1a0e23e7,1493d808543bd58b,5e84c9ef5e36854e,HiToM,high-order,Belief,High-Order False Beliefs (order=0),E,D,D. red_container,0,5,False,rationale_cot_3shot,,2
285d4081a12f700f,f36e32a9d5924770,f58e37a9aeae0383,HiToM,high-order,Belief,High-Order False Beliefs (order=0),B,B,B. red_basket,1,5,False,rationale_cot_3shot,,2
d8f34f8f74323c91,2002215037a2df93,e5d42380bce5718f,HiToM,high-order,Belief,High-Order False Beliefs (order=3),B,B,[B],1,5,False,rationale_cot_3shot,,2
dde2396abb0a277a,e26cec0347f58bef,10bbed8dc0ea3ad2,HiToM,high-order,Belief,High-Order False Beliefs (order=0),B,C,C. green_pantry,0,5,False,rationale_cot_3shot,,2
e0cd5bd3d8e15a8f,9e960aac488c111a,55584ea54a5c3558,HiToM,high-order,Belief,High-Order False Beliefs (order=0),D,C,C. green_bucket,0,5,False,rationale_cot_3shot,,2
f607934831e2ec45,724eef2fe2e2fc3f,22b6cf558d351c1a,HiToM,high-order,Belief,High-Order False Beliefs (order=3),C,A,"Let's track the movements and thoughts of the characters regarding the melon's location:

- Initially, the melon was in the green_bathtub (line 2).
- Aiden moved the melon to the blue_pantry (line 7).
- Emma moved the melon to the green_bucket (line 10), but this was closed and no longer accessible (line 13).
- Isla moved the melon to the green_bathtub (line 12).

Given these steps, we can infer:
- When Emma moved the melon to the green_bucket, she thought it was still in the green_bathtub (line 13).
- When Isla moved the melon back to the green_bathtub, she thought it was in the green_bucket (line 12).

Therefore, when Emma thinks about where Lily thinks William thinks the melon is, she would think it is in the green_bucket because that was the last known position before Isla moved it back to the green_bathtub.

The correct answer is: [[A]]",0,5,True,rationale_cot_3shot,,2
e1ba4e11a002b6e0,35a2566b06e67cbe,837d5f7726e81360,HiToM,high-order,Belief,High-Order False Beliefs (order=3),B,C,"Let's track the sequence of events and the final state of the persimmon's location: 
- Persimmon was initially in the blue_pantry (step 2).
- Aiden moved it to the green_treasure_chest (step 7), but then back to the blue_pantry (step 8).
- Amelia moved it to the green_drawer (step 18), but then back to the red_drawer (step 24).

The last known position of the persimmon before the end of the story is the red_drawer (step 24). 

Now, let's consider the thinking process:
- Aiden saw the persimmon in the red_drawer (step 13).
- Amelia moved the persimmon to the red_drawer (step 18).
- Therefore, Aiden thinks Amelia thinks Owen thinks the persimmon is in the red_drawer.

This leads to the answer being option C. [[C]]",0,5,True,rationale_cot_3shot,,2
75bb31a68e559c82,6f927c48b210bc67,1b65a96b942c3796,HiToM,high-order,Belief,High-Order False Beliefs (order=0),B,D,"Let's track the changes in the location of the turnip throughout the story: 
- Initially, the turnip was in the green_crate (line 2).
- Then, it was moved to the red_bottle by William (line 6).
- Finally, it was moved to the green_basket by Sophia (line 19).
- It was then moved back to the green_crate by Benjamin (line 23).
- Lastly, it was moved to the green_envelope by Hannah (line 35).

Given these steps, the final location of the turnip is the green_crate. However, the last line indicates it is now in the green_basket. Since the story states ""The turnip is in the green_basket"" (line 19), we should consider this as the final definitive statement. 

Thus, the correct answer is D. green_basket. [[D]]",0,5,True,rationale_cot_3shot,,2
69e1d51052cf6cb3,0c3878b161615662,2d9dd017b01059dd,HiToM,high-order,Belief,High-Order False Beliefs (order=2),E,C,"Let's track the movements of the apple and Hannah's preferences: 
- Initially, the apple was in the green_bathtub.
- Hannah moved the apple to the blue_cupboard (Step 3).
- Jack moved the apple to the green_drawer (Step 6).
- Lily moved the apple to the red_box (Step 7).
- Hannah likes the blue_drawer (Step 9).

Given Hannah's last known position and her preference, she would think the apple is in the blue_cupboard, as it was the last place she moved the apple before exiting the closet. However, since the question asks where Hannah thinks Lily thinks the apple is, we need to consider Lily's last movement, which was to the red_box. 

Thus, the most logical answer is that Hannah thinks Lily thinks the apple is in the red_box. [[C]]",0,5,True,rationale_cot_3shot,,2
2dcdee5a20ab5280,1835fbaf61770e34,2356694ad7aff450,HiToM,high-order,Belief,High-Order False Beliefs (order=3),D,A,"Let's track the movements and thoughts of each person regarding the cabbage's location:

- Initially, Abigail thinks the cabbage is in the green_drawer (Step 3).
- William moves the cabbage to the blue_bottle (Step 9) and blue_treasure_chest (Step 18), but Abigail still thinks it's in the green_drawer (Step 10).
- Elizabeth moves the cabbage to the blue_bathtub (Step 29) and red_envelope (Step 28), but Abigail still thinks it's in the green_drawer (Step 30).

Given this sequence, we can infer that Abigail will always think the cabbage is in the green_drawer, regardless of where it is actually placed. Therefore, the answer is A. [[A]]",0,5,True,rationale_cot_3shot,,2
ae4c55a992152e36,1497c084b68c41e3,6bf521ed2280ae3f,HiToM,high-order,Belief,High-Order False Beliefs (order=3),D,E,"Let's track the movements and thoughts of Benjamin in the story. Benjamin made no movements and stayed in the bedroom for 1 minute, so he did not change the location of the melon. He only saw the melon in the red_pantry (step 2). Therefore, Benjamin would think that Owen and Avery think the melon is in the red_pantry. However, since the question asks where Benjamin thinks Avery thinks Owen thinks the melon is, and considering Benjamin didn't move the melon, he would still think it's in the red_pantry. But since the final position of the melon is in the red_pantry (steps 13 and 25), Benjamin would think that Owen and Avery think the melon is in the red_pantry. This points to option E. [[E]]",0,5,True,rationale_cot_3shot,,2
ce4a62efc3ab2e64,8f399bf39ae2c141,8f5f23fd55bc31cf,HiToM,high-order,Belief,High-Order False Beliefs (order=3),E,D,"Let's track the movements and statements related to the corn's location:

- Initially, the corn was in the green_bottle (line 2).
- Nathan moved the corn to the red_envelope (line 3).
- Abigail moved the corn to the green_bottle (line 12).
- Abigail moved the corn to the green_envelope (line 16).

Lily moves the corn from the green_envelope to the green_treasure_chest (line 13), and then to the red_container (line 33).

Now, let's trace back the statements:
- Amelia said the corn is in the green_bottle (line 15).
- Abigail said the corn is in the green_envelope (line 16) but privately.
- Nathan said the corn is in the green_bottle (line 18).

So, we can infer:
- Abigail believes the corn is in the green_envelope.
- Nathan believes the corn is in the green_bottle.
- Amelia believes the corn is in the green_bottle.

Therefore, Lily thinks Nathan thinks Amelia thinks the corn is in the green_bottle. The answer is D. [[D]]

The correct answer is: [[D]]",0,5,True,rationale_cot_3shot,,2
c2a3c5613713cfa3,040353687458d7e3,0ab029bc369f1f77,HiToM,high-order,Belief,High-Order False Beliefs (order=3),D,D,[D],1,5,False,rationale_cot_3shot,,2
4ce6dd0c0095d66e,909394e18d74ff57,956ee8c9f503c9ce,HiToM,high-order,Belief,High-Order False Beliefs (order=0),B,B,B.,1,5,False,rationale_cot_3shot,,2
dc7f4b5614e34e54,64b84c160de53d8c,b016d4b488e7dc12,HiToM,high-order,Belief,High-Order False Beliefs (order=3),D,C,C. red_basket,0,5,False,rationale_cot_3shot,,2
aaf8d1b62cacc63b,c30f6365edc9536f,5c2052a7a2cf4a81,HiToM,high-order,Belief,High-Order False Beliefs (order=4),B,A,"Let's track the movements of the corn and the associated thoughts based on the story:

- Initially, the corn was in the red_basket (step 2).
- Liam moved the corn to the red_container (step 3).
- Amelia moved the corn to the red_basket (step 11).

Now, let's follow the sequence of events:
- Liam moves the corn to the red_container (step 3).
- Amelia moves the corn back to the red_basket (step 11).

Given that the corn is currently in the red_basket, we need to determine where Liam thinks Sophia, Lily, and Amelia think the corn is.

Since the corn is in the red_basket, and it was last seen in the red_basket by Amelia, it is reasonable to assume that Liam, Sophia, and Lily would think the corn is in the red_basket.

Therefore, the correct answer is A. red_box. [[A]]",0,5,True,rationale_cot_3shot,,2
ebefbcd7b903fc5f,4de23111af6a0e29,6bcbef17f455d6a9,HiToM,high-order,Belief,High-Order False Beliefs (order=1),E,E,E. red_basket,1,5,False,rationale_cot_3shot,,2
9dc6dbdb6e1188f9,e93e291481955cd6,b9f22d5ba2c41718,HiToM,high-order,Belief,High-Order False Beliefs (order=3),C,E,"Let's track the movements of the cucumber and the thoughts of the characters: The cucumber was moved from the blue_drawer to the blue_container by Hannah. Hannah then moved the cucumber to the blue_bathtub. Since Hannah is the last character mentioned moving the cucumber, we can assume she believes it is in the blue_container. However, since the question asks about Abigail's and Avery's thoughts, we need to trace back the movements. Abigail moved the cucumber to the blue_container, and Avery moved it to the blue_bathtub. Therefore, Abigail would think Avery thinks the cucumber is in the blue_container, but since the question asks where Hannah thinks Abigail thinks Avery thinks, and Hannah moved it to the blue_bathtub, the final answer is E. [[E]]",0,5,True,rationale_cot_3shot,,2
5fc2fae4fd287d7f,71650356890c0172,26c6b189a9705d6e,HiToM,high-order,Belief,High-Order False Beliefs (order=1),D,C,C. red_container,0,5,False,rationale_cot_3shot,,2
3f2d377fc882a077,8fc649f08b9f3298,9b834c53ec2e160b,HiToM,high-order,Belief,High-Order False Beliefs (order=3),D,D,"Based on the story provided, Carter tells Aiden that the tomato is in the green_box, and Isla tells Jack that the tomato is in the green_basket. Since Jack is not present and Isla is thinking about Jack's belief, we can infer that Isla thinks Jack believes the tomato is in the green_basket. However, since Carter is the one who knows the exact location (green_box), he would inform Aiden that Isla thinks Jack thinks the tomato is in the green_basket. But the question asks where Carter thinks Isla thinks Jack thinks the tomato is, which is the final location Isla thinks Jack thinks, which is the green_basket. Given the options, the closest answer is D. red_crate, but the correct answer based on the story is E. green_basket. Since the options do not include 'green_basket', the closest answer from the given options is D. red_crate. [[D]]",1,5,True,rationale_cot_3shot,,2
43246d3e30dadeff,b7a572b51978ddfe,d02f71c703101ab8,HiToM,high-order,Belief,High-Order False Beliefs (order=4),D,C,"Let's track the sequence of events and the movements of each person to infer where Mila thinks Isla thinks Lily thinks Noah thinks the corn is:

1. The corn is in the blue_treasure_chest (Step 2).
2. Isla moves the corn to the blue_container (Step 10).
3. Isla moves the tomato to the green_drawer (Step 22).

Since the corn was first in the blue_treasure_chest and then moved to the blue_container, and finally the tomato (which was originally the corn) is in the green_drawer, we can conclude that Mila thinks Isla thinks Lily thinks Noah thinks the corn is in the blue_container. However, since the final position of the tomato is in the green_drawer, the correct answer should be the last known position of the corn, which is the blue_container.

The correct answer is C. [[C]]",0,5,True,rationale_cot_3shot,,2
a95ec403e9f1aba4,b3bb66c65c518b45,8fc72bdb81d755ba,HiToM,high-order,Belief,High-Order False Beliefs (order=0),B,B,B. red_basket,1,5,False,rationale_cot_3shot,,2
d2870f2a16d02e21,5466ae8c68c47199,c474f4d889073dac,HiToM,high-order,Belief,High-Order False Beliefs (order=1),E,E,E. blue_crate,1,5,False,rationale_cot_3shot,,2
19c7e1548952b4a5,b92a5bd0148e3b19,c1f58a1886914379,HiToM,high-order,Belief,High-Order False Beliefs (order=3),C,C,"Let's track the sequence of events and actions:
- The melon was initially in the green_box (step 2).
- Ava moved the melon to the green_basket (step 5).
- Ella moved the melon to the red_bottle (step 9).

Given that Ella moved the melon from the green_box to the red_bottle, and since she is the last to move it, she would think that the others have moved it to the red_bottle. 

Now, we need to determine where Mila and William think the melon is:
- Mila moved the melon to the green_basket (step 4), so she would think it is in the green_basket.
- William moved the melon to the red_bottle (step 12), so he would think it is in the red_bottle.

Since Ella moved the melon to the red_bottle, she would think that Mila thinks William thinks the melon is in the red_bottle.

However, the options provided do not include ""red_bottle"". The closest option is ""green_box"" (option C). 

Thus, the answer is [[C]].",1,5,True,rationale_cot_3shot,,2
87ed474965d432a7,f28fe6cf0a11f479,5aeecd18286f1e43,HiToM,high-order,Belief,High-Order False Beliefs (order=3),B,B,[B],1,5,False,rationale_cot_3shot,,2
a7652c7d12818406,62e886913edae1d0,c8ce9a24b3acbd91,HiToM,high-order,Belief,High-Order False Beliefs (order=0),C,C,C. red_container,1,5,False,rationale_cot_3shot,,2
d9b5c02e2ef92b25,6134860bbec1343c,c0b5adbfdf88cbf3,HiToM,high-order,Belief,High-Order False Beliefs (order=3),C,C,C. red_bucket,1,5,False,rationale_cot_3shot,,2
efe3412269b84d62,842a4b32921c06ac,acb6e40d7488d6f4,HiToM,high-order,Belief,High-Order False Beliefs (order=3),E,E,"Let's track the information flow: Carter, Mila, and Owen move the turnip around but do not discuss the location. Avery claims the turnip is in the blue_pantry, but Isla tells Carter it is in the red_envelope. Since Isla told Carter this, and Carter then publicly claimed it was in the blue_bucket, we need to determine where Carter thinks Mila thinks Owen thinks it is. Given the sequence, Carter knows it is in the red_envelope, but he publicly says it is in the blue_bucket. Therefore, Carter thinks Mila thinks Owen thinks it is in the blue_bucket. However, since the options provided do not include ""blue_bucket,"" the closest answer based on the given options is E (green_pantry). [[E]]",1,5,True,rationale_cot_3shot,,2
95a1729cc62dca91,fba288a26da5b07b,88e6d5d9710a204e,HiToM,high-order,Belief,High-Order False Beliefs (order=4),E,B,"Let's track the movements of the peas: 
- Initially, the peas were in the green_drawer (step 2).
- Liam moved them to the blue_container (step 3).
- Noah moved them to the green_crate (step 5), but before exiting, Noah moved them to the blue_crate (step 6).
- Avery moved them to the blue_bucket (step 8), but before exiting, Avery moved them to the blue_crate (step 9).
- Mila moved them to the blue_crate (step 10).

So, the final position of the peas is the blue_crate. Now, we need to determine where Avery thinks Liam thinks Noah thinks Benjamin thinks the peas is. Since the peas end up in the blue_crate, and this is the last known position, it is reasonable to assume that everyone thinks it is in the blue_crate. Therefore, the answer is B. [[B]]",0,5,True,rationale_cot_3shot,,2
cfbf13d03ccb70c8,fc58dbeaa1438f2d,d38b045f505942c2,HiToM,high-order,Belief,High-Order False Beliefs (order=1),C,E,"Let's track the information about the carrot's location throughout the story: 
- Initially, the carrot is in the red_basket.
- Noah moves the carrot to the green_envelope.
- Hannah moves the carrot back to the red_basket.
- Charlotte publicly claims the carrot is in the green_envelope.
- Hannah privately tells Charlotte that the carrot is in the blue_container.

Given this sequence, the final piece of information we have is that Hannah privately told Charlotte that the carrot is in the blue_container. Since William was not present when this conversation took place, he would not be aware of this new information. Therefore, William still thinks the carrot is in the red_basket based on the last time he saw it.

However, since the question asks where William really thinks the carrot is, and considering the context of the other characters' actions, the most logical inference is that William still believes the carrot is in the red_basket. 

But among the provided options, the closest answer is E. red_pantry, which is not explicitly mentioned but can be inferred from the context. 

The correct answer should be E. red_pantry, but since it's not an option, the best answer from the given options is E. red_pantry. [[E]]",0,5,True,rationale_cot_3shot,,2
146e0087737e430e,f850952496a4b5db,e6ee6472b65fe46b,HiToM,high-order,Belief,High-Order False Beliefs (order=4),E,E,E. blue_container,1,5,False,rationale_cot_3shot,,2
7132e060a8a9a16f,00363a61bdccacd5,5aeecd18286f1e43,HiToM,high-order,Belief,High-Order False Beliefs (order=1),B,B,B. green_bucket,1,5,False,rationale_cot_3shot,,2
3de543aba9e8e9f2,006811178e6827e3,05038b4769b9d67e,HiToM,high-order,Belief,High-Order False Beliefs (order=2),B,B,B,1,5,False,rationale_cot_3shot,,2
54969ece8daca07d,b68b21b64f733f6c,341c6c1b61262bfc,HiToM,high-order,Belief,High-Order False Beliefs (order=1),A,D,"Let's track the changes in the location of the carrot throughout the story: 
- Initially, the carrot is in the red_envelope (line 3).
- Then, Abigail moves the carrot to the red_container (line 11), but this step is not followed by any further movement of the carrot.
- Later, Abigail moves the carrot to the red_envelope again (line 13).
- Finally, Abigail privately tells Nathan that the carrot is in the red_envelope (line 17).

Given these steps, the most recent and definitive statement about the location of the carrot is from line 17, where Abigail says the carrot is in the red_envelope. Therefore, the correct answer is:

[[D]]",0,5,True,rationale_cot_3shot,,2
5de8dbc82c2688c4,e5b54e1587e8bba4,878e6dbb50903ca9,HiToM,high-order,Belief,High-Order False Beliefs (order=3),C,D,"Let's track the sequence of events and the changes in the location of the watermelon:
- Initially, the watermelon was in the blue_bottle.
- Carter moved it to the blue_cupboard.
- Elizabeth moved it to the red_envelope.
- Elizabeth moved it to the blue_container.
- Carter moved it back to the blue_cupboard.
- Elizabeth moved it to the red_envelope again.
- Elizabeth moved it to the blue_container.
Elizabeth's last move was moving the watermelon to the blue_container. Now we need to trace back Carter's last move, which was moving the watermelon to the blue_cupboard. Finally, we need to find out what Isla thinks Carter thinks Isla thinks the watermelon is. Isla's last statement was that the watermelon is in the blue_container. Therefore, Elizabeth thinks Carter thinks Isla thinks the watermelon is in the blue_container. 

The correct answer is [[D]].",0,5,True,rationale_cot_3shot,,2
c416961affdabfd4,4d0e7823de261323,120a5f2c70c4086d,HiToM,high-order,Belief,High-Order False Beliefs (order=1),D,B,[B],0,5,False,rationale_cot_3shot,,2
c11a66c583f8f8c1,00cd75faf966c712,2efcb28232e3d353,HiToM,high-order,Belief,High-Order False Beliefs (order=4),E,B,B,0,5,False,rationale_cot_3shot,,2
4bf6f317553c2cd4,c09d2392781509f2,3f68efd9f9f6b0a4,HiToM,high-order,Belief,High-Order False Beliefs (order=0),E,C,C. blue_pantry,0,5,False,rationale_cot_3shot,,2
08e576a239e6f58a,3375ebf4b9405064,b730fb2270fcb17c,HiToM,high-order,Belief,High-Order False Beliefs (order=3),D,A,"Let's track the movements of the lemon: 
- It was initially in the red_box.
- Then it was moved to the red_container by Evelyn.
- Next, it was moved to the green_treasure_chest by Alexander.
- Finally, it was moved to the green_bottle by Emma.
Given the sequence, the last known location of the lemon before anyone left the hall was the green_treasure_chest by Alexander. Now, we need to determine where Evelyn thinks Sophia thinks Isla thinks the lemon is. Since Isla was the last to move the lemon (to the green_treasure_chest), and she did not stay in the hall, it's reasonable to assume that Isla thought the lemon was still in the green_treasure_chest when she left. 

Therefore, Evelyn would think that Sophia thinks Isla thinks the lemon is in the green_treasure_chest. The correct answer is:

[[A]]",0,5,True,rationale_cot_3shot,,2
b967caaf3c7cba35,a91b6a127d1d0886,c62b2ffcc19429ce,HiToM,high-order,Belief,High-Order False Beliefs (order=4),D,C,"Let's track the movements of the spinach and the thoughts of each individual based on the story:

- The spinach was initially in the red_bottle.
- It was moved to the green_basket by Ella.
- Then it was moved to the green_envelope by Benjamin.
- Aiden dislikes the turnip (not related to the spinach).
- Finally, Emma stayed in the attic for 1 minute and didn't move the spinach.

Given that the spinach was last seen by Emma in the green_envelope, and since Aiden, Jack, and Benjamin did not move the spinach, we can infer that Aiden, Jack, and Benjamin do not know where the spinach is. Therefore, Aiden thinks that Ella thinks that Emma thinks the spinach is in the green_envelope. 

The correct answer is C. [[C]]",0,5,True,rationale_cot_3shot,,2
e79e2aa4d7d47da9,71439362012d8838,91b89bfaa91dc819,HiToM,high-order,Belief,High-Order False Beliefs (order=4),D,B,"Let's track the sequence of events and the changes in thoughts:

- Initially, everyone thought the carrot was in the red_pantry (lines 2 and 25).
- Then, Jack moved the carrot to the blue_crate (line 9), but this didn't change the initial belief.
- Next, Chloe moved the carrot to the green_box (line 11), but this didn't change the initial belief either.
- Finally, Sophia moved the carrot back to the red_pantry (line 24), but this didn't change the initial belief.
- Later, Jack claimed the carrot is in the green_treasure_chest (line 18), but this didn't change the initial belief.
- Then, Sophia privately told Jack that the carrot is in the green_box (line 23), but this didn't change the initial belief.
- Lastly, Sophia told Avery that the carrot is in the green_box (line 36).

Given these steps, Sophia thinks that Avery thinks that Amelia thinks that Chloe thinks the carrot is in the green_box. However, the options provided do not include ""green_box"". Since the closest option to ""green_box"" is ""blue_pantry"" (option B), we select that.

The answer is [[B]].",0,5,True,rationale_cot_3shot,,2
01cc538906c8c1ec,56b64ab9a34fa834,e0f1d854fff2eff8,HiToM,high-order,Belief,High-Order False Beliefs (order=2),D,D,D. green_bucket,1,5,False,rationale_cot_3shot,,2
cd01a5f9029343da,e7a05f715eb955c9,a8b3e7de7499a0a7,HiToM,high-order,Belief,High-Order False Beliefs (order=2),B,B,[B],1,5,False,rationale_cot_3shot,,2
c07393dc12a55c96,987d739f78810b8b,5ad3fc64474e6111,HiToM,high-order,Belief,High-Order False Beliefs (order=3),B,B,B.,1,5,False,rationale_cot_3shot,,2
0affa89c50da176e,de1fe1353d33e9ef,8b5d645c389196bf,HiToM,high-order,Belief,High-Order False Beliefs (order=0),E,D,D. blue_container,0,5,False,rationale_cot_3shot,,2
c7fb1ec86a7c7c2a,d910f8a3eaad03f8,04ae4e06d20df95a,HiToM,high-order,Belief,High-Order False Beliefs (order=1),B,B,[B],1,5,False,rationale_cot_3shot,,2
d25984cf6de3f4ce,f50f5810557a2a62,854f9173e1fe25f3,HiToM,high-order,Belief,High-Order False Beliefs (order=4),A,B,"Let's track the movements of the peas: 
- Initially, the peas were in the blue_suitcase (step 3).
- Then, Emily moved the peas to the red_basket (step 4).
- Next, Ella moved the peas to the red_envelope (step 7).
- Then, Avery moved the peas to the blue_cupboard (step 8).
- Finally, Nathan moved the peas back to the blue_suitcase (step 12).

Given this sequence, we can infer:
- When Nathan moved the peas back to the blue_suitcase, he was thinking that the peas were in the blue_suitcase.
- When Avery moved the peas to the blue_cupboard, he was thinking that the peas were in the blue_cupboard.
- When Ella moved the peas to the red_envelope, she was thinking that the peas were in the red_envelope.
- When Emily moved the peas to the red_basket, she was thinking that the peas were in the red_basket.

Therefore, when Evelyn thought about where Ella thought the peas were, she would have thought that Ella thought the peas were in the red_envelope. However, since the final position of the peas was in the blue_suitcase, Evelyn would think that Nathan thinks the peas are in the blue_suitcase. 

Thus, the correct answer is [[B]].",0,5,True,rationale_cot_3shot,,2
bf16512d00ffb7a4,d4a524f7695c92c5,b63ac48284062d58,HiToM,high-order,Belief,High-Order False Beliefs (order=0),D,D,D. red_bottle,1,5,False,rationale_cot_3shot,,2
5a60c31b6e69f1dc,20907d2c5aec642e,8926d6ab2616e003,HiToM,high-order,Belief,High-Order False Beliefs (order=2),A,A,"Let's track the movement of the sweet_potato: 
- It was initially in the red_container (line 2).
- Then it was moved to the blue_cupboard by Ava (line 6).
- Next, it was moved to the green_drawer by Charlotte (line 10).
- Finally, it was moved back to the red_container by William (line 12).

Logan, Ava, Evelyn, Charlotte, and William entered the kitchen together (line 1). Logan saw the sweet_potato in the red_container (line 2), but it was then moved to the blue_cupboard by Ava (line 6). 

Evelyn moved the sweet_potato from the blue_cupboard to the green_drawer (line 10). Therefore, Logan thinks that Evelyn thinks the sweet_potato is in the green_drawer. However, since the final position of the sweet_potato is in the red_container, Logan would think it is still in the red_container based on the last known position.

Given the options, the correct answer is A. [[A]]",1,5,True,rationale_cot_3shot,,2
c96d9bd52d80d292,f9f2e75ce0419ca2,9d292bbcae051f09,HiToM,high-order,Belief,High-Order False Beliefs (order=4),A,A,"Let's track the sequence of events and the changes in the location of the peas:

1. Initially, the peas is in the red_bottle.
2. Isabella moves the peas to the green_bottle.
3. Isabella moves the peas back to the red_bottle.
4. Isabella moves the peas to the blue_treasure_chest.
5. Logan moves the peas to the blue_bathtub.
6. Logan publicly claims that the peas is in the green_bottle.

Given this sequence, we can infer:
- Logan believes the peas is in the green_bottle (last statement).
- Isabella believes the peas is in the blue_treasure_chest (when she moved it there).
- Hannah believes the peas is in the blue_treasure_chest (when she moved it there).
- Emma believes the peas is in the red_bottle (when she moved it there).

Therefore, Logan thinks that Chloe thinks that Hannah thinks that Emma thinks the peas is in the blue_treasure_chest. 

The correct answer is: [[A]]",1,5,True,rationale_cot_3shot,,2
81f462de2d5e2c7e,21ecccdae7eece20,478d64d99312b67d,HiToM,high-order,Belief,High-Order False Beliefs (order=0),B,B,B.,1,5,False,rationale_cot_3shot,,2
64e53d20e5c5be14,490580048ffda67d,0ab029bc369f1f77,HiToM,high-order,Belief,High-Order False Beliefs (order=0),C,C,C. red_bucket,1,5,False,rationale_cot_3shot,,2
4c4ab02136ecf112,c32dff2a49f4afbf,acb6e40d7488d6f4,HiToM,high-order,Belief,High-Order False Beliefs (order=4),D,D,"Let's track the movement and thoughts of each person regarding the turnip's location:

- Initially, Owen moves the turnip to the blue_cupboard (step 7).
- Avery claims the turnip is in the blue_pantry (step 14).
- Isla tells Carter that the turnip is in the red_envelope (step 11), but this is before Carter and Isla enter the waiting room (step 13). So, when Isla tells Carter, the turnip is still in the blue_cupboard.
- When Isla, Avery, and Carter enter the back_yard (step 18), Isla says the turnip is in the red_envelope (step 25).

Given Isla's last statement, Isla thinks that Carter thinks that Mila thinks that Owen thinks the turnip is in the red_envelope. Therefore, the correct answer is:

[[D]]",1,5,True,rationale_cot_3shot,,2
dbcaf21da7c98613,5fcfd09ce07e96b4,b1d91b7e60985825,HiToM,high-order,Belief,High-Order False Beliefs (order=2),B,B,"Let's reason step by step: I track the sequence of events and the information shared between characters. From the story, we know that Isabella told Logan that the peas is in the green_bottle (event 10 and event 28). Then, Isabella told Emily that the cherry is in the blue_cupboard (event 39). Since the question asks about what Jackson thinks Jack thinks, we need to trace back the information flow. Jackson dislikes the turnip (event 14), but there is no direct mention of Jackson thinking about the location of the peas. However, since Isabella told Logan that the peas is in the green_bottle, and Logan told Jackson (event 30), it can be inferred that Jackson thinks the peas is in the green_bottle. This points to option B. [[B]]",1,5,True,rationale_cot_3shot,,2
38e563d223566a62,c0a1c9175649cf32,88e6d5d9710a204e,HiToM,high-order,Belief,High-Order False Beliefs (order=3),C,B,"Let's track the movements of the peas and the thoughts of the characters involved:

- Initially, the peas were in the green_drawer (step 2).
- Liam moved the peas to the blue_container (step 3).
- Noah moved the peas to the green_crate (step 5), but before that, Noah moved the peas to the blue_bucket (step 7).

Since Noah moved the peas from the blue_container to the blue_bucket, and Benjamin did not move the peas, we can infer that Benjamin thinks the peas are in the blue_bucket.

Next, Mila moved the peas to the blue_crate (step 10), but she also moved them to the blue_suitcase (step 22). Since Benjamin did not move the peas, Benjamin thinks the peas are in the blue_suitcase.

Finally, Noah moved the peas to the blue_bucket again (step 19).

Therefore, Noah thinks Benjamin thinks the peas are in the blue_bucket.

The correct answer is B. [[B]]",0,5,True,rationale_cot_3shot,,2
b7c82fd675bbf4c3,2ec287ea4b8f094c,91b89bfaa91dc819,HiToM,high-order,Belief,High-Order False Beliefs (order=0),B,D,"Let's track the sequence of events and the changes in the location of the carrot: 
- Initially, the carrot is in the red_pantry (line 2).
- Avery moves the carrot to the red_bucket (line 3).
- Jack moves the carrot to the blue_crate (line 9).
- Sophia moves the carrot back to the red_pantry (line 15 and line 25).
- Chloe moves the carrot to the green_box (line 11), but this move is later reversed by Sophia (line 26 and line 35).

Given these steps, the final position of the carrot is the red_pantry (lines 25 and 35). Therefore, the correct answer is D. [[D]]",0,5,True,rationale_cot_3shot,,2
723c944830475dd1,d1fe2207103bb23f,d94a888343731141,HiToM,high-order,Belief,High-Order False Beliefs (order=3),B,C,"Let's reason step by step: We need to trace the sequence of events and the conversations to determine where Aiden thinks Sophia thinks Abigail thinks the peach is. From the story, we can see that:

- Aiden moved the peach to the red_pantry (event 6).
- Aiden told Sophia that the peach is in the red_envelope (event 16).
- Sophia told Abigail that the peach is in the red_envelope (event 15).

Therefore, Aiden thinks that Sophia thinks that the peach is in the red_envelope. However, among the given options, the closest match is the red_pantry, which was the last known location of the peach before Aiden moved it. 

The correct answer is C. [[C]]",0,5,True,rationale_cot_3shot,,2
3d0c7b43885bfc12,4309f9063b832616,26c6b189a9705d6e,HiToM,high-order,Belief,High-Order False Beliefs (order=0),D,D,D. red_container,1,5,False,rationale_cot_3shot,,2
f24787703660c55a,bcb694d8155f5a0d,0d21f61fa116ccd8,HiToM,high-order,Belief,High-Order False Beliefs (order=0),E,C,C. red_container,0,5,False,rationale_cot_3shot,,2
65a9530f35d6a5dd,eafca3d81342710e,c0b5adbfdf88cbf3,HiToM,high-order,Belief,High-Order False Beliefs (order=0),C,C,C. red_cupboard,1,5,False,rationale_cot_3shot,,2
0e59398e2ffb3f8b,c46bcd57a36c889a,e5d42380bce5718f,HiToM,high-order,Belief,High-Order False Beliefs (order=4),E,B,B. green_bottle,0,5,False,rationale_cot_3shot,,2
ba9d8909f13cc722,13aa794d61c4e705,e7e5c2a076a4d6c4,HiToM,high-order,Belief,High-Order False Beliefs (order=0),E,C,C. green_envelope,0,5,False,rationale_cot_3shot,,2
d318b4d9a86f91b1,e1071f0cc34037fa,47680b685312d45c,HiToM,high-order,Belief,High-Order False Beliefs (order=3),B,B,B. green_drawer,1,5,False,rationale_cot_3shot,,2
2c3a29afff99c5e9,fcbf881875236031,26f6b2cfc620f8d7,HiToM,high-order,Belief,High-Order False Beliefs (order=3),A,A,"Let's track the movements of the spinach: 
- Initially, it was in the green_drawer (line 2).
- It was moved to the red_container (line 7).
- Then, it was moved back to the green_drawer (line 12).
- Finally, it was moved to the green_cupboard (line 31).

Now, let's follow the last known position of the spinach: 
- Liam moved the spinach to the green_cupboard (line 31), so he knows it's there.
- Jackson moved the spinach to the green_cupboard (line 30), so he also knows it's there.
- Elizabeth moved the spinach to the blue_treasure_chest (line 34), but she didn't stay there long; she left the living room (line 35) and Evelyn might have moved it again.

Given this sequence, Liam thinks Jackson thinks Evelyn thinks the spinach is in the blue_treasure_chest. However, since the question asks where Liam thinks Jackson thinks Evelyn thinks the spinach is, and considering the final movement, the most logical answer is:

[[A]]",1,5,True,rationale_cot_3shot,,2
05f378a58160a564,c262da017aa78e54,483dfca194dec44e,HiToM,high-order,Belief,High-Order False Beliefs (order=1),B,C,"Let's track the information: Initially, the plum is in the red_pantry. Then, Evelyn moves the plum to the green_bucket. After this, Jacob moves the plum back to the red_pantry. Since William saw the plum initially in the red_pantry (before Jacob moved it), he would think the plum is still in the red_pantry. However, since the question asks where William thinks the plum is, and considering the sequence of events, the most logical answer based on the last known position before Jacob moved it is the red_pantry. But among the given options, the closest one is the red_pantry itself, which isn't listed. So, the next best option is the red_pantry. This points to option C. [[C]]",0,5,True,rationale_cot_3shot,,2
20bd474f57b568f2,3b019887840a34e8,e4f8845e8043bfe9,HiToM,high-order,Belief,High-Order False Beliefs (order=0),E,B,B.,0,5,False,rationale_cot_3shot,,2
7f9c87ba44a05b4b,d6329c20590c6721,ab4416b1bcf11f2f,HiToM,high-order,Belief,High-Order False Beliefs (order=3),B,C,"Let's track the movements of the orange through the story:
- Initially, the orange was in the red_pantry (step 2).
- Jack moved the orange to the blue_treasure_chest (step 5).
- Then, Aiden moved the orange to the red_container (step 9), but this move is not followed by Hannah or Jack, so we can assume the orange is still in the blue_treasure_chest.
- Finally, Aiden moved the orange to the green_pantry (step 13).

Now, let's determine where each person thinks the orange is:
- Aiden thinks the orange is in the green_pantry (step 13).
- Hannah thinks the orange is in the red_container (step 10), but since Aiden moved it to the green_pantry, she would think it's in the green_pantry.
- Jack thinks the orange is in the blue_treasure_chest (step 5).

Therefore, Jack thinks Aiden thinks Hannah thinks the orange is in the green_pantry. However, the options provided do not include ""green_pantry"". The closest option is ""green_envelope"" (option C), which is where Hannah moved the pear, but not the orange.

The correct answer based on the given options is [[C]].",0,5,True,rationale_cot_3shot,,2
df8845a8d2e5ba69,a23039bdae7258a0,bea0c2312f16af3c,HiToM,high-order,Belief,High-Order False Beliefs (order=0),A,B,B. green_basket,0,5,False,rationale_cot_3shot,,2
19d9c16cb88767eb,4e2577cee1b1b9be,2d9dd017b01059dd,HiToM,high-order,Belief,High-Order False Beliefs (order=4),D,E,"Let's track the movements of the apple and the thoughts of each person based on the story:

1. The apple was initially in the green_bathtub.
2. Hannah moved the apple to the blue_cupboard.
3. Jack moved the apple to the green_drawer.
4. Lily moved the apple to the red_box.

Now, let's determine where each person thinks the apple is:
- Hannah: She moved the apple to the blue_cupboard, so she thinks the apple is in the blue_cupboard.
- Jack: He moved the apple to the green_drawer, so he thinks the apple is in the green_drawer.
- Lily: She moved the apple to the red_box, so she thinks the apple is in the red_box.
- Logan: He did not move the apple, so he thinks the apple is in the red_box (last position of the apple before he left).
- Aiden: He did not move the apple, so he thinks the apple is in the red_box (same reasoning as Logan).

Therefore, Aiden thinks Jack thinks Hannah thinks Lily thinks the apple is in the red_box. However, since the options provided do not include ""red_box"", we need to choose the closest option. The correct answer should be E. green_box, but since it's not an option, the closest one is E. green_box. 

Since the options don't include the correct answer, we'll select the closest one provided. [[E]]",0,5,True,rationale_cot_3shot,,2
bc9b4209bf1035fa,2e695e51fea304df,a4d5aad396162e9f,HiToM,high-order,Belief,High-Order False Beliefs (order=1),B,B,B. green_treasure_chest,1,5,False,rationale_cot_3shot,,2
ac50afb8ce459fb5,d9b0dda759cd21a5,efb1214091bf3e23,HiToM,high-order,Belief,High-Order False Beliefs (order=1),B,B,B. green_bottle,1,5,False,rationale_cot_3shot,,2
5909ad383c50f1a5,a8403de57b7e17e1,6228e677c50dd0e2,HiToM,high-order,Belief,High-Order False Beliefs (order=4),E,B,"Let's track the movement of the peas: 
- Initially, the peas are in the green_basket (line 2).
- Hannah moves the peas to the blue_bathtub (line 9), but this doesn't affect the initial location.
- Hannah moves the peas to the blue_cupboard (line 10), but this doesn't affect the initial location.
- Hannah moves the peas to the red_envelope (line 11), but this doesn't affect the initial location.
- Hannah moves the peas to the blue_container (line 12), but this doesn't affect the initial location.
- Hannah moves the peas to the green_box (line 13), but this doesn't affect the initial location.
Since the peas start in the green_basket and end up in the green_box, we can conclude that Abigail thinks Jackson thinks Amelia thinks Hannah thinks the peas is in the green_box. However, since the options provided do not include ""green_box"", the closest answer is the green_cupboard, which is the last known location of the peas before it was moved to the green_box. 

The correct answer is [[B]].",0,5,True,rationale_cot_3shot,,2
b7bc4a1b78fe6ddc,3fac9ea326c037b8,01d232b9e9be5571,HiToM,high-order,Belief,High-Order False Beliefs (order=2),A,A,"Let's track the movements of the watermelon and Benjamin's thoughts based on the story:
- Benjamin moves the watermelon to the green_drawer (step 5).
- Benjamin likes the blue_bottle (step 15), but this doesn't affect his thinking about the watermelon's location.
Given Benjamin's last known movement (step 5) and his preference (step 15), Benjamin thinks the watermelon is in the green_drawer. However, Emma, who was in the workshop for 1 minute and didn't move the watermelon, might still think it's in the green_drawer based on Benjamin's last known position. But since Emma is in the waiting room now (steps 16-26), she would be unaware of Benjamin's last movement. Therefore, Emma would think the watermelon is in the green_drawer.

The most likely answer is [A]. [[A]]",1,5,True,rationale_cot_3shot,,2
c92a5beef5b6f0ed,7fa56c5c72bb5885,20ee47184cbdd13f,HiToM,high-order,Belief,High-Order False Beliefs (order=0),D,D,[D],1,5,False,rationale_cot_3shot,,2
b7ca319ed2c65c9d,0d6b7656ed9d59ad,05df4908e6e84d0f,HiToM,high-order,Belief,High-Order False Beliefs (order=4),E,C,C. green_bucket,0,5,False,rationale_cot_3shot,,2
42f3321748251678,01605c8916da78ee,7fee1305fc730ed8,HiToM,high-order,Belief,High-Order False Beliefs (order=3),E,C,C. green_crate,0,5,False,rationale_cot_3shot,,2
a4b3b7be65ed946b,ab01ded451d83321,c8ce9a24b3acbd91,HiToM,high-order,Belief,High-Order False Beliefs (order=4),A,B,B,0,5,False,rationale_cot_3shot,,2
63c966e7b1efa368,6213047bb0bba2fa,d2a3e3553bbc3eae,HiToM,high-order,Belief,High-Order False Beliefs (order=4),A,E,"Let's track the sequence of events and actions:
- Initially, the watermelon was in the blue_suitcase (step 2).
- Then, Sophia moved it to the green_envelope (step 5).
- Next, Carter moved it to the green_basket (step 7).
- Finally, Emily moved it to the green_box (step 18), and then Isla moved it to the green_crate (step 21).

Given this sequence, we can infer that Isla thinks Carter moved the watermelon to the green_basket, and Carter thinks Sophia moved it to the green_envelope. Since Sophia moved it to the green_box, Carter would think it's in the green_box. Therefore, Isla would think Carter thinks it's in the green_box, and since Emily moved it to the green_crate, Isla would think Carter thinks it's in the green_crate. 

Thus, the correct answer is E. green_crate. [[E]]",0,5,True,rationale_cot_3shot,,2
aee4eafb10e0d6a1,d2e252a9b1b72d4b,9074bfb4cea6ad9e,HiToM,high-order,Belief,High-Order False Beliefs (order=1),D,D,[D],1,5,False,rationale_cot_3shot,,2
50a85f45c7e18bb8,48bab8fac7573ea8,7ce22d47a228ad25,HiToM,high-order,Belief,High-Order False Beliefs (order=4),B,E,"Let's track the sequence of events and the changes in perception:
- Initially, the pear was in the blue_crate.
- Ava moved the pear to the green_envelope.
- Avery moved the pear to the red_pantry.
- Isabella, Mila, and Sophia did not move the pear but stayed in the lounge for 1 minute each.
- Isabella said the pear is in the green_envelope.
- Sophia privately told Isabella that the pear is in the blue_crate.

Given that Mila dislikes the pear, she would not have changed her mind about the location. Therefore, Mila thinks that Avery thinks Ava thinks Sophia thinks the pear is in the blue_crate. 

However, since the question asks for the final location based on the last piece of information, the correct answer is the one provided by Sophia, which is the blue_crate. 

The correct answer is E. blue_cupboard. [[E]]",0,5,True,rationale_cot_3shot,,2
0676e2c13d57fe13,95cddfdcbe131f5d,664e618f4d52f00b,HiToM,high-order,Belief,High-Order False Beliefs (order=3),D,D,D. blue_crate,1,5,False,rationale_cot_3shot,,2
ec3c165508e23476,d766c71f555d3b85,bc4d9b51da7e65ed,HiToM,high-order,Belief,High-Order False Beliefs (order=3),C,C,"Let's track the movements of the corn and the thoughts of the characters involved:

- Initially, the corn was in the green_bathtub (line 2).
- William moved the corn to the green_cupboard (line 3).
- Then, William moved the corn back to the green_bathtub (line 13).
- Finally, Emma moved the corn to the green_bottle (line 32).

Given this sequence, we can infer:
- When Emma left the pantry (line 35), she thought the corn was in the green_bottle.
- When William left the pantry (line 29), he thought the corn was in the green_bathtub.
- When Emily left the pantry (line 33), she thought the corn was in the green_bathtub (as William had just moved it there).

Therefore, Emma thinks that Emily thinks that William thinks the corn is in the green_bathtub. However, since the options provided do not include ""green_bathtub,"" the closest answer is:

[[C]]",1,5,True,rationale_cot_3shot,,2
24a939797bba94bf,6935e1b0f8cdf5f1,54e3842a5d6d0436,HiToM,high-order,Belief,High-Order False Beliefs (order=1),C,C,"Let's track the movements of the carrot: 
- Initially, the carrot is in the red_container (Step 2).
- Then, Isabella moves it to the blue_container (Step 3).
- Next, Logan moves it back to the red_container (Step 13).
- Finally, Alexander moves it to the green_bathtub (Step 11), but then Logan moves it back to the red_container (Step 14).

Given these steps, the final position of the carrot is in the red_container. However, the question asks where William thinks the carrot is. Since William did not move the carrot and was present when it was last seen in the red_container, he would still think the carrot is in the red_container.

However, the options provided do not include ""red_container"". The closest option is ""blue_container"" which was the second-to-last known location of the carrot. 

Thus, the most plausible answer based on the given options is:

[[C]]",1,5,True,rationale_cot_3shot,,2
ca57fd5566e61f02,8d65dbcdee202ef7,852b2535a575b572,HiToM,high-order,Belief,High-Order False Beliefs (order=3),E,C,"Let's track the sequence of events and the movements of the individuals regarding the corn's location:

1. Initially, the corn is in the red_basket.
2. Avery moves the corn to the red_basket (Step 13).
3. Abigail moves the corn to the green_bucket (Step 22).
4. Hannah moves the corn to the red_basket (Step 20).

Given that the final position of the corn is in the red_basket, we can infer that the last person to move the corn was Hannah. Since Hannah is the one who left the basement last, she must have thought that the corn was in the red_basket when she exited the basement. 

Now, let's trace back the movements:
- Hannah moved the corn to the red_basket.
- Abigail moved the corn from the red_basket to the green_bucket.
- Nathan moved the corn from the red_basket to the green_bucket.

Since Nathan moved the corn from the red_basket to the green_bucket, Nathan must have thought that the corn was in the red_basket before moving it to the green_bucket. Therefore, Nathan thought that Abigail thought the corn was in the red_basket.

Thus, Avery thinks Nathan thinks Abigail thinks the corn is in the red_basket. The answer is C. [[C]]",0,5,True,rationale_cot_3shot,,2
946b40721ad883e2,a62ac1fcbfaf95ed,daa33907a8c9df32,HiToM,high-order,Belief,High-Order False Beliefs (order=2),D,D,"Let's reason step by step: First, we identify when and where Ella moved the cherry. Ella moved the cherry from the red_drawer to the green_pantry (lines 2-3). Then, she moved it from the green_pantry to the green_bucket (lines 4-5). Next, we see that Ella claims the cherry is in the blue_container (line 15). Finally, we note that Owen lost his watch, and Ella publicly states that the apple is in the blue_container (lines 14-15). Since the question asks about the cherry, and Ella moved the cherry to the green_bucket, we can conclude that Ella thinks Owen thinks the cherry is in the green_bucket. Therefore, the correct answer is D. [[D]]",1,5,True,rationale_cot_3shot,,2
a84e2f8d0524c6e4,fdee63e0ea085c4f,6bf521ed2280ae3f,HiToM,high-order,Belief,High-Order False Beliefs (order=4),E,C,"Let's track the sequence of events and the final location of the melon: 
- Initially, the melon was in the red_pantry (step 2).
- Owen moved the melon to the green_basket (step 3).
- Noah moved the melon back to the red_pantry (step 13).

Given this, Noah would think that the melon is in the red_pantry, which is where it ended up last. However, since Benjamin, Avery, and Owen did not move the melon from the red_pantry to any other location, Benjamin would think the melon is still in the red_pantry. Therefore, Noah would think Benjamin thinks Avery thinks Owen thinks the melon is in the red_pantry. This points to option C. [[C]]",0,5,True,rationale_cot_3shot,,2
c80243f4000dd6af,156e05fff926652c,1cea02ff310916f9,HiToM,high-order,Belief,High-Order False Beliefs (order=1),B,B,[B],1,5,False,rationale_cot_3shot,,2
ef5c1fd08fdd9fce,f4b9a282642ce45c,f89d13bc79af5a5b,HiToM,high-order,Belief,High-Order False Beliefs (order=1),B,C,C. green_drawer,0,5,False,rationale_cot_3shot,,2
f21a418c7a3b8605,176d5469b9bd5837,d94a888343731141,HiToM,high-order,Belief,High-Order False Beliefs (order=4),A,A,"Let's track the sequence of events and the changes in the location of the peach: 
- Initially, the peach is in the red_bucket.
- Isla moves the peach to the red_pantry (12).
- Benjamin moves the peach to the red_crate (18).
- Isla moves the peach back to the red_bucket (28).

From the last event, we can conclude that the peach is currently in the red_bucket. Now, let's trace back the chain of thoughts:
- Isla thinks the peach is in the red_bucket (40).
- Aiden thinks the peach is in the red_envelope (16), but this is not relevant since the peach is in the red_bucket.
- Abigail thinks the peach is in the red_pantry (27).
- Benjamin thinks the peach is in the red_crate (26), but this is incorrect because the peach is in the red_bucket.
- Isla thinks the peach is in the red_bucket (40).

Therefore, Isla thinks Aiden thinks Sophia thinks Abigail thinks the peach is in the red_bucket. The correct answer is A. [[A]]",1,5,True,rationale_cot_3shot,,2
b17e32bcd26c3640,dbe18464b42e2478,2fb65cec09d735de,HiToM,high-order,Belief,High-Order False Beliefs (order=3),C,D,"Let's track the movements of the persimmon: 
- Initially, the persimmon was in the red_basket (line 2).
- Hannah moved it to the blue_crate (line 3).
- Carter moved it to the green_basket (line 7).
- William moved it back to the red_basket (line 11).

Now, let's follow the last movements:
- William moved the persimmon to the red_basket (line 11).
- Then, William, Alexander, and Hannah entered the waiting_room (line 13).
- William moved the persimmon to the red_crate (line 16).
- Then, William, Alexander, and Hannah entered the bathroom (line 18).
- William moved the persimmon to the red_basket (line 22).
- Finally, Hannah moved the persimmon to the blue_bathtub (line 32).

Given these steps, we can conclude that the persimmon is currently in the blue_bathtub. Now, we need to determine where Avery thinks Hannah thinks William thinks the persimmon is. Since the persimmon is in the blue_bathtub, and this is the final position, Avery will think that William thinks it is in the blue_bathtub. Therefore, the correct answer is:

[[D]]",0,5,True,rationale_cot_3shot,,2
638b1e4e52a9d6a9,0ca377fd530186d8,c1494a2b86e5b8e1,HiToM,high-order,Belief,High-Order False Beliefs (order=1),E,B,B. blue_drawer,0,5,False,rationale_cot_3shot,,2
48c34fdfd98a8a3f,3a0ab4ddc5764081,e4efb7bd2ff41671,HiToM,high-order,Belief,High-Order False Beliefs (order=3),B,B,"Let's track the sequence of events and the last known position of the onion: The onion was initially in the red_crate (line 2). It was moved to the red_drawer (line 7), then to the red_bottle (line 9), and finally to the red_crate again (line 11). However, the final position of the onion is unknown because it was moved to the blue_crate (line 16) and Isabella claimed it was in the green_crate (line 25). Owen told Emily that the onion is in the blue_crate (line 26). Therefore, Isabella thinks that Owen thinks the onion is in the blue_crate. This points to option B. [[B]]",1,5,True,rationale_cot_3shot,,2
4445e3c4b063f58a,8003508f1de7307c,768c8aaf2fee2d01,HiToM,high-order,Belief,High-Order False Beliefs (order=0),E,D,D. green_bathtub,0,5,False,rationale_cot_3shot,,2
5ffc215d12fdc86f,c6095c7ee4d46dcf,d2a3e3553bbc3eae,HiToM,high-order,Belief,High-Order False Beliefs (order=3),E,C,"Let's track the movement of the watermelon: The watermelon was initially moved by Carter to the green_basket (step 7). Then, Carter moved it to the green_basket again (step 8), but since we don't have further details about Carter's second move, we'll assume it was moved back to the original location. Next, Carter moved it to the green_basket (step 9). Finally, Carter moved it to the green_crate (step 10).

Given this sequence, Isla thinks that Carter thinks the watermelon is in the green_crate. However, since the question asks where Isla thinks Avery thinks Carter thinks the watermelon is, and considering the last known position of the watermelon, the answer should be the final location Isla saw it at, which is the green_crate. 

The correct answer is C. [[C]]",0,5,True,rationale_cot_3shot,,2
1cc879c863cb854c,3c23072ae0f9759d,2d80d12af4bbccd6,HiToM,high-order,Belief,High-Order False Beliefs (order=3),A,E,"Let's track the sequence of events and actions related to the cherry: Ava moves the cherry to the green_basket (10), then to the blue_cupboard (18), and finally to the green_bathtub (21). Nathan moved the cherry to the blue_suitcase (11). Ava then tells Isla that the cherry is in the green_drawer (24). Isla tells William that the cherry is in the green_bathtub (25). Therefore, Ava thinks that William thinks that Nathan thinks the cherry is in the blue_suitcase. However, the question asks where Ava thinks William thinks Nathan thinks the cherry is, which is based on Ava's last action, i.e., the green_bathtub. Thus, the correct answer is E. [[E]]",0,5,True,rationale_cot_3shot,,2
6fcee93a1c03301b,2ae42bbc5993740c,6228e677c50dd0e2,HiToM,high-order,Belief,High-Order False Beliefs (order=3),C,C,"Let's track the movements and actions related to the peas and Hannah's actions: Hannah moved the peas to the blue_bathtub (line 9), then moved it to the blue_cupboard (line 10), and finally to the red_envelope (line 11). Since the peas were last seen in the red_envelope, this is the last known location of the peas. Hannah also moved the lemon from the blue_basket to the blue_cupboard (lines 10 and 12) and then to the red_envelope (line 11). However, the question asks about the peas, and the peas' final location was the red_envelope. Therefore, Jackson thinks Amelia thinks Hannah thinks the peas is in the red_envelope. The answer is C. [[C]]",1,5,True,rationale_cot_3shot,,2
977fb4682d935ff0,f2ed8e52ca0d949e,3f68efd9f9f6b0a4,HiToM,high-order,Belief,High-Order False Beliefs (order=1),C,C,C. blue_pantry,1,5,False,rationale_cot_3shot,,2
d8e7987cfe1553ab,12a534110215a678,e4f8845e8043bfe9,HiToM,high-order,Belief,High-Order False Beliefs (order=3),E,C,C. red_bucket,0,5,False,rationale_cot_3shot,,2
fb0816f4d0af087f,4cfa1e56dab91d75,8b4b3e5482663f4c,HiToM,high-order,Belief,High-Order False Beliefs (order=1),D,D,[D],1,5,False,rationale_cot_3shot,,2
ffe51b361f4b1d60,2dcfb4031b5de655,9195ab778785f4d4,HiToM,high-order,Belief,High-Order False Beliefs (order=3),D,D,D. green_envelope,1,5,False,rationale_cot_3shot,,2
4fad94a06eda544f,8e84bd10d9fb7a8c,8fc72bdb81d755ba,HiToM,high-order,Belief,High-Order False Beliefs (order=1),A,B,B,0,5,False,rationale_cot_3shot,,2
8c998c985e96547b,4ee82a2d9c4929f6,9074bfb4cea6ad9e,HiToM,high-order,Belief,High-Order False Beliefs (order=0),C,C,C. red_basket,1,5,False,rationale_cot_3shot,,2
3b0620884d0380fa,3c22c37c580d2bc9,bbb364b1ee4da68a,HiToM,high-order,Belief,High-Order False Beliefs (order=3),D,D,"Let's track the movements and thoughts of each person regarding the lime:

- Ella likes the red bottle and believes the lime is in the red bottle.
- Owen likes the blue drawer and believes the lime is in the blue drawer.
- Lily moved the lime to the blue drawer but did not stay there long enough to form a strong belief about its location.
- Emily saw the lime in the blue drawer when Lily moved it but did not stay to form a strong belief.

Given this sequence, Lily would think that Owen thinks the lime is in the blue drawer because Owen likes the blue drawer and Emily saw it there. However, since Lily moved the lime to the blue drawer, she might not have a strong belief about its exact location. But based on the given options and the sequence of events, the closest answer reflecting Owen's belief is:

The answer is D. [[D]]",1,5,True,rationale_cot_3shot,,2
24154c31967f3a53,a206e6cabc8a644a,e869e05f92d9137b,HiToM,high-order,Belief,High-Order False Beliefs (order=0),A,A,"Let's track the sequence of events and the changes made to the melon's location: 
- Initially, the melon was in the blue_treasure_chest.
- It was moved from the blue_treasure_chest to the green_bucket (by Amelia).
- Then it was moved from the green_bucket to the green_drawer (by Jacob).
- Next, it was moved from the green_drawer to the green_bottle (by Evelyn).
- Finally, it was moved from the green_bottle to the blue_treasure_chest (by Ava).

The last recorded movement is Ava moving the melon back to the blue_treasure_chest. Therefore, the melon is now in the blue_treasure_chest. 

This leads to the correct answer being option A. [[A]]",1,5,True,rationale_cot_3shot,,2
6d4bde33e4926660,dd2475ae24502db6,59b29b17e3eadfe8,HiToM,high-order,Belief,High-Order False Beliefs (order=0),B,B,B. red_envelope,1,5,False,rationale_cot_3shot,,2
c5322f8bb3ab951e,c2f7a050ced586d9,6baf366ac0032216,HiToM,high-order,Belief,High-Order False Beliefs (order=1),A,A,"Let's track the movements of the carrot: 
- Initially, the carrot is in the red_basket (line 2).
- Then, Evelyn moves it to the red_pantry (line 3).
- Next, Owen moves it to the green_drawer (line 7).
- Finally, Noah moves it back to the red_basket (line 12).

Given that the last known position of the carrot before Noah moved it back to the red_basket was the green_drawer, and considering the sequence of events, Noah would still think the carrot is in the green_drawer. However, since the final position is the red_basket, Noah might be confused and think it could be anywhere. But based on the immediate context, the most likely answer is:

[[A]]",1,5,True,rationale_cot_3shot,,2
3ace0f01fbbb7b04,df8079c77445c59c,f1448650324f79f7,HiToM,high-order,Belief,High-Order False Beliefs (order=3),E,C,"Let's track the movement of the sweet_potato: 
- It was initially in the green_bottle (line 2).
- Then it was moved to the blue_bucket by Aiden (line 9).
- Next, it was moved to the green_bottle by Amelia (line 11).
- Finally, it was moved to the blue_pantry by Elizabeth (line 22).

Given this sequence, we can infer that Aiden moved the sweet_potato from the green_bottle to the blue_bucket. Jacob moved it from the blue_bucket to the green_bottle. And Amelia moved it from the green_bottle to the blue_pantry. 

Mila, being present when Jacob moved the sweet_potato from the blue_bucket to the green_bottle, would think that Jacob thought the sweet_potato was in the green_bottle. However, since Amelia moved it to the blue_pantry, Mila would think that Aiden thinks Jacob thinks the sweet_potato is in the blue_panters. 

Thus, the correct answer is C. [[C]]",0,5,True,rationale_cot_3shot,,2
3658d313d11206f5,e87bb82526fcf40d,9074bfb4cea6ad9e,HiToM,high-order,Belief,High-Order False Beliefs (order=3),B,B,B. red_bottle,1,5,False,rationale_cot_3shot,,2
3cbbc2c4077b5b36,14d249c8b550c40b,91b89bfaa91dc819,HiToM,high-order,Belief,High-Order False Beliefs (order=3),B,C,"Let's track the movements and statements about the carrot's location:
- Initially, the carrot was in the red_pantry (1).
- Avery moved it to the red_bucket (3).
- Amelia thought it was in the green_box (19, 25, 28).
- Sophia told Jack that it was in the green_box (23).
- Jack publicly claimed it was in the green_treasure_chest (18), but this is not relevant to Avery's thinking.
- Chloe moved it to the green_box (11) and stayed in the closet for 1 minute (21, 23, 28, 32).

Given this sequence, we can infer that when Avery thinks about where Amelia thinks Chloe thinks the carrot is, he would consider the last known position of the carrot, which was in the green_box by Chloe. Therefore, Avery thinks Amelia thinks Chloe thinks the carrot is in the green_box. 

The correct answer is C. [[C]]",0,5,True,rationale_cot_3shot,,2
eb94a39456ca040e,c6567a705e980b9b,8b4b3e5482663f4c,HiToM,high-order,Belief,High-Order False Beliefs (order=0),B,B,B.,1,5,False,rationale_cot_3shot,,2
f1ee496952a3ad0c,efc7835ff2de6a52,72ef113df83a3be2,HiToM,high-order,Belief,High-Order False Beliefs (order=4),E,A,"Let's track the sequence of events and the changes in the location of the cabbage:

1. Initially, the cabbage is in the green_envelope (Step 2).
2. Noah moves the cabbage to the green_box (Step 3).
3. Emma likes the red_envelope (Step 4), but this doesn't affect the location of the cabbage.
4. Avery moves the cabbage from the green_box to the green_envelope (Steps 21 and 22).

Given these steps, we can infer that the last position of the cabbage was in the green_envelope. Noah, Emma, Avery, Aiden, and Jackson all left the staircase, and the cabbage was last seen in the green_envelope by Emma. Therefore, Noah would think that Emma thinks Aiden thinks Avery thinks the cabbage is in the green_envelope. 

The correct answer is A. [[A]]",0,5,True,rationale_cot_3shot,,2
260fc85759a3a5b9,6be50e432f8349ef,c1f58a1886914379,HiToM,high-order,Belief,High-Order False Beliefs (order=4),C,A,"Let's track the sequence of events and the movements of the individuals:
- Ava moves the melon from the green_box to the green_basket.
- Ella moves the melon from the green_basket to the red_bottle.
- Liam saw Ella move the melon to the red_bottle.
- William saw Liam move the melon to the red_bottle.

Given this sequence, Ava would think that the melon is in the green_basket (where she moved it), but since Ella moved it to the red_bottle, Ella would think it is in the red_bottle. Liam, seeing Ella move it to the red_bottle, would think it is in the red_bottle. Finally, William, seeing Liam move it to the red_bottle, would think it is in the red_bottle.

Thus, the correct answer is A. green_bottle. [[A]]",0,5,True,rationale_cot_3shot,,2
0dcfa223d9379338,1a752260fc3277f6,9b834c53ec2e160b,HiToM,high-order,Belief,High-Order False Beliefs (order=0),C,C,"Let's track the sequence of events and the changes made to the tomato's location:
- Initially, the tomato was in the red_crate (line 2).
- It was moved to the blue_container by Carter (line 7).
- Then, it was moved to the green_box by Jack (line 9).
- Finally, it was moved back to the red_crate by Evelyn (line 11).

Given these steps, the final location of the tomato is the red_crate. However, the last statement indicates that Carter told Aiden it's in the green_box, which seems contradictory but based on the provided information, the last known position is the green_box.

But since we need to find the real location, the correct answer is the red_crate. Given the options, the closest one is the red_crate. [[C]]",1,5,True,rationale_cot_3shot,,2
a7aa0e8fec3ab392,a3125707dfc464c2,ab4416b1bcf11f2f,HiToM,high-order,Belief,High-Order False Beliefs (order=2),E,C,"Let's track the sequence of events involving Aiden and Hannah's movements regarding the orange. From the story, we see that:

- Aiden moves the orange to the red_container (9).
- Aiden moves the orange to the red_box (15).
- Hannah moves the orange to the green_envelope (19).

Given that Aiden last moved the orange to the red_box and Hannah last moved it to the green_envelope, Aiden would logically think that Hannah thinks the orange is in the red_box. However, since the question asks where Aiden thinks Hannah thinks the orange is, and considering the final movement, the most logical answer is the previous location of the orange, which is the red_box. 

But among the given options, the closest one is the red_pantry, which was the initial location of the orange. Therefore, the answer is:

[[C]]",0,5,True,rationale_cot_3shot,,2
d629e4492a25e539,51140730ac5b07ea,aa45a6050a68d316,HiToM,high-order,Belief,High-Order False Beliefs (order=1),E,D,D. green_envelope,0,5,False,rationale_cot_3shot,,2
ffa729fb1bea5038,91cf74acb834bbf9,0d6417eeeabd37f4,HiToM,high-order,Belief,High-Order False Beliefs (order=3),B,E,"Let's track the information flow: 
- Liam moved the tomato to the green_drawer (10).
- Nathan publicly claimed that the tomato is in the blue_bottle (16).
- Carter privately told Emma that the tomato is in the green_drawer (17).

Given this, Hannah, who was in the study but did not move the tomato, would not have any information about where the tomato is. Therefore, she would not be able to determine where anyone else thinks the tomato is. However, since the question asks where Hannah thinks Liam thinks Emma thinks the tomato is, we need to consider the last piece of information provided, which is Carter's private statement to Emma that the tomato is in the green_drawer. 

Thus, Hannah would think that Liam thinks Emma thinks the tomato is in the green_drawer. This corresponds to option E. [[E]]",0,5,True,rationale_cot_3shot,,2
c232089f401acba0,4f3e6b51fa552214,f229ac1341d02475,HiToM,high-order,Belief,High-Order False Beliefs (order=4),A,B,"Let's track the movements of the lettuce: 
- Initially, the lettuce was in the green_pantry (Step 2).
- Then, William moved it to the blue_cupboard (Step 3).
- Next, Charlotte moved it to the blue_bathtub (Step 7).
- Finally, Isla moved it back to the green_pantry (Step 11).

Given this sequence, we can infer:
- Aiden thinks the lettuce is in the blue_bathtub (Step 8).
- Amelia thinks the lettuce is in the green_pantry (Step 11).
- Charlotte thinks the lettuce is in the green_pantry (Step 11, but she moved it to the blue_bathtub, so she might think it's still there).
- Isla thinks the lettuce is in the green_pantry (Step 11).

Therefore, Amelia thinks Charlotte thinks Isla thinks the lettuce is in the green_pantry. However, since the lettuce is actually in the blue_bathtub, the closest answer based on the last known position is B. [[B]]",0,5,True,rationale_cot_3shot,,2
84085b3245aff727,9576adf90b745690,74a442b932800e88,HiToM,high-order,Belief,High-Order False Beliefs (order=4),E,C,C,0,5,False,rationale_cot_3shot,,2
dc656174c5b5c526,b12de4e322b9cc22,2fb65cec09d735de,HiToM,high-order,Belief,High-Order False Beliefs (order=4),C,A,"Let's track the movements of the persimmon: 
- Initially, the persimmon was in the red_basket (line 2).
- Hannah moved it to the blue_crate (line 3).
- Then, Carter moved it to the green_basket (line 7).
- Finally, William moved it back to the red_basket (line 11).

Alexander saw the persimmon in the red_basket when he entered the bedroom (line 4). Since Alexander did not move the persimmon, he would think it is still in the red_basket. 

Now, let's follow the sequence of events for Avery, William, and Hannah:
- Avery saw the persimmon in the red_basket (line 9).
- William moved the persimmon to the red_crate (line 16).
- Hannah saw the persimmon in the red_crate (line 20).

Therefore, Alexander thinks that Avery thinks that William thinks that the persimmon is in the red_crate. 

The correct answer is A. [[A]]",0,5,True,rationale_cot_3shot,,2
806eb35a15c5a292,f515e516712e7e0f,fff4c0232280db84,HiToM,high-order,Belief,High-Order False Beliefs (order=4),E,C,"Let's track the movements of the grapes and the associated thoughts:

- Benjamin moves the grapes to the blue_suitcase.
- Alexander moves the grapes to the red_crate.
- Owen moves the grapes to the blue_pantry.
- Benjamin moves the grapes to the red_pantry.

Given this sequence, we can trace backward:
- Benjamin thinks the grapes are in the red_pantry (last position).
- Alexander thinks the grapes are in the red_crate (second last position).
- Owen thinks the grapes are in the blue_pantry (third last position).
- Benjamin thinks the grapes are in the blue_suitcase (fourth last position).

Therefore, Alexander thinks that Elizabeth thinks that Liam thinks that Benjamin thinks the grapes are in the blue_suitcase. However, since the options provided do not include ""blue_suitcase,"" the closest option is:

[[C]]",0,5,True,rationale_cot_3shot,,2
f9366db8207ee3f1,de428ccb58df49b3,89e8be171289a11f,HiToM,high-order,Belief,High-Order False Beliefs (order=2),D,A,"Let's track the movements of the tangerine: 
- Initially, the tangerine was in the green_bottle (line 2).
- Liam moved it to the blue_treasure_chest (line 3).
- Then, Jackson moved it to the green_bathtub (line 6).
- Finally, Benjamin moved it to the red_bucket (line 10), but Benjamin also moved it to the green_crate (line 17).

Since Benjamin last moved the tangerine to the green_crate, we can infer that Benjamin thinks the tangerine is in the green_crate. However, the question asks where Liam thinks Benjamin thinks the tangerine is, and since Benjamin last moved the tangerine to the green_crate, Liam would think Benjamin thinks the tangerine is in the green_crate. But among the given options, the closest and most logical answer based on the sequence of events is the green_bottle. 

The answer is [[A]].",0,5,True,rationale_cot_3shot,,2
1479e0789633b5f7,143ee5c9c6c5c693,13e6a80a32a8d238,HiToM,high-order,Belief,High-Order False Beliefs (order=4),D,D,"Let's track the sequence of events and the changes in the location of the spinach:
- Initially, the spinach was in the blue suitcase (line 2).
- Jack moved the spinach to the green pantry (line 9).
- Aiden moved the spinach back to the blue suitcase (line 12).

Now, let's follow the thoughts of each person:
- Abigail thinks the spinach is in the blue suitcase (line 15, Amelia says this).
- Owen moved the spinach to the red basket (line 5), but he didn't tell anyone about it.
- Jack thinks the spinach is in the green pantry (line 9, he moved it there).
- Aiden thinks the spinach is in the blue suitcase (line 16, he told Amelia this).

Therefore, Jack thinks Aiden thinks Owen thinks Abigail thinks the spinach is in the blue suitcase. This corresponds to option D. [[D]]",1,5,True,rationale_cot_3shot,,2
06b9bd57a6c2d611,fb0a20ef9bfd162d,89e8be171289a11f,HiToM,high-order,Belief,High-Order False Beliefs (order=0),C,C,"Let's track the movements of the tangerine through the story: 
- It starts in the green_bottle (line 2).
- Then it moves to the blue_treasure_chest (line 3) by Liam.
- Next, it moves to the green_bathtub (line 6) by Jackson.
- Then it moves to the green_bottle (line 12) by Sophia.
- Finally, it moves to the red_drawer (line 20) by Liam.

Given these steps, the tangerine ends up in the red_drawer. However, since the red_drawer is not listed among the candidate answers, we need to check the other possible locations. The tangerine was last seen in the green_bottle (lines 2 and 12). 

Therefore, the correct answer is C. [[C]]",1,5,True,rationale_cot_3shot,,2
ca1d0b497ddb6e68,cf7e71e2b49085f4,e4f8845e8043bfe9,HiToM,high-order,Belief,High-Order False Beliefs (order=2),E,C,C. green_crate,0,5,False,rationale_cot_3shot,,2
0d64e5eeef288ac5,34bbb2cba131610d,e6f553d574b98551,HiToM,high-order,Belief,High-Order False Beliefs (order=3),A,A,"Let's reason step by step: We need to track the sequence of events and the conversations. From the story, we can see that Jack told Jacob that the spinach is in the red_drawer (event 16). Then, Ella told Jackson that the spinach is in the red_crate (event 15). Therefore, Jack thinks that Jackson thinks that Jacob thinks the spinach is in the red_crate. However, since the spinach was moved to the green_crate (event 18), Jack would still think that Jacob thinks it is in the red_drawer. But based on the conversation, the final position is the green_crate. So, Jack thinks that Jackson thinks that Jacob thinks the spinach is in the green_crate. This points to option A. [[A]]",1,5,True,rationale_cot_3shot,,2
510d518697ba51e3,dcffb53b76a8d04b,795e5003b68855c3,HiToM,high-order,Belief,High-Order False Beliefs (order=3),A,A,"Based on the story, Ella publicly claims that the onion is in the green_treasure_chest, while Evelyn privately tells her that the onion is in the red_pantry. However, the question asks about where Ella thinks Evelyn thinks Jack thinks the apple is. Since Jack moved the apple to the green_bottle, and based on the sequence, Jack did not know where the apple was originally placed (green_pantry). Therefore, Ella would think that Jack thinks the apple is in the green_bottle. But since the question is about where Evelyn thinks Jack thinks the apple is, and we know from the story that Evelyn told Ella that the onion is in the red_pantry, Ella would think that Jack thinks the apple is in the red_pantry. Thus, the answer is [[A]].",1,5,True,rationale_cot_3shot,,2
4dd2d921614cb19b,290ef202865d7a98,8383ae9a4ec0f27a,HiToM,high-order,Belief,High-Order False Beliefs (order=3),B,E,"Let's track the sequence of events and the changes in the location of the tangerine:
- Initially, the tangerine was in the red_bottle (step 2).
- Then, Logan moved it to the green_box (step 5).
- Next, Elizabeth moved it to the red_basket (step 7).
- Finally, Ava said the tangerine is in the red_basket (step 15).

Given this sequence, we can infer:
- Logan thinks the tangerine is in the green_box.
- Elizabeth thinks the tangerine is in the red_basket.
- Ava thinks the tangerine is in the red_basket.

Therefore, Owen thinks Logan thinks Ava thinks the tangerine is in the red_basket. The answer is E. [[E]]",0,5,True,rationale_cot_3shot,,2
0ee0326d4353c30c,f2d9c48d72c67cbf,a4976a8a03fa27a0,HiToM,high-order,Belief,High-Order False Beliefs (order=3),B,C,"Let's track the movements and actions related to the green_pepper: The green_pepper is initially in the red_basket. Jackson moves it to the blue_container. Then, Benjamin moves it to the green_bathtub. Finally, Emma moves it to the red_cupboard. Given this sequence, we can infer that Benjamin thinks Emma thinks the green_pepper is in the red_cupboard. However, since the question asks where Jackson thinks Benjamin thinks Emma thinks the green_pepper is, and Jackson last saw the green_pepper in the red_cupboard, the final answer would be the location where the green_pepper was last seen by Jackson, which is the red_cupboard. But since the options do not include ""red_cupboard,"" the closest answer would be the last known location before Emma moved it, which is the red_container. Therefore, the answer is [[C]].",0,5,True,rationale_cot_3shot,,2
9d2adeafd837a93b,9f61c82eaae02bce,0ff11fc1bd7f7b52,HiToM,high-order,Belief,High-Order False Beliefs (order=3),D,D,"Let's track the movements of the lime and the thoughts of the characters based on the story:
- Initially, the lime is in the green_envelope (Step 2).
- Emily moves it to the blue_pantry (Step 3).
- Jack moves it to the blue_suitcase (Step 5).
- Abigail moves it back to the green_envelope (Step 13).

Now, let's infer the thoughts:
- Jack knows the lime is in the blue_suitcase (Step 5).
- Abigail knows the lime is in the green_envelope (Step 13).
- Avery knows the lime is in the green_envelope (Step 7), but he also knows Abigail moved it to the blue_suitcase (Step 13). Therefore, Avery would think that Abigail thinks the lime is in the blue_suitcase.

So, Jack thinks that Avery thinks that Abigail thinks the lime is in the blue_suitcase. This corresponds to option D. [[D]]",1,5,True,rationale_cot_3shot,,2
5c0f19f3b7ea7674,8c8b19bb55db1ef6,54a610f5fa80a582,HiToM,high-order,Belief,High-Order False Beliefs (order=0),E,E,"Let's track the sequence of events involving the sweet_potato: The sweet_potato was initially in the red_box (line 2). It was then moved to the green_box by Hannah (line 11), and then to the green_bottle by Sophia (line 16). However, Hannah later claimed it was in the green_bottle (line 16), but Jackson privately told Sophia it was in the red_box (line 17). Since Hannah made this claim, we need to consider the last known position before she made the claim, which was the green_bottle. But since Hannah changed her mind, the correct final position should be the red_box according to Jackson's private statement. Therefore, the answer is E. [[E]]",1,5,True,rationale_cot_3shot,,2
892140a03489fb47,888262a5e61cc124,e7e5c2a076a4d6c4,HiToM,high-order,Belief,High-Order False Beliefs (order=1),A,E,E. blue_crate,0,5,False,rationale_cot_3shot,,2
c28dfa53a1ef58df,0e256349f5ec9d79,89e8be171289a11f,HiToM,high-order,Belief,High-Order False Beliefs (order=4),A,B,"Let's track the movements of the tangerine: 
- It was first in the green_bottle (line 2).
- Then moved to the blue_treasure_chest (line 3) by Liam.
- Then moved to the green_bathtub (line 4) by Jackson.
- Then moved to the red_bucket (line 10) by Benjamin.
- Finally, it was moved back to the green_bottle (line 12) by Sophia.

Given this sequence, we can trace backwards:
- Benjamin moved it to the red_bucket (line 10).
- Benjamin moved it from the red_bucket to the green_bottle (line 12).

So, Benjamin thought it was in the red_bucket, but then moved it to the green_bottle. 

Now, let's go to Carter:
- Carter saw it in the green_bottle (line 12), so he thought it was in the green_bottle.

Next, Benjamin:
- Benjamin moved it to the red_bucket (line 10), so he thought it was in the red_bucket.

Finally, Jackson:
- Jackson saw it in the red_bucket (line 10), so he thought it was in the red_bucket.

Therefore, Jackson thinks Benjamin thinks Carter thinks it is in the red_bucket. The correct answer is [[B]].",0,5,True,rationale_cot_3shot,,2
7a4949601271dde6,619d39119543a1e9,8f5f23fd55bc31cf,HiToM,high-order,Belief,High-Order False Beliefs (order=4),C,B,"Let's track the movements and statements about the corn:

- Initially, Amelia moves the corn to the green_drawer (step 7).
- Then, Abigail moves the corn to the green_bottle (step 12), but she also claims it's in the green_envelope (step 16).
- Finally, Abigail moves the corn back to the green_bottle (step 13).

Given these steps, we can infer:
- Abigail believes the corn is in the green_bottle.
- She privately tells Amelia that it's in the green_envelope.
- Amelia believes the corn is in the green_envelope.
- She publicly states it's in the green_bottle.
- Nathan believes the corn is in the green_bottle (as stated by Amelia).

Therefore, Alexander thinks that Nathan thinks that Amelia thinks the corn is in the green_bottle. This corresponds to option B. [[B]]",0,5,True,rationale_cot_3shot,,2
572cf525962728b5,b4765c60d77af811,b730fb2270fcb17c,HiToM,high-order,Belief,High-Order False Beliefs (order=4),C,C,"Let's track the movements of the lemon: 
- It was initially in the red_box.
- Then moved to the red_container by Evelyn.
- Next, Alexander moved it to the green_treasure_chest.
- Finally, Emma moved it to the green_bottle.
Given the sequence, the last known location of the lemon before Alexander left the TV room was the green_bottle. Since Alexander did not move it further, the final location of the lemon is the green_bottle. 

Now, we need to determine where Alexander thinks Evelyn thinks Sophia thinks Isla thinks the lemon is. Given the sequence, the last known position of the lemon is the green_bottle. Therefore, Alexander would think that Isla, Sophia, and Evelyn think the lemon is in the green_bottle.

However, since the options provided do not include ""green_bottle,"" the closest logical answer based on the sequence is:

The answer is C. [[C]]",1,5,True,rationale_cot_3shot,,2
131d8d027c26b745,969ebe17d98b5e54,05038b4769b9d67e,HiToM,high-order,Belief,High-Order False Beliefs (order=1),D,D,D. green_bottle,1,5,False,rationale_cot_3shot,,2
a3a769d15763c857,656f67fe54e186a9,bc0c8b98534ae607,HiToM,high-order,Belief,High-Order False Beliefs (order=4),E,C,"Let's track the movements and thoughts of each person regarding the melon:

- Initially, the melon was in the blue_container.
- Evelyn moved the melon to the green_treasure_chest.
- Nathan moved the melon to the blue_treasure_chest.
- Nathan moved the melon to the blue_bottle.
- Nathan moved the melon to the red_bottle.
- Nathan moved the melon to the red_crate.

Since Nathan was the last to move the melon, he would be the one thinking about its current location. However, we need to determine where Isabella, Lily, and Nathan think the melon is based on the sequence of events.

- Isabella moved the melon from the blue_bottle to the red_bottle.
- Isabella moved the melon from the red_bottle to the red_crate.
- Nathan moved the melon from the red_crate to the red_bottle.

Given this sequence, Isabella and Nathan both believe the melon is in the red_bottle. Since Nathan is the one who moved the melon to the red_bottle, he would also think that Isabella thinks the melon is in the red_bottle. Finally, since Nathan moved the melon to the red_bottle, he would think that Lily thinks the melon is in the red_bottle.

Therefore, the final answer is Ava thinks Isabella thinks Nathan thinks the melon is in the red_bottle. [[C]]",0,5,True,rationale_cot_3shot,,2
2abdb6fbed8e1b87,9edf1ccc2f62dd75,01d232b9e9be5571,HiToM,high-order,Belief,High-Order False Beliefs (order=3),D,A,"Let's track the movements of the watermelon and the thoughts of the characters involved:

- Initially, the watermelon was in the blue_bottle (line 3).
- Benjamin moved it to the green_drawer (line 5).
- Isabella moved it to the blue_bucket (line 6), but then it was moved back to the blue_bottle (line 7).
- Isabella moved it to the green_envelope (line 21), but then it was moved back to the blue_bottle (line 22).
- Isabella moved it to the red_box (line 24), but then it was moved back to the blue_bottle (line 25).

Given that the watermelon is repeatedly moved back and forth between the blue_bottle and other containers, we need to consider the last known position before Isabella left the workshop. Since Isabella moved the watermelon to the red_box and then back to the blue_bottle, the last known position is the blue_bottle.

Now, we need to determine where Isabella thinks Benjamin thinks the watermelon is. Benjamin knows the watermelon is in the blue_bottle. Benjamin told Isabella that the green_pepper is in the red_bottle, but this doesn't affect the location of the watermelon. Therefore, Isabella would think Benjamin thinks the watermelon is in the blue_bottle.

However, the question asks about the location Isabella thinks Benjamin thinks the watermelon is, and based on the sequence of events, the most logical answer is that Isabella thinks Benjamin thinks the watermelon is in the blue_bottle, which corresponds to option A (blue_container). 

The correct answer is [[A]].",0,5,True,rationale_cot_3shot,,2
dbd1a6d5769959b0,98cdc10f408302c1,6baf366ac0032216,HiToM,high-order,Belief,High-Order False Beliefs (order=3),B,E,"Let's track the movements of the carrot and the associated thoughts:

- Initially, the carrot was in the red_basket (line 2).
- Evelyn moved the carrot to the red_pantry (line 3).
- Owen moved the carrot to the green_drawer (line 7).
- Lily moved the carrot to the red_envelope (line 10).
- Noah moved the carrot to the red_basket (line 12).

Now, let's consider the last movements:
- Owen likes the red_basket (line 16).
- Owen likes the green_treasure_chest (line 23).

Since Owen likes the red_basket and the green_treasure_chest, and he is the last to move the carrot to the red_basket, it is most likely that Owen thinks the carrot is in the red_basket. 

However, we need to find out where Mila thinks Owen thinks Noah thinks the carrot is. We know:
- Mila moved the cherry to the green_bucket (line 21), but this doesn't affect the location of the carrot.
- Mila dislikes the spinach (line 20), but this also doesn't affect the location of the carrot.

Given that Owen likes the red_basket and the green_treasure_chest, and considering the sequence of events, the most logical inference is that Owen thinks the carrot is in the green_treasure_chest, and Mila thinks Owen thinks the carrot is in the green_treasure_chest.

Thus, the answer is E. [[E]]",0,5,True,rationale_cot_3shot,,2
a05036843bd5efe4,64251585ae310f91,341c6c1b61262bfc,HiToM,high-order,Belief,High-Order False Beliefs (order=3),D,E,"Let's track the sequence of events and the changes in the location of the carrot:

1. Initially, the carrot is in the red_envelope (line 3).
2. Abigail moves the carrot to the red_container (line 11).
3. Abigail moves the carrot back to the red_envelope (line 13).
4. Abigail moves the carrot to the red_drawer (line 20).

Given that Abigail moved the carrot from the red_envelope to the red_drawer, and she did this last, we can infer that Abigail believes the carrot is in the red_drawer now. 

Next, let's see Nathan's perspective:
1. Nathan sees Abigail move the carrot to the red_drawer (line 20).
2. Nathan sees Isabella move the carrot to the green_crate (line 36).

Nathan would believe that Abigail moved the carrot to the red_drawer, and Isabella moved it to the green_crate. Therefore, Nathan would think that Abigail thinks the carrot is in the green_crate.

Finally, let's see Emma's perspective:
1. Emma sees Nathan and Isabella's actions but doesn't change the location of the carrot.
2. Emma sees Abigail move the carrot to the red_drawer (line 20), and Isabella move it to the green_crate (line 36).

Emma would believe that Abigail moved the carrot to the red_drawer, and Isabella moved it to the green_crate. Thus, Emma would think that Abigail thinks the carrot is in the green_crate.

Since the question asks where **Avery** thinks Nathan thinks Abigail thinks the carrot is, and based on the sequence of events, Avery would be thinking the same as Emma, which is the green_crate.

The correct answer is E. [[E]]",0,5,True,rationale_cot_3shot,,2
3609d5ecb0f20e85,2dbd191254343158,18f475623b94946f,HiToM,high-order,Belief,High-Order False Beliefs (order=1),A,E,"Let's track the information about the sweet_potato's location throughout the story: 
- Initially, it was in the red_drawer (lines 2 and 14).
- Then, it was moved to the red_crate (line 9).
- Later, it was moved to the red_container (line 19).
- Finally, Mila claimed it was in the blue_container (line 23).

Given that Liam saw the sweet_potato in the red_container and Mila later said it was in the blue_container, but Mila also privately told Evelyn that it was in the blue_suitcase, we need to consider the last piece of information provided, which is the private conversation between Mila and Evelyn. 

This implies that Mila might have changed her mind or lied about the location. However, without more context, we can assume the last piece of information provided, which is the private conversation, is the most recent and potentially accurate.

Therefore, the most likely answer is E. [E]",0,5,False,rationale_cot_3shot,,2
7a0911f402089011,32022ae049892b09,6baf366ac0032216,HiToM,high-order,Belief,High-Order False Beliefs (order=4),B,A,"Let's track the movements of the carrot and the associated thoughts:

- Initially, the carrot was in the red_basket (Step 2).
- Evelyn moved the carrot to the red_pantry (Step 3).
- Owen moved the carrot to the green_drawer (Step 7).
- Lily moved the carrot to the red_envelope (Step 10), but this step doesn't affect the previous movements.
- Noah moved the carrot to the red_basket (Step 12).

Now, let's trace the thoughts:
- Owen moved the carrot to the green_drawer (Step 7). So, Owen thinks the carrot is in the green_drawer.
- Noah moved the carrot to the red_basket (Step 12). So, Noah thinks the carrot is in the red_basket.
- Mila moved the cherry to the green_bucket (Step 24), but this step doesn't affect the previous movements.
- Mila moved the cherry to the green_drawer (Step 25), but this step doesn't affect the previous movements.
- Mila moved the cherry to the red_envelope (Step 10), but this step doesn't affect the previous movements.
- Mila moved the cherry to the red_basket (Step 12), but this step doesn't affect the previous movements.
- Mila moved the cherry to the green_drawer (Step 25), but this step doesn't affect the previous movements.
- Mila moved the cherry to the red_envelope (Step 10), but this step doesn't affect the previous movements.
- Mila moved the cherry to the red_basket (Step 12), but this step doesn't affect the previous movements.
- Mila moved the cherry to the green_drawer (Step 25), but this step doesn't affect the previous movements.
- Mila moved the cherry to the red_envelope (Step 10), but this step doesn't affect the previous movements.
- Mila moved the cherry to the red_basket (Step 12), but this step doesn't affect the previous movements.
- Mila moved the cherry to the green_drawer (Step 25), but this step doesn't affect the previous movements.
- Mila moved the cherry to the red_envelope (Step 10), but this step doesn't affect the previous movements.
- Mila moved the cherry to the red_basket (Step 12), but",0,5,False,rationale_cot_3shot,,2
3923e801c7b021fe,f12aa06f0f8abfaa,daa33907a8c9df32,HiToM,high-order,Belief,High-Order False Beliefs (order=4),C,C,"Let's track the sequence of events and the movements of the items:
- Initially, the cherry was in the red_drawer (line 2).
- Chloe moved the cherry to the green_pantry (line 3).
- Owen moved the cherry to the green_bucket (line 4).
- Emma moved the cherry to the red_crate (line 19).
- Chloe moved the cherry to the green_crate (line 21).

Now, let's follow the last movements:
- Ella moved the apple to the green_bathtub (line 17), but this doesn't affect the cherry's location.
- Owen lost his watch (line 24), but this doesn't affect the cherry's location.
- Ella publicly claimed that the apple is in the blue_container (line 23), but this doesn't affect the cherry's location.
- Chloe privately told Owen that the apple is in the green_crate (line 25), but this doesn't affect the cherry's location.

The cherry is currently in the green_crate, and based on the last movement, Emma knows it's in the red_crate, and Owen knows it's in the green_crate. Therefore, Abigail, Ella, and Owen all know it's in the green_crate. So, Emma thinks Abigail thinks Ella thinks Owen thinks the cherry is in the green_crate. However, the question asks where Emma thinks Abigail thinks Ella thinks Owen thinks the cherry is, which is the green_crate. But since the options provided do not include ""green_crate,"" we need to choose the closest option, which is C. [[C]]",1,5,True,rationale_cot_3shot,,2
