item_id,prompt_hash,story_id,source,task,category,ability,answer,pred,raw,correct,n_options,marker_found,condition,seed,exemplar_seed
6cf0a925be0026c9,f0641f39b0508ec7,9e0d52e419e5bdb5,SocialIQa,social_cs,Mixed,Mixed,B,B,"Let's reason step by step: From the story, we understand that Jan was told she couldn't ride the motorcycle, yet Cameron still did it. This implies Jan might be upset about Cameron's actions. This points to option B. [[B]]",1,,True,rationale_cot_3shot,,1
ba9b75d7559ade5a,027f2fb16b2b248f,384421170d6fd7c0,SocialIQa,social_cs,Mixed,Mixed,C,C,"Let's reason step by step: In the story, Aubrey meets a stranger at the park, but there's no indication of how she feels about it. However, without more context, we can't rule out any of the given options. But based on common human reactions, feeling happy seems the most plausible. [[C]]",1,,True,rationale_cot_3shot,,1
9a94f3bdc5a82254,058db6725230e56e,49d45640a4228733,SocialIQa,social_cs,Mixed,Mixed,A,B,"Let's reason step by step: Given that Skylar was pushed by the bully and spilled milk over their head, the most logical action would be to react to the situation. This points to option B. [[B]]",0,,True,rationale_cot_3shot,,1
ea675245f29e3589,e0de358ebc83a035,b2905faca62d97df,SocialIQa,social_cs,Mixed,Mixed,A,A,"Let's reason step by step: From the story, we understand that Quinn enjoyed the book despite being told they wouldn't like it. This implies Quinn was content with their experience. This points to option A. [[A]]",1,,True,rationale_cot_3shot,,1
8318c7d816e1f113,fb81a6e062c0b571,db4ef11b51a16d31,SocialIQa,social_cs,Mixed,Mixed,C,C,"Let's reason step by step: Based on the story, Jesse yelled at his brother after yelling at him, indicating he might feel remorseful. This points to option C. [[C]]",1,,True,rationale_cot_3shot,,1
f025fe0f6f8dbe9e,032962b4cb85677e,47fca3b210d197c6,SocialIQa,social_cs,Mixed,Mixed,B,B,"Let's reason step by step: Based on the story, Lee solved the world's water problem after inventing a new pump. This implies that before this, Lee must have researched a plan. This points to option B. [[B]]",1,,True,rationale_cot_3shot,,1
9d7409d95a2e3f7c,1a1c8dc8204e4a7b,18f303eec8e379de,SocialIQa,social_cs,Mixed,Mixed,B,A,"Let's reason step by step: Given the context of a Christmas party and the sudden birth, the most likely scenario is that the party was put off and the person involved (Jan) was rushed to the hospital. This points to option A. [[A]]",0,,True,rationale_cot_3shot,,1
770e56acbaa509c7,41029c932786eb1d,280c87b56565faef,SocialIQa,social_cs,Mixed,Mixed,B,B,[[B]],1,,True,rationale_cot_3shot,,1
32720eb68f367027,1e207d8cc14cb1c4,3783f88f4f1854fa,SocialIQa,social_cs,Mixed,Mixed,A,B,"Let's reason step by step: Given that Austin discharged Carson from his duty due to improper behavior, he likely felt relieved or satisfied with the action. This points to option B. [[B]]",0,,True,rationale_cot_3shot,,1
0f39c59ca78fe877,f6af3d40e774d285,b357406d0e1dba61,SocialIQa,social_cs,Mixed,Mixed,A,B,"Let's reason step by step: Based on the story, Addison received a new bracelet as a gift from Robin on her birthday, and she loved it. This implies that the most likely outcome is that Addison will love the bracelet. [[B]]",0,,True,rationale_cot_3shot,,1
c67b67b09ff5ff85,ee1e35c207dfa516,f650d108aa638f6c,SocialIQa,social_cs,Mixed,Mixed,B,A,"Let's reason step by step: Based on the story, Alex rendered service but Sasha failed to deliver the food. This implies that Alex might lose the contract due to the unsatisfactory service provided by Sasha. Therefore, the most likely answer is A. [[A]]",0,,True,rationale_cot_3shot,,1
9b6bc699f6eb3773,215b4d30cdd5af4f,eca9eced17a0bc0a,SocialIQa,social_cs,Mixed,Mixed,C,B,"Let's reason step by step: Given that Jan was woken up after an accident, the most logical next action would be to ensure her safety. This points to option B. [[B]]",0,,True,rationale_cot_3shot,,1
d212f37ba93d0d2c,24e067b746bfd49e,25a983a55f488a60,SocialIQa,social_cs,Mixed,Mixed,B,B,"Let's reason step by step: Based on the story, Addison worked hard to get a car, implying that getting a job (to earn money for a car) was necessary before this. This points to option B. [[B]]",1,,True,rationale_cot_3shot,,1
d12c40ec18af68f7,d40b005b5b75f5d3,5f107d5b2e091de9,SocialIQa,social_cs,Mixed,Mixed,B,B,"Let's reason step by step: In the story, Riley instructed Sasha to hold her breath, which implies Riley was teaching Sasha how to swim. However, the feeling after such an instruction is not explicitly related to the outcome or difficulty of the lesson. Given the context, the most logical inference is that Riley feels good about teaching Sasha to swim. [[B]]",1,,True,rationale_cot_3shot,,1
52c109285a321796,d23223de3c978238,e3dff6668b668097,SocialIQa,social_cs,Mixed,Mixed,C,C,"Let's reason step by step: From the story, Alex took the time to personally give each watch to his team members, indicating thoughtfulness. This points to option C. [[C]]",1,,True,rationale_cot_3shot,,1
f734576c3e0b9922,979faee131b98a9e,b9c8e3e4456fc05a,SocialIQa,social_cs,Mixed,Mixed,A,A,[[A]],1,,True,rationale_cot_3shot,,1
237c5cdf4d6466e9,33fe59cc9a4cad80,4dd0948ee575ba96,SocialIQa,social_cs,Mixed,Mixed,A,A,"Let's reason step by step: Based on the story, Kendall pretended to be interested in Sydney, but Sydney played her emotions. This implies Kendall might feel disappointed or hurt. This points to option A. [[A]]",1,,True,rationale_cot_3shot,,1
c760a23305b02576,4f056a1b04b5c34a,b5054293b9903dbd,SocialIQa,social_cs,Mixed,Mixed,C,C,"Let's reason step by step: The story mentions that Remy gave birth to a baby girl on a Saturday afternoon, which implies she needed to go to the hospital. This points to option C. [[C]]",1,,True,rationale_cot_3shot,,1
37ff8e15a30083a7,d98f55f561df8f52,affe63ae07a978d2,SocialIQa,social_cs,Mixed,Mixed,C,C,[[C]],1,,True,rationale_cot_3shot,,1
db0a6d82230df8e6,50145a8e96b596f1,5d1e82b65596f0cc,SocialIQa,social_cs,Mixed,Mixed,C,C,"Let's reason step by step: Given the context that Taylor was proud of their father, the most likely feeling others would have is supportiveness. This points to option C. [[C]]",1,,True,rationale_cot_3shot,,1
f225e4ff702d796b,4d06f5300ea46217,8625b0eb4e790dec,SocialIQa,social_cs,Mixed,Mixed,A,A,"Let's reason step by step: From the story, Riley let out a scream of pain, which indicates that they are in a lot of pain. This points to option A. [[A]]",1,,True,rationale_cot_3shot,,1
f61d16d3446eb778,946889d04662db04,5289c7d0931d9848,SocialIQa,social_cs,Mixed,Mixed,A,A,"Let's reason step by step: Given the context of Kendall being injured from the fight, the most logical action for Kendall would be to seek medical attention. This points to option A. [[A]]",1,,True,rationale_cot_3shot,,1
a0815dc3bc846613,f481db48109cfae3,2a1f9c343401c50a,SocialIQa,social_cs,Mixed,Mixed,B,B,"Let's reason step by step: Given that Austin got extra help on the paper, it implies he was struggling or needed assistance. This suggests he might feel happy about getting help. [[B]]",1,,True,rationale_cot_3shot,,1
bc78a6ed3354f8de,b9ac3b670b992c46,c7e49ab9b935f1e6,SocialIQa,social_cs,Mixed,Mixed,C,B,"Let's reason step by step: From the story, Sydney helped trace Robin's fingers, which suggests an educational activity. This points to option B. [[B]]",0,,True,rationale_cot_3shot,,1
2e1b9b1d39e12c5b,b4355be0c842edd8,56317825f575d8b9,SocialIQa,social_cs,Mixed,Mixed,C,C,"Let's reason step by step: Given the context that Riley sold Sydney's painting for a lot of money, the most logical action Sydney would want to take next is to receive the money. This points to option C. [[C]]",1,,True,rationale_cot_3shot,,1
260b93960f508748,7c4b0d78c4f1553e,509b2c03fb445f8b,SocialIQa,social_cs,Mixed,Mixed,C,C,"Let's reason step by step: From the story, Alex helped Riley with the math problem, which suggests a positive outcome. This points to option C. [[C]]",1,,True,rationale_cot_3shot,,1
f60a09adeffb680d,c06fb0ed7923a5c4,2d9547aca49e4d70,SocialIQa,social_cs,Mixed,Mixed,A,A,"Based on the story provided, none of the given answers directly follow from the context. However, since we need to select from the given options:

[[A]]",1,,True,rationale_cot_3shot,,1
2fc81d778de1d8fd,6837e76848b055b1,684a2cbba6e43cac,SocialIQa,social_cs,Mixed,Mixed,A,A,Let's reason step by step: The action of throwing away a spoiled item suggests that Taylor is careful about cleanliness. This points to option A. [[A]],1,,True,rationale_cot_3shot,,1
7c4d7554deac954d,bee47fa28db96ec9,0f75772d91c32f1e,SocialIQa,social_cs,Mixed,Mixed,C,C,"Let's reason step by step: Alex paid to get her car detailed and cleaned, implying she had a car first. Before getting her car detailed, Alex needs to go to the car wash. This points to option C. [[C]]",1,,True,rationale_cot_3shot,,1
42ced65d4f65d1e0,fca5d6da5fe460f4,0af09bdb61befe78,SocialIQa,social_cs,Mixed,Mixed,B,B,"Let's reason step by step: From the story, we can infer that Ash was late and missed her date, which suggests she doesn't care about other people's plans. This points to option B. [[B]]",1,,True,rationale_cot_3shot,,1
ad7200a9536d4dba,cbc1336f1e4e2c74,d5b28a17b5150753,SocialIQa,social_cs,Mixed,Mixed,C,C,"Let's reason step by step: In the story, Austin is excited about his new computer and the first thing he does is make an email. This implies he is happy and satisfied with his purchase. Given this context, others might feel content. [[C]]",1,,True,rationale_cot_3shot,,1
d5decb9312425eea,44b00c7d50bd9159,aadf4391f0639845,SocialIQa,social_cs,Mixed,Mixed,C,A,[[A]],0,,True,rationale_cot_3shot,,1
24729934de2a5bfb,b027cbc6153aaa4b,e5bbdb60acabc3a0,SocialIQa,social_cs,Mixed,Mixed,B,C,"Let's reason step by step: Given the context that the attendant is likely to verify the situation, the most probable action is to ask for the vegetables to be reweighed. This points to option C. [[C]]",0,,True,rationale_cot_3shot,,1
e637b1967832f514,d23666e903936319,6b436df82be211ca,SocialIQa,social_cs,Mixed,Mixed,C,C,"Let's reason step by step: From the story, we understand that Quinn returned the tools, which suggests he is considerate or mindful of others. This points to option C. [[C]]",1,,True,rationale_cot_3shot,,1
a5fa5bdc1b0513a4,16b4d0dd75383527,4e2d8179da750faa,SocialIQa,social_cs,Mixed,Mixed,A,C,"Let's reason step by step: Based on the story, Jordan wants to help people and studies medicine to work in a hospital. This implies he helps sick people. This points to option C. [[C]]",0,,True,rationale_cot_3shot,,1
1929867dc395e671,e5e9908bc4ac3c90,5c27a01cfaa575e1,SocialIQa,social_cs,Mixed,Mixed,C,C,"Let's reason step by step: Given that Remy is working on a big presentation, the most logical next action would be to continue working on it. However, among the given options, the closest to continuing work would be C. drink coffee. [[C]]",1,,True,rationale_cot_3shot,,1
92a1e46d358803cc,f84c5997b3b333f2,55a35566fe1a4123,SocialIQa,social_cs,Mixed,Mixed,B,B,"Let's reason step by step: Based on the story, Riley fell off his bike and was holding his arm, indicating he felt pain. This points to option B. [[B]]",1,,True,rationale_cot_3shot,,1
5bd919502ea198b3,e483bc9caa937fad,6bdabd0491e289c8,SocialIQa,social_cs,Mixed,Mixed,A,C,"Let's reason step by step: The story does not provide enough context to determine Taylor's future actions. However, since we need to infer based on the given options, and considering the context of proving a point, Taylor might want to continue wrestling or improve their skills. This points to option C. [[C]]",0,,True,rationale_cot_3shot,,1
33429426838f936e,d1c80a19561e5458,3dc6d14ec0fa35d4,SocialIQa,social_cs,Mixed,Mixed,A,B,[[B]],0,,True,rationale_cot_3shot,,1
0f1237cb55954431,35c4835beef80e7a,fb65dc7b26fdde2d,SocialIQa,social_cs,Mixed,Mixed,B,B,"Let's reason step by step: From the story, Addison ate all the cereal before her brother, implying she was quick or hungry. However, the story doesn't explicitly state why she did it. But based on the context, the most logical inference is that she was very hungry. [[B]]",1,,True,rationale_cot_3shot,,1
cab57dcfac13e776,1e1e0d7c99131a2e,8f44066c293b8bfb,SocialIQa,social_cs,Mixed,Mixed,A,A,Let's reason step by step: Kai being scared and sitting in Austin's lap implies that Kai must have seen something to be scared of. This points to option A. [[A]],1,,True,rationale_cot_3shot,,1
ddc50c19995e32eb,17debc2d22efb450,e6e4f3be1192e533,SocialIQa,social_cs,Mixed,Mixed,A,C,"Let's reason step by step: Given the context that Kendall is arguing with Billy and is correct, the most likely action for Kendall would be to understand the situation better. This points to option C. [[C]]",0,,True,rationale_cot_3shot,,1
cbdfd81a579f3d6f-1,bb25d87870570420,756f97a49b8724c9,SocialIQa,social_cs,Mixed,Mixed,B,B,"Let's reason step by step: Given the context that Taylor helped a friend with financial troubles, the most likely action would be gratitude. This points to option B. [[B]]",1,,True,rationale_cot_3shot,,1
02eb2fab773b2d31,0cdd9b813a2a04e9,b488518380b54c82,SocialIQa,social_cs,Mixed,Mixed,A,C,"Let's reason step by step: Sasha said she gave the man her ""two cents"" and ""let him have it,"" which implies that Sasha was giving the man her opinion or criticism strongly. Given this context, the man would likely feel frustrated. [[C]]",0,,True,rationale_cot_3shot,,1
0363dcc40ea4d3e4,ba29ef3a48e52cfd,e1fad78f4929cc17,SocialIQa,social_cs,Mixed,Mixed,C,C,"Let's reason step by step: Based on the story, Lee is still trying to figure out how to play the game despite the difficulty. This suggests Lee wants to continue. This points to option C. [[C]]",1,,True,rationale_cot_3shot,,1
dbd75f34f6871a88,cca6a0b460d31953,ff88281116690852,SocialIQa,social_cs,Mixed,Mixed,A,C,"Let's reason step by step: Based on the story, Bailey had second thoughts and decided not to show up for the date, indicating anxiety and guilt. This points to option C. [[C]]",0,,True,rationale_cot_3shot,,1
e32aeea72aa313b0,fd91b045c85af4d0,537512b9d51265f5,SocialIQa,social_cs,Mixed,Mixed,A,A,"Let's reason step by step: Given Skylar's initial position and Kendall's decision, Skylar might want to negotiate or find an alternative. However, the most logical and common response is to try to reach a compromise. This points to option A. [[A]]",1,,True,rationale_cot_3shot,,1
75a665a2da5a50fd,c35636206cf032b3,b8b4ce8160802092,SocialIQa,social_cs,Mixed,Mixed,B,A,"Let's reason step by step: From the story, we learn that Kai took French as an elective in high school. However, the story doesn't provide information about why Kai chose to take the elective. Therefore, the most logical inference based on the given information is that Kai did it for A. having credit. [[A]]",0,,True,rationale_cot_3shot,,1
6b5b26f2958a5415,16a7fcb1ebe9e6ee,0e4f9c0cc970f397,SocialIQa,social_cs,Mixed,Mixed,A,A,"Let's reason step by step: The story mentions Robin taking mitigating factors into account, indicating careful consideration. However, the question asks about Ash, not Robin. The description of Robin's behavior suggests Ash might be similar. This points to option A. [[A]]",1,,True,rationale_cot_3shot,,1
bc7ca0c4f59bbce6,5cb1fc48f7e38827,d23fcc5abdac6e0d,SocialIQa,social_cs,Mixed,Mixed,A,A,"Let's reason step by step: From the story, we understand that Jordan is unwilling to change their mind about breaking up with Kendall. This indicates that Jordan would feel the opposite of ready to go on a date with Kendall. This points to option A. [[A]]",1,,True,rationale_cot_3shot,,1
20ba1ec6b6baabf1,e61b145253ac5c5e,e26b522a0d8a98bc,SocialIQa,social_cs,Mixed,Mixed,A,A,"Let's reason step by step: Given that Skylar canceled the concert plans, the most logical action for Sydney would be to find someone else to go with. This points to option A. [[A]]",1,,True,rationale_cot_3shot,,1
8ced7b47b228d86d,695b794602e798e4,68fca9f980401d6d,SocialIQa,social_cs,Mixed,Mixed,C,B,"Let's reason step by step: Given the context that Cameron gave Casey a pep talk and Casey now feels a sense of belonging, the most logical action Casey might take is to integrate better into the group. This points to option B. [[B]]",0,,True,rationale_cot_3shot,,1
ac3d54624b495ca5,5d55fe5ed22df509,31ef9f5243c97de4,SocialIQa,social_cs,Mixed,Mixed,A,A,"Let's reason step by step: However, the given story does not provide enough context to predict the outcome. Therefore, based on the information provided, none of the answers can be definitively chosen. But since we need to select an answer from the given options, we should choose the one that is least unlikely. This points to option A. [[A]]",1,,True,rationale_cot_3shot,,1
e2fe7b2bc445d1ad,965a8f68315071e8,cdeb934405a64683,SocialIQa,social_cs,Mixed,Mixed,A,B,Let's reason step by step: The story does not provide any information about the consequences or future actions for Tracy. This points to option B. [[B]],0,,True,rationale_cot_3shot,,1
a22892d123ef571c,9818b4e14b2a35da,50b5d8eb2978aba1,SocialIQa,social_cs,Mixed,Mixed,B,B,Let's reason step by step: Jan's action of playing dumb suggests a desire to avoid confrontation or immediate conflict. This points to option B. [[B]],1,,True,rationale_cot_3shot,,1
9d8311adbf4baf32,736d5408bdb2b4a0,73570b50ebcdeea0,SocialIQa,social_cs,Mixed,Mixed,A,A,"Let's reason step by step: Given the context of Quinn murdering Remy's wife, the most logical action for Remy would be to call the police. This points to option A. [[A]]",1,,True,rationale_cot_3shot,,1
34bcd8c9bce8c2d8,ee863d87a397caa0,4df8079ed723bf54,SocialIQa,social_cs,Mixed,Mixed,B,A,"Let's reason step by step: Based on the context that Aubrey is taking a test and has an answer sheet hidden on her desk, she might feel either proud of herself or worried about getting caught. However, since the question asks how Aubrey would feel, and assuming she is not yet aware of the consequences, the most likely feeling is pride. [[A]]",0,,True,rationale_cot_3shot,,1
9f1557486ca231e4,69f4dc297a4513d8,6ddf136cbe2a62f3,SocialIQa,social_cs,Mixed,Mixed,B,B,"Let's reason step by step: Based on the story about Robin taking a very long time to clean the windows, it suggests she spent considerable effort and time, indicating she is meticulous and possibly a neat freak. This points to option B. [[B]]",1,,True,rationale_cot_3shot,,1
00bf1b5904d3bbf1,4da22481d29a9183,991992203374540f,SocialIQa,social_cs,Mixed,Mixed,C,C,"Let's reason step by step: Given that Alex gave birth, the natural inclination for a newborn is to keep them. This points to option C. [[C]]",1,,True,rationale_cot_3shot,,1
7d441d7f89aae722,9d2101c44ff5f479,bed771cf3eb6e948,SocialIQa,social_cs,Mixed,Mixed,C,C,"Let's reason step by step: Based on the story, Aubrey fed Tracy's kids after the baseball practice, which implies that Tracy was taken care of and attended to. This suggests Tracy would feel relieved. [[C]]",1,,True,rationale_cot_3shot,,1
1d6f081492590b6c,28cbd84481742b23,fd6d7050819ed166,SocialIQa,social_cs,Mixed,Mixed,C,C,"Let's reason step by step: Given that Kai was injured in an automobile accident and has to spend several hours a day in bed at home, the most likely feeling would be C. unmotivated to do anything. [[C]]",1,,True,rationale_cot_3shot,,1
79735a2db89261f7,fb5e3766e5679cb0,aa0e6031636b9960,SocialIQa,social_cs,Mixed,Mixed,A,C,Let's reason step by step: The story does not provide any information about how Quinn would feel after wearing jeans. This points to option C. [[C]],0,,True,rationale_cot_3shot,,1
4f3292c70d18d859,979dc17fe4cd7890,e83a343b72530a48,SocialIQa,social_cs,Mixed,Mixed,C,B,"Let's reason step by step: Based on the context provided, there is no indication that Robin dislikes the snowman or wants to destroy it. There is also no mention of a carrot being used for the snowman's nose. Given the typical care and attention often given to creations, the most logical inference is that Robin would want to keep the snowman. This points to option B. [[B",0,,True,rationale_cot_3shot,,1
258aada1a776d97f,6185094dae72212e,b550b4d5fe1f2753,SocialIQa,social_cs,Mixed,Mixed,B,B,"Let's reason step by step: Given the story, Bailey is at his friend's house and the house next door catches on fire. There's no information provided about others or their actions. However, based on the options, the most logical inference is that the others (presumably the residents of the burning house) will lose their home in the fire. This points to option B. [[B]]",1,,True,rationale_cot_3shot,,1
91ee838359282185,5ab77e7d1f58a8a3,74ecb365191c5107,SocialIQa,social_cs,Mixed,Mixed,B,B,"Let's reason step by step: In the story, Casey confides in the mail person, which suggests a trusting and open behavior. Given this context, the most likely action for Casey would be to say goodbye. [[B]]",1,,True,rationale_cot_3shot,,1
576e0000d43087f6-1,ff902fd030851fed,1a804efd216416e2,SocialIQa,social_cs,Mixed,Mixed,C,C,"Let's reason step by step: From the story, Riley's distrust and suspicious behavior towards Jesse suggest that Jesse will be questioned. This points to option C. [[C]]",1,,True,rationale_cot_3shot,,1
5e4f84f56963b827,a042980fb0677b09,61ab2c29be290636,SocialIQa,social_cs,Mixed,Mixed,B,B,"Let's reason step by step: Given the context of stealing, the most likely feeling Quinn would have is shame. This points to option B. [[B]]",1,,True,rationale_cot_3shot,,1
a9e751ad162b7bbf,640d4af54641e074,beb2fff9b9dfc8b0,SocialIQa,social_cs,Mixed,Mixed,A,A,"Let's reason step by step: Given that Taylor made a video game based on their (family) experience, the logical next step would be to have them test out the video game. This points to option A. [[A]]",1,,True,rationale_cot_3shot,,1
5be4c5cc81a2b9dd,31b1390c9d4ffbc0,ea8d3b7077b88cd1,SocialIQa,social_cs,Mixed,Mixed,C,C,"Let's reason step by step: From the story, Sasha was asked to join the revolution, which implies that joining the revolution is a result of being asked to do so. Therefore, Sasha needs to be asked to join the revolution first. This points to option C. [[C]]",1,,True,rationale_cot_3shot,,1
083d8be4ccfecca3,47b2007e7e523285,b53e3adff7097333,SocialIQa,social_cs,Mixed,Mixed,B,B,"Let's reason step by step: Based on the story, since Ash broke his ankle and Alex checked on him, the most logical next step is that Ash needs medical attention. This points to option B. [[B]]",1,,True,rationale_cot_3shot,,1
eb0a8655c68a4e94,c8fa7e446bb3cdb0,7d654e3610fce889,SocialIQa,social_cs,Mixed,Mixed,A,A,"Let's reason step by step: Cameron called the dentist because their tooth was broken, so the logical next step would be to actually go to the dentist. This points to option A. [[A]]",1,,True,rationale_cot_3shot,,1
1d75d6c119326614,f2b336e26bf231e2,718d80ad980347c1,SocialIQa,social_cs,Mixed,Mixed,A,C,"Let's reason step by step: From the story, Cameron left the show early because he was bored. This indicates that Cameron found the show boring. This points to option C. [[C]]",0,,True,rationale_cot_3shot,,1
b10f3f7744eff0ae,12abbd58c7ce8980,4d81f24ee87522c5,SocialIQa,social_cs,Mixed,Mixed,B,B,"Let's reason step by step: From the story, we understand that Tracy was crowded around because they wanted to intimidate them. Given this context, Tracy would likely want to be aggressive next. [[B]]",1,,True,rationale_cot_3shot,,1
f8b3f85f0d5909f9,63838476f523144b,70bbcf7517eaf2b7,SocialIQa,social_cs,Mixed,Mixed,B,B,"Let's reason step by step: Based on the story, Quinn hesitates to get on the scale, indicating they are preparing for potential disappointment. This points to option B. [[B]]",1,,True,rationale_cot_3shot,,1
ba7ad13198ff428f,47863f9b4a012a41,4436e9621b52f4bc,SocialIQa,social_cs,Mixed,Mixed,B,B,"Let's reason step by step: In the story, Sydney makes friends after moving to a new small town, which implies action taken before making friends. This points to option B. [[B]]",1,,True,rationale_cot_3shot,,1
3a9d478097bff3e2,10929b717a101c5f,6fb836c5513f43b6,SocialIQa,social_cs,Mixed,Mixed,C,D,"Let's reason step by step: In the story, there is no information about how others feel. This points to option D. [[D]]",0,,True,rationale_cot_3shot,,1
37db566c689c9440,66ff68325ec18333,676336e3866e81ec,SocialIQa,social_cs,Mixed,Mixed,B,B,"Let's reason step by step: Given the context that Bailey was late for her doctor appointment and felt bad about it, the most logical action would be to ensure she doesn't repeat the mistake in the future. This points to option B. [[B]]",1,,True,rationale_cot_3shot,,1
945e060c65d6572f,90c28b0e5ce50afb,9ce3f4f921c0af4f,SocialIQa,social_cs,Mixed,Mixed,C,C,"Let's reason step by step: Given that Alex was pleased with Sasha's service, the most logical next action for Alex would be to hire Sasha again. This points to option C. [[C]]",1,,True,rationale_cot_3shot,,1
b5c95431e0806361,a8d2e523d43e7b68,2be1a621b7ecd78b,SocialIQa,social_cs,Mixed,Mixed,B,B,"Let's reason step by step: Given the context of Sydney's tears of joy and exclamations of how beautiful it was, the most likely reaction is gratitude. This points to option B. [[B]]",1,,True,rationale_cot_3shot,,1
996e313080eb8cd3,b211da7eb5cd4aa3,e962d010e4528288,SocialIQa,social_cs,Mixed,Mixed,A,A,"Let's reason step by step: Based on the story, Casey is described as the best singer in the band, which implies a positive outcome. This points to option A. [[A]]",1,,True,rationale_cot_3shot,,1
b0cc57726bd4714a,e23ebc04c2a6c7e4,e29521cb4ab0f24f,SocialIQa,social_cs,Mixed,Mixed,C,C,"Let's reason step by step: From the story, we understand that Cameron loves being outside, which suggests he enjoys outdoor activities. Given the options, the best description would be camping. [[C]]",1,,True,rationale_cot_3shot,,1
9c53bdebac9955b4,d238de68b8c05197,1009d99f1fd36706,SocialIQa,social_cs,Mixed,Mixed,C,A,Let's reason step by step: The story does not provide any information about Quinn's feelings or thoughts. This point leads to the most logical answer being A. [[A]],0,,True,rationale_cot_3shot,,1
7df6a338fc6e6e96,bda3327143b94ec7,74cff3fca2a7afad,SocialIQa,social_cs,Mixed,Mixed,C,C,"Let's reason step by step: From the story, Remy took the suggestion seriously because it was coming from their manager, indicating cooperation rather than defiance or strength. This points to option C. [[C]]",1,,True,rationale_cot_3shot,,1
4ff66ec21263cc5d,0a95d278e8ec3e19,9db790390f0438c1,SocialIQa,social_cs,Mixed,Mixed,C,C,"Let's reason step by step: Based on the story, Alex paid for expert advice, indicating he wanted to make an informed decision. This points to option C. [[C]]",1,,True,rationale_cot_3shot,,1
3cc1c20c9d38e142,784f90f12d1883c2,ba594260dae0af4a,SocialIQa,social_cs,Mixed,Mixed,C,C,"Let's reason step by step: Given the context of moving a body to avoid detection, the most logical next action would be to dispose of the body. This points to option C. [[C]]",1,,True,rationale_cot_3shot,,1
d69c80b0fcc204ef,b249c2ec95a42928,929ee66ee5a010cb,SocialIQa,social_cs,Mixed,Mixed,C,C,"Let's reason step by step: From the story, we understand that Aubrey understands Remy better over time, implying a positive relationship. This suggests Aubrey will likely continue to have a good relationship with Remy. This points to option C. [[C]]",1,,True,rationale_cot_3shot,,1
75ceb1128d608392,a9966a5c55f072cf,65a60688a1309b2e,SocialIQa,social_cs,Mixed,Mixed,B,B,"Let's reason step by step: Given the context that Quinn is heating up left overs for dinner, others might want to eat or enjoy the food. However, without more context about who ""others"" are, we can't be certain. But among the given options, the most logical inference is that they would want to enjoy the food. [[B]]",1,,True,rationale_cot_3shot,,1
a5b9091cd3e648c0,fd0d48953c6fe39d,5fc6596d3e6a880a,SocialIQa,social_cs,Mixed,Mixed,C,C,"Let's reason step by step: The story does not provide enough context to determine exactly what Quinn will want to do next. However, based on typical activities in a park, the most plausible answer is C. [[C]]",1,,True,rationale_cot_3shot,,1
d7a63295f8c2be96,be7746fb01324cfd,ff6d1a36fe42d7a2,SocialIQa,social_cs,Mixed,Mixed,A,A,"Let's reason step by step: Given that Quinn got a promotion and moved into a new and larger house, the most logical next step would be to make the new house comfortable and enjoyable for their family. This points to option A. [[A]]",1,,True,rationale_cot_3shot,,1
aabaa333f98b0383,d826617f5d3ee96e,960e731b8e87736e,SocialIQa,social_cs,Mixed,Mixed,B,B,"Let's reason step by step: From the story, we understand that Austin preferred ice cream over the offered chocolate cake, which implies he was not satisfied with the choice. This points to option B. [[B]]",1,,True,rationale_cot_3shot,,1
c361ab897232eff1,9dfa7e72799d6365,3d61da8138751752,SocialIQa,social_cs,Mixed,Mixed,B,B,"Let's reason step by step: From the story, Sasha put sand in the people's food at lunch to get revenge. This implies a negative or hostile intent. This points to option B. [[B]]",1,,True,rationale_cot_3shot,,1
5d8e83ca72afb3ef,592215009973e6cf,ed74bbab2db4994b,SocialIQa,social_cs,Mixed,Mixed,C,C,"Let's reason step by step: From the story, we understand that Ash is going on a vacation alone and her husband Jesse is driving her to the airport. However, the story does not provide any information about what happens after she reaches the airport or their relationship dynamics. This points to option C. [[C]]",1,,True,rationale_cot_3shot,,1
b27db6091bddf25e,f24ce0d8822c9d0a,24df22e35c86e2c3,SocialIQa,social_cs,Mixed,Mixed,B,B,"Let's reason step by step: Analyzing the story and the question, the most likely feeling from his friends would be motivated to change. This points to option B. [[B]]",1,,True,rationale_cot_3shot,,1
79c1718a13181fcc,92dab234cfdad472,63fc2ff2f42b2600,SocialIQa,social_cs,Mixed,Mixed,A,A,"Let's reason step by step: Given Austin's prediction about the virus being found in patients at his workplace, the logical next step would be to test the patients. This points to option A. [[A]]",1,,True,rationale_cot_3shot,,1
0b1bc8e45de68c56,498916703e2ef460,48e3490ff379f86d,SocialIQa,social_cs,Mixed,Mixed,B,B,"Let's reason step by step: Analyzing the story, it indicates that Remy gave birth to a baby girl despite expecting a boy. This suggests that others might feel that they were not born as expected (a boy). This points to option B. [[B]]",1,,True,rationale_cot_3shot,,1
b19d6bdc812a2322,76fa5b56065b30a5,76297f8972b95ce9,SocialIQa,social_cs,Mixed,Mixed,C,C,"Let's reason step by step: Based on the context provided, Jordan is talking behind Ash's back, which implies a negative or malicious intent. This points to option C. [[C]]",1,,True,rationale_cot_3shot,,1
55617087765b437f,a2ff9bb161df7f6a,9cf29a3761f27b59,SocialIQa,social_cs,Mixed,Mixed,A,A,"Let's reason step by step: From the story, we understand that Quinn wore jeans despite the doctor's advice because of the swelling. However, the story doesn't provide information about Quinn's feelings or beliefs regarding the doctor's advice. It also doesn't suggest that Quinn skips school daily. This points to option A. [[A]]",1,,True,rationale_cot_3shot,,1
bae15a6ecbd12d92,ae5514fe760d5441,beece8b6dc5507c1,SocialIQa,social_cs,Mixed,Mixed,B,B,"Let's reason step by step: The word ""scornful"" indicates a look of disdain or anger. Given this context, Riley's reaction was clearly negative. This points to option B. [[B]]",1,,True,rationale_cot_3shot,,1
d592638273982ad2,c177628c9a5eebc7,823ec80d7e96cc06,SocialIQa,social_cs,Mixed,Mixed,C,C,"Based on the story provided, the most fitting description would be that Kendall is hardworking. [[C]]",1,,True,rationale_cot_3shot,,1
0e39e7bccc4f45e5,32d786cf17f0f042,fb2601c8369ae072,SocialIQa,social_cs,Mixed,Mixed,C,A,"Let's reason step by step: Based on the context that Remy made more friends at summer camp, the most fitting answer would be that Remy would feel well-liked. [[A]]",0,,True,rationale_cot_3shot,,1
eb942da3c188a05b,bc6b8273da082a55,22930d5e0314de8b,SocialIQa,social_cs,Mixed,Mixed,A,A,"Let's reason step by step: From the story, we understand that Kendall got a new puppy and showed it to their friends. However, there is no information suggesting any of the actions (getting toys, returning the puppy, or going on a hunting trip). This points to option A. [[A]]",1,,True,rationale_cot_3shot,,1
fd2f3c216b21cc0d,3f4fdf11e813cea5,26f855f15b9767a3,SocialIQa,social_cs,Mixed,Mixed,A,C,"Let's reason step by step: Based on the story, Riley's suspicious eyes indicate distrust towards Jesse. This points to option C. [[C]]",0,,True,rationale_cot_3shot,,1
828424570117f47f,7ea950da006ec4a3,cbdb09dd54c5762c,SocialIQa,social_cs,Mixed,Mixed,C,C,"Let's reason step by step: The story mentions Jordan trying to joke about their car breaking down, which implies he might be making light of a potentially stressful situation. However, without more context, we can't definitively say how his children will react. But based on the given options, the most likely negative reaction is anger. [[C]]",1,,True,rationale_cot_3shot,,1
76d9b9acfcae642e,1e4cd16c05209dc9,a954bfed4368b02b,SocialIQa,social_cs,Mixed,Mixed,C,A,"Let's reason step by step: From the story, Carson shakes Jan's head to ease the tension of the situation. This points to option A. [[A]]",0,,True,rationale_cot_3shot,,1
de2192eac3725bac,9e8efedfeb28dacd,c47e41f93d4dca98,SocialIQa,social_cs,Mixed,Mixed,B,B,"Let's reason step by step: From the story, Cameron rode Jan's motorcycle to work, which implies a positive experience. This points to option B. [[B]]",1,,True,rationale_cot_3shot,,1
845ee71bd8c51d38,6679b5e90489d70f,a37f884c870d9348,SocialIQa,social_cs,Mixed,Mixed,C,C,Let's reason step by step: Kendall taking Skylar into account suggests Skylar was considered and valued in the planning process. This implies Skylar would likely feel appreciated or thought about positively. This points to option C. [[C]],1,,True,rationale_cot_3shot,,1
6b3ece65936c5e3d,406f8b019d976b72,24a3d0eeba1662c0,SocialIQa,social_cs,Mixed,Mixed,B,C,"Let's reason step by step: Based on the story, Kai feels confused while presenting. After making things up as they go along, Kai would likely feel disoriented. [[C]]",0,,True,rationale_cot_3shot,,1
03419b92445c7a79,0acbe34f57d6add4,5ccee90e838535d2,SocialIQa,social_cs,Mixed,Mixed,A,A,"Let's reason step by step: Given the context, Tracy ordered a large amount of popcorn and paid for it. The most logical next action would be to ensure the popcorn is stored properly. This points to option A. [[A]]",1,,True,rationale_cot_3shot,,1
b9f54bc327804451,8db76fb0e57bac7c,740654076967ec50,SocialIQa,social_cs,Mixed,Mixed,A,A,"Let's reason step by step: From the story, we understand that Austin built the biggest tent, but there is no information provided about why he did so. However, based on the context, the most logical inference would be related to the size of the tent. This points to option A. [[A]]",1,,True,rationale_cot_3shot,,1
c9a125e5de797ebf,a5bd66a4752bf0d6,ee7ca2bc3d012be2,SocialIQa,social_cs,Mixed,Mixed,C,C,"Let's reason step by step: From the story, Kendall parallel parked to pass the driving test and get their license, which indicates they were preparing to drive independently. This points to option C. [[C]]",1,,True,rationale_cot_3shot,,1
1812e8bab0b81484,389f8d6ce7622132,4e439fb13d4e5eb9,SocialIQa,social_cs,Mixed,Mixed,C,C,"Let's reason step by step: The story does not provide enough context to determine the exact motivation behind Sydney's actions. However, based on common parental behavior, the most likely answer is that Sydney wanted to be a good mother. [[C]]",1,,True,rationale_cot_3shot,,1
1f7aa127c740a0ab,1fc6cd58cdb368fd,2e1e79118b546f89,SocialIQa,social_cs,Mixed,Mixed,A,A,"Let's reason step by step: From the story, we understand that Alex grew closer to their cousin, which suggests a positive interaction. However, the options provided do not include ""a kind person"" as an option. Given the context, the most fitting description among the provided choices would be A. happy. [[A]]",1,,True,rationale_cot_3shot,,1
5d2a1cd351d24369,590a8bcbe208f6ef,1c7dcdda93ca4786,SocialIQa,social_cs,Mixed,Mixed,B,A,"Let's reason step by step: Based on the story, Riley and Kendall had an argument, and Riley fought Kendall. However, the story doesn't provide any context about the actions or decisions that led to the fight. Therefore, the most logical inference is that Riley needed to apologize to Kendall before the fight. [[A]]",0,,True,rationale_cot_3shot,,1
0574b488c308fabd,b1f84241c00fb9b3,40013da82fdc63b9,SocialIQa,social_cs,Mixed,Mixed,B,C,"Let's reason step by step: Based on the context provided, Tracy has just started telling a funny story to the group. The natural next step would be for her to continue sharing the story. This points to option C. [[C]]",0,,True,rationale_cot_3shot,,1
a4a3f57bd52b8d28,6310b2f45585c8a1,70944831011d6144,SocialIQa,social_cs,Mixed,Mixed,C,C,"Let's reason step by step: Based on the story, Casey is keeping her neighbors up all night with loud reggae music. This behavior is likely to cause complaints. The most probable outcome among the given options is that Casey will have a complaint against them with the apartment complex. Therefore, the answer is [[C]].",1,,True,rationale_cot_3shot,,1
ce48c5b088ab41d5,374a181c5c7b2e0b,953c61a3b9e00803,SocialIQa,social_cs,Mixed,Mixed,A,B,"Let's reason step by step: Given the context that Austin has just been kissed and slipped gum onto his mouth, the most logical next action would be for him to remove the gum. This points to option B. [[B]]",0,,True,rationale_cot_3shot,,1
7ca65df92fd4e4e6,0870f8f8ebade74b,c9a3ed7b8126d374,SocialIQa,social_cs,Mixed,Mixed,A,A,"Based on the story provided, the most fitting description for Alex would be:

A. exact

So the answer is [[A]].",1,,True,rationale_cot_3shot,,1
77a9b47a714ca335,75c54046383c1c62,41d8db2d987c8162,SocialIQa,social_cs,Mixed,Mixed,C,C,"Let's reason step by step: From the story, Quinn cried at the ending of the movie, which indicates a sensitive emotional response. This points to option C. [[C]]",1,,True,rationale_cot_3shot,,1
23a5bcf0080d46d2,b01915ac1c04e84a,355efbac505e52f7,SocialIQa,social_cs,Mixed,Mixed,B,B,"Let's reason step by step: From the story, Kai handed back the mail after checking for the check. This implies she might have been trying to hide or secure the check. However, the options provided don't directly support ""be sneaky."" Therefore, the most plausible answer is B. [[B]]",1,,True,rationale_cot_3shot,,1
521285188c42489b,aa62d64f4d7d4a5b,fe207c608850b03a,SocialIQa,social_cs,Mixed,Mixed,C,B,"Let's reason step by step: From the story, Skylar got their friends together for a camping trip, so the reason Skylar did this is to go on a camping trip. This points to option B. [[B]]",0,,True,rationale_cot_3shot,,1
1a46b686c3c829ad,6d7e39b69b1efc92,84bc2c94d3fffc82,SocialIQa,social_cs,Mixed,Mixed,B,B,"Let's reason step by step: Given that Kendall's friends have mentioned that drinking is becoming a problem, the most logical action for Kendall would be to seek help. This points to option B. [[B]]",1,,True,rationale_cot_3shot,,1
8c60df28b59ef3c4,7703840220ffb6d7,052cac3e9e5a270e,SocialIQa,social_cs,Mixed,Mixed,B,B,"Let's reason step by step: In the story, Casey is successful in arguing Addison's case before the judge. Given this context, the most likely outcome is that Addison will be freed. This points to option B. [[B]]",1,,True,rationale_cot_3shot,,1
0c47a7b2897fe634,bc3c1423e711f0c5,b0d3b778a1c786c0,SocialIQa,social_cs,Mixed,Mixed,B,B,"Let's reason step by step: The story tells us that Riley was in pain, so after being in pain, Riley would feel painful. [[B]]",1,,True,rationale_cot_3shot,,1
359b0c734b76b624,0e44c3a581e20f72,bff13b5dfe388292,SocialIQa,social_cs,Mixed,Mixed,C,C,[[C]],1,,True,rationale_cot_3shot,,1
2d67d811de407b9b,3d23c0d026cc8784,2799d97ef03d1616,SocialIQa,social_cs,Mixed,Mixed,B,B,"Let's reason step by step: In the story, Sydney asks mom if Ash can have an extra piece of pie, which implies that Ash was already happy about having dinner. Having an extra piece of pie is usually seen as a treat or a reward. This suggests that Ash would likely feel excited. [[B]]",1,,True,rationale_cot_3shot,,1
75dc6d372cedf3fa,e28ad7fbe2703576,907184338d4fafbb,SocialIQa,social_cs,Mixed,Mixed,B,B,"Let's reason step by step: From the story, we understand that Riley felt worse after losing, which indicates an emotional state. Given the options, 'upset' best describes Riley's emotional state. Therefore, the answer is B. [[B]]",1,,True,rationale_cot_3shot,,1
2f64061d9e4c6d2d,c0bdf88ae85461af,2062ffc37f38a274,SocialIQa,social_cs,Mixed,Mixed,C,C,"Let's reason step by step: Given the context that Remy gave Skylar the Netflix account information, the logical next action for Skylar would be to use the information. This points to option C. [[C]]",1,,True,rationale_cot_3shot,,1
d10f08b608690cb1,b6913bf720b396ad,50b23fc830eccf99,SocialIQa,social_cs,Mixed,Mixed,B,C,"Let's reason step by step: From the story, we understand that Kai needs to be prepared for the presentation. Given the options, the most logical action before making things up is to ask other people for ideas. This leads to option C. [[C]]",0,,True,rationale_cot_3shot,,1
22e396c43aaf227a-1,2be0c48924cde3ec,e9b9aebf74fea4be,SocialIQa,social_cs,Mixed,Mixed,B,B,"Let's reason step by step: In the story, Bailey gives clear instructions to Alex about sending the document as a pdf. There's no indication that Bailey would feel any particular emotion afterward. This suggests an answer of B. [[B]]",1,,True,rationale_cot_3shot,,1
06c775d581238e13,df39503964eec339,e321ded051bc568b,SocialIQa,social_cs,Mixed,Mixed,C,C,"Let's reason step by step: From the story, Jordan lost levels, which implies a negative outcome for him. However, the question asks about the party members, and the story doesn't provide information about their reactions. This points to option C. [[C]]",1,,True,rationale_cot_3shot,,1
98b97596bac21f44,c84820595699b2e9,bbec6863a0211993,SocialIQa,social_cs,Mixed,Mixed,B,B,"Let's reason step by step: Given the context that Bailey moved the goalposts to make a field goal from farther, it suggests a desire to improve their kicking distance. This implies they might want to practice more kicking. This points to option B. [[B]]",1,,True,rationale_cot_3shot,,1
ca5fae57e1446876,30ffae5f8d83fc6b,5f60c73ec577b8b5,SocialIQa,social_cs,Mixed,Mixed,B,B,"Let's reason step by step: Riley informs the landlord about Austin's noise, implying prior actions. This suggests Riley needs to document the incidents before informing the landlord. This points to option B. [[B]]",1,,True,rationale_cot_3shot,,1
8ae8a890e88d7320,f7bbd8cc4f76213e,c4a0e2941885dd09,SocialIQa,social_cs,Mixed,Mixed,B,B,"Let's reason step by step: Cameron gave food to a homeless man, indicating kindness. This points to option B. [[B]]",1,,True,rationale_cot_3shot,,1
263e619832781f81,a581cc6cde8acd22,e6db4b9a7d498b56,SocialIQa,social_cs,Mixed,Mixed,C,B,"Let's reason step by step: In the story, Lee sneezes on their hand, which implies a physical reaction. However, the options provided do not include a direct consequence of being grossed out. Given the context, the most likely answer is that Lee might feel embarrassed for their friend. [[B]]",0,,True,rationale_cot_3shot,,1
6fe103d608f6c389,129ccc03f21160c1,5d2e1193caa5bfd0,SocialIQa,social_cs,Mixed,Mixed,B,A,"Let's reason step by step: Given the context that Jordan took away the children's games, the most likely action from others would be to try and restore the children's happiness or at least understand the situation. This points to option A. [[A]]",0,,True,rationale_cot_3shot,,1
f34dcd271f88e5f3,2ac3bb2f73c001a6,c04ded9072aeb8e0,SocialIQa,social_cs,Mixed,Mixed,B,C,"Let's reason step by step: From the story, we understand that Remy paid her taxes and her friend asked about it, but there's no explicit reason provided. However, the most logical inference based on the context is that Remy did it as instructed or required. This points to option C. [[C]]",0,,True,rationale_cot_3shot,,1
1514047fca9d846e,8dec56e27ffbf7e1,677ab05c68bb8bae,SocialIQa,social_cs,Mixed,Mixed,C,C,"Let's reason step by step: The story indicates that Jessie arrived early to see all the animals at the zoo. This implies that before arriving early, Jessie must have gone to bed early. This points to option C. [[C]]",1,,True,rationale_cot_3shot,,1
ca800ce076b2d472,f8034545104ac9e2,888e22c1cd8c5bf9,SocialIQa,social_cs,Mixed,Mixed,A,A,"Let's reason step by step: Given the context that Jan found new friends who are more popular, others might feel envious towards the new friends. This points to option A. [[A]]",1,,True,rationale_cot_3shot,,1
c7c5f851b161d0f5,758650e053f38e5a,5d436acb02cd4bd5,SocialIQa,social_cs,Mixed,Mixed,C,C,"Let's reason step by step: Given that Taylor got drunk and became louder, the most likely action is to make others laugh to fit the context of a party situation. This points to option C. [[C]]",1,,True,rationale_cot_3shot,,1
0a43d839a4a6a87a,5fb0093b39cbdef3,2e685d9cd2f06330,SocialIQa,social_cs,Mixed,Mixed,C,C,"Let's reason step by step: From the story, we understand that Skylar wore something to school to show school spirit on game day. This implies he was likely doing it to cheer for his team. [[C]]",1,,True,rationale_cot_3shot,,1
a12403a8d7ae3847,d3c81f82c9d55a09,4fd00aa194599011,SocialIQa,social_cs,Mixed,Mixed,B,A,"Based on the given story, there is no information provided that suggests Jordan wants to take any action related to Casey's description. Therefore, the most logical inference is that Jordan does not want to do anything. However, since the question asks for an inferred action, and given the options, the closest reasonable inference is:

[[A]]",0,,True,rationale_cot_3shot,,1
68445d4b170ae8d5,ada40b75726432f4,62ffc5193e39b965,SocialIQa,social_cs,Mixed,Mixed,B,A,[[A]],0,,True,rationale_cot_3shot,,1
e15c6816971a20c3,203cc2507c281866,e18f80627374879a,SocialIQa,social_cs,Mixed,Mixed,B,C,"Let's reason step by step: Based on the story, Jordan was hungry and ate after being served. This indicates he was satisfied with his meal. Therefore, the most fitting answer is C. [[C]]",0,,True,rationale_cot_3shot,,1
58e2b5e104d0f431,31f2b294d8221016,9990310b00f0f217,SocialIQa,social_cs,Mixed,Mixed,B,B,"Let's reason step by step: From the story, we understand that Bailey saved money to buy something good, implying they are careful with their finances. This points to option B. [[B]]",1,,True,rationale_cot_3shot,,1
2048b5eb131b3d66,65c0f495a5d453f1,3fe156ae0a5de6e7,SocialIQa,social_cs,Mixed,Mixed,B,A,"Let's reason step by step: Given the context that Addison took the test after studying all night, the most logical next action would be to submit the test. This points to option A. [[A]]",0,,True,rationale_cot_3shot,,1
d95e5685f6e47588,27a9d4dd44d81b3c,91e830b6d4cb8f3c,SocialIQa,social_cs,Mixed,Mixed,A,A,"Let's reason step by step: Based on the story, Jan found friends and enjoys their company, which implies she needs to socialize and seek out friendships. This points to option A. [[A]]",1,,True,rationale_cot_3shot,,1
58bf590dc2e0f751,7b5994f867cc591e,456a7aa26b5b20d8,SocialIQa,social_cs,Mixed,Mixed,C,C,"Let's reason step by step: In the story, Sydney notices Addison's discomfort but does not provide any medical knowledge or assistance. This implies that Addison would likely thank Sydney for noticing their condition. This points to option C. [[C]]",1,,True,rationale_cot_3shot,,1
a2772fe3e30a0e6e,43d5872c5905437b,8876b4dbc7504817,SocialIQa,social_cs,Mixed,Mixed,C,C,"Let's reason step by step: Riley instructed the dog to stay to prevent it from following, implying safety concerns. This points to option C. [[C]]",1,,True,rationale_cot_3shot,,1
5e963d9ca88f4964,93c8d611f04755e7,277f623894ffd6c4,SocialIQa,social_cs,Mixed,Mixed,A,B,"Let's reason step by step: Based on the story, Jan went out with Quinn's friends, implying she had plans with them beforehand. This points to option B. [[B]]",0,,True,rationale_cot_3shot,,1
06a00e5606a7d812,d8342d98b7c3831d,5620e1b860605d82,SocialIQa,social_cs,Mixed,Mixed,C,C,"Let's reason step by step: The story indicates Addison is careful about whom to talk to, suggesting a cautious and thoughtful approach. This aligns with being a ""nervous, calculated person."" Therefore, the answer is [[C]].",1,,True,rationale_cot_3shot,,1
17b3d1aaac4c59ad,f51bacf884c3d085,a7a3856821b43850,SocialIQa,social_cs,Mixed,Mixed,C,C,"Let's reason step by step: Given the context that Riley wants to see her friend but can't and is hurting badly, the most logical action would be to find out why she can't go see her friend and seek help for her pain. This points to option C. [[C]]",1,,True,rationale_cot_3shot,,1
15f92f52294ee281,db77c20175bdd5ae,ce3708abbe8076aa,SocialIQa,social_cs,Mixed,Mixed,C,C,"Based on the information provided, the most likely action for Casey would be to perform well and talk to others as it aligns with being talented and well liked. [[C]]",1,,True,rationale_cot_3shot,,1
1f9e3f1e6873ce05,5cd58768d90127ac,f9830fc92a3b19fd,SocialIQa,social_cs,Mixed,Mixed,C,C,"Let's reason step by step: Based on the story, Quinn stole the phone, which is an illegal act. This implies that Quinn will likely face legal consequences. This points to option C. [[C]]",1,,True,rationale_cot_3shot,,1
cb9809145ba36897,7f89c2de79407367,579101f6e7be9cee,SocialIQa,social_cs,Mixed,Mixed,C,C,"Let's reason step by step: The story doesn't provide information about how others would feel. This point to none of the given options. However, since the question asks for the most likely answer among the provided choices, we must select the closest one. [[C]]",1,,True,rationale_cot_3shot,,1
b942659200161f88,90d285fcbd85b0de,4f5bd766cba6196f,SocialIQa,social_cs,Mixed,Mixed,B,B,"Let's reason step by step: From the sentence ""tracy heard the news so she shook jan's head sadly,"" we can infer that Tracy felt sad after hearing the news. This points to option B. [[B]]",1,,True,rationale_cot_3shot,,1
bccbb74869b303df,69450329c4c32deb,f30818613f4cb07c,SocialIQa,social_cs,Mixed,Mixed,C,C,[[C]],1,,True,rationale_cot_3shot,,1
7d9529a242d022d5,3ba6e0d001d1a92a,114c13c4c00b9c3b,SocialIQa,social_cs,Mixed,Mixed,B,B,"Let's reason step by step: The story mentions that Robin got gas, which implies they were concerned about having enough fuel. However, the options provided do not directly reflect this. Given the context, the closest description would be related to their concern about fuel. This points to option B. [[B]]",1,,True,rationale_cot_3shot,,1
944b4a99b66f666c,0f9b168c67cd19a2,ecdce16ee004330d,SocialIQa,social_cs,Mixed,Mixed,A,A,"Let's reason step by step: From the story, we understand that Kai feels bored and tired, so he is watching anything. Given this context, Kai might want to do something different or relaxing. This points to option A. [[A]]",1,,True,rationale_cot_3shot,,1
90668a86e5f7deb4,55006d36e78da481,036e132e468e90bc,SocialIQa,social_cs,Mixed,Mixed,B,B,"Let's reason step by step: Given that Jesse was hungry and just visited a fast food drive-through, the logical next action would be to eat the food. This points to option B. [[B]]",1,,True,rationale_cot_3shot,,1
279cb3d2fe632341,1a9cb76316efdf74,d9f4e96d2c7a90fe,SocialIQa,social_cs,Mixed,Mixed,C,C,"Let's reason step by step: In the story, Remy goes into town to find a place for treats and eats ice cream. This implies he must have left his house before going into town. Therefore, the action that Remy needs to do before this is lock his house when leaving. [[C]]",1,,True,rationale_cot_3shot,,1
a7124ecbbdd214d1,e0bd8fcad5411a15,6540b799ffd30a35,SocialIQa,social_cs,Mixed,Mixed,B,B,"Let's reason step by step: Given the context that Riley was being held captive and managed to break loose, the most logical next action would be to seek safety or freedom. This points to option B. [[B]]",1,,True,rationale_cot_3shot,,1
355fb6a29645b9cc,8e8fc773f1b3dda8,cfbc217281dbfbbb,SocialIQa,social_cs,Mixed,Mixed,C,C,"Let's reason step by step: Given the context that Sasha gave Bob some french fries, the most logical action for others would be to share their fries as well. This points to option C. [[C]]",1,,True,rationale_cot_3shot,,1
8dbe33651f375c81,ef317878aaa3d71e,023eae83a5e85b5f,SocialIQa,social_cs,Mixed,Mixed,C,C,"Let's reason step by step: Based on the story, Casey went to Jesse's place to avoid an argument. This points to option C. [[C]]",1,,True,rationale_cot_3shot,,1
4116882d45f6eb57,226e304cdbe598bd,70c6fdf6020e107a,SocialIQa,social_cs,Mixed,Mixed,C,B,"Let's reason step by step: From the story, Carson wanted to celebrate his dad's 50th birthday. This implies Carson's intention was to celebrate his dad's birthday. This points to option B. [[B]]",0,,True,rationale_cot_3shot,,1
22e396c43aaf227a,2be0c48924cde3ec,e9b9aebf74fea4be,SocialIQa,social_cs,Mixed,Mixed,B,B,"Let's reason step by step: In the story, Bailey gives clear instructions to Alex about sending the document as a pdf. There's no indication that Bailey would feel any particular emotion afterward. This suggests an answer of B. [[B]]",1,,True,rationale_cot_3shot,,1
a1523324c0f426ac,81f3418ac0261efa,034cd0b6392c690e,SocialIQa,social_cs,Mixed,Mixed,B,B,"Let's reason step by step: Given the context that Ash accepted Alex's invitation to go to a birthday party, the most logical next action would be to attend the party. This points to option B. [[B]]",1,,True,rationale_cot_3shot,,1
5df206ce3af80fdb,2e52f2e8fd6c07e8,a6972a89d9a62c3c,SocialIQa,social_cs,Mixed,Mixed,C,B,"Let's reason step by step: In the story, Jordan made light of their illness, indicating a humorous approach. Therefore, others might feel B. Humorous. [[B]]",0,,True,rationale_cot_3shot,,1
db5654b15e09e5de,9147ffa1b98f3f08,8197c6e81a9ea891,SocialIQa,social_cs,Mixed,Mixed,C,A,"Let's reason step by step: Aubrey dropped the lunch at the school to prevent Casey from starving, so the most logical next action would be to check if Casey received the lunch. This points to option A. [[A]]",0,,True,rationale_cot_3shot,,1
22222be701c467e9,dcfbc47bdef93939,a3019d53314c4795,SocialIQa,social_cs,Mixed,Mixed,C,C,"Let's reason step by step: From the story, Riley has just signed a peace treaty, indicating a desire for peace. This suggests that the next action would be related to maintaining or furthering this peace. This points to option C. [[C]]",1,,True,rationale_cot_3shot,,1
bd5664bb77f3c32d,90ad78d482e74c0d,5d79c439d1e81195,SocialIQa,social_cs,Mixed,Mixed,A,A,"Let's reason step by step: Based on the story, Aubrey worked hard but did not receive a raise, which implies they might feel underappreciated. However, the options do not include ""Feel cheated,"" which might be a more accurate description if the raise was not due to merit. Therefore, the most fitting answer is A. [[A]]",1,,True,rationale_cot_3shot,,1
9bddd356269ab46c,a829f759dff062a8,305849fbfe0a179c,SocialIQa,social_cs,Mixed,Mixed,A,A,"Let's reason step by step: Based on the story, Taylor had to raise their voice over the music, indicating frustration or annoyance. This points to option A. [[A]]",1,,True,rationale_cot_3shot,,1
4ce0d6c30531d9a6,fb560950c7c9bb90,6b77601362e31a69,SocialIQa,social_cs,Mixed,Mixed,A,A,"Let's reason step by step: The story indicates that Robin decided to take Kai's advice after thinking about it for a week, but it does not specify what action Robin will take. However, based on the context, the most logical inference is that Robin will follow Kai's advice. This points to option A. [[A]]",1,,True,rationale_cot_3shot,,1
50d94675a16bd1b6,6ece1e950dc4e8ee,bd803a2293831a4a,SocialIQa,social_cs,Mixed,Mixed,A,A,"Let's reason step by step: Cameron taking complaints seriously suggests Kai wants changes, but the options provided (sprinklers installed, fired, close the factory) are too specific and extreme without more context. However, based on the given options, the most logical inference is that Kai wants something to be changed. This points to option A. [[A]]",1,,True,rationale_cot_3shot,,1
4ec6aaac33e6ea2a,49f518c9989fecf1,dee37c4b4ad76974,SocialIQa,social_cs,Mixed,Mixed,C,C,"Let's reason step by step: The context provided does not give any indication that the gift was unwarranted or strange, so we cannot conclude that Carson did it to return the gift. However, he said ""thank you,"" which suggests a positive sentiment. This points to option C. [[C]]",1,,True,rationale_cot_3shot,,1
3d7718c07c31e2de,6409575035d64ea2,3870b2f82538e908,SocialIQa,social_cs,Mixed,Mixed,C,C,Let's reason step by step: The story does not provide any information about what Robin will do next. This points to option C. [[C]],1,,True,rationale_cot_3shot,,1
b1fcc183c4248181,f50b821a070e356d,e3736ef8a7e7aec4,SocialIQa,social_cs,Mixed,Mixed,B,B,"Let's reason step by step: Based on the story, Quinn felt bad about eating the last piece of cake, which indicates a negative emotional state. This points to option B. [[B]]",1,,True,rationale_cot_3shot,,1
ba3229842c657d5f,a0d07720dbda7cf7,982b63488d6cbbb7,SocialIQa,social_cs,Mixed,Mixed,B,B,"Let's reason step by step: Given that Riley talked to their friends about the baseball game, the most logical inference is that they would want to join in. This points to option B. [[B]]",1,,True,rationale_cot_3shot,,1
560dd9235325d173,8775e48553057cab,c8569774121d98a7,SocialIQa,social_cs,Mixed,Mixed,B,C,"Let's reason step by step: Given that Riley is in pain and cannot walk, the most logical action before this situation would be to rest and alleviate the pain. This points to option C. [[C]]",0,,True,rationale_cot_3shot,,1
44fb05017212ccb5,5d74eeb59cc278d0,aeef831ddfa2738c,SocialIQa,social_cs,Mixed,Mixed,A,C,[[C]],0,,True,rationale_cot_3shot,,1
8882d77d9b8be114,930e0a7113bcaea6,38120e74cd10939b,SocialIQa,social_cs,Mixed,Mixed,A,A,"Let's reason step by step: From the story, we understand that Kai helped Jan's work, which implies a positive outcome. Given this context, the most logical inference is that Jan would be grateful for Kai's assistance. This points to option A. [[A]]",1,,True,rationale_cot_3shot,,1
d9e9442265da537a,e06831a1fdd2abdc,681f9f8534ae0abf,SocialIQa,social_cs,Mixed,Mixed,A,A,"Let's reason step by step: From the story, Jordan felt bad after vandalizing and took action to make amends by cleaning up. This indicates remorse. This points to option A. [[A]]",1,,True,rationale_cot_3shot,,1
5cf546c18d001cf5,a30e0ccba20ef877,7a154fa2255e25e7,SocialIQa,social_cs,Mixed,Mixed,B,B,"Let's reason step by step: The story doesn't provide information about how others would feel. This point to none of the given options. However, since the question asks for the closest answer among the provided options, we should select the one that best fits the context. [[B]]",1,,True,rationale_cot_3shot,,1
06934ac87f0db64f,f2cb47c00cbffee7,b3dcd724e3bdfd0a,SocialIQa,social_cs,Mixed,Mixed,A,A,"Let's reason step by step: Given the context that Kendall wants to learn how to draw, the logical next step would be to watch the instructional video. This points to option A. [[A]]",1,,True,rationale_cot_3shot,,1
4d0cce4ca7c133f9,86165dc827229690,0dd5f3ca5d03a1e9,SocialIQa,social_cs,Mixed,Mixed,B,B,"Let's reason step by step: From the story, we understand that Cameron wasted money on an expensive handbag, but there is no explicit information about the reasons behind this action. However, based on the context, the most plausible answer is that Cameron bought it as a status item. This leads to the conclusion that the correct answer is B. [[B]]",1,,True,rationale_cot_3shot,,1
594e9b78190e9abb,8e4af3373892024c,8e6b87c08b6ef7f4,SocialIQa,social_cs,Mixed,Mixed,C,A,"Based on the story provided, Skylar needs to gather the data before distributing it in several forms without double checking the figures. This leads to the most likely answer being A. [[A]]",0,,True,rationale_cot_3shot,,1
59b68240e515722a,72967bd4ee769ca3,b0f9762e62e4ecc6,SocialIQa,social_cs,Mixed,Mixed,B,B,"Let's reason step by step: Given the context that Carson is annoyed by Aubrey's messiness, the most logical action Carson would want to take is to have a talk with Aubrey to address the issue. This points to option B. [[B]]",1,,True,rationale_cot_3shot,,1
0f279fdf2e138b4c,6c66cccb4ba56217,1c9fe7c501615ced,SocialIQa,social_cs,Mixed,Mixed,A,A,"Let's reason step by step: Given the context that Aubrey shows how vitamins can keep people healthy, the most logical action for others would be to replicate Aubrey's behavior. This points to option A. [[A]]",1,,True,rationale_cot_3shot,,1
abdf041c94d76d5a,7bb293185cd8ea0a,d6e9a52281bb36dc,SocialIQa,social_cs,Mixed,Mixed,B,B,"Let's reason step by step: From the story, we understand that Robin took care to ensure Aubrey's clothes were changed for swimming. This implies Robin was trying to do a good thing. This points to option B. [[B]]",1,,True,rationale_cot_3shot,,1
c4538aa2b8958f5b,a6b29a7ea9227cd4,f03406bc56ba14f2,SocialIQa,social_cs,Mixed,Mixed,B,B,"Let's reason step by step: In the story, Aubrey feeds the kids ice cream, implying that she must have had the ice cream beforehand. This points to option B. [[B]]",1,,True,rationale_cot_3shot,,1
e6ef77f9f57bfe80,3f6946a1abce1073,b9dfedfeb8055d26,SocialIQa,social_cs,Mixed,Mixed,A,B,"Let's reason step by step: The story indicates Kai has reached a weight loss goal and is buying new clothes to celebrate it. However, the actions that lead up to this moment are not explicitly stated. But based on common sense, the most logical previous action would be continuing to diet and exercise. This points to option B. [[B]]",0,,True,rationale_cot_3shot,,1
7c566644878cd68a,3e1814b3ada85e0a,0f0d07ebde816eb9,SocialIQa,social_cs,Mixed,Mixed,B,B,[[B]],1,,True,rationale_cot_3shot,,1
584fc9579eec860f,06cc42733c13b6ff,f677b3f67da737f2,SocialIQa,social_cs,Mixed,Mixed,B,C,"Let's reason step by step: From the story, Jordan is watching Alex at the party because he wants to make sure she does not get bored. This points to option C. [[C]]",0,,True,rationale_cot_3shot,,1
6a5d092338167a7d-1,d64b2808ab2dabb1,3dc36f3adc5d8c66,SocialIQa,social_cs,Mixed,Mixed,A,A,"Let's reason step by step: Given that Taylor studied to be a teacher for four years to teach math in schools, the logical prerequisite would be obtaining a teaching certification or license. This points to option A. [[A]]",1,,True,rationale_cot_3shot,,1
e0b22fbe7a38529a,7a43ba3bd7c06f61,a57c1738eb37c473,SocialIQa,social_cs,Mixed,Mixed,B,A,"Let's reason step by step: From the story, we understand that Kendall's dog was overweight, and walking it five miles could be for health reasons. However, the story doesn't explicitly state the reason. But among the given options, the most plausible answer is A. [[A]]",0,,True,rationale_cot_3shot,,1
d6ddd7cd25ba9363,778bb0203f976861,901406bc5bcb37d7,SocialIQa,social_cs,Mixed,Mixed,A,A,"Let's reason step by step: Given that Kai was asked to grab Carson's tools, the most logical next action would be to bring Carson his tools. This points to option A. [[A]]",1,,True,rationale_cot_3shot,,1
cc23154ea186c15f,92f5f41f077f72dd,196b9b0195397dec,SocialIQa,social_cs,Mixed,Mixed,A,B,"Let's reason step by step: In the story, Bailey didn't make friends, which implies a negative social experience for Bailey. However, the question asks how others (implied to be other travelers) would feel. Given that Bailey didn't make friends, it's reasonable to assume others might feel disappointed or sad about Bailey's lack of social connections. This points to option B. [[B]]",0,,True,rationale_cot_3shot,,1
400bc7ea6234f69a,5ee7789d8811b809,b7b057c0f8472b49,SocialIQa,social_cs,Mixed,Mixed,B,A,"Let's reason step by step: Based on the statement ""Kendall bought anything required because they knew that failure wasn't an option,"" it implies confidence and assurance about completing the task. This points to option A. [[A]]",0,,True,rationale_cot_3shot,,1
a29efafa7e13bbf7,783f5b9722f00ce4,c51c576f5f2b11d3,SocialIQa,social_cs,Mixed,Mixed,A,C,"Let's reason step by step: Given that Jan hasn't seen her family in a long time, the most likely action she would take is to reconnect with her family. This points to option C. [[C]]",0,,True,rationale_cot_3shot,,1
4e0142bf0372631b,e5b113d2d1baf8f1,08466e8b6f183c27,SocialIQa,social_cs,Mixed,Mixed,B,C,"Let's reason step by step: Given the context that Bailey gave birth to Taylor but couldn't take care of them, the most likely scenario is that Taylor will stay with their birth mother. This points to option C. [[C]]",0,,True,rationale_cot_3shot,,1
2cee9cd376960faa,e728c0c3ed853068,9b8e22135db2d029,SocialIQa,social_cs,Mixed,Mixed,B,B,"Let's reason step by step: Based on the story, Carson's mother found out about Carson playing video games at a friend's house and will likely scold him for breaking the rule. This points to option B. [[B]]",1,,True,rationale_cot_3shot,,1
82290c6da33a78af,834d46d6ec0e0e46,69e03ee8ce159b49,SocialIQa,social_cs,Mixed,Mixed,B,B,"Let's reason step by step: From the story, we understand that Kai stayed in the hospital for his mother's operation, and she was fine. This implies a positive outcome. Given this context, the most likely feeling would be pride in protecting his family. This points to option B. [[B]]",1,,True,rationale_cot_3shot,,1
c8fa589cfba4c242,754c575d26809807,a5e55c3fff65ad6d,SocialIQa,social_cs,Mixed,Mixed,C,C,"Let's reason step by step: In the story, Carson explains something because Robin was embarrassed to explain herself. This implies that Carson might be confronted or questioned about the situation. However, the most direct and certain outcome based on the story is that Carson will be confronted. [[C]]",1,,True,rationale_cot_3shot,,1
c07f71a6fd68ec94,1e1cbd99e88936e4,e2fc583cc2ffefbd,SocialIQa,social_cs,Mixed,Mixed,A,A,"Based on the story, the most fitting description for Ash would be consistent and someone who values routine. However, since we need to choose from the given options, the best match is:

[[A]]",1,,True,rationale_cot_3shot,,1
b464751d9cfcf91a,52d2898e93ec8538,3c6089bca78fcc1f,SocialIQa,social_cs,Mixed,Mixed,B,B,[[B]],1,,True,rationale_cot_3shot,,1
6b36fa2b125a6267,9f0477d9e7e8fc10,1a6b1f82762c97ff,SocialIQa,social_cs,Mixed,Mixed,A,A,"Let's reason step by step: Bailey's action of reaching out to hold Ash's hand shows empathy and care for Ash's feelings, which aligns with being compassionate and sympathetic. However, the most direct description from the given options is compassionate. Therefore, the answer is A. [[A]]",1,,True,rationale_cot_3shot,,1
36d54e33c1960973,7eef4278f52c8c3f,fa1b8483a76c38eb,SocialIQa,social_cs,Mixed,Mixed,A,A,"Let's reason step by step: From the story, we understand that Lee has reached Jordan's destination after a long trip. However, the story does not provide any information about Jordan's preferences or actions. Therefore, the most logical inference based on common behavior is that Jordan might want to rest as well. [[A]]",1,,True,rationale_cot_3shot,,1
044cf7cde86daabf,c8754ee2e7525f55,8c392aca500d1506,SocialIQa,social_cs,Mixed,Mixed,B,B,"Let's reason step by step: Given the context that Taylor was elected to lead the planning for the girls-only trip in May, the logical next step would be to organize or plan the trip. This points to option B. [[B]]",1,,True,rationale_cot_3shot,,1
7d215b6088b748a7,d9269095dda309fb,1f244e4c7f44f47a,SocialIQa,social_cs,Mixed,Mixed,B,C,"Let's reason step by step: Given the context, Bailey has already passed the examination booklet to Jesse. There's no indication that Bailey wants to take it back or leave the class. The most logical inference is that Bailey might throw away the booklet. This points to option C. [[C]]",0,,True,rationale_cot_3shot,,1
e6d40b79ecb4b198,ffdf0fa80ce086fb,85ccb436bb580d4d,SocialIQa,social_cs,Mixed,Mixed,C,C,"Based on the story, Robin rushed to take the test quickly, which suggests a sense of urgency or anxiety. However, the most accurate description from the given options is:

[[C]]

This is because ""anxious"" best captures the sense of urgency and haste implied by ""rushing"" in the story.",1,,True,rationale_cot_3shot,,1
a1d7c4b111d6f545,8f74240f31145a51,458305f76e9a0f80,SocialIQa,social_cs,Mixed,Mixed,C,C,"Based on the story, Tracy loves being outside in nature, so the most suitable place for them would be the country. [[C]]",1,,True,rationale_cot_3shot,,1
b3a455c248f96e90,2ea26d604d44c5a5,62005db9db9bdb82,SocialIQa,social_cs,Mixed,Mixed,A,C,"Let's reason step by step: Based on the context provided, Taylor might feel bad or uncomfortable as a result of being asked to comment on the news. This points to option C. [[C]]",0,,True,rationale_cot_3shot,,1
cbdf39cd36356176,2ef1f44b5738b72a,3aa97f2d23117fe5,SocialIQa,social_cs,Mixed,Mixed,B,B,"Let's reason step by step: From the story, Skylar is crying while playing with her dog, indicating sadness related to the playtime. This suggests she might be sad about the end of their time together. This points to option B. [[B]]",1,,True,rationale_cot_3shot,,1
d0b5518069b38e7c,1ad51a45694499af,0e8fa7f0d28bcbf4,SocialIQa,social_cs,Mixed,Mixed,C,C,"Let's reason step by step: From the story, Kai pushed Sydney because Sydney was too slow to get out of the way, indicating impatience. This points to option C. [[C]]",1,,True,rationale_cot_3shot,,1
8f937e0b72925f63,8dff235acb8f2c3d,7e333764dc0ab222,SocialIQa,social_cs,Mixed,Mixed,A,C,"Let's reason step by step: The story doesn't provide enough context to determine Skylar's feelings after the appointment. However, based on common human reactions, the most likely answer is that Skylar would be excited or eager to have the tooth filled. This points to option C. [[C]]",0,,True,rationale_cot_3shot,,1
e19551343ee8f1f9,69dfad08e74bf79d,c38b2296535d7b25,SocialIQa,social_cs,Mixed,Mixed,B,B,"Let's reason step by step: From the story, we understand that Kai took action (updated their resume) when there was an opportunity, indicating a proactive and hopeful attitude. This points to option B. [[B]]",1,,True,rationale_cot_3shot,,1
e98545017e44501c,82b9dc8750f67582,b08a8a3da1e12079,SocialIQa,social_cs,Mixed,Mixed,A,A,"Let's reason step by step: In the story, Jordan won the championship after facing difficulties and challenges. Typically, when someone achieves something significant after overcoming obstacles, others would feel encouraged and proud. However, the story does not explicitly state the reaction of others. Given the context, the most fitting answer is A. [[A]]",1,,True,rationale_cot_3shot,,1
ee6b55c1a32eb64c,6ec6134fdd0da450,ba80c4104f6e6d11,SocialIQa,social_cs,Mixed,Mixed,A,A,"Let's reason step by step: Based on the story, Sydney felt bad after seeing the homeless woman asking for change but not being able to help, which indicates sympathy. This points to option A. [[A]]",1,,True,rationale_cot_3shot,,1
8ac9a23380682db6,0456f1049251c638,ea5cc1d69da18c74,SocialIQa,social_cs,Mixed,Mixed,C,C,[[C]],1,,True,rationale_cot_3shot,,1
7c636551fa01a038,41fa97fb876213ee,aec6936824e6f836,SocialIQa,social_cs,Mixed,Mixed,A,A,"Let's reason step by step: From the story, we understand that Casey considers the effort put into the length of the paper, indicating they value effort and learning. This points to option A. [[A]]",1,,True,rationale_cot_3shot,,1
c7f7bc10a73cdc78,eff005787df41863,c08a9c8e16f1f8bb,SocialIQa,social_cs,Mixed,Mixed,B,B,"Let's reason step by step: Given the context that Sydney gave a raise to all employees, the most logical next action would be for them to feel appreciated and motivated. This points to option B. [[B]]",1,,True,rationale_cot_3shot,,1
89c5b7671b269403,5e8ed4210d14544a,228c3904fee9cefe,SocialIQa,social_cs,Mixed,Mixed,C,C,"Let's reason step by step: In the story, it is mentioned that ""everyone wanted to hear what ash had to say,"" but Ash was cut short. This implies that others might feel disappointed or frustrated. This points to option C. [[C]]",1,,True,rationale_cot_3shot,,1
cb688efadaf3ab4c,b8de4d18fca5ff38,ed9abe6c1664e6bf,SocialIQa,social_cs,Mixed,Mixed,B,B,"Let's reason step by step: From the story, we learn that Alex helped Casey escape from the jail cell, so Casey is unlikely to be arrested again or go back to jail. This leaves option B as the most plausible answer. [[B]]",1,,True,rationale_cot_3shot,,1
21d3754f9d544147,e34a81fd99944e2e,19729eda7d68e241,SocialIQa,social_cs,Mixed,Mixed,C,A,"Let's reason step by step: Given the context that Taylor has looked up hotels online for their friends, the logical next step would be for the friends to decide which hotel to choose. This points to option A. [[A]]",0,,True,rationale_cot_3shot,,1
59731a77b5340a75,61a3869bfe8229ca,1c8f430faa911dc7,SocialIQa,social_cs,Mixed,Mixed,B,C,"Let's reason step by step: Based on the story, Robin changed Aubrey into a swimsuit. This implies that before putting the swimsuit, Aubrey would need to be changed. This points to option C. [[C]]",0,,True,rationale_cot_3shot,,1
2263e0f77fc57f79,ea2f0d7f902029f8,6ef26b442d539f4a,SocialIQa,social_cs,Mixed,Mixed,C,C,"Let's reason step by step: Given that Taylor gave a hug in front of everyone, the most likely action from others would be to follow suit or react similarly. However, without more context, the closest inference is that others might watch Taylor and their friend. This points to option C. [[C]]",1,,True,rationale_cot_3shot,,1
4be74f9396263ad8,21a0115bb625c0d8,9e5b83206456863c,SocialIQa,social_cs,Mixed,Mixed,A,B,"Let's reason step by step: From the story, Robin proposed an idea suggesting going to the movies, but there's no context to suggest Robin's motivation. However, based on the given answers, the most plausible inference is that Robin considered the options. [[B]]",0,,True,rationale_cot_3shot,,1
db179628e875e67f,90e7465915579348,1f29a1ce66968be5,SocialIQa,social_cs,Mixed,Mixed,A,A,"Let's reason step by step: Based on the story, Jordan teaches art to pass on their love of creating and drawing. This implies that Jordan feels dedicated to their passion. This points to option A. [[A]]",1,,True,rationale_cot_3shot,,1
850d60e9955ad2c1,bda53f7b4b4ea1a3,febb70b53b142f03,SocialIQa,social_cs,Mixed,Mixed,C,C,"Let's reason step by step: Based on the story, Robin is still making a decision about what to wear for their date. This implies they are likely going to proceed with the date. This points to option C. [[C]]",1,,True,rationale_cot_3shot,,1
055c302dbca05627,aadb59fd188cc808,9bd833362b26da09,SocialIQa,social_cs,Mixed,Mixed,A,A,"Let's reason step by step: From the story, Kai is described as being with his friend to shield Sydney from onlookers after she split her pants. This suggests he is being considerate and protective. This points to option A. [[A]]",1,,True,rationale_cot_3shot,,1
9843f5c40a3941b1,556700e3578c12e7,608c98b3328ec0f4,SocialIQa,social_cs,Mixed,Mixed,C,A,[[A]],0,,True,rationale_cot_3shot,,1
fb66cce255babbf7,6a8924b9c2d2b534,4e36bb5045b7c91b,SocialIQa,social_cs,Mixed,Mixed,A,A,"Let's reason step by step: The story indicates that Kendall caught Jordan's eyes, suggesting Jordan was impressed or pleased. Given this context, the most likely feeling for Kendall would be positive. This points to option A. [[A]]",1,,True,rationale_cot_3shot,,1
d0d24855f877047e,3b84225a013b9603,54f4f0031e8c98b8,SocialIQa,social_cs,Mixed,Mixed,A,A,"Let's reason step by step: Given the context provided, the most likely reaction of others would be grateful for Remy's actions. This points to option A. [[A]]",1,,True,rationale_cot_3shot,,1
39649ef43b38f1cd,9fab35ca79bacb53,30419fbc65488c80,SocialIQa,social_cs,Mixed,Mixed,B,B,"Let's reason step by step: Given that Robin was invited to the party and went there, the most logical inference is that Robin wants to enjoy the event. This points to option B. [[B]]",1,,True,rationale_cot_3shot,,1
0d4409fe66d26243,458a251629c97ac4,8b025a736b1565f3,SocialIQa,social_cs,Mixed,Mixed,C,C,"Let's reason step by step: Given that Riley has just completed a transaction involving selling a house, the logical next step would be to finish the necessary paperwork. This points to option C. [[C]]",1,,True,rationale_cot_3shot,,1
0548909fc92b464e,f0778f6a178ae700,ffa32a56fffde303,SocialIQa,social_cs,Mixed,Mixed,B,B,"Let's reason step by step: From the story, we understand that Aubrey is concerned and confides in their closest friends. This implies that others would be worried about Aubrey. [[B]]",1,,True,rationale_cot_3shot,,1
1b487741c3357600,a56daac0f65751a5,2a3a6ac70ebe1bf7,SocialIQa,social_cs,Mixed,Mixed,C,B,"Let's reason step by step: The story implies that Jan started a fire under her coworkers to provoke them into fighting, so she might want to maintain the situation. This points to option B. [[B]]",0,,True,rationale_cot_3shot,,1
c9b98e468bd556ea,15b09ec272accc2b,a1a623d32e45a8b0,SocialIQa,social_cs,Mixed,Mixed,A,A,"Let's reason step by step: The action of paying for more information suggests Alex is seeking knowledge or details, which typically leads to a positive feeling about acquiring information. This points to option A. [[A]]",1,,True,rationale_cot_3shot,,1
24c84b148eb6ed21,88d5eef6aa250b8a,d5baf24804213de8,SocialIQa,social_cs,Mixed,Mixed,B,B,"Let's reason step by step: Cameron, being the parent, would likely feel tired of picking up the toys. This points to option B. [[B]]",1,,True,rationale_cot_3shot,,1
4dacda551be111f0,f64310b55baa7345,0b259db22cf522ce,SocialIQa,social_cs,Mixed,Mixed,A,A,"Let's reason step by step: Based on the story, Quinn climbed into bed due to a bad headache, so after feeling better, she would likely feel relief. This points to option A. [[A]]",1,,True,rationale_cot_3shot,,1
b83c66be59ba0f3c,f36197ee1a4b75e9,8aeb109b4cbf7b8e,SocialIQa,social_cs,Mixed,Mixed,C,A,"Let's reason step by step: Given the context of being ""the best of friends,"" the most logical and positive feeling Riley would have is happiness or joy. However, since the options provided do not include a happy or positive feeling, we must choose the closest option. This points to option A. [[A]]",0,,True,rationale_cot_3shot,,1
72328ce0b07a33d2,012862564a7b9e1c,8b81cbe192e9ed97,SocialIQa,social_cs,Mixed,Mixed,C,C,"Let's reason step by step: From the story, Alex gave Sydney a command to fold the clean laundry, which implies Sydney might feel like she is being treated like a maid or servant. This points to option C. [[C]]",1,,True,rationale_cot_3shot,,1
9b08c4bc6308ee6c,e4d30c6f069d3df5,348cbf18448d61ec,SocialIQa,social_cs,Mixed,Mixed,C,B,"Let's reason step by step: Given the context that Riley was the best of friends with his pals and had a good heart, the most likely action for him would be to continue being compassionate towards his friends. This points to option B. [[B]]",0,,True,rationale_cot_3shot,,1
8014b9678e455a89,f1cf8851266bb33d,747f953b175253d0,SocialIQa,social_cs,Mixed,Mixed,A,A,"Let's reason step by step: Based on the story, Ash tried to redeem himself after missing a shot, which suggests he feels disappointed about the missed opportunity. This points to option A. [[A]]",1,,True,rationale_cot_3shot,,1
1a72767b4ae87810,9534ac54dda65a0f,ba907d428ba3ec5f,SocialIQa,social_cs,Mixed,Mixed,A,A,"Let's reason step by step: Given Kendall's hardworking nature and desire to keep the team on track, the most logical action would be to continue managing the team. This points to option A. [[A]]",1,,True,rationale_cot_3shot,,1
820f8618faba98f1,594d4954b017d827,ec0fa10042d22d78,SocialIQa,social_cs,Mixed,Mixed,B,B,"Let's reason step by step: From the story, Lee gave Taylor a smile and laughed, indicating that Taylor's joke was successful and appreciated. This points to option B. [[B]]",1,,True,rationale_cot_3shot,,1
b32500a4a8192239,b605d82971b49058,bc3788fd11644b7e,SocialIQa,social_cs,Mixed,Mixed,B,B,"Let's reason step by step: Based on the story, Jesse yelled at his students, which suggests he might feel regretful or bad about his reaction. This points to option B. [[B]]",1,,True,rationale_cot_3shot,,1
725b377e3eb759aa,ea6d35fe2538bbe6,08a1b59d9c13bcaa,SocialIQa,social_cs,Mixed,Mixed,A,C,"Let's reason step by step: Given that Taylor is hosting a game night, the most logical next action for others would be to engage in the planned activity. This points to option C. [[C]]",0,,True,rationale_cot_3shot,,1
ef31e4bb2987b77f,20873d6f94247e31,d9528bb8d2de90d7,SocialIQa,social_cs,Mixed,Mixed,C,C,"Let's reason step by step: From the story, Cameron took Kai's complaint seriously, indicating that Cameron would likely feel like a good friend after taking the complaint seriously. This points to option C. [[C]]",1,,True,rationale_cot_3shot,,1
d1c63e07c8ac5e66,218dea524e0fffd0,9831918b76d2d779,SocialIQa,social_cs,Mixed,Mixed,B,B,"Let's reason step by step: In the story, Kendall alters Lee's course from being a teacher to becoming a doctor. This implies that Kendall must have influenced or changed Lee's decision. Given the context, the most logical action Kendall needs to take before altering Lee's course is to speak to Lee. This points to option B. [[B]]",1,,True,rationale_cot_3shot,,1
09dcd9a5ae7d99b2,b491f68c62536cc9,f8aec707e0b491c8,SocialIQa,social_cs,Mixed,Mixed,C,C,"Let's reason step by step: The story only mentions that Sydney had to get ready for school and put on their clothes. It doesn't specify what happens before putting on clothes. However, based on common sense, the most logical previous action would be getting their clothes. This points to option C. [[C]]",1,,True,rationale_cot_3shot,,1
8160a1862c9723ca,43cd2d6d53d5a020,266beddfc5698f1b,SocialIQa,social_cs,Mixed,Mixed,C,C,[[C]],1,,True,rationale_cot_3shot,,1
d74a84a1454c53e1,b3882de1cb30b39a,43634defe1f7b968,SocialIQa,social_cs,Mixed,Mixed,A,A,"Let's reason step by step: In the story, Carson already emptied the box of crickets into the reptile tank, which means he must have had the box of crickets before. This points to option A. [[A]]",1,,True,rationale_cot_3shot,,1
ff2b08efe8ab0745,d74c660098e4753f,dc2f8ed22f8f02a6,SocialIQa,social_cs,Mixed,Mixed,A,C,"Let's reason step by step: Based on the story, Addison knows she might get in trouble, so the most logical action would be to avoid getting caught. This points to option C. [[C]]",0,,True,rationale_cot_3shot,,1
540507d9770f792d,6640631701437fdb,3253f74fb671aa11,SocialIQa,social_cs,Mixed,Mixed,B,C,"Let's reason step by step: From the story, we understand that Tracy didn't want Quinn to lose the forms on the bus, indicating Tracy was trying to help. This suggests Tracy would feel relieved. [[C]]",0,,True,rationale_cot_3shot,,1
39894c79f3d021dc,851456b9a96d35d3,c11a0256f55359ff,SocialIQa,social_cs,Mixed,Mixed,B,B,"Let's reason step by step: From the story, Carson turned down the music to go to college, indicating he values academic pursuits over personal preferences. This suggests a practical approach. Therefore, the most fitting description is B. [[B]]",1,,True,rationale_cot_3shot,,1
da09b237181f7874,e9b547a4a465c74c,4152c945a7c70ecb,SocialIQa,social_cs,Mixed,Mixed,A,C,"Let's reason step by step: The story does not provide enough context to determine the exact reason for Remy making more friends. However, based on the given options and common reasons, the most plausible answer is C. [[C]]",0,,True,rationale_cot_3shot,,1
191ac3d093461f07,382ec1948b839e80,5f3d19f5e8ba5e36,SocialIQa,social_cs,Mixed,Mixed,B,C,"Let's reason step by step: Based on the story, Riley started to feel hurt after her friend was mean to her. Given that feeling hurt can be associated with being sensitive, the most fitting description from the options would be C. [[C]]",0,,True,rationale_cot_3shot,,1
79815fb8158d5652,17da8004ee6e2ae0,17a5bf7a64588ec3,SocialIQa,social_cs,Mixed,Mixed,C,C,"Let's reason step by step: Given that Jordan is allergic to an ingredient in the food he ate, the most likely feeling after eating would be discomfort. This points to option C. [[C]]",1,,True,rationale_cot_3shot,,1
444ad3a6022f1a7f,515e996427b722a4,f0490a1e99c41cef,SocialIQa,social_cs,Mixed,Mixed,A,A,"Let's reason step by step: Given Carson's frustration, the most likely action is to try another approach or solution. This points to option A. [[A]]",1,,True,rationale_cot_3shot,,1
febab71cdf45f01c,c96e547c71183f5c,69e97acf57726588,SocialIQa,social_cs,Mixed,Mixed,C,C,"Let's reason step by step: Based on the story, Sydney enjoyed petting Addison's bald head. However, without additional context about Sydney's personality or preferences, we cannot definitively predict her next action. But among the given options, the most logical inference based on the story is that Sydney might enjoy the sensation of petting a bald head again. This leads us to option C. [[C",1,,True,rationale_cot_3shot,,1
9a99b500a3845345,5d0fc40a4fbabb0f,de0c792376d43c67,SocialIQa,social_cs,Mixed,Mixed,A,B,"Let's reason step by step: From the story, Quinn returned the book to the librarian before reading it, but there is no information provided about why Quinn did this. However, based on the given answers, the most plausible inference is that Quinn might have had a preference or enjoyment level for the book. This points to option B. [[B]]",0,,True,rationale_cot_3shot,,1
280c4fb115ff41de,4735d426c50574ac,b3f32fb174814e9e,SocialIQa,social_cs,Mixed,Mixed,C,A,"Let's reason step by step: In the story, Bailey hears the band with trumpets, but the story doesn't provide any context about Bailey's preferences or reactions. However, based on common human behavior, Bailey might want to avoid the loud noise. This points to option A. [[A]]",0,,True,rationale_cot_3shot,,1
be32f916c2b8daa9,ca66b8ad15b53bd2,925ac22584f01186,SocialIQa,social_cs,Mixed,Mixed,B,C,"Let's reason step by step: Given that Austin was having a great day and felt wonderful, the most logical action for him would be to continue to enjoy his good mood. This points to option C. [[C]]",0,,True,rationale_cot_3shot,,1
af3af0c9a416e972,b92b70b1d61ba7c9,e7f891e8f3207566,SocialIQa,social_cs,Mixed,Mixed,C,A,"Let's reason step by step: In the story, it is mentioned that Ash performed better after drinking coffee, but had to stop because of acid reflux. This implies that before performing better, Ash must have started drinking coffee. This points to option A. [[A]]",0,,True,rationale_cot_3shot,,1
2caa6304fcf220b8,694158dc95029335,5937b834ec3da4ed,SocialIQa,social_cs,Mixed,Mixed,A,A,"Let's reason step by step: Based on the action of giving milk to a friend who was thirsty, the most likely feeling Carson would have afterwards is helpful. This points to option A. [[A]]",1,,True,rationale_cot_3shot,,1
d6ebc057ffb93ac3,caad45588d72c23f,d51d49ea711ef5ed,SocialIQa,social_cs,Mixed,Mixed,B,B,"Let's reason step by step: From the story, Sasha acted bravely and efficiently to save the home. This implies a positive action rather than anxiety or sadness. This points to option B. [[B]]",1,,True,rationale_cot_3shot,,1
5c13fd0d8be7f490,da5e733a339d8909,fc57438223ab3b8e,SocialIQa,social_cs,Mixed,Mixed,C,C,"Let's reason step by step: From the story, Sydney closed Sasha's mouth due to Sasha talking too much, which implies Sasha might feel uncomfortable or annoyed. However, the options provided do not include ""very amused,"" which is the most likely feeling for Sasha. This points to option C. [[C]]",1,,True,rationale_cot_3shot,,1
f81da3bc94a377bb,5279ed60e66cf210,d58063e62d38d0f4,SocialIQa,social_cs,Mixed,Mixed,B,B,"Let's reason step by step: Based on the story, Aubrey is keeping the baby up at night to watch for a concussion, which implies that Aubrey is trying to stay awake. Therefore, the most logical outcome is that Aubrey will stay awake late into the night. This points to option B. [[B]]",1,,True,rationale_cot_3shot,,1
006d6cb9366f8b85,ac79a485eac810ae,6cbf8c5059f9e31b,SocialIQa,social_cs,Mixed,Mixed,B,B,"Let's reason step by step: In the story, Kendall wraps string around the narrator's neck to kill them, implying that finding a reason or killing someone is necessary before this action. However, throwing the string away is not a prerequisite for the act of strangling. This points to option B. [[B]]",1,,True,rationale_cot_3shot,,1
a487b417558cacf8,6c9e9bb0b4f3a0b4,f94307d8a4d703b1,SocialIQa,social_cs,Mixed,Mixed,B,B,"Let's reason step by step: Given the context that Riley's stepdad grounded them, the most logical action would be to ensure they stay grounded. This points to option B. [[B]]",1,,True,rationale_cot_3shot,,1
0a531039351e5966,d10b0f73589692cd,7200031987875101,SocialIQa,social_cs,Mixed,Mixed,B,A,[[A]],0,,True,rationale_cot_3shot,,1
3f081e4653867793,66ca7132b37846fe,473f417f907c598d,SocialIQa,social_cs,Mixed,Mixed,B,C,"Let's reason step by step: Given that Robin is paralyzed and unable to respond on their own, the most logical action for Carson to take would be to find an alternative way to help or communicate with Robin. This points to option C. [[C]]",0,,True,rationale_cot_3shot,,1
f74189b7f16b46cf,4d788e58f4b8a279,b2dc744a8440a8b0,SocialIQa,social_cs,Mixed,Mixed,A,C,"Let's reason step by step: From the story, we understand that Casey moved the food because Collin left to use the bathroom. However, there's no direct indication about how Collin would feel. But based on common human reactions, he might feel C. angry. [[C]]",0,,True,rationale_cot_3shot,,1
373f77265e8f985f,9cc9b601b3e796e7,db186dbc5f73d452,SocialIQa,social_cs,Mixed,Mixed,C,C,"Let's reason step by step: Given that Sydney and the others went trick or treating together and happily, the most logical next action for them would be to continue collecting candy. This points to option C. [[C]]",1,,True,rationale_cot_3shot,,1
ac305f84981a400a,ded4f99af7686df3,ed8a73cde2d97cd5,SocialIQa,social_cs,Mixed,Mixed,A,A,"Let's reason step by step: Given that Skylar got a cast on her leg due to a car accident, the most logical next action would be to seek medical care or rest. However, since the options provided do not include seeking medical care, the closest inference is to rest. This points to option A. [[A]]",1,,True,rationale_cot_3shot,,1
b0f8b20160298f1f,fa6750fe4c15600b,526d0ba4f0313949,SocialIQa,social_cs,Mixed,Mixed,B,C,"Let's reason step by step: Based on the story provided, there is no information given about the consequences for Sasha. This points to option C. [[C]]",0,,True,rationale_cot_3shot,,1
05df2ff1173f82e0,11a50ffcead8cf8f,7b6208814fd1a33d,SocialIQa,social_cs,Mixed,Mixed,A,A,"Let's reason step by step: From the story, we understand that Riley sold Sydney's house at an auction. This action is directly stated and does not imply any negative consequences. Therefore, the most logical answer is A. [[A]]",1,,True,rationale_cot_3shot,,1
04ca2a75b654b47d,26f42bd15a25d3e3,b06ee98e8efa0694,SocialIQa,social_cs,Mixed,Mixed,C,C,[[C]],1,,True,rationale_cot_3shot,,1
4ed5c99e71f3d9c3,28f01ce9375d6f21,e1713865df3e22cd,SocialIQa,social_cs,Mixed,Mixed,C,B,"Let's reason step by step: The story does not provide any context about why Remy made hay or any specific superstitions related to Friday the 13th. However, based on the given options, the most plausible answer is that Remy made hay as a precautionary measure. This leads us to option B. [[B]]",0,,True,rationale_cot_3shot,,1
046cc3a6a6b43ba4,f2ecf958a655d151,d9dce71c9556627f,SocialIQa,social_cs,Mixed,Mixed,A,C,"Let's reason step by step: The story indicates that Skylar put their mind to the task, implying they are focused and attentive. Given this context, Skylar will likely continue to focus and think about the task. This points to option C. [[C]]",0,,True,rationale_cot_3shot,,1
ed9933d5b00825cd,3bd5aa2b2f0c86e4,ebb72b8b28ea88b9,SocialIQa,social_cs,Mixed,Mixed,C,C,"Let's reason step by step: Cameron went out of her way to buy food for the homeless, indicating a positive action. This suggests Cameron would feel good about helping others. This points to option C. [[C]]",1,,True,rationale_cot_3shot,,1
bf62731f87374309,a45904e9b4513d05,34280e8b57e51587,SocialIQa,social_cs,Mixed,Mixed,A,A,"Let's reason step by step: According to the story, Remy prevented the people from fighting, indicating that Remy must have known or understood the reasons for their intention to fight. This points to option A. [[A]]",1,,True,rationale_cot_3shot,,1
30f032fb72fb599e,2bd4dbf49d4d1477,0bd5533d93d4d24f,SocialIQa,social_cs,Mixed,Mixed,B,B,"Let's reason step by step: Given that Bailey is holding Aubrey's breath, Aubrey would instinctively want to fight for her life. This points to option B. [[B]]",1,,True,rationale_cot_3shot,,1
5d9a040b6bce76df,0ae9f201d556321f,52ab97793d605a37,SocialIQa,social_cs,Mixed,Mixed,A,A,"Let's reason step by step: Given that Skylar notices people are cold despite rubbing their hands, the logical action would be to provide warmth. This points to option A. [[A]]",1,,True,rationale_cot_3shot,,1
3f00f448a134c4d3,73f61a4dc20bd6b4,cd22a7ac95bd0045,SocialIQa,social_cs,Mixed,Mixed,C,B,"Let's reason step by step: Given that Riley is celebrating their promotion, the most likely action is to celebrate with friends. This suggests option B (buy a round of drinks for Riley) as the most probable answer. [[B]]",0,,True,rationale_cot_3shot,,1
ce6d1a877bd51afe,ff235db41b3d5f7b,56a1e1bfcd469b9c,SocialIQa,social_cs,Mixed,Mixed,B,B,"Based on the context provided, Jordan ran quickly to the store, implying he might need to run again. However, the most logical next action would be related to his current activity. This points to option B. [[B]]",1,,True,rationale_cot_3shot,,1
1a3a40a1d1652249,0d216deecd7481d8,b458a8fb246cb1d5,SocialIQa,social_cs,Mixed,Mixed,B,C,"Let's reason step by step: In the story, Bailey lost their candy, and Carson ate it. Given this context, the most likely reaction for Bailey would be to stop eating the candy. This points to option C. [[C]]",0,,True,rationale_cot_3shot,,1
c9c533f2651f442c,ce4ba8110bc430b1,f24e42bdb79f6c0a,SocialIQa,social_cs,Mixed,Mixed,B,B,Let's reason step by step: The story does not provide any information about what will happen to Jordan. This points to option B. [[B]],1,,True,rationale_cot_3shot,,1
1eba80665700599d,1a9628326892aa9f,e1ded3f92760e160,SocialIQa,social_cs,Mixed,Mixed,C,C,"Let's reason step by step: Given that Kai stole Carson's tools, the natural emotional response for Carson would be anger. This points to option C. [[C]]",1,,True,rationale_cot_3shot,,1
c75d86f2bb291223,ecdd00b5268b8bf6,7f37a6d4d369584c,SocialIQa,social_cs,Mixed,Mixed,A,A,"Let's reason step by step: From the story, we understand that Jordan needs the book for his class. This implies he should go to class with the book. This points to option A. [[A]]",1,,True,rationale_cot_3shot,,1
6ab9f01056070223,13d4144df356ca58,a647c059b2b27078,SocialIQa,social_cs,Mixed,Mixed,C,C,"Let's reason step by step: Given that Lee spent the whole night trying to beat the boss on level 4, it suggests he is still engaged and motivated. This points to option C. [[C]]",1,,True,rationale_cot_3shot,,1
9e303870f7b4d6b4,774b6e0fab5b6d6a,ff4eb2c7c9e71d4f,SocialIQa,social_cs,Mixed,Mixed,B,C,"Let's reason step by step: From the story, it can be inferred that Kai and others did not like using a Mac. This implies a negative sentiment towards the Mac. This points to option C. [[C]]",0,,True,rationale_cot_3shot,,1
6514cf99cd1a2f65,9973c4eb496e7ebc,518d71e2c3801f41,SocialIQa,social_cs,Mixed,Mixed,C,C,"Let's reason step by step: From the story, Jordan mentions Casey in the first chapter to inform the reader about him. This implies Jordan wants to make Casey interesting to the reader. This points to option C. [[C]]",1,,True,rationale_cot_3shot,,1
7c3c8c1d3826e912,ef63d723d30efad5,b3fc7014ba3fd9c6,SocialIQa,social_cs,Mixed,Mixed,A,C,"Let's reason step by step: Given Sasha's action of getting revenge, the most logical next step would be to mend relationships. This points to option C. [[C]]",0,,True,rationale_cot_3shot,,1
e49be949469391c7,c72f5885b05b5033,45626c41709067b3,SocialIQa,social_cs,Mixed,Mixed,C,C,"Let's reason step by step: The story implies that Taylor is influencing Kai with dangerous ideas, which could lead to poor decisions. This points to option C. [[C]]",1,,True,rationale_cot_3shot,,1
111f20fbdd3eac4d,76282b205beb595d,ff3ba71d78649f8b,SocialIQa,social_cs,Mixed,Mixed,B,C,"Let's reason step by step: Given that Bailey and Jesse both studied hard, the most logical next action would be related to their shared effort. This points to option C. [[C]]",0,,True,rationale_cot_3shot,,1
3ba89986b95f1d4b,1074259738cda10b,cece92e1d7f41cd3,SocialIQa,social_cs,Mixed,Mixed,A,A,"Based on the context provided, Taylor made an incorrect assumption. This suggests he would feel surprised about the outcome. [[A]]",1,,True,rationale_cot_3shot,,1
86999f20ce65c22b,1545e0e8b582f032,44a49419116f112b,SocialIQa,social_cs,Mixed,Mixed,C,C,"Let's reason step by step: Skylar is laughing in class at a joke, so they must have heard the joke first. This points to option C. [[C]]",1,,True,rationale_cot_3shot,,1
cb4cd5a9f93b5d47,f41e5a3a6472f9d3,d08ffedc69cef0c5,SocialIQa,social_cs,Mixed,Mixed,B,B,"Let's reason step by step: In the story, Alex helps Casey to escape the fire. Given this context, the most likely outcome is that Casey will escape the fire. [[B]]",1,,True,rationale_cot_3shot,,1
e6ef6811b466dbc7,66bd6add0a583c75,ef39483fbff3c3ba,SocialIQa,social_cs,Mixed,Mixed,A,A,"Let's reason step by step: From the story, we understand that Austin eats late because he has things to do after school. However, the options provided do not directly state this reason. But based on Austin's behavior, the closest logical inference is that he does this so he can finish his tasks. This points to option A. [[A]]",1,,True,rationale_cot_3shot,,1
cd43923eea2b8f21,2e71ed4814b5d631,de9f7af3ac82037f,SocialIQa,social_cs,Mixed,Mixed,C,C,"Let's reason step by step: Given the context that Skylar is making fun of others for being there on time, the most likely reaction from others would be to avoid Skylar. This points to option C. [[C]]",1,,True,rationale_cot_3shot,,1
105266f2d07ba117,451fdda32cd45d65,73a362ff74b31410,SocialIQa,social_cs,Mixed,Mixed,B,B,"Let's reason step by step: The story does not provide information about Jordan's feelings after running quickly. This point leads to an uncertainty regarding the correct answer. However, based on common human behavior, the most likely answer is that Jordan would feel anxious due to the sudden action. [[B]]",1,,True,rationale_cot_3shot,,1
29d02a0bf3f7edbc,3b13a6b7a988505e,ddbd45fde7a286b1,SocialIQa,social_cs,Mixed,Mixed,C,C,"Let's reason step by step: Given the context that Alex's factory plays a large role in the town's economy, the most logical action for others would be to ensure the factory keeps running well. This points to option C. [[C]]",1,,True,rationale_cot_3shot,,1
d3c40ac124d2b499,6acddd8f1b61bb01,fe8854bbdf2fbab1,SocialIQa,social_cs,Mixed,Mixed,C,C,"Let's reason step by step: Based on the story, Skylar lent attention to the view even though she hated the view, which implies she is doing the opposite of what she feels. This points to option C. [[C]]",1,,True,rationale_cot_3shot,,1
8d96a300ed88551f,75c6d536802fb37f,7965798362644b30,SocialIQa,social_cs,Mixed,Mixed,C,C,"Let's reason step by step: Based on the context provided, Taylor has seen the mailman with a box, so the most logical action would be to acknowledge the mailman. This points to option C. [[C]]",1,,True,rationale_cot_3shot,,1
8c8c5517d4024e38,4f5c8f3b0619019d,819e422bc23569cd,SocialIQa,social_cs,Mixed,Mixed,A,B,"Let's reason step by step: Given the context that Aubrey's medications had taken a huge toll on her body, the most logical next step would be to address her health concerns. This points to option B. [[B]]",0,,True,rationale_cot_3shot,,1
e4de9b0a297d0bac,7b182a2d0726a740,300fba9d3952cbb2,SocialIQa,social_cs,Mixed,Mixed,A,A,"Let's reason step by step: Given that the fire blew up, the logical action for Kai would be to extinguish it. This points to option A. [[A]]",1,,True,rationale_cot_3shot,,1
458373b03bb8b88a,0c5612d66cd2719b,298308b061f0a626,SocialIQa,social_cs,Mixed,Mixed,A,A,"Let's reason step by step: Given that Sasha needed help and Aubrey helped them because they were good friends, Sasha would likely feel happy about having assistance. This points to option A. [[A]]",1,,True,rationale_cot_3shot,,1
e6977352029e9ad9,1f00835d9d4c3b32,80bb7349491f928f,SocialIQa,social_cs,Mixed,Mixed,C,C,[[C]],1,,True,rationale_cot_3shot,,1
5929be8bf3aacbdc,231742e7f889fc4b,0ce3641c184e3a60,SocialIQa,social_cs,Mixed,Mixed,C,C,"Let's reason step by step: Based on the story, Robin refused to fight Carson. This means Robin will not fight alone or be alone. The closest inference from the given options is that Robin will be good about themselves. [[C]]",1,,True,rationale_cot_3shot,,1
eb161c7ddbf4db86,4f48089d861df1e8,5f559db38b557c10,SocialIQa,social_cs,Mixed,Mixed,C,A,"Let's reason step by step: The story mentions Austin challenging Remy to a game, implying the intention is to resolve something. However, the exact reason among the options provided is not clear from the context. But based on Austin's action, the closest logical inference is that he wants to come to an agreement. [[A]]",0,,True,rationale_cot_3shot,,1
ba78fb3cefcfd16c,ffacbbd443eaf3dc,dd2468df9b15405d,SocialIQa,social_cs,Mixed,Mixed,B,B,"Let's reason step by step: From the story, Jesse stood Cameron up, which implies that Cameron was not invited or did not get to meet the person he was supposed to back. Given this context, Cameron would likely feel B. angry. [[B]]",1,,True,rationale_cot_3shot,,1
a20f394130f84d61,d1ac64d4064c66fa,0cd3af32d3535bff,SocialIQa,social_cs,Mixed,Mixed,A,B,Let's reason step by step: The action of grabbing someone's head and shaking it is typically associated with bullying rather than joking or being kind. This points to option B. [[B]],0,,True,rationale_cot_3shot,,1
fdf619f7b6ecabc8,1fb724b692ff4ab8,0aee2b3b8dc85647,SocialIQa,social_cs,Mixed,Mixed,B,A,"Let's reason step by step: Given the context of Jesse setting Robin's suitcase on fire, the most logical next action would be to extinguish the fire. However, since the options provided don't include an action that directly addresses putting out the fire, we look for the closest option. This points to option A. [[A]]",0,,True,rationale_cot_3shot,,1
ecf0b0ea9093c160,be1dbda8e9798444,ad463a22966f32d6,SocialIQa,social_cs,Mixed,Mixed,A,A,"Based on the story, Sydney dropped the box she was carrying due to stress, which suggests she might be anxious or worried. However, the term 'clumsy' implies a lack of coordination or skill, which isn't directly supported by the story. Therefore, the most fitting description is A. anxious. [[A]]",1,,True,rationale_cot_3shot,,1
6de2b0be1e8f6865,60e1eca5970c196d,08471c007476f2ac,SocialIQa,social_cs,Mixed,Mixed,C,C,"Let's reason step by step: Given that Austin has just smoked and blown smoke, the most logical next action would be to create smoke rings. This points to option C. [[C]]",1,,True,rationale_cot_3shot,,1
ab01675c3c95b3fc,4343f7d847685a4e,ba0b1f0f8fd53bcb,SocialIQa,social_cs,Mixed,Mixed,C,A,"Let's reason step by step: Based on the context that Jan made an effort to make friends by exchanging phone numbers, the most likely feeling would be positive and motivated. This points to option A. [[A]]",0,,True,rationale_cot_3shot,,1
00620e619efdeea9,b5d6dd78f0b09d8e,d3ff1832696c2d1b,SocialIQa,social_cs,Mixed,Mixed,C,A,"Let's reason step by step: From the story, we understand that Casey called Aubrey's parents because Aubrey got sick and was throwing up. This implies that Casey needed to call Aubrey's parents beforehand. This points to option A. [[A]]",0,,True,rationale_cot_3shot,,1
7e8a8d811311d588,fcb759e756e28e53,531a5330df4e8986,SocialIQa,social_cs,Mixed,Mixed,C,C,"Let's reason step by step: Given that Sydney is ready to start the day after waking up, the most logical next action would be to go to work. [[C]]",1,,True,rationale_cot_3shot,,1
9c786e9f427024e5,d08f9b7e802fae26,efb009a1de6f1eaf,SocialIQa,social_cs,Mixed,Mixed,B,B,"Let's reason step by step: Given that Taylor is trying to be heard but being talked over, and raising their voice, the natural next step would be to become irritated due to the frustration. This points to option B. [[B]]",1,,True,rationale_cot_3shot,,1
003a880a0d137c5f,4d59df0c44254321,fcddee9efc1c0b1d,SocialIQa,social_cs,Mixed,Mixed,A,A,"Let's reason step by step: The story indicates that Carson smoked their pipe outside in the yard, suggesting it might be related to avoiding house smells. This points to option A. [[A]]",1,,True,rationale_cot_3shot,,1
032e365ff9c8122d,611b0b54b38305a7,512766303e752fcf,SocialIQa,social_cs,Mixed,Mixed,A,A,"Let's reason step by step: Given that Tracy went home with their friends, the most logical next action would be to stay at their house. This points to option A. [[A]]",1,,True,rationale_cot_3shot,,1
d5beb4c736d91251,9b83df76900ca887,b35288095140d143,SocialIQa,social_cs,Mixed,Mixed,A,A,"Let's reason step by step: From the story, we understand that Quinn colored their hair for a good outcome, which implies a desire for change or novelty. This points to option A. [[A]]",1,,True,rationale_cot_3shot,,1
9130ba5ad69784f5,83517500d5237467,b122afc137292c9d,SocialIQa,social_cs,Mixed,Mixed,A,A,"Let's reason step by step: According to the story, Robin needed to stop by a gas station and pump their gas. This implies that the car must have been parked first. This points to option A. [[A]]",1,,True,rationale_cot_3shot,,1
9dc6629133f32acb,70151b267a953b4d,0d1295ca401d5651,SocialIQa,social_cs,Mixed,Mixed,C,C,"Let's reason step by step: Given the context that Sydney is Alex's caregiver and helps Alex communicate, the most likely feeling is that Sydney feels happy to be able to assist their daughter. This points to option C. [[C]]",1,,True,rationale_cot_3shot,,1
d69ee16ccf750496,909b2a1828618907,f68c91e03171b19f,SocialIQa,social_cs,Mixed,Mixed,B,B,"Based on the story provided, Austin offered Sydney a position at work, suggesting he is in a position of authority or leadership. This implies Austin is likely a supervisor. Therefore, the answer is [[B]].",1,,True,rationale_cot_3shot,,1
9a08f09e0361b31d,c77fae8ed8db6490,844c04df3beda115,SocialIQa,social_cs,Mixed,Mixed,A,B,"Let's reason step by step: Based on the story, Remy was fired from her job, which implies she would feel sad or disappointed about losing her job. This points to option B. [[B]]",0,,True,rationale_cot_3shot,,1
6c5563eef12b3986,d34c367f5773fdf5,d9d4259030cd62a0,SocialIQa,social_cs,Mixed,Mixed,C,B,"Let's reason step by step: From the story, we understand that Sydney takes schoolwork seriously because it's part of the semester grade. However, the question asks how others might feel. Given the context, the most logical inference is that others would feel proud of Sydney. [[B]]",0,,True,rationale_cot_3shot,,1
85b7b529d7b25ba0,bb86e3a4cac85335,0c89ef1d19c82dc9,SocialIQa,social_cs,Mixed,Mixed,C,C,"Let's reason step by step: Based on the context that Carson tried to fight Robin due to being hurt, the most logical action for Carson next would be to retaliate or hurt Robin again. However, without more context, we can't definitively say what he will do. But among the given options, the most plausible answer is C. [[C]]",1,,True,rationale_cot_3shot,,1
b9bb44cf21747c29,d8d36f8c2f31d7f5,0b155d46f6dd0b22,SocialIQa,social_cs,Mixed,Mixed,C,A,"Let's reason step by step: The story doesn't provide any context about how others might feel. However, based on typical human reactions, jealousy could be inferred if the friend was envious of Taylor's gift. But since we don't have enough context, the most neutral answer among the options would be A. responsive. [[A]]",0,,True,rationale_cot_3shot,,1
19b3d0b7ced73b46,b7dc53b137aebd61,fec9da5033b8f8a2,SocialIQa,social_cs,Mixed,Mixed,B,C,"Let's reason step by step: Based on the story provided, there is no information about the consequences or injuries of Skylar falling in the street. This points to option C. [[C]]",0,,True,rationale_cot_3shot,,1
7cb293623e97fba4,45e6b8114425f3bc,6f07c1ededd0f872,SocialIQa,social_cs,Mixed,Mixed,B,E,"Let's reason step by step: However, the story does not provide enough context for us to determine what others will want to do next. There is no indication of their intentions or desires. Therefore, we cannot select any of the given answers based on the information provided. [[E]]",0,,True,rationale_cot_3shot,,1
5886cf96bc053619,6752d497253ef909,713971c20173832f,SocialIQa,social_cs,Mixed,Mixed,A,A,"Let's reason step by step: Based on the story, Sydney is a fan of Hillary Clinton and found a biography. This indicates that Sydney wants to learn more about her idol. This points to option A. [[A]]",1,,True,rationale_cot_3shot,,1
afa7499ee88bfefa,cdf16528d60f9083,7ae759eed5798f3a,SocialIQa,social_cs,Mixed,Mixed,A,C,"Let's reason step by step: From the story, we understand that Kai was interested in seeing the new tablet Sydney got. This indicates Kai's curiosity. This points to option C. [[C]]",0,,True,rationale_cot_3shot,,1
3a37fa440b2a322c,8bb1f8f200d0fb3a,6f0f02d571ca7565,SocialIQa,social_cs,Mixed,Mixed,A,C,"Let's reason step by step: The story does not provide explicit information about Kai's feelings or actions after handing back the newspaper. However, based on the context that Kai had to go to another store, it suggests he was busy and moving around. This points to option C. [[C]]",0,,True,rationale_cot_3shot,,1
d77a9783b4bd624c,8e50a3e8987b9cdb,0b314c62d2c4432f,SocialIQa,social_cs,Mixed,Mixed,C,C,"Let's reason step by step: Given the context that Jan was fired to send a message to the other employees, the most likely feeling among the other employees would be worry about being fired. This points to option C. [[C]]",1,,True,rationale_cot_3shot,,1
bc645b5e1037043f,972471f1676d5569,ea848fcc6a809eec,SocialIQa,social_cs,Mixed,Mixed,A,A,"Let's reason step by step: The story indicates that Kai is on vacation and relaxing at the beach, implying a break from regular activities. This suggests Kai needs to stop working before going on vacation. This points to option A. [[A]]",1,,True,rationale_cot_3shot,,1
7ce5ed9a82ae62f0,b4bba1b4ef57ea2a,572a495b33737322,SocialIQa,social_cs,Mixed,Mixed,B,B,"Let's reason step by step: Based on the story, Jordan was being loud and kept Carson up all night, which suggests inconsideration. This points to option B. [[B]]",1,,True,rationale_cot_3shot,,1
fba381eafb6d11d0,1b1176abe1deec87,f99a0dac31a2310a,SocialIQa,social_cs,Mixed,Mixed,B,C,"Let's reason step by step: Based on the context provided, Aubrey was asked to speak on behalf of the group, which implies she will represent them next. This points to option C. [[C]]",0,,True,rationale_cot_3shot,,1
0ab67bc1986e7ccd,2d974b6f91e3fe2f,db641dc4da24ef5e,SocialIQa,social_cs,Mixed,Mixed,B,B,"Let's reason step by step: Based on the story, Robin was told not to call Alex again, which implies a negative emotional outcome. This points to option B. [[B]]",1,,True,rationale_cot_3shot,,1
1d49bf8c583b4426,ce37b34f92bccb8a,dd4bc63ccd3c6701,SocialIQa,social_cs,Mixed,Mixed,A,A,"Let's reason step by step: Based on the story that Riley felt worse after staying up late, the most logical inference is that Riley would feel unwell afterwards. This points to option A. [[A]]",1,,True,rationale_cot_3shot,,1
0e68a5a80c518feb,903b6054a28921f5,518dde74a917e253,SocialIQa,social_cs,Mixed,Mixed,B,C,"Let's reason step by step: Given that Bailey forgot to bring the present, the logical action for others would be to suggest she gets the present. This points to option C. [[C]]",0,,True,rationale_cot_3shot,,1
6ad83a0234516d00,964c6618503a2a2f,a6bf30aa8bba5697,SocialIQa,social_cs,Mixed,Mixed,C,C,"Let's reason step by step: Based on the story that Riley made friends easily and had a big social circle very quickly, the most fitting description would be C. extraverted. [[C]]",1,,True,rationale_cot_3shot,,1
fc0000a59e9cd5f5,231131155327c9e1,d3a89a005ff41580,SocialIQa,social_cs,Mixed,Mixed,A,A,"Let's reason step by step: Based on the context that Ash was ""cut short"" by the speaker, it implies Ash was interrupted or had their words or ideas cut off. This suggests frustration. Therefore, the most fitting description is A. frustrated. [[A]]",1,,True,rationale_cot_3shot,,1
7241653cd76f0fdb,df251c20e7e40183,95ae8b931b5b8e68,SocialIQa,social_cs,Mixed,Mixed,C,C,"Let's reason step by step: Based on the story provided, there is no information suggesting that Jan will stop working or fall in love with Taylor. Also, while Jan might become addicted to video games, the story doesn't indicate that he will. Therefore, the most likely answer is C. [[C]]",1,,True,rationale_cot_3shot,,1
9765ee553d71471a,74f95ea9b2f302de,0bd8e0b9372d16c4,SocialIQa,social_cs,Mixed,Mixed,A,A,"Let's reason step by step: Cameron was told to either keep quiet or face consequences, implying they might want to comply. However, the most logical immediate action based on the context is to stop complaining. This points to option A. [[A]]",1,,True,rationale_cot_3shot,,1
f075c84996570b55,587b44e3f7f8e109,23e4330966434379,SocialIQa,social_cs,Mixed,Mixed,C,C,"Let's reason step by step: Based on the statement that Kendall's words shocked everyone, it implies that Kendall speaks loudly or forcefully, which suggests they are not quiet or passive. This points to option C. [[C]]",1,,True,rationale_cot_3shot,,1
3c822fd75e85e896,cd1f556bf423e283,439f47c6b1dbeffb,SocialIQa,social_cs,Mixed,Mixed,C,C,"Let's reason step by step: The story indicates that Remy was telling a story like Casey does, which implies emulation or imitation. This points to option C. [[C]]",1,,True,rationale_cot_3shot,,1
72e9b791f2860ef9,e106f5da442d28cf,643c2c732c2fe0db,SocialIQa,social_cs,Mixed,Mixed,C,C,"Based on the given story, the most appropriate description would be that Bailey is a fast learner. This does not necessarily mean they are happy or proud about it, nor does it specifically indicate a desire for knowledge. Therefore, the best answer is:

[[C]]",1,,True,rationale_cot_3shot,,1
3e351d55b76aa3c6,26fd44a8e9697a8c,0aa5e58a224986b9,SocialIQa,social_cs,Mixed,Mixed,A,A,"Let's reason step by step: The story does not provide any information about Cameron's future actions or desires. This point to an ambiguous or open-ended scenario. However, based on common human behavior, the most likely answer is that Cameron wants to stop the fight and ensure the safety of the animals. This points to option A. [[A]]",1,,True,rationale_cot_3shot,,1
6f9274bed9656f32,9d88688de383245d,0e7078fb8c4539e4,SocialIQa,social_cs,Mixed,Mixed,B,C,"Let's reason step by step: Given the context that Riley's ideas are considered outdated, the most logical action for Riley would be to express her views despite the criticism. This points to option C. [[C]]",0,,True,rationale_cot_3shot,,1
8950a8a595591fd1,432775c8cc5a43fb,34e6b67540795f7c,SocialIQa,social_cs,Mixed,Mixed,B,B,"Let's reason step by step: Given the context that Alex is carrying Robin into an execution as part of his duties, the most logical next action would be to secure the execution. This points to option B. [[B]]",1,,True,rationale_cot_3shot,,1
5ade84485ed695da,e7e7d4ac5b11ae0e,42a9989fa74de616,SocialIQa,social_cs,Mixed,Mixed,B,A,"Let's reason step by step: From the story, Bailey passes Jesse an examination booklet that Jesse needs. This implies that Jesse needed a booklet before Bailey could pass it. However, the most logical action Bailey took was preparing for the test so she could pass the booklet to Jesse. This points to option A. [[A]]",0,,True,rationale_cot_3shot,,1
8ac868fd32c84004,206d326e19d0319c,0767ca54a11fae7d,SocialIQa,social_cs,Mixed,Mixed,C,C,"Let's reason step by step: From the story, Austin gave Lee an idea to help out, which implies a positive action. Given this context, Lee would likely feel good or helpful as a result. This points to option C. [[C]]",1,,True,rationale_cot_3shot,,1
1c2a0d1fabe394bf,c08bf955228cf9f0,2e10e9e706ce18a7,SocialIQa,social_cs,Mixed,Mixed,C,C,"Let's reason step by step: Given that Jan saw signs of danger, the most logical action for Jan would be to be cautious. This points to option C. [[C]]",1,,True,rationale_cot_3shot,,1
9f83966a5c8a7e26,3b3aee55cf0cf253,8fa24278ffff52da,SocialIQa,social_cs,Mixed,Mixed,C,C,"Let's reason step by step: Based on the story provided, Robin was playing soccer for a long time, which implies enjoyment or fun. This leads us to conclude that the most likely answer is C. [[C]]",1,,True,rationale_cot_3shot,,1
4e9d8745271c01cb,794efced5966e00b,2fe16a09b0ed5aac,SocialIQa,social_cs,Mixed,Mixed,B,C,"Let's reason step by step: From the story, Kendall changed Lee's plan, which implies a level of control or influence over Lee's activities. This suggests a proactive and possibly assertive behavior. Given the options, the most fitting description is that Kendall is ""disrupted"" as it implies disruption of Lee's plans. However, the closest option among the provided choices is C. [[C]]",0,,True,rationale_cot_3shot,,1
290aeda89605b3f5,d6c93656ecaeac68,d34b283011f9557d,SocialIQa,social_cs,Mixed,Mixed,C,C,"Let's reason step by step: Given the context of the story, the most logical action for Bailey would be to thank Jesse for sharing the examination booklet. This points to option C. [[C]]",1,,True,rationale_cot_3shot,,1
63207094ed801075,46a9325530adca9e,d6e48c4c664e19bf,SocialIQa,social_cs,Mixed,Mixed,A,C,"Let's reason step by step: Based on the story, Aubrey was full of dirt and Robin changed her clothes before she went swimming. Since the clothes were changed, Aubrey should be dry. However, the story doesn't explicitly state how she will feel about having a good or bad time. Therefore, the most logical inference is that she will stay dry. [[C]]",0,,True,rationale_cot_3shot,,1
ddaa5a9f680420d2,ad667c667f2305ca,2c2272054ea7cb23,SocialIQa,social_cs,Mixed,Mixed,C,C,"Let's reason step by step: From the statement, Jan is described as saying to walk back to disruptive students, which implies a firm and possibly strict approach. This points to option C. [[C]]",1,,True,rationale_cot_3shot,,1
c11938e1c8180fa7,7a5adbeb9a637139,a8d65ebcc1e0ef20,SocialIQa,social_cs,Mixed,Mixed,B,B,"Let's reason step by step: Given that Kendall took the issue seriously and it is criminal, the most logical action would be to report it. However, since ""contact the police"" is an explicit option, we can infer that Kendall will want to do next is B. [[B]]",1,,True,rationale_cot_3shot,,1
ae017883b60a6ddc,86944f542d9e2699,59f7109bc4a1d1b9,SocialIQa,social_cs,Mixed,Mixed,C,C,"Let's reason step by step: Given that Sydney gave Alex a command and Sydney was described as lazy, the most likely feeling Sydney would have is annoyance. This points to option C. [[C]]",1,,True,rationale_cot_3shot,,1
3f7ed7e8b4a12bde,e345a90b7565d07a,8652f28593279af3,SocialIQa,social_cs,Mixed,Mixed,B,C,"Let's reason step by step: Given that Bailey is a new student, others might feel nervous about her first day. However, without more context, we can't be certain about their feelings. But based on typical human reactions, the most likely answer is C. [[C]]",0,,True,rationale_cot_3shot,,1
f9e1525e8a1dd22a,b089c16d66088db1,7f5558f9f424a447,SocialIQa,social_cs,Mixed,Mixed,C,C,"Let's reason step by step: The instruction states that Bailey instructed Alex to send the letter overnight because it was important. This implies urgency. Therefore, Alex would likely feel rushed. [[C]]",1,,True,rationale_cot_3shot,,1
d82926781bfd6782,d93dfe33cb737fbb,bcf4663e5ff329e3,SocialIQa,social_cs,Mixed,Mixed,B,B,"Let's reason step by step: The story does not provide enough context to determine what specific activities the friends will engage in. However, based on typical birthday party scenarios, the most likely answer is B. [[B]]",1,,True,rationale_cot_3shot,,1
b600ee0bc6046af9,56f949527c63dad6,11637cff9e7290c9,SocialIQa,social_cs,Mixed,Mixed,B,B,"Let's reason step by step: Based on the story, Sasha helped Liza despite her refusal, which implies a caring attitude. However, the refusal might also lead to feelings of hurt and frustration. Given the options, the most fitting answer is B. [[B]]",1,,True,rationale_cot_3shot,,1
ece495ab1c82300c-1,dedb0db0f116a452,6edea45c2bc950ca,SocialIQa,social_cs,Mixed,Mixed,C,C,"Let's reason step by step: Based on the story, Carson turned down Sydney's music to study for a big test. This implies Carson wanted to make things quiet. [[C]]",1,,True,rationale_cot_3shot,,1
25bf934d6f4acd59,17843b32af20af01,70a8e1777f986a90,SocialIQa,social_cs,Mixed,Mixed,C,C,"Let's reason step by step: From the story, we understand that Aubrey looked at the paper with a straight face, but the story does not provide enough context to determine what Aubrey will want to do next. However, based on the given options, the most logical inference is that Aubrey will talk to Sydney. [[C]]",1,,True,rationale_cot_3shot,,1
86cb909d94616991,2dad708dcb6fe621,43c38f18eed38fe4,SocialIQa,social_cs,Mixed,Mixed,B,C,"Let's reason step by step: In the story, Austin is sitting in Kai's lap and Kai wants to show more affection. The most common reaction when someone shows more affection is a hug. This points to option C. [[C]]",0,,True,rationale_cot_3shot,,1
f808b5f39434bf51,318454fc988221d2,f43af1ebe4be759f,SocialIQa,social_cs,Mixed,Mixed,C,C,"Let's reason step by step: Based on the story, Tracy and Casey had a conversation that helped Tracy understand Casey's mood. This implies a positive interaction. Given this context, the most likely action for Casey would be to reach an understanding with Tracy. [[C]]",1,,True,rationale_cot_3shot,,1
d0493f2ce962457a,f2d86bf69565e73c,163e9041f43fe660,SocialIQa,social_cs,Mixed,Mixed,B,A,"Let's reason step by step: From the story, we understand that Bailey was not doing well at work but still wanted to change their perspective. This indicates a positive outlook rather than worry. This points to option A. [[A]]",0,,True,rationale_cot_3shot,,1
3d90d12b32c23e41,5b6aa485d1ee8c54,e341e73ff9446b31,SocialIQa,social_cs,Mixed,Mixed,C,C,"Let's reason step by step: Given that Riley was the best of friends when he was in a good mood, we can infer that he will continue to be loved by many when he is in a good mood. This points to option C. [[C]]",1,,True,rationale_cot_3shot,,1
8287675a0df34cc4,5c2d0b4d88f3c885,045d60c8f74d2f58,SocialIQa,social_cs,Mixed,Mixed,A,C,"Let's reason step by step: Based on the story, Kai felt relaxed after getting into bed, which indicates a state of contentment. This points to option C. [[C]]",0,,True,rationale_cot_3shot,,1
abfaaad2d8ef25b4,5484ac36d154ba13,804a6be81afbf23a,SocialIQa,social_cs,Mixed,Mixed,B,C,"Let's reason step by step: From the story, we understand that Jordan is avoiding Casey and not making excuses to buy the car. This suggests that Jordan might be losing money. [[C]]",0,,True,rationale_cot_3shot,,1
85155c112d399824,b939be0ec0194f7b,2ac0f87847dd19c5,SocialIQa,social_cs,Mixed,Mixed,C,C,"Let's reason step by step: Given the context of being in a dangerous situation, the most logical action for Alex would be to escape as well. This points to option C. [[C]]",1,,True,rationale_cot_3shot,,1
9d7a62188dc9f3e9,9e02c0b4944a4cec,5b77ac16be56ac0c,SocialIQa,social_cs,Mixed,Mixed,C,C,[[C]],1,,True,rationale_cot_3shot,,1
71bf2c21678677ca,d705baad69a18a11,7a8d0f0ecd15c2c5,SocialIQa,social_cs,Mixed,Mixed,C,B,"Let's reason step by step: The story does not provide any context that suggests Ash's action was related to getting protection or being affectionate. It only states that Ash and Sasha have been dating for a long time. This implies a reason for their relationship, which is keeping dating. Therefore, the answer is [[B]].",0,,True,rationale_cot_3shot,,1
be6ffce05757bb23,d15a7d367113401b,48f6677f60e814e9,SocialIQa,social_cs,Mixed,Mixed,B,B,"Let's reason step by step: Given that Cameron feels satisfied with Bailey's work, the most logical action for Bailey would be to continue working or seek further opportunities related to their current work. This points to option B. [[B]]",1,,True,rationale_cot_3shot,,1
2b4e53791d5e5b8d,e6c96e219bd8c86a,ae4464676fd4e9a6,SocialIQa,social_cs,Mixed,Mixed,C,C,"Let's reason step by step: Given that Aubrey is a police officer, the most logical action would be to talk to the driver about the violation. This points to option C. [[C]]",1,,True,rationale_cot_3shot,,1
a9967309037f32b3,c97317952fe94554,d6b55b4c26c9cbec,SocialIQa,social_cs,Mixed,Mixed,A,A,[[A]],1,,True,rationale_cot_3shot,,1
c862dca6e299aad7,1c068de31d0b8be9,635d761bf934cfab,SocialIQa,social_cs,Mixed,Mixed,B,B,"Let's reason step by step: From the story, Addison threw a pie to make the play more humorous. This implies the intention was comedic effect. This points to option B. [[B]]",1,,True,rationale_cot_3shot,,1
165a8b15d87bccec,d1d4e6eb99318499,796e60b6e2b3170a,SocialIQa,social_cs,Mixed,Mixed,A,A,"Let's reason step by step: From the story, we understand that Kai enjoyed playing games with friends online for several hours. However, the story doesn't provide enough context to determine how Kai would feel afterwards. But based on typical human emotions, Kai might feel happy or satisfied. Given the options, the most fitting answer is A. [[A]]",1,,True,rationale_cot_3shot,,1
48fd57414d234cbe,7745ea2bb738b62e,8350d4d4185e0522,SocialIQa,social_cs,Mixed,Mixed,B,B,"Let's reason step by step: In the story, Aubrey is the one who met the stranger and needs help. This implies that others (specifically, someone who can help Aubrey) might intervene. However, the options provided do not include an action by others. Given the context, the most logical inference is that someone will want to stop the stranger. [[B]]",1,,True,rationale_cot_3shot,,1
fab8ab451f83e625,b3f166eaab9c6401,ff5176d44c49616b,SocialIQa,social_cs,Mixed,Mixed,A,A,"Let's reason step by step: Given that Ash hasn't eaten in a long time and Kai gave Ash bread, the most logical action for Ash would be to eat the bread. This points to option A. [[A]]",1,,True,rationale_cot_3shot,,1
11a098af07f1c478,bc067df36ff623f0,b7cebae0bc01cf18,SocialIQa,social_cs,Mixed,Mixed,A,A,"Let's reason step by step: From the story, Kai improved Jan's work but was still rejected. This implies a negative outcome for Kai. This points to option A. [[A]]",1,,True,rationale_cot_3shot,,1
b052aebcc269f886,2cf6dccfce2701d8,19b4adb7f476e434,SocialIQa,social_cs,Mixed,Mixed,A,A,"Let's reason step by step: From the story, we understand that Alex knows the answer to Riley's question and provided the answer. However, the given options do not provide a clear inference about what will happen to Alex. But based on typical human behavior, Alex might talk more. [[A]]",1,,True,rationale_cot_3shot,,1
6064b75da868de38,32d207000b2b55d0,a68d7d0bd8bf9138,SocialIQa,social_cs,Mixed,Mixed,A,B,"Let's reason step by step: The story does not provide enough context to determine Casey's exact actions, but it suggests caution due to the proximity to Jesse's house. This points to option B. [[B]]",0,,True,rationale_cot_3shot,,1
fb95f9f853cb4e18,c6427241629813f1,90214d809678a773,SocialIQa,social_cs,Mixed,Mixed,B,B,"Let's reason step by step: From the story, Remy tells Casey to meet at the pond for fishing, which suggests a friendly and welcoming attitude. This points to option B. [[B]]",1,,True,rationale_cot_3shot,,1
b860f9be0a8ac10d,eec7436c0993fa65,d2310a73f9392fb0,SocialIQa,social_cs,Mixed,Mixed,B,B,"Let's reason step by step: Given that Aubrey swam in the pool after eating, the logical action before swimming would be to ensure the food had settled. This points to option B. [[B]]",1,,True,rationale_cot_3shot,,1
109a4337040066fd,16f0bc9c7abefbb2,463f97c24e6ddb0f,SocialIQa,social_cs,Mixed,Mixed,C,C,"Let's reason step by step: The story does not provide any information about Sasha's future plans or desires. This makes it impossible to determine what Sasha will want to do next. However, based on the context provided, the most logical assumption would be related to the event mentioned (the dance). This points to option C. [[C]]",1,,True,rationale_cot_3shot,,1
5b9a32d2a7263535,4780b3fa947c0a9e,7003b5da34dbb74e,SocialIQa,social_cs,Mixed,Mixed,B,A,"Let's reason step by step: From the story, Jordan brought the toy to entertain Bailey's kids, indicating a kind intention. However, the story doesn't provide any information about Jordan's emotional state or future actions. But based on common behavior, the most likely answer is that Jordan wants to be happy too. This points to option A. [[A]]",0,,True,rationale_cot_3shot,,1
0cd3eff92a638475,dfb1a091bdca7468,0df5f31d7e74f0a7,SocialIQa,social_cs,Mixed,Mixed,A,A,"Let's reason step by step: The story tells us that Remy is a mystery writer, so others might want to learn from her. This points to option A. [[A]]",1,,True,rationale_cot_3shot,,1
9374e2381dc53a81,92f728869e1a546f,8cded0f5f4dae7a1,SocialIQa,social_cs,Mixed,Mixed,B,B,Let's reason step by step: Tracy needs to be present and inquire about Casey's upset situation. This points to option B. [[B]],1,,True,rationale_cot_3shot,,1
602e23eb8f238bcd,db97e6973c9440a9,e4b6bd054c021b82,SocialIQa,social_cs,Mixed,Mixed,B,A,Let's reason step by step: The story about Austin's bonus does not provide any information about the consequences or actions of others. This points to option A. [[A]],0,,True,rationale_cot_3shot,,1
9493be022b8e51e9,0862e15695bb48af,d2a7d9bf6f165ec9,SocialIQa,social_cs,Mixed,Mixed,C,C,"Let's reason step by step: Based on the story, Jan took the guests to NYC, implying that Jan must have planned the trip beforehand. This points to option C. [[C]]",1,,True,rationale_cot_3shot,,1
7c1ecdf0355d1056,78dd7a29ed1b8a71,fe35cc66f2151543,SocialIQa,social_cs,Mixed,Mixed,C,C,"Let's reason step by step: From the story, we understand that Remy was crying and Kai comforted her, which implies Remy would feel supported after Kai's comfort. This points to option C. [[C]]",1,,True,rationale_cot_3shot,,1
9c882ebf1f65b10f,111506af7a30efe7,f5ede7ecfbf542a9,SocialIQa,social_cs,Mixed,Mixed,C,C,"Let's reason step by step: Given that it's a celebration and a family event, the most likely action is to continue with the meal. This points to option C. [[C]]",1,,True,rationale_cot_3shot,,1
994c31b57ead8af4,d388678649620f54,7d0a8b9ae20009c7,SocialIQa,social_cs,Mixed,Mixed,B,B,"Let's reason step by step: The story indicates Sydney's long-term aspiration to become a doctor from childhood, which implies a strong desire or ambition. This points to option B. [[B]]",1,,True,rationale_cot_3shot,,1
5a0c66ae32b72da8,a2f39b780d0495e8,0cb235bbe1b5c287,SocialIQa,social_cs,Mixed,Mixed,C,C,"Let's reason step by step: In the story, Ash redeemed himself after falling down during a basketball game. This implies that before redeeming himself, Ash must have played the basketball game. This points to option C. [[C]]",1,,True,rationale_cot_3shot,,1
ea2d685adb76e259,70a0ad4197a4e3bd,e82472de75143225,SocialIQa,social_cs,Mixed,Mixed,A,C,"Let's reason step by step: Based on the story, Taylor asked the teacher for a notebook, indicating gratitude towards the teacher's offer. This points to option C. [[C]]",0,,True,rationale_cot_3shot,,1
2cc9f5b8bc3c413a,b9584bff1de1c880,45fe2a8bf3d174f4,SocialIQa,social_cs,Mixed,Mixed,A,A,"Let's reason step by step: From the story, we understand that Quinn got a raise because they were productive at work. This implies that Quinn needs to be productive before affording nice meals. Therefore, the correct answer is A. [[A]]",1,,True,rationale_cot_3shot,,1
0f38213754ed1900,da50d880ce566948,1afd0f388ab305b3,SocialIQa,social_cs,Mixed,Mixed,B,B,"Let's reason step by step: The story mentions that Jan decided to light a fire in her pit, but it doesn't provide context for what she will do next. However, based on common practices, the most logical next step would be to ensure the fire goes out later. This points to option B. [[B]]",1,,True,rationale_cot_3shot,,1
c0f6b3455f719d17,85b204f3867a6f2d,f32c68207ba40c1f,SocialIQa,social_cs,Mixed,Mixed,C,C,"Let's reason step by step: Based on the story, Jan got dressed up for a birthday party at work, which implies she feels good about her appearance. This points to option C. [[C]]",1,,True,rationale_cot_3shot,,1
2af4d9c7977c10ae,e4bd1e76af09bf7e,ba637eba5bd12398,SocialIQa,social_cs,Mixed,Mixed,A,A,"Let's reason step by step: Given the context that Sasha gave Bob a haircut for free, the most likely action from others would be to express gratitude. This points to option A. [[A]]",1,,True,rationale_cot_3shot,,1
b7a460825b12e0a3,0a52bd31f5c4e955,a110ec88c14d7945,SocialIQa,social_cs,Mixed,Mixed,C,C,"Let's reason step by step: Based on the story, Kendall kept the ball rolling on the group project, which implies that Kendall was proactive and responsible. This behavior is likely to be appreciated. Therefore, the most probable outcome is receiving praise from the boss. [[C]]",1,,True,rationale_cot_3shot,,1
b4d299c0fe42a5b2,a1014ad640239a3a,888090fbda77e3b4,SocialIQa,social_cs,Mixed,Mixed,C,C,"Let's reason step by step: Based on the story, Sydney set the brush and trimmed branches on fire in the fire pit. This implies that she needs to prepare the materials and create a suitable environment for the fire. This points to option C. [[C]]",1,,True,rationale_cot_3shot,,1
2d20f01c292f6c84,d2493b147ba57786,e4b6b6071575d4bd,SocialIQa,social_cs,Mixed,Mixed,C,A,"Let's reason step by step: The story only tells us that Sasha helped Jordan, but it does not provide any information about Sasha's future actions or desires. This point to the most logical inference being neutral to the given information. However, since we need to select from the provided answers, the closest to a neutral or positive inference would be A. [[A]]",0,,True,rationale_cot_3shot,,1
e8d60ffaa0569309,dbafc01f0c37be15,94cd1994f1bc036c,SocialIQa,social_cs,Mixed,Mixed,C,C,"Let's reason step by step: Based on the context provided, the most likely response from students would be positive towards a beloved teacher. This points to option C. [[C]]",1,,True,rationale_cot_3shot,,1
812b27e6388bc67f,4de9291997fa0dc1,623ec3596d5eca8c,SocialIQa,social_cs,Mixed,Mixed,C,C,"Let's reason step by step: The story does not provide any context about how Tracy understands Casey's mood or if she listened to Casey frequently. It simply states that Tracy understood Casey's mood better than others. This suggests Tracy's understanding might be due to her experience or counseling skills. Therefore, the most fitting answer is C. [[C]]",1,,True,rationale_cot_3shot,,1
58eac633ea71af9d,0d6a378f4a8a9bf0,a94f3a1b134024c3,SocialIQa,social_cs,Mixed,Mixed,C,C,"Let's reason step by step: Given that Casey found the baby kitten crying all night and wants to help, the most logical next action would be to try to find the mother cat. This points to option C. [[C]]",1,,True,rationale_cot_3shot,,1
b26dd7b075aee76d,b9ca5b807c74ed2c,dd6ccaf3105246c3,SocialIQa,social_cs,Mixed,Mixed,A,A,"Let's reason step by step: From the story, we understand that Skylar is set near the edge of the Canyon for Sydney to take a picture. However, without additional context about Skylar's intentions or actions, the most logical inference is that Skylar might want to stay in place. This points to option A. [[A]]",1,,True,rationale_cot_3shot,,1
f6d228d5ba4afb95,f11eb5802c74143f,a72773721b00b915,SocialIQa,social_cs,Mixed,Mixed,C,C,"Let's reason step by step: Given that Jesse is using the notes to study, the logical next step would be to examine the notes closely. This points to option C. [[C]]",1,,True,rationale_cot_3shot,,1
a7fd34bf377ad3fb,bf4439e44d201a2a,b0bee9030ecd3df4,SocialIQa,social_cs,Mixed,Mixed,C,B,"Let's reason step by step: From the story, we understand that Quinn turned the scale for others to see it. This implies Quinn wants the others to see the scale. Therefore, the most logical next action would be to show them. This points to option B. [[B]]",0,,True,rationale_cot_3shot,,1
95e0f48adf30925b,a0912d63976e1f3a,4dc2b86f49cde482,SocialIQa,social_cs,Mixed,Mixed,A,A,"Let's reason step by step: Based on the story, Casey's action suggests a loving and intimate relationship. This points to option A. [[A]]",1,,True,rationale_cot_3shot,,1
3f670fc0a3eed898,a02ce08320c5e97e,eb6a97b4ec368224,SocialIQa,social_cs,Mixed,Mixed,A,A,"Let's reason step by step: Cameron took Kai's compliment seriously, which suggests humility rather than pride. This points to option A. [[A]]",1,,True,rationale_cot_3shot,,1
ad6869ade192af8a,30061d334624e11a,3d05569d62e6bdf1,SocialIQa,social_cs,Mixed,Mixed,B,A,"Let's reason step by step: Given that Addison left the party because they had to get up early for work, the most logical next action would be to go to work. This points to option A. [[A]]",0,,True,rationale_cot_3shot,,1
41acaa21bd5dde57,eff3b48a2744fc0f,bdd0a80539996fd5,SocialIQa,social_cs,Mixed,Mixed,A,A,"Let's reason step by step: Based on the story, Tracy gave the jewelry to their friend Anne because she admired it. However, the story does not provide enough context to determine Tracy's future actions. But among the given options, the most logical inference is that Tracy wants to reciprocate the compliment or show appreciation. This points to option A. [[A]]",1,,True,rationale_cot_3shot,,1
a29d68b1b179d893,ea717aaa94e8455d,769281be211ea1ec,SocialIQa,social_cs,Mixed,Mixed,C,C,"Let's reason step by step: Given the context that Carson's friend is allergic to milk and wants orange juice instead, the most logical action for Carson would be to get a different drink. This points to option C. [[C]]",1,,True,rationale_cot_3shot,,1
79bfdacc4e14f33d,f5fbccb59e6da681,656c75f878d83df1,SocialIQa,social_cs,Mixed,Mixed,A,A,"Let's reason step by step: Given that Austin predicted cancer rates would continue to go down due to their new breakthrough treatment, he would likely feel positive about the treatment's success. This points to option A. [[A]]",1,,True,rationale_cot_3shot,,1
04fbf419a39cf1ae,e16ea57d10b3a953,319e5252fd7d351b,SocialIQa,social_cs,Mixed,Mixed,A,C,"Let's reason step by step: Kendall showing off her new car suggests that her friends might feel impressed or envious. However, the most fitting and common reaction among friends would be feeling proud of Kendall. This points to option C. [[C]]",0,,True,rationale_cot_3shot,,1
836525b30facc90b,149136273b03ad21,8aa92168dfb08e99,SocialIQa,social_cs,Mixed,Mixed,A,C,"Let's reason step by step: Given the context that Jesse believes every word without raising consternation, the most likely action from others would be to shun Jesse to avoid conflict. This points to option C. [[C]]",0,,True,rationale_cot_3shot,,1
e99df8043cb59efb,2b71460c598f7eca,13f8dd016ae5e593,SocialIQa,social_cs,Mixed,Mixed,B,B,"Let's reason step by step: From the story, Lee came up with an idea to solve a global issue, indicating creativity and ambition. This points to option B. [[B]]",1,,True,rationale_cot_3shot,,1
11010ef437f95064,5890d4f080780de8,e2cc08c0e9d1cbb3,SocialIQa,social_cs,Mixed,Mixed,A,A,"Let's reason step by step: Based on the context provided, Alex is looking for a knife that was dropped, which implies a sense of loss or inconvenience. However, the options given do not directly reflect a positive emotional state. Given the choices, the closest option that could be inferred is sadness. [[A]]",1,,True,rationale_cot_3shot,,1
39ddf4553cb2f46d,225c180098c21702,2ea1126458657052,SocialIQa,social_cs,Mixed,Mixed,B,A,"Let's reason step by step: From the story, we understand that Taylor keeps Quinn updated about the baseball scores. However, the story does not provide enough context to determine Quinn's reaction. But based on the given answers, the most logical inference is that Quinn will be informed or updated. This points to option A. [[A]]",0,,True,rationale_cot_3shot,,1
cf26078acf8052a6,a246759be20474d9,3ae1791432de20da,SocialIQa,social_cs,Mixed,Mixed,B,B,"Let's reason step by step: Based on the context that Kendall was rewarded for keeping the project rolling, the most likely feeling would be positive. This points to option B. [[B]]",1,,True,rationale_cot_3shot,,1
5b65469555db6383,096c4de9146a46ea,1bb3854a6aad2bd8,SocialIQa,social_cs,Mixed,Mixed,B,B,"Let's reason step by step: From the story, Carson gave milk to a thirsty cat, indicating a kind-hearted action towards the cat. Given this context, the most logical inference is that Carson would feel happy about having helped the cat. [[B]]",1,,True,rationale_cot_3shot,,1
eb6fc008ef1a6621,a7c45a9138a889b7,61b38aa08ada0455,SocialIQa,social_cs,Mixed,Mixed,A,B,"Let's reason step by step: The given story does not provide enough context to determine Alex's exact reaction or action. However, since the options are about Alex's actions, we can infer that the most common and polite response would be to accept help. This points to option B. [[B]]",0,,True,rationale_cot_3shot,,1
679b73e07a55a4c0,e0b2575cc958fde6,a662df3a45155d49,SocialIQa,social_cs,Mixed,Mixed,C,C,"Let's reason step by step: From the story, Cameron shook Carson's head due to disbelief, indicating suspicion or doubt. This points to option C. [[C]]",1,,True,rationale_cot_3shot,,1
d8fe06a6534acfce,2a4a0cf732d9a323,9829b3234449287d,SocialIQa,social_cs,Mixed,Mixed,B,B,Let's reason step by step: Cameron getting out of the way when walking by suggests respect from others. This points to option B. [[B]],1,,True,rationale_cot_3shot,,1
78a97cbb3c4cf0bc,d8cbfad88e5aea11,118456b472c44f5b,SocialIQa,social_cs,Mixed,Mixed,B,C,"Let's reason step by step: Given the context, Cameron picked up his friend despite the flight delay, indicating he might feel helpful or relieved. However, the most fitting and common feeling among the options provided is happiness for not having to wait at the airport. This points to option C. [[C]]",0,,True,rationale_cot_3shot,,1
bbb355ab22edee92,ab38642f5c09c424,87c38fa092c4719e,SocialIQa,social_cs,Mixed,Mixed,B,A,"Let's reason step by step: In the story, Jesse stands by Carson to keep them company, indicating that Jesse is supportive. This suggests that Cameron, being Jesse's friend, would feel supported. This points to option A. [[A]]",0,,True,rationale_cot_3shot,,1
00d2757c7ff785ab,6b6ddd4f39cf219f,52a23f5558369f12,SocialIQa,social_cs,Mixed,Mixed,A,A,"Let's reason step by step: From the story, we understand that Bailey was helping Austin sleep after he was awake all night. This implies a caring or supportive action. Given this context, the most likely feeling for Bailey would be comforting. [[A]]",1,,True,rationale_cot_3shot,,1
6d95974aa9d0ac11,070a84e916349767,8eb7c013a0615bb5,SocialIQa,social_cs,Mixed,Mixed,C,C,[[C]],1,,True,rationale_cot_3shot,,1
dde131065793507a,16db24765ee5c230,e528dd315fe90300,SocialIQa,social_cs,Mixed,Mixed,C,C,"Let's reason step by step: Cameron's mother shouted that dinner was ready, indicating that Cameron should go eat dinner next. This points to option C. [[C]]",1,,True,rationale_cot_3shot,,1
9c1a015ff82ffc7c,5e6215a3f26c39c1,7c988b3829ed4e3f,SocialIQa,social_cs,Mixed,Mixed,B,C,"Let's reason step by step: Given the context of a Christmas party, the most logical action would be to ensure refreshments are available. This points to option C. [[C]]",0,,True,rationale_cot_3shot,,1
754323adae0c2773,ab709df3d2f4e3c8,77e824fc36515330,SocialIQa,social_cs,Mixed,Mixed,A,C,"Let's reason step by step: From the story, we understand that Kai wants to finish his food first, but the question asks about what others will want to do. Since Kai is the one deciding to finish his food, the others might follow his lead. This points to option C. [[C]]",0,,True,rationale_cot_3shot,,1
966c2fc980a0485c,61a74466305432c1,28daf0f1dc7298cb,SocialIQa,social_cs,Mixed,Mixed,C,A,"Let's reason step by step: The context provided does not indicate that Aubrey needs to do anything specific before taking the test. However, the logical inference from the given options is that she needs to prepare or understand the material. This points to option A. [[A]]",0,,True,rationale_cot_3shot,,1
cb0e55c20b7d6ad9,31a1b3848c473f8c,1e9cfa80e8291c69,SocialIQa,social_cs,Mixed,Mixed,B,B,"Let's reason step by step: Cameron interpreted science in a way that everyone in the class could understand, indicating an intention to share information. This points to option B. [[B]]",1,,True,rationale_cot_3shot,,1
9b8e8b02d47e2fc0,04421ad048f01a7d,3ec5da1d1fe5b399,SocialIQa,social_cs,Mixed,Mixed,B,B,"Let's reason step by step: In the story, Tracy takes Sydney to school. After dropping Sydney off, the most logical next action for Tracy would be to go to work. This points to option B. [[B]]",1,,True,rationale_cot_3shot,,1
6cd36b4f53da5769,c25382a4a19831d8,e24609fbb092946b,SocialIQa,social_cs,Mixed,Mixed,C,C,"Based on the story, Kendall snatched Sally's journal without permission, which indicates a lack of respect for others' belongings. This leads to the most fitting description being C. [[C]]",1,,True,rationale_cot_3shot,,1
2685caaebd84aaec,7fb5acaec6b664d3,1a621a0f07be3094,SocialIQa,social_cs,Mixed,Mixed,C,B,"Let's reason step by step: The story mentions that Quinn colored their hair red, which typically involves dyeing the hair, not combing or cutting it. Hair conditioner is not necessary for hair coloring. This points to option B. [[B]]",0,,True,rationale_cot_3shot,,1
46f0767f5751f68a,29167549d277e09b,317328d05d6958b6,SocialIQa,social_cs,Mixed,Mixed,C,A,"Let's reason step by step: In the story, Sydney is scared and surrounded by Kai. Given this context, the most logical action for Sydney would be to protect herself. This points to option A. [[A]]",0,,True,rationale_cot_3shot,,1
5cf646dd1554663c,2e226f2bbc3917e4,c4c134160cb46fb2,SocialIQa,social_cs,Mixed,Mixed,C,C,"Let's reason step by step: From the story, Jan took initiative to help low-income kids go to summer camp by raising money. This action suggests a positive intention and outcome. This points to option C. [[C]]",1,,True,rationale_cot_3shot,,1
7a6fabff377dfb6f,343075fddd065bc7,69af06a322d9d196,SocialIQa,social_cs,Mixed,Mixed,B,B,"Let's reason step by step: In the story, Jordan takes the man to the shoe store, implying that Jordan needs to pick up the man first. This points to option B. [[B]]",1,,True,rationale_cot_3shot,,1
54f9b8c0b1dde4b3,afd551481a010d33,39c05c50e99643d3,SocialIQa,social_cs,Mixed,Mixed,C,C,"Let's reason step by step: Analyzing the story and the context, the most likely feeling among Tracy's friends would be appreciative of Tracy's generosity. This points to option C. [[C]]",1,,True,rationale_cot_3shot,,1
527ec7b6f1a8c8c2,4a35d532430037ae,d2e25552afc13924,SocialIQa,social_cs,Mixed,Mixed,A,A,"Let's reason step by step: Given the context of the story, Tracy has already filled out a report about the crime. Therefore, the most logical next action would be to write down what happened. [[A]]",1,,True,rationale_cot_3shot,,1
63c09a9631ddb832,9c41eecd978c8b30,b228d5301687e3d1,SocialIQa,social_cs,Mixed,Mixed,C,A,Let's reason step by step: The story does not provide any information about Taylor or their actions. This points to option A as the most logical inference. [[A]],0,,True,rationale_cot_3shot,,1
488f0bea614b503b,e162590654f23440,b0a481ef3bee5680,SocialIQa,social_cs,Mixed,Mixed,C,C,"Let's reason step by step: The story mentions Cameron playing with a dog, which implies he needs to own a dog. This points to option C (be a playful person) as it's a prerequisite for playing with a dog, but it doesn't directly state that. However, since the options are limited and ""be a playful person"" is the closest logical prerequisite, we select C. [[",1,,True,rationale_cot_3shot,,1
1f4bef2fb5ded8a8,6dee4bcf36aef79b,b382d70ac4df2be8,SocialIQa,social_cs,Mixed,Mixed,B,B,"Let's reason step by step: Given that Riley made the fish, the logical next step would be to serve the meal. This points to option B. [[B]]",1,,True,rationale_cot_3shot,,1
e25d4e4ec67472c9,3fd8d65ade04fb76,a05b504e60c37416,SocialIQa,social_cs,Mixed,Mixed,A,C,"Let's reason step by step: From the story, we understand that Carson explained the concept more thoroughly for Robin, indicating Carson was trying to help. This suggests Carson would feel ready to work. [[C]]",0,,True,rationale_cot_3shot,,1
be84b0d105867407,563a99663e35f9c3,3e9be6550f62bb81,SocialIQa,social_cs,Mixed,Mixed,A,C,"Let's reason step by step: From the story, we understand that Jan's friends are paying more attention to Robin, but the story doesn't provide any direct information about Jan's feelings. However, since the context implies a positive change (friends paying more attention), Jan would likely feel happy for Robin. This points to option C. [[C]]",0,,True,rationale_cot_3shot,,1
afe3ed9a6084436b,41e2f185771bafae,016deba00f0ff020,SocialIQa,social_cs,Mixed,Mixed,B,B,"Let's reason step by step: Based on the context provided, Bailey needs to address the embarrassment he caused. This points to option B. [[B]]",1,,True,rationale_cot_3shot,,1
cde4881c0072078c,03b88284c6a4bfc2,c7ddfd9a79c982fa,SocialIQa,social_cs,Mixed,Mixed,B,B,"Let's reason step by step: From the story, Riley is described as a cop and having ""observant eyes,"" which implies he is being cautious or suspicious. This points to option B. [[B]]",1,,True,rationale_cot_3shot,,1
8174977d8556bd32,29de74c2c2be5a09,9410382524583729,SocialIQa,social_cs,Mixed,Mixed,C,C,"Based on the story, Austin was unhappy with his art project and focused on every tiny imperfection, which describes him as a perfectionist. Therefore, the answer is [[C]].",1,,True,rationale_cot_3shot,,1
09bb835603160dc5,9094d42416ef495c,1dc5a0417350a90d,SocialIQa,social_cs,Mixed,Mixed,B,B,"Let's reason step by step: Given that Kendall has just removed the president through a coup, others might react in different ways. However, the most logical immediate response would be to support the new situation or the rebellion. This points to option B. [[B]]",1,,True,rationale_cot_3shot,,1
638cfd57acb10b43,b3b8b9905dfef975,7407d6c57a4a3b84,SocialIQa,social_cs,Mixed,Mixed,C,C,"Let's reason step by step: Given the context, the most logical inference is that others would want to provide advice. This points to option C. [[C]]",1,,True,rationale_cot_3shot,,1
a6238c7c0e5dceb1,5920cd06be53069c,95984c9e2950d9fe,SocialIQa,social_cs,Mixed,Mixed,B,B,"Let's reason step by step: From the story, we know that Cameron picked Robin up from the airport, so the most logical outcome is that Robin will be in Cameron's car. This points to option B. [[B]]",1,,True,rationale_cot_3shot,,1
b66764ddc80ba57e,cfb27d9690b2e5c5,5cd90f272be2f66b,SocialIQa,social_cs,Mixed,Mixed,C,C,"Let's reason step by step: From the story, Cameron read a book about the crusades, indicating their interest or purpose was related to learning about the crusades. This points to option C. [[C]]",1,,True,rationale_cot_3shot,,1
218d0dc329875184,9fc6a47623dbece2,3e79b419e10c8b33,SocialIQa,social_cs,Mixed,Mixed,A,A,"Let's reason step by step: From the story, we understand that Remy gave Casey's interpretation to the guests during the speech. This implies that Remy must have had Casey's words beforehand. This points to option A. [[A]]",1,,True,rationale_cot_3shot,,1
dd525704b0c2ce21,6891b4923beac084,be2f610601a99148,SocialIQa,social_cs,Mixed,Mixed,A,A,"Let's reason step by step: Based on the story, Sasha set their friend's house on fire to show them they did not like them, which indicates anger. This points to option A. [[A]]",1,,True,rationale_cot_3shot,,1
63166458172430c2,ccf8e7473830f303,a84edb0c29dd21ce,SocialIQa,social_cs,Mixed,Mixed,A,A,"Let's reason step by step: Given the context that Taylor and their co-worker are best friends and they got lunch together, it's reasonable to assume they might want to continue their social interaction or catch up. However, without more specific context about their preferences or the situation, we can't definitively choose one over the others. But based on common behavior, the most likely answer is A. [[",1,,True,rationale_cot_3shot,,1
4c882437d2319622,46932838dad49733,d2fe14c96170c8e3,SocialIQa,social_cs,Mixed,Mixed,A,A,"Let's reason step by step: Based on the information provided, Austin was invited to meet someone at the beach. The natural next step for someone invited to a location would be to go there. This points to option A. [[A]]",1,,True,rationale_cot_3shot,,1
7559e08714c395c1,c73aaaeb1b42e706,82269729d4b6c9d3,SocialIQa,social_cs,Mixed,Mixed,C,C,"Let's reason step by step: From the story, we understand that Cameron left the Halloween party early and drove home quickly, but there is no information about a sick dog or taking a child to the doctor. This points to option C. [[C]]",1,,True,rationale_cot_3shot,,1
d7ccf82a4722cfcc,6442d6a7af911c38,ac97dba6a552a7d1,SocialIQa,social_cs,Mixed,Mixed,C,C,"Let's reason step by step: Kai took action to help Carson, which suggests a sense of accomplishment. This points to option C. [[C]]",1,,True,rationale_cot_3shot,,1
e8d81e200bff72a4,9b644f7cca4290a7,7c9b027f7ac5d652,SocialIQa,social_cs,Mixed,Mixed,A,A,"Based on the story provided, none of the given answers directly follow from the context. However, the most logical inference based on excitement about starting middle school is that Remy needs to be prepared or ready. Since option A is the closest to implying preparation, the answer would be:

[[A]]",1,,True,rationale_cot_3shot,,1
06c3e9cba0dc9dd8,442967a00fe01b03,a61db34148e6b793,SocialIQa,social_cs,Mixed,Mixed,B,B,"Let's reason step by step: In the given story, there is no information about the reaction or actions of ""Others"" (presumably referring to the person Taylor gave a kiss to). However, based on common social norms, the most likely answer is that the partner will go to sleep after wishing a goodnight. This points to option B. [[B]]",1,,True,rationale_cot_3shot,,1
6e3f772a52098656,b336fbb5fb009a96,8062dfae73d1f86b,SocialIQa,social_cs,Mixed,Mixed,B,B,"Let's reason step by step: From the story, we understand that Jordan received a promotion due to Sasha's improvement of his status. This implies a positive outcome. Given this context, the most likely feeling would be gratitude. This points to option B. [[B]]",1,,True,rationale_cot_3shot,,1
b56b5070b64b6cc4,5c7abf2186a38808,31eb11a1613b7314,SocialIQa,social_cs,Mixed,Mixed,B,B,"Let's reason step by step: Based on the story, Remy had a good talk with Aubrey and Aubrey understood Remy better. This implies a positive outcome. This points to option B. [[B]]",1,,True,rationale_cot_3shot,,1
4c822c017f547d09,ca33ae260937d9f3,3f87a8389532e03a,SocialIQa,social_cs,Mixed,Mixed,B,B,"Let's reason step by step: Given the context that Kendall got a new sports car and was eager to show friends, the most logical action would be to demonstrate the car. This points to option B. [[B]]",1,,True,rationale_cot_3shot,,1
d2a3b085cdd45206,85e2f43fea51bb07,1b0bdf5d79e1437c,SocialIQa,social_cs,Mixed,Mixed,C,C,"Let's reason step by step: Based on the story, Aubrey kept the baby up at night by playing loud music on her guitar, which suggests she did not consider the baby's sleep or the impact on others. This implies that Aubrey does not care about others. [[C]]",1,,True,rationale_cot_3shot,,1
5bb32b8580b31bb5,d6b8da0808ec9b78,2280de7256a14a01,SocialIQa,social_cs,Mixed,Mixed,C,C,"Let's reason step by step: The phrase ""gave someone the runaround"" means to avoid giving a straightforward answer or refusing to deal with someone directly. Given this context, the most likely outcome for Casey is that they will be confused about Jordan's actions. This points to option C. [[C]]",1,,True,rationale_cot_3shot,,1
8b745ec80dc855d6,516d423fc41175f7,cb9ab38bc0442563,SocialIQa,social_cs,Mixed,Mixed,A,B,"Let's reason step by step: Given that Bailey expressed her anger and had enough, the most likely response from the others would be to release pressure or avoid further conflict. This points to option B. [[B]]",0,,True,rationale_cot_3shot,,1
69f25c71c58cf552,a4ed2a6e0560dabb,d459d20167f5f375,SocialIQa,social_cs,Mixed,Mixed,C,C,"Let's reason step by step: Given the context of Quinn murdering Remy's wife due to stolen money, the most logical feeling for Remy would be anger. This points to option C. [[C]]",1,,True,rationale_cot_3shot,,1
60c08fd29b5753ff,72b52842cc708c2c,b37c002d5697d388,SocialIQa,social_cs,Mixed,Mixed,C,A,"Let's reason step by step: However, based on the given story, there is no information provided that suggests Addison's feelings or actions. The most logical inference from the context is that Addison wants to include Austin in their group. Therefore, the answer should be A. [[A]]",0,,True,rationale_cot_3shot,,1
6091a2920c30fe0f,b4d326394291d8e4,95a61f647558626f,SocialIQa,social_cs,Mixed,Mixed,C,C,"Let's reason step by step: Based on the story, Addison has already eaten their bread and had a drink of water. Typically, after such a meal, one might feel satisfied or full. This points to option C. [[C]]",1,,True,rationale_cot_3shot,,1
41880da259a1d894,6322855fe102599f,3c214a15df4f1ab7,SocialIQa,social_cs,Mixed,Mixed,B,B,"Let's reason step by step: Given that Carson ordered a large pizza for dinner, the most logical next action would be to prepare or eat the pizza. However, among the given options, the closest action that follows logically from ordering a pizza is washing hands before dinner. 

Therefore, the answer is [[B]].",1,,True,rationale_cot_3shot,,1
2cf66417c95c465d,68016f5a93d93fc0,b8f577103afe1b83,SocialIQa,social_cs,Mixed,Mixed,B,B,"Let's reason step by step: From the story, we understand that Taylor was dismissed as king for committing a crime, but the exact consequence (like serving time) isn't specified. However, the most likely answer based on the context is B. [[B]]",1,,True,rationale_cot_3shot,,1
9b56329c5aa9e039,05fad967e2294e4c,ff47141b17c0fc10,SocialIQa,social_cs,Mixed,Mixed,A,B,"Let's reason step by step: The story doesn't provide enough context to determine Casey's feelings towards his friend or if he watched television. However, gathering materials for a crime is a logical next step after considering such a drastic action. Therefore, the most likely answer is B. [[B]]",0,,True,rationale_cot_3shot,,1
9796aa31a6e9649a,c2c73a40b33f87dd,d24ed318193a207c,SocialIQa,social_cs,Mixed,Mixed,C,C,"Let's reason step by step: From the story, we understand that Cameron got out of the way of their boss, indicating a proactive and possibly defensive attitude. However, the story doesn't provide direct insight into Cameron's feelings or personality traits. But based on the action, the most logical inference is that Cameron might feel scared. [[C]]",1,,True,rationale_cot_3shot,,1
c7994688a195c643,a4b7a6ea3b155ef6,920a080a9e33764a,SocialIQa,social_cs,Mixed,Mixed,C,C,"Let's reason step by step: Given that Remy played darts for an hour, the most logical next action would be to clean up or put the darts away. This points to option C. [[C]]",1,,True,rationale_cot_3shot,,1
cb12d9e024e0157e,6736f85e7439d470,bf0125e5be7aae62,SocialIQa,social_cs,Mixed,Mixed,C,C,"Let's reason step by step: Given that the others were happy with their purchases, the most logical inference is that they would continue to be satisfied. This points to option C. [[C]]",1,,True,rationale_cot_3shot,,1
7e6ac3a62cb2bb72,ae0244e5750863c7,226ad762760dde29,SocialIQa,social_cs,Mixed,Mixed,A,C,"Let's reason step by step: Based on the story, Lee prevented an accident, which implies a positive outcome. This suggests Lee would feel good about saving Kai. This points to option C. [[C]]",0,,True,rationale_cot_3shot,,1
0bb03b0393b72a3c,c5801870fdddd29c,8d226d546c9aa98c,SocialIQa,social_cs,Mixed,Mixed,A,B,"Let's reason step by step: From the story, Carson tried to fight Robin, indicating he was under the influence of alcohol. This suggests he might be drunk. However, the term ""drunkard"" is more of a general description and not necessarily the best fit for describing Carson's state or actions. Given the context, the most fitting answer is B. [[B]]",0,,True,rationale_cot_3shot,,1
66221f918083f1bd,b1428f3d0cbaa9de,262e1926264515da,SocialIQa,social_cs,Mixed,Mixed,A,C,Let's reason step by step: The story does not provide any information about Carson's feelings or thoughts after playing video games. This points to option C. [[C]],0,,True,rationale_cot_3shot,,1
4f1db69f22adc768,95078e0d977150db,a022feaddf2e231e,SocialIQa,social_cs,Mixed,Mixed,A,C,"Let's reason step by step: From the story, we understand that Alex left Robin's side to make a phone call, but the story doesn't provide enough context to infer Alex's next actions. However, based on typical human behavior, the most plausible answer is that Alex wants to update people. [[C]]",0,,True,rationale_cot_3shot,,1
c748da852dd2141d,3e20b084276495ad,647182d1fce799bc,SocialIQa,social_cs,Mixed,Mixed,C,C,"Let's reason step by step: In the story, Addison regards every comment made, which implies that Addison is attentive and appreciative towards others' comments. This suggests a positive and considerate attitude. This points to option C. [[C]]",1,,True,rationale_cot_3shot,,1
e5dbb5a0a91fb21d,827caa2324b459bf,58f95c9aa9c4d7c6,SocialIQa,social_cs,Mixed,Mixed,C,A,"Let's reason step by step: Given that Kai wants everything on their list for Christmas, the logical next step would be to go shopping for those items. This points to option A. [[A]]",0,,True,rationale_cot_3shot,,1
27e9414670b1cb6b,89e53b945e76e0f5,59fcea9557d2f345,SocialIQa,social_cs,Mixed,Mixed,B,B,"Let's reason step by step: From the story, Jordan went to a baseball card shop to try something new, implying he was looking for a new activity or hobby. This points to option B. [[B]]",1,,True,rationale_cot_3shot,,1
29785314a5d141bb,c32831f1f2d7db41,b2fc3af75804d178,SocialIQa,social_cs,Mixed,Mixed,C,C,"Let's reason step by step: Given the context that Jordan kept Carson up all night playing video games, the most logical action for Jordan to take next would be to rest after such an exhausting effort. This points to option C. [[C]]",1,,True,rationale_cot_3shot,,1
86f9cf74f1393b18,6ef559bc895bd6b9,83fb9003285318bb,SocialIQa,social_cs,Mixed,Mixed,C,C,"Let's reason step by step: Given that Jordan left work early in the summer and it was still sunny, the most logical next action would be to enjoy the nice weather. This points to option C. [[C]]",1,,True,rationale_cot_3shot,,1
907b9171d5b5e213,6000f1f0cdf80bfb,1e30706872a23dcc,SocialIQa,social_cs,Mixed,Mixed,A,B,"Let's reason step by step: Based on the context that Alex grew closer to their significant other after the vacation, the most likely feeling would be happiness. This points to option B. [[B]]",0,,True,rationale_cot_3shot,,1
3638067de804cadd,9bf54c1c57a3dcbc,ce59cf0c87d02788,SocialIQa,social_cs,Mixed,Mixed,C,C,"Let's reason step by step: Based on the story, Jesse committed arson, which is a serious crime. This points to option C. [[C]]",1,,True,rationale_cot_3shot,,1
218f557e48c9348b,fbedfe2a70eb9e4f,64bf3d075e2d4962,SocialIQa,social_cs,Mixed,Mixed,C,C,"Let's reason step by step: The story mentions that Riley talked to their friends about the big dance, which indicates excitement or anticipation. This suggests Riley is feeling joyful. [[C]]",1,,True,rationale_cot_3shot,,1
762260b930920eed,3520e62ff2d3ac28,ba1a5bf0c9bb7085,SocialIQa,social_cs,Mixed,Mixed,B,B,"Let's reason step by step: In the story, Addison threw a pie at the character, but there's no indication about what they want to do next. However, based on common behavior, the most logical next action would be to continue their part. [[B]]",1,,True,rationale_cot_3shot,,1
fe8d1620115aadaa,aec49e8dd0ccaa71,3907049f3eabe0f3,SocialIQa,social_cs,Mixed,Mixed,C,C,"Let's reason step by step: Based on the story provided, Kai saw the new Lee movie at the movies. This implies that Kai enjoyed the movie she went to see. Therefore, the correct answer is C. [[C]]",1,,True,rationale_cot_3shot,,1
b3f90b2a65dd6bdf,4b223616b2bf735c,461de1191f84581c,SocialIQa,social_cs,Mixed,Mixed,A,A,"Let's reason step by step: The story does not provide information about other people or their actions. However, based on typical social behavior, the most likely answer is that others will watch the game. [[A]]",1,,True,rationale_cot_3shot,,1
6b45dfe077c7f535,eb7b3b72f6ea8468,b4b377689905ee27,SocialIQa,social_cs,Mixed,Mixed,B,B,"Let's reason step by step: From the story, we understand that Remy answered correctly, but the question asks how others might feel. Given the context, the most fitting answer is that others would feel like Remy answered the question. [[B]]",1,,True,rationale_cot_3shot,,1
f207606f5a7cf768,15a1259ca38941f6,e7b8c2536c9d1db1,SocialIQa,social_cs,Mixed,Mixed,C,B,"Let's reason step by step: Given that Bailey is Jesse's driving instructor, the most logical next action would be related to driving practice. This points to option B. [[B]]",0,,True,rationale_cot_3shot,,1
1806eb009d931b2c,6ed9724178def683,d8521481ce496f81,SocialIQa,social_cs,Mixed,Mixed,B,C,"Let's reason step by step: The story indicates that Bailey is excited to show photos to others, implying she has taken them. This suggests she needs to get her photos developed before showing them. [[C]]",0,,True,rationale_cot_3shot,,1
602e46bc953936c7,ccd9b29769fb49f1,6d99270a88155862,SocialIQa,social_cs,Mixed,Mixed,C,C,"Let's reason step by step: Based on the story, Tracy gave something to their friend because they were not going to need it anymore. This implies Tracy needed to ensure their friend would want it first. This points to option C. [[C]]",1,,True,rationale_cot_3shot,,1
bdb0bcbdf78c2549,f69caf30a85396fb,e61c95c5c50da89c,SocialIQa,social_cs,Mixed,Mixed,C,C,"Let's reason step by step: In the story, Kendall is described as keeping the conversation going by asking open-ended questions. Typically, when someone asks open-ended questions, others tend to respond with detailed answers or more questions. This points to option C. [[C]]",1,,True,rationale_cot_3shot,,1
d94585ac8df0bef2-1,bf0c2e33342b041d,c7f03b2608a87395,SocialIQa,social_cs,Mixed,Mixed,A,B,"Let's reason step by step: Given the context that Jan was best friends with a girl from the same school for years, others might want to maintain this friendship. This points to option B. [[B]]",0,,True,rationale_cot_3shot,,1
a0693155acad2f90,af8ddb764c2895dd,89db5b7e2f0b5455,SocialIQa,social_cs,Mixed,Mixed,A,A,[[A]],1,,True,rationale_cot_3shot,,1
539695d189431fbc,95c3df66a618cd6d,d606f717bff368b2,SocialIQa,social_cs,Mixed,Mixed,C,A,"Let's reason step by step: Based on the context provided, Sydney is asking Ash if he can use a dollar to buy candy for himself. This implies that Ash wants to buy candy. Therefore, the most logical next action for Ash would be to go out and buy candy. However, since the options don't include ""go out and buy candy,"" the closest answer is A. [[A]]",0,,True,rationale_cot_3shot,,1
b31e4cfb9c27952e,5b458abcf176ff35,978d7971b8eb1c13,SocialIQa,social_cs,Mixed,Mixed,B,B,"Let's reason step by step: From the story, we understand that Remy's action was appreciated and helpful. This points to option B. [[B]]",1,,True,rationale_cot_3shot,,1
ad797c1c7aae59e7,f6115836ea26d0c1,0ac5c25f718658a0,SocialIQa,social_cs,Mixed,Mixed,B,C,"Let's reason step by step: Given that Taylor based their experience on being kidnapped and held for ransom, it suggests a traumatic event. People often feel sad or empathetic after such experiences. However, the phrasing of the question implies a direct emotional response. This points to option C. [[C]]",0,,True,rationale_cot_3shot,,1
cac1c26e884bcae3,2bbd8b8b76cd7061,6c056d18d5d3d9e7,SocialIQa,social_cs,Mixed,Mixed,C,C,"Let's reason step by step: From the story, Kai initially tries to protect Kendall's feelings by not telling her the truth, but he eventually tells the truth anyway. This suggests that Kai is trying to be considerate and protective, even if it means breaking a promise. This points to option C. [[C]]",1,,True,rationale_cot_3shot,,1
fd18d77e8718b279,10d3cc17e97e9fc7,62656cdb0b9ac6cb,SocialIQa,social_cs,Mixed,Mixed,B,B,"Let's reason step by step: From the story, Cameron feels satisfied with Bailey's work while grading. This indicates that Cameron is likely a good teacher. This points to option B. [[B]]",1,,True,rationale_cot_3shot,,1
94c34cffcdb825fc,2af08214ba62fbf4,e04bd3b728a99fc7,SocialIQa,social_cs,Mixed,Mixed,B,A,"Let's reason step by step: From the story, we understand that Alex provided car washing service to Sasha despite the rain, indicating generosity. Sasha might feel happy about getting a pre-rain wash. This points to option A and B. However, there's no indication that Sasha would be angry at Alex. Therefore, the most likely answer is A. [[A]]",0,,True,rationale_cot_3shot,,1
dec90f2b62e60c7a,d74571bfe1449d10,0d50bad8476ab365,SocialIQa,social_cs,Mixed,Mixed,C,C,"Based on the context provided, the most logical action for Taylor would be to get ready for work. Therefore, the answer is:

[[C]]",1,,True,rationale_cot_3shot,,1
e83e86ca82b49dd6,d79cb89550b8c823,79123714f97602db,SocialIQa,social_cs,Mixed,Mixed,B,B,"Let's reason step by step: Given that Quinn has just moved to a new house, the most logical next action would be to unpack their things. This points to option B. [[B]]",1,,True,rationale_cot_3shot,,1
fd1b950e2bdc1abf,567301569aa60804,9c4aa9b41ca29e0b,SocialIQa,social_cs,Mixed,Mixed,B,A,"Let's reason step by step: Based on the story, Austin found that the belt didn't fit, so the most logical inference is that they will need to make a change. This points to option A. [[A]]",0,,True,rationale_cot_3shot,,1
18254ace2b5f4907,14bb471ae9944e10,7386e09bb7fde356,SocialIQa,social_cs,Mixed,Mixed,C,B,"Let's reason step by step: Given the context that Jan's parents want to see their daughter and spend quality time with her, the most likely answer is B. [[B]]",0,,True,rationale_cot_3shot,,1
9e2d7ca8aedfd5f3,78360bdef481c1b9,2cf7f70d170ddec2,SocialIQa,social_cs,Mixed,Mixed,C,C,"Let's reason step by step: Given the context that Carson was speeding and was pulled over, the most logical action would be to avoid paying the ticket. This points to option C. [[C]]",1,,True,rationale_cot_3shot,,1
794cea50cbbce1f9,7292c12f1f2cda43,a66386f97bc06b53,SocialIQa,social_cs,Mixed,Mixed,A,A,"Let's reason step by step: From the story, Riley is looking at Jesse with watchful eyes, which suggests suspicion or caution. This points to option A. [[A]]",1,,True,rationale_cot_3shot,,1
490baf666eb14263,c8957fa7d32edee2,74fb34cfbac93c69,SocialIQa,social_cs,Mixed,Mixed,A,A,"Let's reason step by step: From the story, we understand that Sasha is getting a tutor for history because she is improving slowly. This implies that before this, Sasha was not doing well in history. This points to option A. [[A]]",1,,True,rationale_cot_3shot,,1
0e930d42179ac515,2984958df6a1fb89,078101b008dc2551,SocialIQa,social_cs,Mixed,Mixed,C,C,"Based on the information that Sydney took a class on plants at the college, the most fitting description would be that she is educated. [[C]]",1,,True,rationale_cot_3shot,,1
ef5d0a7207616514,ac6d5db9e9640936,0b3a82e75e3c7fb3,SocialIQa,social_cs,Mixed,Mixed,C,B,"Let's reason step by step: Given that Lee gave birth to ten babies over a span of ten years, the most fitting description from the given options would be caring. [[B]]",0,,True,rationale_cot_3shot,,1
da0c3937053f839a,ba0fd5e19350f314,f2ee8add9f3d8dba,SocialIQa,social_cs,Mixed,Mixed,C,C,"Let's reason step by step: In the story, Taylor gives a high five after his friend makes a basket. This implies that Taylor must have been playing the game and thrown the ball to his friend. This points to option C. [[C]]",1,,True,rationale_cot_3shot,,1
e4581f9f749dac81,0ba345b80656beb3,d1a7c639fe4ee341,SocialIQa,social_cs,Mixed,Mixed,B,B,"Let's reason step by step: From the story, it's clear that Quinn's actions (getting into a fight and rubbing salt in the wound) would likely make the friend feel upset. This points to option B. [[B]]",1,,True,rationale_cot_3shot,,1
4c616d92b7c26d01,b3e958d31a4ce796,7ac7ff213f00a11d,SocialIQa,social_cs,Mixed,Mixed,A,B,"Let's reason step by step: From the story, we understand that Cameron was challenged to a duel, which implies he is brave enough to accept the challenge. This suggests he is not scared. Also, the fact that he had to ""put up or shut up"" indicates he is decisive and confident. Therefore, the most fitting description is B. as smart. [[B]]",0,,True,rationale_cot_3shot,,1
3cd6319007ac75a5,6dade4a53ccfce1c,2c1503373f70aa32,SocialIQa,social_cs,Mixed,Mixed,C,C,"Let's reason step by step: From the story, we understand that Remy answered the question happily, but the story does not provide enough context to determine if it was because they knew the answer or simply felt happy. This points to option C. [[C]]",1,,True,rationale_cot_3shot,,1
07929d24f079f593,28b6c710711ad6cb,4d84ee505a66f88b,SocialIQa,social_cs,Mixed,Mixed,C,C,"Let's reason step by step: Given the context, the most likely action from others would be to console Quinn after he corrected himself. This points to option C. [[C]]",1,,True,rationale_cot_3shot,,1
69ba94f05b2182ee,50c32dadf9bd1619,dbc823077772639d,SocialIQa,social_cs,Mixed,Mixed,C,A,"Based on the information provided, the most logical inference is that others might be inspired by Riley's popularity to emulate her behavior. This leads to option A. [[A]]",0,,True,rationale_cot_3shot,,1
e0a07d7315b76fcb,14fe618d13a95320,8c2b6b57e9206b81,SocialIQa,social_cs,Mixed,Mixed,C,C,"Let's reason step by step: From the story, we understand that Taylor is waiting for the birth of his child and will keep Quinn updated. However, the story doesn't specify what Taylor needs to do before this. But based on the context, the most logical action would be to go to the hospital. [[C]]",1,,True,rationale_cot_3shot,,1
8241c65769134712,029dd68a2b666285,0da097bd2f87b159,SocialIQa,social_cs,Mixed,Mixed,A,A,"Let's reason step by step: Based on the story, Tracy threw doubts on the history, which implies she needs to have some form of knowledge or evidence to support her doubts. However, the story doesn't specify how Tracy formed these doubts. Therefore, the most logical inference is that she needs to do research. [[A]]",1,,True,rationale_cot_3shot,,1
20cb8af09a6904a2,6807c91fc6a530c8,0c6dd60cacbd2a3b,SocialIQa,social_cs,Mixed,Mixed,C,C,"Let's reason step by step: From the story, we can infer that Quinn is enjoying outdoor activities like making snow angels and snowballs, which suggests a lighthearted and carefree attitude towards nature. This points to option C. [[C]]",1,,True,rationale_cot_3shot,,1
56f0568bd54940cf,2286d9cda1ca2739,be26cc52453dc112,SocialIQa,social_cs,Mixed,Mixed,C,C,"Let's reason step by step: Based on the context of being unable to contribute to a heated argument, Riley might want to address the situation by getting her turn to speak. This points to option C. [[C]]",1,,True,rationale_cot_3shot,,1
e20f88a8f03cb2cf,310874d2dd20c9f4,02408b0aaf4d5384,SocialIQa,social_cs,Mixed,Mixed,C,C,"Let's reason step by step: Based on the story, Remy has already given her account to Skylar for checking into the hotel. Therefore, the logical next action would be to get the key from Skylar. [[C]]",1,,True,rationale_cot_3shot,,1
933a8b190adbc4c5,5235ab158493589e,dab1fc645a225d17,SocialIQa,social_cs,Mixed,Mixed,C,C,"Let's reason step by step: Given the context that the girls might react to the vandalism, the most logical and common response would be to report the incident. This points to option C. [[C]]",1,,True,rationale_cot_3shot,,1
41bc638eb424722d,9f4ea401c928020c,4eab5d491f327802,SocialIQa,social_cs,Mixed,Mixed,B,B,"Let's reason step by step: Based on the story, Cameron thought about getting a motorcycle, so the most likely answer is that Cameron will consider buying Jan's motorcycle. This points to option B. [[B]]",1,,True,rationale_cot_3shot,,1
4029b2f7cc8faa18,aa281d8b9e3f7744,0c5cfb707556bd1b,SocialIQa,social_cs,Mixed,Mixed,A,D,"Let's reason step by step: However, the story does not provide enough context to determine Alex's next action. This points to option D. [[D]]",0,,True,rationale_cot_3shot,,1
b80807fba0ad3f6e,bb7c55469a2e0290,51fc51e6b78c929c,SocialIQa,social_cs,Mixed,Mixed,A,A,"Let's reason step by step: In the story, Kendall acts kindly and compassionately by wrapping a scarf around someone's neck. Given that Kendall is described as a nice and caring person, others would likely feel positively about her actions. This points to option A. [[A]]",1,,True,rationale_cot_3shot,,1
0078124fff0de11d,c0fe4f882f11b54b,81653d796942f843,SocialIQa,social_cs,Mixed,Mixed,A,B,"Let's reason step by step: Given that Bailey overslept and missed his appointment, the logical steps he needs to take are to either reschedule the interview or call and apologize. However, the most immediate action would be to try to reschedule the interview. This points to option B. [[B]]",0,,True,rationale_cot_3shot,,1
628203005bdf9e4a,85f441d1506899cb,08a456eb37435640,SocialIQa,social_cs,Mixed,Mixed,B,B,"Let's reason step by step: Given the context that Kai's friends convinced them to stay, the most logical inference is that the others will want to keep Kai company. This points to option B. [[B]]",1,,True,rationale_cot_3shot,,1
1ffb2c03af6c09a1,f9e67d4c3ff768fd,b6dfd018ffaad348,SocialIQa,social_cs,Mixed,Mixed,B,C,"Let's reason step by step: Based on the context provided, Robin has just initiated a kiss with Ash. Typically, after such an action, the person initiating the interaction might want to continue or pull away. However, without additional context about the relationship or Robin's intentions, the most logical inference is that Robin wants to pull away. This points to option C. [[C]]",0,,True,rationale_cot_3shot,,1
a562e20743629bed,85ec257cd4e7b2a7,273a439aad63acfa,SocialIQa,social_cs,Mixed,Mixed,B,C,"Let's reason step by step: Given Jesse's anger and the fact that he set the car on fire, the most logical next action would be to get revenge. This points to option C. [[C]]",0,,True,rationale_cot_3shot,,1
23117f702bc745f0,fa7314f4cb34b4bb,5c09d7b223aa69d2,SocialIQa,social_cs,Mixed,Mixed,C,C,"Let's reason step by step: Given the context, Kendall is likely to be upset or angry about Jesse using their phone without permission. This suggests the most probable action is to lock their phone. [[C]]",1,,True,rationale_cot_3shot,,1
106b31e70efd1388,d52773c31156abf3,616c90d889787c67,SocialIQa,social_cs,Mixed,Mixed,B,B,"Let's reason step by step: In the story, Robin allows Carson to explain in detail. This suggests Robin is interested in the explanation. This points to option B. [[B]]",1,,True,rationale_cot_3shot,,1
5b761835bc941e1a,bd0e10c92f683a61,1d5413f2e6e3c553,SocialIQa,social_cs,Mixed,Mixed,B,A,"Let's reason step by step: From the story, Kai felt she was missing something and discovered she lost her wallet, indicating anxiety and concern. This points to option A. [[A]]",0,,True,rationale_cot_3shot,,1
1563f1ebdf754ff9,d49274fdb5eb747f,ed481eef5a4bcde6,SocialIQa,social_cs,Mixed,Mixed,B,B,"Let's reason step by step: Skylar wants to go out without permission, so the logical next action would be to sneak out. This points to option B. [[B]]",1,,True,rationale_cot_3shot,,1
262b18cd36867c45,443ed11f8b312845,68b78e80ac1cb503,SocialIQa,social_cs,Mixed,Mixed,A,A,"Let's reason step by step: From the story, we understand that Kendall likes houseplants and adds water to jars to remove fluoride. However, the story does not provide any information about Kendall's pets or her actions regarding them. It also doesn't mention gathering jars. Therefore, the most logical inference is that Kendall would want to water her plants. [[A]]",1,,True,rationale_cot_3shot,,1
86f1decab86a24a7,a7be43975ab4a798,b55848f95727b867,SocialIQa,social_cs,Mixed,Mixed,A,C,"Let's reason step by step: The story states that Jan gave birth to a daughter, but it does not provide any context or reason for why she did so. Therefore, the most logical inference based on the given information is that Jan did this without intention. This points to option C. [[C]]",0,,True,rationale_cot_3shot,,1
415a6aa9065d439d,59ff09737fbac7c6,6fd7fc7186fd4fc2,SocialIQa,social_cs,Mixed,Mixed,C,C,"Let's reason step by step: Given the context that Aubrey met a friend alone at the park, others might feel curious about the situation. This points to option C. [[C]]",1,,True,rationale_cot_3shot,,1
2771c83ae2ca448e,34f95f752d5c84ea,27649800ed284354,SocialIQa,social_cs,Mixed,Mixed,A,A,"Let's reason step by step: Given that Robin is very good at playing the flute and can play it long, it implies Robin has had significant practice. This points to option A. [[A]]",1,,True,rationale_cot_3shot,,1
f50825ea3705194a,6f2543baf51dcb63,33c21e5b60bec561,SocialIQa,social_cs,Mixed,Mixed,B,A,"Based on the story, Taylor helped a friend move, which suggests they are caring and did a good deed. This leads to the most fitting description being:

[[A]]",0,,True,rationale_cot_3shot,,1
94c2d27ce47de3a2,3c021d694ebc2f21,49b8ce77f2fb45cb,SocialIQa,social_cs,Mixed,Mixed,B,B,"Let's reason step by step: Given the context that Riley is suspicious of the situation and observing Jesse with ""observant eyes,"" Jesse might feel threatened or uncomfortable. This points to option B. [[B]]",1,,True,rationale_cot_3shot,,1
a4bcb2354d62cf67,fc132ac140ea9a5e,61f095123b324b02,SocialIQa,social_cs,Mixed,Mixed,C,C,"Based on the story, Casey gave money to Jesse, which indicates that Casey is giving. Therefore, the answer is [[C]].",1,,True,rationale_cot_3shot,,1
3105b6d5f6dbdbb9,d0b930f467b5dad4,bec1d8f59330d52e,SocialIQa,social_cs,Mixed,Mixed,A,B,"Based on the story provided, the most logical action Tracy needs to take is:

[Answer] B. Drop the kids off at school

[[B]]",0,,True,rationale_cot_3shot,,1
cf4c6ec01e65a325,d55a87278b07a693,8305b4a38945658c,SocialIQa,social_cs,Mixed,Mixed,A,A,"Let's reason step by step: From the story, Aubrey is glad to maintain her privacy, which implies she feels good about keeping the information secret. This points to option A. [[A]]",1,,True,rationale_cot_3shot,,1
2c1e568395175329,2a3fdd956c193dd6,9852f1d7a9cfc652,SocialIQa,social_cs,Mixed,Mixed,A,B,"Let's reason step by step: Based on the story, Aubrey takes many medications, which indicates that she is someone who frequently needs medical attention. This suggests she is not 'normal' or 'stupid'. Therefore, the most appropriate description is 'weird'. [[B]]",0,,True,rationale_cot_3shot,,1
57f4c00e69391b73,949d2728061c1a03,678f5e91ce11c9a4,SocialIQa,social_cs,Mixed,Mixed,A,C,"Let's reason step by step: Given the context that Robin refused to pay her share, the most likely action from others would be to address the situation directly. However, among the given options, the closest inference is to save money, as it implies a collective effort to manage the expense. This points to option C. [[C]]",0,,True,rationale_cot_3shot,,1
36eb9bd4d21b56e2,4adf53d61d3f4b01,a2dd222cd57766b6,SocialIQa,social_cs,Mixed,Mixed,A,A,"Let's reason step by step: From the story, we understand that Kendall went home with Jan's friends, which implies he had a good time and enjoyed their company. This suggests he has a good social group. Therefore, the most fitting answer is A. [[A]]",1,,True,rationale_cot_3shot,,1
52b2ad3e7e1d40e9,8ed2d9103c7da619,411f125511974942,SocialIQa,social_cs,Mixed,Mixed,A,A,"Let's reason step by step: Given that Riley decided to call the doctor due to feeling hurt, the logical next step would be to get medical advice. This points to option A. [[A]]",1,,True,rationale_cot_3shot,,1
da584e963d40e085,c8cf8ac803b78ab5,fa3369749437ccc7,SocialIQa,social_cs,Mixed,Mixed,C,C,[[C]],1,,True,rationale_cot_3shot,,1
c5d0c7c09cd1c85b,9897c172beeeb1e4,f2d2674b90f3287b,SocialIQa,social_cs,Mixed,Mixed,B,B,"Let's reason step by step: In the given story, there is no information about the reaction of others or any action they might take. This makes options A, C, and B uncertain without more context. Therefore, the most logical inference based on the provided information is that others might reciprocate the gesture. This points to option B. [[B]]",1,,True,rationale_cot_3shot,,1
bcbf9fbcde1e4e44,68c432fa51d6d835,f8844e8b2c5d2ed2,SocialIQa,social_cs,Mixed,Mixed,C,C,"Let's reason step by step: The phrase ""made a mountain out of a molehill"" implies exaggeration or overreaction. Given Sydney's dramatic nature, others would likely feel annoyed by her reaction. This points to option C. [[C]]",1,,True,rationale_cot_3shot,,1
d51886b58191ab1e,cb7a5ae85680eaf4,de056f77ddb594b1,SocialIQa,social_cs,Mixed,Mixed,A,A,"Let's reason step by step: Based on the story, Robin changed Aubrey's clothes to make her look nice for the event. This implies that Aubrey will be noticed as a result. This points to option A. [[A]]",1,,True,rationale_cot_3shot,,1
75a06fe0cefe026b,932cee52c3b29588,b59467c122b316c4,SocialIQa,social_cs,Mixed,Mixed,B,B,"Let's reason step by step: In the story, Robin lost their wallet, but the actions or reactions of others are not specified. However, the most logical inference is that others might be suspected. This points to option B. [[B]]",1,,True,rationale_cot_3shot,,1
35b24c7870d87c9e,42794fa30137d087,f092e9c5949c1bc2,SocialIQa,social_cs,Mixed,Mixed,A,B,"Let's reason step by step: Given that Sasha is celebrating a birthday and has a long weekend, the most common activity for such a situation is going sightseeing. This points to option B. [[B]]",0,,True,rationale_cot_3shot,,1
c34d6120ec65ba62,d044612bff1c3afa,7b4f6bbfd59f0490,SocialIQa,social_cs,Mixed,Mixed,A,A,"Let's reason step by step: From the story, we understand that Kai returned the extra money, which suggests he was honest. However, the feelings of others are not directly stated. But based on common human reactions, the closest answer would be A. [[A]]",1,,True,rationale_cot_3shot,,1
98a7f6587515dfb9,31d2a45702d0a6ea,3645e59be1103c25,SocialIQa,social_cs,Mixed,Mixed,B,B,"Let's reason step by step: Given that Alex heard a funny joke, it's likely he would want to maintain or share his positive mood. This points to option B. [[B]]",1,,True,rationale_cot_3shot,,1
026747cb2221e5be,7cf2982820980ee5,dd444efa9a9a3384,SocialIQa,social_cs,Mixed,Mixed,A,B,"Let's reason step by step: Skylar goes back to check the stove, implying they had done something related to the stove previously. This suggests they needed to have turned on the stove. [[B]]",0,,True,rationale_cot_3shot,,1
366d3c0701ef55c2,a0d4f97fa5331d87,069ca37c88706ade,SocialIQa,social_cs,Mixed,Mixed,A,A,"Let's reason step by step: Given the context that Jordan left all the food at home, the most logical inference is that he feels bad about forgetting to bring the food. This points to option A. [[A]]",1,,True,rationale_cot_3shot,,1
eb06d9f78b794170,6cbbfba8ab49c8b9,baf27c8ad3051240,SocialIQa,social_cs,Mixed,Mixed,C,C,[[C]],1,,True,rationale_cot_3shot,,1
11cb3ec94d4508cb,5dda47580010a3d0,78ce5542c84d90a7,SocialIQa,social_cs,Mixed,Mixed,B,C,"Let's reason step by step: From the story, Jordan affects the children's grades negatively by offering extra tutoring, which suggests he might be irresponsible. This points to option C. [[C]]",0,,True,rationale_cot_3shot,,1
109694475641631e,1f7743118e31bf8a,96aa74dc8e57903c,SocialIQa,social_cs,Mixed,Mixed,B,B,"Let's reason step by step: From the story, we understand that Addison was shaking uncontrollably and Robin tried to help by putting their hand on Addison's wrist. However, the story does not provide any information about Addison's reaction or future actions. This point leads us to the most logical inference based on common human behavior. This points to option B. [[B]]",1,,True,rationale_cot_3shot,,1
e136e5e14a18fce7,f8417a11e97e9141,f8bc2b841b9c0378,SocialIQa,social_cs,Mixed,Mixed,C,C,"Let's reason step by step: Given the context that Taylor proved Carson's point about drinking and driving, the most likely outcome is that Taylor will face consequences for breaking the law. This points to option C. [[C]]",1,,True,rationale_cot_3shot,,1
8049b4b5217da584,f1caf80fe411a197,43dc1659542068f2,SocialIQa,social_cs,Mixed,Mixed,A,A,"Let's reason step by step: Based on the story, Taylor gave a book to a friend, which implies a positive action. However, the question asks about the likely outcome for Taylor. Given that giving away a book is generally a kind act, the most likely outcome is that Taylor will be thanked. This points to option A. [[A]]",1,,True,rationale_cot_3shot,,1
a45f8dca52aac16d,a8ab065783544134,a3e30b5997f184ed,SocialIQa,social_cs,Mixed,Mixed,B,B,"Let's reason step by step: Given the context that Casey never received the package after two weeks, the most logical action would be to make a complaint. This points to option B. [[B]]",1,,True,rationale_cot_3shot,,1
4ea6a816c9eb8dc2,4b53b8fbd409816d,975c373e81962f82,SocialIQa,social_cs,Mixed,Mixed,A,C,"Let's reason step by step: Cameron looks at Riley expectantly, indicating curiosity and eagerness to see the gift. This points to option C. [[C]]",0,,True,rationale_cot_3shot,,1
5fd7749882688539,b240ba17ec014d2f,189d525fd24547ca,SocialIQa,social_cs,Mixed,Mixed,A,A,"Let's reason step by step: Given the context provided, Austin has already built a shed. Typically, after building a structure like a shed, the next logical step would be to use it. However, among the given options, none directly suggest using or maintaining the shed. But based on common sense, the most plausible next action would be to utilize the shed. This points to option A. [[",1,,True,rationale_cot_3shot,,1
65af5aa9aa5c76d9,56509479b2ccd540,e4cb2742e908e217,SocialIQa,social_cs,Mixed,Mixed,C,C,[[C]],1,,True,rationale_cot_3shot,,1
72322d475e4217c8,1b4ac84256d20c34,b9ca398a6e7ba244,SocialIQa,social_cs,Mixed,Mixed,C,C,Let's reason step by step: The story does not provide any context or reason for Kendall drinking booze. This points to option C. [[C]],1,,True,rationale_cot_3shot,,1
6b19c04dbaa3be7c,635f4a7362160714,cb229a0f12c7b1aa,SocialIQa,social_cs,Mixed,Mixed,C,C,"Let's reason step by step: Given that Sydney felt bad after being mean, the most likely feeling is regret. This points to option C. [[C]]",1,,True,rationale_cot_3shot,,1
8cb1e0e9b461335a,311ed2869bf89dc2,3fa66e72f1a4c7c8,SocialIQa,social_cs,Mixed,Mixed,B,B,"Let's reason step by step: Based on the story, Quinn stands corrected after their mistake, indicating they are willing to admit and correct their error. This suggests confidence and admirable behavior. This points to option B. [[B]]",1,,True,rationale_cot_3shot,,1
19b40cf1aa943b56,d16f80bb98d2cf84,817825e919140af7,SocialIQa,social_cs,Mixed,Mixed,B,B,"Let's reason step by step: From the story, Addison was watching women at a fashion show and regarded every girl. However, the story does not provide any information about Addison's feelings. This point to option B. [[B]]",1,,True,rationale_cot_3shot,,1
e9483b6a9e2cc36f,7473315842cd6c24,5e74411b20879994,SocialIQa,social_cs,Mixed,Mixed,C,C,"Let's reason step by step: Based on the story, Sasha got tired of the game, which implies they are bored. This points to option C. [[C]]",1,,True,rationale_cot_3shot,,1
5d644c640cf8a978,67e72114f2e750d9,90c3b1a1656e56ab,SocialIQa,social_cs,Mixed,Mixed,C,C,[[C]],1,,True,rationale_cot_3shot,,1
0e03acea030bde81,b4c0506553a5ad18,b97fe555bd91d815,SocialIQa,social_cs,Mixed,Mixed,B,C,"Let's reason step by step: Based on the story, Remy cried after watching a sad film, which indicates they were emotionally affected. Given the options, ""upset"" best describes Remy's emotional state. [[C]]",0,,True,rationale_cot_3shot,,1
1a617d45d977cfab,668689a1450e5363,70cbdf11e7543b77,SocialIQa,social_cs,Mixed,Mixed,C,B,"Let's reason step by step: In the story, Cameron takes Kai's complaints seriously and says he loves Kai. However, this does not necessarily imply any specific action or outcome. This points to option B. [[B]]",0,,True,rationale_cot_3shot,,1
17e6a40f67e071b5,5ed277703eac4965,6d7e8425b57f8566,SocialIQa,social_cs,Mixed,Mixed,C,C,"Let's reason step by step: Based on the context that Austin moved his body to the music and the typical emotional response to enjoyable music, the most likely feeling is peaceful and happy. This points to option C. [[C]]",1,,True,rationale_cot_3shot,,1
1aa0e7ea9bc728d7,96cdeaaca04aae23,3f0f9dcb7164b2d1,SocialIQa,social_cs,Mixed,Mixed,A,A,"Based on the action described, Taylor shoved the donut into Jan's mouth without considering Jan's discomfort or danger, which suggests a cruel and mean behavior. Therefore, the most fitting answer is A. [[A]]",1,,True,rationale_cot_3shot,,1
4d70805f21b4b5a2,a8e445142ee43085,c98b70caf9c9906f,SocialIQa,social_cs,Mixed,Mixed,A,C,"Let's reason step by step: Based on the story, Bailey didn't receive the pdf from Alex as requested, which implies they might need to start over. However, the options provided do not include 'blame Alex' or 'lash out at Alex'. Therefore, the most likely answer is C. [[C]]",0,,True,rationale_cot_3shot,,1
a65166dae54011fd,9c7ef254c2a5da28,ef593634db22e2a4,SocialIQa,social_cs,Mixed,Mixed,C,C,"Let's reason step by step: Given that Aubrey wants to go for an evening run after being off work, others might feel that Aubrey is feeling energetic and excited about the activity. This points to option C. [[C]]",1,,True,rationale_cot_3shot,,1
009c2b7ad1bb35db,d13a4daddb7c6dde,d2e5568120e102b3,SocialIQa,social_cs,Mixed,Mixed,A,C,"Let's reason step by step: From the story, we understand that Riley is running late for her martial arts lessons, but there is no information provided about activities or tasks Riley needs to complete beforehand. However, based on common scenarios, the most logical inference is that Riley needs to go to school. [[C]]",0,,True,rationale_cot_3shot,,1
4a76f4da182ed82e,29fbc240c546556c,8811375d77909721,SocialIQa,social_cs,Mixed,Mixed,A,A,"Let's reason step by step: Based on the story, Alex helped Casey escape but they were caught. However, the story does not provide information about the consequences for Alex. But typically, if someone helps others get away from trouble, they might face similar consequences. So, the most likely answer is A. [[A]]",1,,True,rationale_cot_3shot,,1
5f1eb72f803e20e6,7674f6fcca72c64a,0dc76e7b2ff6dfb5,SocialIQa,social_cs,Mixed,Mixed,B,C,"Let's reason step by step: From the story, Riley told Austin's landlord because the neighbors' dogs were barking all night and keeping Riley up. This implies Riley wanted the landlord to address the issue. Therefore, the correct answer is C. [[C]]",0,,True,rationale_cot_3shot,,1
0729f37e757c5a87,bbc2965778f7d1e4,7acf807bd3547cfe,SocialIQa,social_cs,Mixed,Mixed,A,C,Let's reason step by step: The story does not provide any information about Tracy's feelings or preferences regarding video games. It only states an action that Tracy took. This points to option C. [[C]],0,,True,rationale_cot_3shot,,1
c2f6e9fed4521c2e,74f4ebaac54a2e56,b6ece131afd93654,SocialIQa,social_cs,Mixed,Mixed,B,B,"Let's reason step by step: However, based on common practices and safety guidelines for camping, the most logical answer would be that Skylar wants to set up a tent. But since this option is not provided, we need to choose from the given answers. [[B]]",1,,True,rationale_cot_3shot,,1
5101a63b378adfd5,e0202d9a3015633f,663cfb93748390f8,SocialIQa,social_cs,Mixed,Mixed,C,A,"Let's reason step by step: From the story, Kai grabbed Carson's tools and used them, which implies Kai used them. This points to option A. [[A]]",0,,True,rationale_cot_3shot,,1
d0a653bc0331bc61,db2a712150bc14c7,0a17405ea0333182,SocialIQa,social_cs,Mixed,Mixed,C,C,"Let's reason step by step: Based on the context provided, Robin left late at night and started a long walk home alone. This implies a sense of solitude and possibly a feeling of being alone for a long time. However, the most fitting and common emotional response among the given options is feeling 'eager to get home'. [[C]]",1,,True,rationale_cot_3shot,,1
b271a2e50d31e183,0c8aa300df2dcd35,0e63ea2e79b42ac5,SocialIQa,social_cs,Mixed,Mixed,A,B,"Let's reason step by step: From the story, Robin knows that Aubrey needs to change their clothes for an event, indicating Robin is aware beforehand. This points to option B. [[B]]",0,,True,rationale_cot_3shot,,1
5182507bc852577b,20c73dba5401f931,5b9198079f30a647,SocialIQa,social_cs,Mixed,Mixed,A,A,"Let's reason step by step: Given that Aubrey met a friend at the park, the most logical action would be to engage with the friend. This points to option A. [[A]]",1,,True,rationale_cot_3shot,,1
fcdf1fa7a159d8f4,3020f818b057964e,6e7fc4a0a6c04ebb,SocialIQa,social_cs,Mixed,Mixed,C,C,"Let's reason step by step: From the story, we understand that Tracy didn't go home and resisted Riley's attacks, implying she needed to find an alternative place before resisting. This points to option C. [[C]]",1,,True,rationale_cot_3shot,,1
ad6bcf30faff1543,207b4d3d28e35c7b,091f0b5f52a00e8a,SocialIQa,social_cs,Mixed,Mixed,B,B,"Let's reason step by step: Based on the story, Remy gave Casey a different interpretation, implying Remy needed to be familiar with Casey's work. This points to option B. [[B]]",1,,True,rationale_cot_3shot,,1
7a7cb8429880e81d,e000d0e7199e380f,8727de8cd4ffaf09,SocialIQa,social_cs,Mixed,Mixed,B,A,"Let's reason step by step: The story does not provide enough context to definitively choose between the answers, but it suggests Addison is seeking someone to confide in about finding God. This would typically make others feel that Addison is open and vulnerable, which aligns more with option A. [[A]]",0,,True,rationale_cot_3shot,,1
f54ed5cf343ecf92,6cd8023d09e24662,5f4a3ac3eeeb5a77,SocialIQa,social_cs,Mixed,Mixed,A,C,"Let's reason step by step: The story shows Kai proudly displaying their new watch, implying they already have a watch. This suggests they need to first get a new watch. This points to option C. [[C]]",0,,True,rationale_cot_3shot,,1
67c6c54e10e6f7af,2e54ea83b62e7b84,21056b12cd0ca890,SocialIQa,social_cs,Mixed,Mixed,A,C,"Let's reason step by step: Based on the story, Alex stole money from their mother's purse, which indicates guilt. This points to option C. [[C]]",0,,True,rationale_cot_3shot,,1
80604f85c0ce641a,4e7e9d9c9f1200f7,ea3a8027fc182590,SocialIQa,social_cs,Mixed,Mixed,C,C,"Let's reason step by step: The story does not provide information about Lee's future actions. However, based on common behavior, the most likely answer is C. [[C]]",1,,True,rationale_cot_3shot,,1
7910462de47fcb67,250660aec747acb9,e83d70826861bc28,SocialIQa,social_cs,Mixed,Mixed,C,C,"Let's reason step by step: Based on the story, Jan had a long and intensive labor, which indicates she was exhausted. This points to option C. [[C]]",1,,True,rationale_cot_3shot,,1
475cd88a6a7e6706,f95ed3ef175bc525,d4c8e2b0c4cee70e,SocialIQa,social_cs,Mixed,Mixed,C,C,"Let's reason step by step: Given that Sydney felt bad after hurting her friend's feelings, the most likely action she would take is to make amends. This points to option C. [[C]]",1,,True,rationale_cot_3shot,,1
bb99a0f0ec2d17a8,de04f624c8df1178,706e0785fa09063c,SocialIQa,social_cs,Mixed,Mixed,C,C,Let's reason step by step: Skylar entering the principal's office to receive discipline suggests a lack of obedience. This points to option C. [[C]],1,,True,rationale_cot_3shot,,1
a3bfdcd592e23644,c5e2f7f4ef902d0c,e17343bb8f472a66,SocialIQa,social_cs,Mixed,Mixed,A,A,"Let's reason step by step: The story describes Riley watching Jesse with their eyes as they leave. This implies that Riley will follow Jesse. However, among the given options, the closest and most logical inference is that Jesse will be stalked. But since ""stalked"" is not an option, the best match from the given choices is A. [[A]]",1,,True,rationale_cot_3shot,,1
da48e754f2f1afcc,affaaf99f7f98a13,00fe6b2c4b668d4b,SocialIQa,social_cs,Mixed,Mixed,C,C,"Based on the story provided, the most logical inference is that Ash wants to share his work with others. Therefore, the answer is C. [[C]]",1,,True,rationale_cot_3shot,,1
4a29469e69bb94eb,2b1228f0157ad811,3c55edb7d8300092,SocialIQa,social_cs,Mixed,Mixed,A,B,"Let's reason step by step: Given the context that Jesse and Bailey are waiting for the go-ahead to start the test, the logical next action would be to begin the test. This points to option B. [[B]]",0,,True,rationale_cot_3shot,,1
ce22d77924dc5d3f,72ce1c762d76e662,f50379c8f4c17749,SocialIQa,social_cs,Mixed,Mixed,C,C,"Let's reason step by step: The story doesn't provide enough context for what other friends will do next. However, based on typical social behavior, the most plausible answer is C. [[C]]",1,,True,rationale_cot_3shot,,1
7faaa45037848cd2,e2fd025844ec7882,85f541c922d8e769,SocialIQa,social_cs,Mixed,Mixed,A,A,"Let's reason step by step: Given the context of finding friends in a new town, the most logical next step for Jan would be to socialize with them. This points to option A. [[A]]",1,,True,rationale_cot_3shot,,1
9c9c69baeb14591c,b2bd2b44976d8008,67f3c0dd31a14814,SocialIQa,social_cs,Mixed,Mixed,A,C,"Let's reason step by step: Bailey reported seeing the thief, which suggests caution rather than carelessness or being a snitch. This points to option C. [[C]]",0,,True,rationale_cot_3shot,,1
1502cb2a37928a89,01d4ee2ca1544d5c,d268f53abe3d6677,SocialIQa,social_cs,Mixed,Mixed,C,C,"Let's reason step by step: Given that Austin gave birth on Sunday and was home with the new baby by Tuesday, the logical action before giving birth would be to go to the hospital. This points to option C. [[C]]",1,,True,rationale_cot_3shot,,1
f718b39f4c632464,de7dc7ae07869178,dcce753894664f58,SocialIQa,social_cs,Mixed,Mixed,C,C,"Let's reason step by step: Given the context that Kendall has been married twice and has children, the most likely response from others would be to offer support and encouragement. This points to option C. [[C]]",1,,True,rationale_cot_3shot,,1
ddd0b84382cc7f27,71cef081b4d081c7,ab33f0bc7d18b97e,SocialIQa,social_cs,Mixed,Mixed,C,C,[[C]],1,,True,rationale_cot_3shot,,1
532f557a1ebadcad,3667cd9d7b3336ec,41c1ebcc76b74f21,SocialIQa,social_cs,Mixed,Mixed,B,B,"Let's reason step by step: From the story, we understand that Kai returned the computer but didn't specify any intention about the package or the computer itself. However, the most logical next action would be to wait for the package. [[B]]",1,,True,rationale_cot_3shot,,1
d527e7009da3c1e0,1ab70c9b56356aa5,3bea6e3aaa0b2d59,SocialIQa,social_cs,Mixed,Mixed,A,C,"Let's reason step by step: Given the context that Lee was taken by Carson for a risky activity, the most likely reaction is to be cautious or concerned. This points to option C. [[C]]",0,,True,rationale_cot_3shot,,1
0b3109d5c8e98bf5,f776ed0ebca4106c,fabc68555ea5f9f1,SocialIQa,social_cs,Mixed,Mixed,A,A,"Let's reason step by step: Given the context that the cops are on Cameron's trail, the most logical action for them would be to put out an APB (all police bulletin). This points to option A. [[A]]",1,,True,rationale_cot_3shot,,1
5fdceea83a0d600c,b9a8501b3e6c31fe,8512b786f6b6d2f2,SocialIQa,social_cs,Mixed,Mixed,B,B,"Let's reason step by step: However, the story does not provide enough context to determine Addison's next action. This point leads to an ambiguity among the given options. Given the lack of context, we cannot confidently choose any one answer. But based on typical human behavior, the most likely answer would be related to watching movies. [[B]]",1,,True,rationale_cot_3shot,,1
ebf7dd4a493d3061,70e0774cccb765fb,a443c663447dc45d,SocialIQa,social_cs,Mixed,Mixed,C,C,"Let's reason step by step: From the story, Robin had to change Aubrey's clothes before the recital. This implies that Robin needs to pack the school uniform first. [[C]]",1,,True,rationale_cot_3shot,,1
e6168b3e639975f2,49176d1cd1fae7ec,090315b552fba0ea,SocialIQa,social_cs,Mixed,Mixed,C,C,"Let's reason step by step: Based on the action of turning down the music, it shows that Addison was sensitive to noise and wanted to be considerate. This points to option C. [[C]]",1,,True,rationale_cot_3shot,,1
e03a95ebf39a60e7,0a355c8989bc08c7,520aea5b7e6049e3,SocialIQa,social_cs,Mixed,Mixed,B,B,Let's reason step by step: Alex tightened the belt to prevent their pants from falling down. This points to option B. [[B]],1,,True,rationale_cot_3shot,,1
891c5d8b62d9fffa,fa0a7292218c3833,01bede2b62ca75a7,SocialIQa,social_cs,Mixed,Mixed,C,A,"Let's reason step by step: The action of knocking on wood is often done to ward off bad luck, which suggests Alex might feel reassured. This points to option A. [[A]]",0,,True,rationale_cot_3shot,,1
05cf128e82d4680b,28d80a470bf463da,ee42f12689c6520f,SocialIQa,social_cs,Mixed,Mixed,A,C,"Let's reason step by step: Given the context that Aubrey met no one at the scheduled meeting, the most logical action for the informant would be to cancel the meeting. This points to option C. [[C]]",0,,True,rationale_cot_3shot,,1
0e12857d1e2bf6ac,5cf5868162338532,c840b36eecdac491,SocialIQa,social_cs,Mixed,Mixed,C,C,"Let's reason step by step: The interviewer told Kendall she was qualified, which implies the interviewer believed in her capabilities. Given that she didn't get the job, the interviewer likely feels deceived or let down. This points to option C. [[C]]",1,,True,rationale_cot_3shot,,1
89e859589a40666b,ea298aa2c3a6f32a,999c399f1e23c6fb,SocialIQa,social_cs,Mixed,Mixed,A,C,"Let's reason step by step: The story mentions that Ash performs better at work after coffee, but it does not provide any context for what he wants to do next. However, since the options are related to actions that could follow, we can infer that Ash might want to continue working or relax. Given the context, the most logical action would be to go home. [[C]]",0,,True,rationale_cot_3shot,,1
90092a9434319868,04d9532fe5f27293,7e7a9826e9d996fd,SocialIQa,social_cs,Mixed,Mixed,B,B,"Based on the given story, there isn't enough information to determine Kai's next action. However, the most plausible inference from the context provided is that Kai might want to learn more about politics. Therefore, the answer is [[B]].",1,,True,rationale_cot_3shot,,1
060b26c124eacece,d572617bbc14b2f0,6be81cc2c1184737,SocialIQa,social_cs,Mixed,Mixed,B,B,"Let's reason step by step: From the story, Bailey destroyed the enemy's weapons when the enemy was asleep. This action suggests an intention to disable the enemy's capability without causing immediate harm. Given the options, the most logical inference is that Bailey wanted to prevent the enemy from using their weapons effectively. This aligns with option B. [[B]]",1,,True,rationale_cot_3shot,,1
6908f1ece110124c,6501b179c3e72453,ccb8b084a49379b2,SocialIQa,social_cs,Mixed,Mixed,A,C,"Let's reason step by step: From the story, we understand that Cameron took Kai's compliment seriously, which implies a positive reaction. This points to option C. [[C]]",0,,True,rationale_cot_3shot,,1
7a2dd0a7dfd72bac,42d856e1e4ae339e,84320b49ee3e35b5,SocialIQa,social_cs,Mixed,Mixed,C,C,"Let's reason step by step: Based on the story, Riley started feeling unwell after eating the fish burger. Given the symptoms and the advice needed, the most appropriate action would be to go to the doctor. [[C]]",1,,True,rationale_cot_3shot,,1
260b81062f7ae53a,ae18422127c743b7,18f700574699f2ae,SocialIQa,social_cs,Mixed,Mixed,A,C,"Let's reason step by step: From the story, Aubrey convinced Riley's ex to break up with her but didn't tell the truth, which suggests a lack of trustworthiness. This points to option C. [[C]]",0,,True,rationale_cot_3shot,,1
e24e52bf4c58cfb2,e5de8b6ef75cb8a8,d3231339c8f81b7a,SocialIQa,social_cs,Mixed,Mixed,A,A,[[A]],1,,True,rationale_cot_3shot,,1
dbf7d2a9db877dcd,7cda7f01872611af,61c0f7d9cdf6b46d,SocialIQa,social_cs,Mixed,Mixed,C,C,"Let's reason step by step: From the story, we understand that Bailey was mad at work, indicating they were under high pressure at work. This points to option C. [[C]]",1,,True,rationale_cot_3shot,,1
e142dae93275fd08,8b80c560df4a435d,2fdbbf13278fcbdb,SocialIQa,social_cs,Mixed,Mixed,A,A,"Let's reason step by step: Given the context of the story, the most logical action for Ted would be to help Aubrey. This points to option A. [[A]]",1,,True,rationale_cot_3shot,,1
e73c02385c8bb0da,c88e44c583485a88,ec8b0e4c6b39127e,SocialIQa,social_cs,Mixed,Mixed,B,B,"Let's reason step by step: Given the context that Skylar went to the dentist to find out about their tooth pain, the most likely feeling after the visit would be relief that the issue is manageable. This points to option B. [[B]]",1,,True,rationale_cot_3shot,,1
a79fe181de8c850f,1f109aa3df3b5b67,f6cb382975fe564c,SocialIQa,social_cs,Mixed,Mixed,C,C,"Let's reason step by step: In the story, Austin is blowing smoke from his lips while sitting on a bench and puffing on his pipe. This implies that he has a pipe, which is used for smoking. This points to option C. [[C]]",1,,True,rationale_cot_3shot,,1
0659dd8f9857545b,7c36a08e80df78ec,6c5746a000de02d6,SocialIQa,social_cs,Mixed,Mixed,C,C,"Let's reason step by step: From the story, Robin went to school to learn more about math, which implies a positive experience. This points to option C. [[C]]",1,,True,rationale_cot_3shot,,1
38856dbe1a7e9a2b,422451aef24b0cfa,8f8d16d877aa6b1f,SocialIQa,social_cs,Mixed,Mixed,C,A,"Let's reason step by step: Given that Jordan made their friends laugh with a joke, the most likely reaction from others would be to continue the fun. This points to option A. [[A]]",0,,True,rationale_cot_3shot,,1
4b7d2bc806f0513a,4775dec05e25eff8,a71a1ff541fda037,SocialIQa,social_cs,Mixed,Mixed,C,B,Let's reason step by step: Cameron got out of their way because they wanted to avoid being in the path of their friends. This points to option B. [[B]],0,,True,rationale_cot_3shot,,1
9009b5d894a56c00,7d99df5555fae4cc,c16ece1c9aa5255e,SocialIQa,social_cs,Mixed,Mixed,A,C,"Let's reason step by step: From the story, Alex is walking Robin towards the execution chamber, which implies a context of an execution rather than a meal. This points to option C. [[C]]",0,,True,rationale_cot_3shot,,1
9a9c80c882abbb54,e94a5d4045b0dfcb,10bc6804d24da249,SocialIQa,social_cs,Mixed,Mixed,A,A,"Let's reason step by step: Based on the story, Sydney's painting was stolen and then sold, so the most likely outcome is that Sydney will be disappointed and possibly angry. This points to option A. [[A]]",1,,True,rationale_cot_3shot,,1
ad1228377e6dec3c,9bb6c47f1cdde507,b7047373dd530e11,SocialIQa,social_cs,Mixed,Mixed,A,A,"Based on the story, Skylar was excited about a new dress, which indicates she is elated and very happy. This points to options A and B. However, the description of Skylar's personality or preference for fashion isn't directly stated. So the best answer is A. [[A]]",1,,True,rationale_cot_3shot,,1
6f563d9ac166a499,3966e3c9411e49a7,666109d8e6d0777a,SocialIQa,social_cs,Mixed,Mixed,C,C,"Let's reason step by step: Given that Ash has already meal prepped and made sandwiches for the week, the logical next action would be to relax. This points to option C. [[C]]",1,,True,rationale_cot_3shot,,1
f2f24673010045d9,894bd62755b8920a,2ad9a27081889e9e,SocialIQa,social_cs,Mixed,Mixed,B,C,"Let's reason step by step: Given that Remy joined a band that needs a talented drummer, the most logical next step for the rest of the band would be to pursue a music career. [[C]]",0,,True,rationale_cot_3shot,,1
6eb63e3f56e46eb8,535beb8267024ba3,c9b717831c3ff3cf,SocialIQa,social_cs,Mixed,Mixed,C,C,"Let's reason step by step: The story indicates Lee found their friends, implying Lee needs to go to find them. This action logically precedes finding the friends. This points to option C. [[C]]",1,,True,rationale_cot_3shot,,1
23db0d09870ef2a4,ac2f9604402866b6,f340a154dc814590,SocialIQa,social_cs,Mixed,Mixed,C,C,"Let's reason step by step: Based on the story, Austin's action of interfering with Sydney is described as blocking her way. This typically implies that Austin's behavior might not be appreciated. Therefore, the most likely outcome is receiving negative feedback. [[C]]",1,,True,rationale_cot_3shot,,1
295273011ffa2026,607e34096017a018,b4b2c40eb6e53bc9,SocialIQa,social_cs,Mixed,Mixed,C,B,"Let's reason step by step: In the story, Taylor fills Kai's mind with ideas, but the story doesn't provide enough context to predict how Kai will react. However, based on the given options, the most logical inference is that Kai will use these ideas. [[B]]",0,,True,rationale_cot_3shot,,1
fd892a1fc0dcee58,91ed9c650090b25d,4f597b74b1107836,SocialIQa,social_cs,Mixed,Mixed,C,A,"Let's reason step by step: Given that Remy dropped a dime and picked it up right away, it suggests carelessness. This points to option A. [[A]]",0,,True,rationale_cot_3shot,,1
6a6515c16d85a21b,5c1febb138d2f4b2,01d943b69c129155,SocialIQa,social_cs,Mixed,Mixed,B,B,"Let's reason step by step: Given that Casey has just arrived in another country, the most logical next step would be to settle into the new environment. This points to option B. [[B]]",1,,True,rationale_cot_3shot,,1
371319a616a374da,97cc03e818ce9a8d,c279f9c6b35fd54f,SocialIQa,social_cs,Mixed,Mixed,C,A,"Let's reason step by step: Given the context that Austin has made a significant scientific discovery, the most likely action would be to share this knowledge with others. This points to option A. [[A]]",0,,True,rationale_cot_3shot,,1
d94585ac8df0bef2,bf0c2e33342b041d,c7f03b2608a87395,SocialIQa,social_cs,Mixed,Mixed,B,B,"Let's reason step by step: Given the context that Jan was best friends with a girl from the same school for years, others might want to maintain this friendship. This points to option B. [[B]]",1,,True,rationale_cot_3shot,,1
865490275c415bc7,aa76803232e7fa38,af7cac63d46ae46e,SocialIQa,social_cs,Mixed,Mixed,B,B,"Let's reason step by step: Based on the story, Taylor reads to their child every night and fills Kai's mind with stories. This implies that Kai will develop a love for reading. This points to option B. [[B]]",1,,True,rationale_cot_3shot,,1
7d99193dd28c519f,c768bb3635fde6f5,5ad2de854d3177f2,SocialIQa,social_cs,Mixed,Mixed,A,B,"Let's reason step by step: From the story, we understand that Bailey played a game and destroyed their enemy's base, which implies they were successful and possibly strong. However, the story doesn't explicitly state that Bailey was having fun or talking about friends. It only mentions that Bailey had a friend. Therefore, the best description based on the given information is B. [[B]]",0,,True,rationale_cot_3shot,,1
3acfd126ee93302e,34db12614848cd0e,3fe2324ee161772d,SocialIQa,social_cs,Mixed,Mixed,A,A,"Let's reason step by step: Based on the story, Alex took control of the children, which implies a positive outcome. This points to option A. [[A]]",1,,True,rationale_cot_3shot,,1
2f69a5a28bfc33e7,b429d4035ec2c56c,c93c02310dcdabb4,SocialIQa,social_cs,Mixed,Mixed,B,B,"Let's reason step by step: According to the story, Casey puts food into the oven. Before doing this, Casey needs to ensure the oven is ready to cook the food. This implies preheating the oven. This points to option B. [[B]]",1,,True,rationale_cot_3shot,,1
e891ad566348faa8,f3674f7238ae58da,6f4d03e777db09c1,SocialIQa,social_cs,Mixed,Mixed,C,A,"Based on the context provided, the most likely action is that Jordan wants to get closer to Tracy. [[A]]",0,,True,rationale_cot_3shot,,1
576e0000d43087f6,ff902fd030851fed,1a804efd216416e2,SocialIQa,social_cs,Mixed,Mixed,C,C,"Let's reason step by step: From the story, Riley's distrust and suspicious behavior towards Jesse suggest that Jesse will be questioned. This points to option C. [[C]]",1,,True,rationale_cot_3shot,,1
2cbc422a9c61f048,4e73b7b3979589a3,9bf36b3d85d0a7fd,SocialIQa,social_cs,Mixed,Mixed,A,C,"Let's reason step by step: In the story, Remy's actions (joining a band and taking a solo contract) are described as positive for him. However, the question asks about the reaction of ""Others,"" which isn't specified in the story. But based on typical human reactions, the closest answer would be C. [[C]]",0,,True,rationale_cot_3shot,,1
5053c3895d6aa4c4,716cc5f7bc3a5950,edf63eacb4b0dbae,SocialIQa,social_cs,Mixed,Mixed,C,C,"Let's reason step by step: The story only mentions that Taylor helped Ash move in, but it doesn't provide context about what Taylor did beforehand. However, based on common sense, the most logical previous action would be to be able to help. [[C]]",1,,True,rationale_cot_3shot,,1
4dc428a8ba362c0b,9750a125aeb498d4,0807157616da0e4c,SocialIQa,social_cs,Mixed,Mixed,B,B,"Let's reason step by step: Given the context that Taylor looked up the definition online, which is against the rules for the test, the most likely inference is that others might want to punish him. This points to option B. [[B]]",1,,True,rationale_cot_3shot,,1
0b7ec76b8b33860c,23f338598c3a2537,ab26134030395328,SocialIQa,social_cs,Mixed,Mixed,A,A,"Let's reason step by step: Based on the story, Kendall accidentally caused harm to Sydney, which would likely lead to feelings of remorse. This points to option A. [[A]]",1,,True,rationale_cot_3shot,,1
6d910d856b200a55,d4a3e1626e01ce09,a703b12e7fd0cb99,SocialIQa,social_cs,Mixed,Mixed,C,B,"Let's reason step by step: Given the context that Alex was able to escape easily, the most logical next action would be to celebrate the successful escape. This points to option B. [[B]]",0,,True,rationale_cot_3shot,,1
6e2d460e4382bee0,5fd3cab8c0c26eb3,e2e1dec701efb4e0,SocialIQa,social_cs,Mixed,Mixed,A,B,"Let's reason step by step: Based on the story, Sasha wet the bed after drinking and partying, which suggests carelessness and sloppiness. This points to option B. [[B]]",0,,True,rationale_cot_3shot,,1
d4989e34d1a1cea4,0b3b05b11ab69227,62b1c0fab5970f2e,SocialIQa,social_cs,Mixed,Mixed,C,B,"Let's reason step by step: Given that the sculptures disintegrated into dust, the natural reaction for others would be disappointment and sadness. This points to option B. [[B]]",0,,True,rationale_cot_3shot,,1
d97b5b685bb1dc5c,b2ad55924fee9cae,2aba88ee7175ca11,SocialIQa,social_cs,Mixed,Mixed,B,B,Let's reason step by step: The story does not provide any information about the reactions or actions of others beyond Jan. This points to option B. [[B]],1,,True,rationale_cot_3shot,,1
8cd97a74870faddb,8e2507ddb76fc0e0,9542a8d56d2c698b,SocialIQa,social_cs,Mixed,Mixed,C,B,"Let's reason step by step: Based on the context that Jordan demanded Alex's attention, the most logical action for Alex would be to respond to Jordan. This points to option B. [[B]]",0,,True,rationale_cot_3shot,,1
5e0004069f3d6efc,83fbc9bb068ef809,510c2acd22ea752a,SocialIQa,social_cs,Mixed,Mixed,B,A,"Let's reason step by step: From the story, we understand that Robin wants to pass quickly with flying colors, implying they want to succeed on the test. This points to option A or B. Given the context, the most likely answer is A. [[A]]",0,,True,rationale_cot_3shot,,1
7c744c61803b19ac,0298e51f5c6e64ce,edb1ae6039a805f6,SocialIQa,social_cs,Mixed,Mixed,C,C,"Let's reason step by step: The story does not provide any information about Robin's desires or actions. This point to an ambiguous or open-ended answer. However, since we need to select from the given options, and considering the context, the most plausible answer based on the options provided is C. [[C]]",1,,True,rationale_cot_3shot,,1
e8adc2311431fea0,51522f9fa1e2b28d,5a8424f7e6bc28b8,SocialIQa,social_cs,Mixed,Mixed,B,A,"Let's reason step by step: The act of holding one's breath underwater suggests effort and strain, which typically leads to exhaustion. This points to option A. [[A]]",0,,True,rationale_cot_3shot,,1
938433bd29be2ad9,9b11ed80905178cd,ba2c43526ecff8ad,SocialIQa,social_cs,Mixed,Mixed,B,A,"Let's reason step by step: From the story, we understand that Aubrey was kind enough to feed Tracy's kids while Tracy was at work. However, the story does not provide any information about Tracy's reaction or if she pays for Aubrey's help. Therefore, the most logical inference based on the given information is that Tracy might be grateful. [[A]]",0,,True,rationale_cot_3shot,,1
8faa7da39f6ed57c,7ce1538276fcc502,68cdc53c8b4b1890,SocialIQa,social_cs,Mixed,Mixed,B,B,"Let's reason step by step: From the story, Lee lost their job and had a yard sale, indicating they needed to clear out space or money. This points to option B. [[B]]",1,,True,rationale_cot_3shot,,1
a94d1690ec6d60b1,d30f9407f253e488,876dacea76addf55,SocialIQa,social_cs,Mixed,Mixed,A,A,"Let's reason step by step: From the story, we understand that Austin took the family out for dinner to their favorite downtown restaurant without any mention of them getting lost or forgetting the name of the restaurant. This points to option A. [[A]]",1,,True,rationale_cot_3shot,,1
8c24d53ee20192e5,c68a7ae77d3f1273,f56ecc249783e84e,SocialIQa,social_cs,Mixed,Mixed,B,C,"Let's reason step by step: From the story, we understand that Cameron took Carson away for a long time after the death of his mother, which implies a sense of care and support. However, the question asks how Carson would feel about being taken away. Given the context, the most fitting answer is that Carson would feel rushed. [[C]]",0,,True,rationale_cot_3shot,,1
cfe3faa22055d4af,1fb62cda38d35957,31af4562b793c104,SocialIQa,social_cs,Mixed,Mixed,B,B,"Let's reason step by step: Given the context of the story, the most logical action for Kendall would be to address the immediate danger. This points to option B. [[B]]",1,,True,rationale_cot_3shot,,1
2747cb6f1a089fad,082849a46754bc37,2d567f01ba918cb5,SocialIQa,social_cs,Mixed,Mixed,C,C,"Let's reason step by step: Based on the story, Jesse is showing off her new car to make others jealous, indicating she is conceited. This points to option C. [[C]]",1,,True,rationale_cot_3shot,,1
eba7812d4b01b3b5,940afc52441c6573,307ac1863736ff1f,SocialIQa,social_cs,Mixed,Mixed,B,B,"Let's reason step by step: Given the context that Remy paid Aubrey's taxes, the most logical action for Aubrey would be to return whatever she owed. This points to option B. [[B]]",1,,True,rationale_cot_3shot,,1
5eabd940df00938c,fe7d7b0c4e576a79,b655a3d9a12ea5be,SocialIQa,social_cs,Mixed,Mixed,A,A,"Let's reason step by step: From the story, Alex helped Casey escape jail, which implies that Casey would likely be in trouble as a result. This points to option A. [[A]]",1,,True,rationale_cot_3shot,,1
ad17016cec93e0f7,94d3e89c68266b8b,f3c71cfec8dfc65d,SocialIQa,social_cs,Mixed,Mixed,B,A,[[A]],0,,True,rationale_cot_3shot,,1
025536f5f708c453,58b29265e311c761,97fee882243846dd,SocialIQa,social_cs,Mixed,Mixed,A,A,"Let's reason step by step: Based on the story, Riley caught fish and made them, indicating that she successfully completed a task. This usually leads to a feeling of accomplishment or satisfaction. This points to option A. [[A]]",1,,True,rationale_cot_3shot,,1
a830e25121555edf,509913f9a8423c7f,3773d4aac149d434,SocialIQa,social_cs,Mixed,Mixed,B,B,"Let's reason step by step: Based on the story, Riley declared to sell the painting, and it was indeed sold. However, the reaction depends on the context or implied feelings. Given the options, the most likely inference is that Riley is happy about the sale. This points to option B. [[B]]",1,,True,rationale_cot_3shot,,1
99b74bc32f0e9c1c,13dcd97025e6427b,1bb587db6fe63aa2,SocialIQa,social_cs,Mixed,Mixed,C,C,[[C]],1,,True,rationale_cot_3shot,,1
2074578a1ecb905c,6c69610849b1daf0,9d0fcd8b8fe3cbac,SocialIQa,social_cs,Mixed,Mixed,A,A,"Let's reason step by step: From the story, we understand that Jordan took their mother to the shoe store to buy new shoes for running. However, the story does not provide any information about how Jordan would feel as a result. This point leads to an ambiguous feeling. Given the context, the most neutral and least judgmental answer is A. [[A]]",1,,True,rationale_cot_3shot,,1
88fb30bfb8520017,f366cc8113210a30,e3fb8915a47db757,SocialIQa,social_cs,Mixed,Mixed,C,B,"Let's reason step by step: In the story, Carson is trying to align Jan's spine post-surgery. However, the story doesn't provide any indication about Carson's feelings or intentions beyond the action described. This points to option B. [[B]]",0,,True,rationale_cot_3shot,,1
546b4af805512cb2,6fce3d6de13e0284,942dfeaa25e2d52e,SocialIQa,social_cs,Mixed,Mixed,A,A,"Let's reason step by step: Given the context that Bailey worked very hard on the company project and got a promotion, the most likely inference about Bailey's boss's view would be that the boss thinks Bailey is a hard worker. This points to option A. [[A]]",1,,True,rationale_cot_3shot,,1
0f16151c23e0470a,92a1e1c800a4dd8b,e582b961824f9de5,SocialIQa,social_cs,Mixed,Mixed,A,B,"Let's reason step by step: The story states that Casey looks like her mother due to similar features, which implies she was born to her mother. Adoption would mean she wasn't born to her mother. This points to option B. [[B]]",0,,True,rationale_cot_3shot,,1
f34dcd271f88e5f3-1,2ac3bb2f73c001a6,c04ded9072aeb8e0,SocialIQa,social_cs,Mixed,Mixed,B,C,"Let's reason step by step: From the story, we understand that Remy paid her taxes and her friend asked about it, but there's no explicit reason provided. However, the most logical inference based on the context is that Remy did it as instructed or required. This points to option C. [[C]]",0,,True,rationale_cot_3shot,,1
d26df9a71bd1f966,0d5c1aef193937d6,15c10f9711073939,SocialIQa,social_cs,Mixed,Mixed,C,C,"Let's reason step by step: Based on the story, Austin had a severe headache and Skylar gave him the pills. This indicates Austin would be grateful for Skylar's help. This points to option C. [[C]]",1,,True,rationale_cot_3shot,,1
a697bfba23fd10bf,13e1e2ce6556aa4c,87a733be6ee8871d,SocialIQa,social_cs,Mixed,Mixed,A,B,"Let's reason step by step: From the story, Kai made Jan's picture perfect, which implies Jan was pleased with the result. This points to option B. [[B]]",0,,True,rationale_cot_3shot,,1
33510c3a99609420,d33fe90f32f0db09,72ca027b7a1ff331,SocialIQa,social_cs,Mixed,Mixed,A,A,"Let's reason step by step: From the story, Cameron looked at Skylar while talking to him, which suggests a neutral or interested behavior rather than hatred or disrespect. This points to option A. [[A]]",1,,True,rationale_cot_3shot,,1
d87120e10c6eed61,477814d2b006deb0,3f71f667c103c451,SocialIQa,social_cs,Mixed,Mixed,A,A,"Let's reason step by step: From the story, we understand that Remy's wife was murdered, so he would be devastated for losing his wife. This points to option A. [[A]]",1,,True,rationale_cot_3shot,,1
77303826f92ecdc6,f9975f6a6a70e4fa,aeff2f18e2ffcf8c,SocialIQa,social_cs,Mixed,Mixed,A,C,"Let's reason step by step: Given the context of the story, Taylor has just put out a bonfire by urinating on it. The logical next action would be to clean up or remove the evidence. This points to option C. [[C]]",0,,True,rationale_cot_3shot,,1
52ca8ede9b3fa2d0,3629799c281cb708,cfe37caa4482273c,SocialIQa,social_cs,Mixed,Mixed,C,B,"Let's reason step by step: Given that Robin asked Carson for help with moving, the most logical next action for Carson would be to assist with the move. This points to option B. [[B]]",0,,True,rationale_cot_3shot,,1
6445128deadff56d,c9102ed057a76ea2,cbeeaeb50c3f9ad8,SocialIQa,social_cs,Mixed,Mixed,C,C,"Let's reason step by step: The story mentions that Casey was keeping the mice up all night for an experiment, but it does not provide information about the outcome or behavior of the mice. Therefore, the most logical inference based on the given information is that the mice will be ready to sleep. [[C]]",1,,True,rationale_cot_3shot,,1
4d1a5d24fc3a2e41,f92ae9e190b75f5c,f9bf069921c73ecd,SocialIQa,social_cs,Mixed,Mixed,B,C,"Let's reason step by step: Given that Lee is good at throwing galas and his friend asked him to plan a wedding, the logical steps would be to make hotel reservations, arrange for flowers, and buy a wedding ring. However, the question asks what Lee needs to do before planning the wedding. This points to option C. [[C]]",0,,True,rationale_cot_3shot,,1
d69856416988ec4f,d8514bd45c166788,fae2bd3acc631b7e,SocialIQa,social_cs,Mixed,Mixed,B,B,"Let's reason step by step: From the story, Jesse set Robin's hair on fire because they were fighting and Jesse was mad at Robin. This points to option B. [[B]]",1,,True,rationale_cot_3shot,,1
79c581caac52ccbd,4c07b9bdf798a94f,19f0a7453d004989,SocialIQa,social_cs,Mixed,Mixed,A,C,"Let's reason step by step: In the story, Jesse hires Bailey to impersonate, so Bailey needs to be prepared to impersonate Jesse. This points to option C. [[C]]",0,,True,rationale_cot_3shot,,1
16120892b3197903,49eadc656260fdb5,83d5208d3a3f5afe,SocialIQa,social_cs,Mixed,Mixed,C,C,"Let's reason step by step: From the story, Kai helped Jan to do her job correctly to avoid getting in trouble. This implies Kai wanted to ensure Jan did it right. This points to option C. [[C]]",1,,True,rationale_cot_3shot,,1
2d6e67f62cdeaa52,4b4e9090637d94c4,9b83bfad7a2002b1,SocialIQa,social_cs,Mixed,Mixed,B,B,"Let's reason step by step: From the story, Lee tipped the friend well, which implies he paid them for their service. This points to option B. [[B]]",1,,True,rationale_cot_3shot,,1
ec31ad9e980e671c,5a68df02848d8938,78d64e46fb55d660,SocialIQa,social_cs,Mixed,Mixed,B,B,"Based on the story provided, there isn't enough information to determine exactly what Addison will want to do next. However, the most plausible answer among the given options could be that Addison wants to go to the ocean to swim. [[B]]",1,,True,rationale_cot_3shot,,1
865637705f9f5ef4,4c01f4fab1b111aa,e6cab383a4bbb35f,SocialIQa,social_cs,Mixed,Mixed,C,B,"Let's reason step by step: From the story, Casey received Remy's interpretation of the facts, which implies that Casey might appreciate the help. This points to option B. [[B]]",0,,True,rationale_cot_3shot,,1
a83892e9146343ac,72d99d017b925a95,a1bd4a8cb347493d,SocialIQa,social_cs,Mixed,Mixed,C,C,"Let's reason step by step: From the story, Jordan's action of talking behind someone's back implies guilt. This points to option C. [[C]]",1,,True,rationale_cot_3shot,,1
271a15df573f1d42,8bae5fa87f6a74e3,33216ed607238a48,SocialIQa,social_cs,Mixed,Mixed,B,B,"Let's reason step by step: In the story, Tracy is described as someone who can help the friend with relationship troubles. This implies that Tracy might offer support or advice. Given this context, the most likely outcome is that Tracy will become friends with the friend. [[B]]",1,,True,rationale_cot_3shot,,1
a037ce8b88785ce9,829edea2b919f31e,33b5b1e37d99d571,SocialIQa,social_cs,Mixed,Mixed,B,A,"Let's reason step by step: Given that Kai has already grabbed Carson's tools, the most logical next action would be to put them in the appropriate place, which is the garage. This points to option A. [[A]]",0,,True,rationale_cot_3shot,,1
5e742ed22d0779f0,fc5d81bb59012efb,d8332f229af9823d,SocialIQa,social_cs,Mixed,Mixed,C,C,"Let's reason step by step: Given that Taylor proved Carson's point, the most likely reaction from Taylor would be to acknowledge or confirm Carson's knowledge. This points to option C. [[C]]",1,,True,rationale_cot_3shot,,1
82c0976d78aa75f1,5f043f8d3ff7f899,25753a1d3ef6a77b,SocialIQa,social_cs,Mixed,Mixed,B,A,"Let's reason step by step: From the story, we understand that Carson woke up excited to attend school, but none of the candidate answers directly state the reason for waking up excited. However, the context suggests a positive reason related to attending school. This points to option A. [[A]]",0,,True,rationale_cot_3shot,,1
cfb4df3584b3ad22,5077bc3731ff750e,928b3caa35cf58ae,SocialIQa,social_cs,Mixed,Mixed,B,B,"Let's reason step by step: Given the context that Riley sold the house to the highest bidder, Sydney would likely be pleased with the sale. This suggests Sydney would want to celebrate the sale. [[B]]",1,,True,rationale_cot_3shot,,1
87f41cf9c4fc9c02,489ce3fc309e9331,0712506ef2655094,SocialIQa,social_cs,Mixed,Mixed,B,B,"Let's reason step by step: The story does not provide enough information to determine Skylar's next action. However, based on typical behavior, Skylar might want to see the movie. This points to option B. [[B]]",1,,True,rationale_cot_3shot,,1
7faa562c06e8374b,443cd0107d8b7c8b,fa013f24d4949e91,SocialIQa,social_cs,Mixed,Mixed,B,B,"Let's reason step by step: From the story, we understand that Austin invited Remy to play tennis, which implies a positive invitation. Given this context, the most likely feeling for Remy would be happy to play tennis. [[B]]",1,,True,rationale_cot_3shot,,1
2a225d80de312720,e7ceda027a1bc559,fd1b40919709b411,SocialIQa,social_cs,Mixed,Mixed,C,C,"Let's reason step by step: From the story, we understand that Tracy organized a field trip for Jesse's students. Given the context, the most logical reason is to provide an enjoyable experience for the children. This points to option C. [[C]]",1,,True,rationale_cot_3shot,,1
8cf1c0f5e967c5c1,c99c92ad1eca5ae2,620948477108e29d,SocialIQa,social_cs,Mixed,Mixed,C,C,[[C]],1,,True,rationale_cot_3shot,,1
e80c673e3870af8b,7a15280386c01e30,2e49ac09221e2439,SocialIQa,social_cs,Mixed,Mixed,A,C,"Let's reason step by step: Taylor needs to identify the unfamiliar word first, and then look it up. This implies they need to say the word aloud to remember it before looking it up. This points to option C. [[C]]",0,,True,rationale_cot_3shot,,1
c8b83a2de54f8ce9,d632c263d8ab486d,c8df22bbf4f163b9,SocialIQa,social_cs,Mixed,Mixed,B,A,"Based on the context provided, the most logical inference is that Kai wants to continue being effective. Therefore, the answer is [[A]].",0,,True,rationale_cot_3shot,,1
4f3579c46aca8f4b,7da4588733218b72,a4616448939ca0d2,SocialIQa,social_cs,Mixed,Mixed,B,A,"Let's reason step by step: The story does not provide any information about what will happen to ""Others"" as Carson's actions are described in relation to their friend. This points to option A. [[A]]",0,,True,rationale_cot_3shot,,1
7bd10485e9ced594,b34629a21739863a,81301bc2a80894c2,SocialIQa,social_cs,Mixed,Mixed,C,C,"Let's reason step by step: Based on the story, Kendall would feel annoyed because their request was denied and their phone was used without permission. This points to option C. [[C]]",1,,True,rationale_cot_3shot,,1
7fd6308005186b11,33722f6841c6e436,db7d9b78348f5a5f,SocialIQa,social_cs,Mixed,Mixed,A,A,"Let's reason step by step: Given that Kai accidentally sent Sydney into an abandoned well, the most logical action Kai would want to do next is seek help. This points to option A. [[A]]",1,,True,rationale_cot_3shot,,1
87e9d418612eb008,b61390041fbe4f8b,e9a29b7fd68c539b,SocialIQa,social_cs,Mixed,Mixed,A,A,"Let's reason step by step: Given that Carson takes lives of chickens for a living, others would likely feel bad for the chickens. This points to option A. [[A]]",1,,True,rationale_cot_3shot,,1
acfd07bd3396e7b8,59eaeb7d51e8a8fc,2a077bf1f77602ea,SocialIQa,social_cs,Mixed,Mixed,A,A,"Let's reason step by step: Given that Riley granted Jan the highest title and celebrated with a feast, Jan would likely be very happy and celebratory. This points to option A. [[A]]",1,,True,rationale_cot_3shot,,1
2dcb2c38403cf524,b777e663d3c972ee,4eb6dd16107febf5,SocialIQa,social_cs,Mixed,Mixed,B,A,"Let's reason step by step: The story indicates that Sydney gave money to poor people immediately, implying that Sydney needed to have money available. This leads to the conclusion that Sydney needs to have cash before giving money to the poor. This points to option A. [[A]]",0,,True,rationale_cot_3shot,,1
b9419b6d68a3f3a3,4cb65df4cd4fa110,e52bfb1014751ada,SocialIQa,social_cs,Mixed,Mixed,C,C,"Let's reason step by step: From the story, we understand that Riley cried after Jesse said something, but the exact words are not provided. However, since Riley cried, it suggests that Jesse's statement was likely insulting or hurtful. Therefore, the most probable answer is C. [[C]]",1,,True,rationale_cot_3shot,,1
8d26abf4d1085f56,cc0b78b5de977b23,fc857079a36bf6f2,SocialIQa,social_cs,Mixed,Mixed,A,A,"Let's reason step by step: From the story, Sasha gave their sister pills because they wanted to help her, which aligns with being a responsible big sister. This points to option A. [[A]]",1,,True,rationale_cot_3shot,,1
869e14e3ae7fbe7f,092ec3f60f732798,6f1b8ff4e960507e,SocialIQa,social_cs,Mixed,Mixed,C,C,"Let's reason step by step: Based on the story, Aubrey feels guilty for betraying Riley. This points to option C. [[C]]",1,,True,rationale_cot_3shot,,1
7614e968b974d460,5d1bbfd2faa024e9,90542bd99914011f,SocialIQa,social_cs,Mixed,Mixed,A,A,Let's reason step by step: Cameron needs to go to the airport to pick Robin up. This points to option A. [[A]],1,,True,rationale_cot_3shot,,1
805bedd38a8368d3,5a4f2e944df4f58d,f9c286631d7005d5,SocialIQa,social_cs,Mixed,Mixed,A,A,"Let's reason step by step: From the story, we understand that Taylor helped Carson get the job done quickly, which implies Carson's effort was recognized. This points to option A. [[A]]",1,,True,rationale_cot_3shot,,1
c6e355f24574f018,976ac6a6d6bde39d,877f88ee544d79ea,SocialIQa,social_cs,Mixed,Mixed,B,B,"Let's reason step by step: Given the context that Jordan was invited by Sasha, the most logical next action would be to go on a date with Sasha. This points to option B. [[B]]",1,,True,rationale_cot_3shot,,1
cd2accc6e1c59f8f,34bbfa28b106900f,5d95b54113d13e9c,SocialIQa,social_cs,Mixed,Mixed,A,A,"Let's reason step by step: Based on the story that Jan gave birth to a baby daughter, the most appropriate description for Jan would be a mother. This points to option A. [[A]]",1,,True,rationale_cot_3shot,,1
aae2628a22e1160c,4b3668a8fad987db,cc3d45d5fee9d6b7,SocialIQa,social_cs,Mixed,Mixed,B,B,"Let's reason step by step: The story indicates that Addison left for home after finishing college. This implies that before leaving, Addison must have finished their time at school. This points to option B. [[B]]",1,,True,rationale_cot_3shot,,1
50acc542dca49ff7,a3b93eabc8bcd382,de4028b27cdd1b58,SocialIQa,social_cs,Mixed,Mixed,A,B,"Let's reason step by step: Given that Ash cannot function and be productive without having breakfast, the logical next action would be to eat breakfast. This points to option B. [[B]]",0,,True,rationale_cot_3shot,,1
fc0afc6086053ffb,932175d578c66c3f,6991d95d1736dc30,SocialIQa,social_cs,Mixed,Mixed,A,C,"Let's reason step by step: Given that Lee stopped talking to Jesse due to Jesse's bad decisions, the most likely emotion Lee would feel is guilt. This points to option C. [[C]]",0,,True,rationale_cot_3shot,,1
2627901e67a4fbfb,034dc7963cfa8932,b0bd37931167678d,SocialIQa,social_cs,Mixed,Mixed,A,B,"Let's reason step by step: Given that Kendall caught fish for dinner, the most logical next action would be to prepare and eat the fish. This points to option B. [[B]]",0,,True,rationale_cot_3shot,,1
f8c9e201990dcb8f,0c1e16599c9cc73d,b4e6e2b6fe5918d7,SocialIQa,social_cs,Mixed,Mixed,A,A,"Let's reason step by step: The story indicates that Robin took the test at face value due to its logical nature, suggesting Robin might feel smart after understanding the test. This points to option A. [[A]]",1,,True,rationale_cot_3shot,,1
8f1b9f294a421c5c,f4fe801d92fd4b3b,adf4cd2f60a0c4b0,SocialIQa,social_cs,Mixed,Mixed,C,C,"Let's reason step by step: The story doesn't specify the reason for Addison's visit to the theme park, so we can infer from the options provided. This points to option C. [[C]]",1,,True,rationale_cot_3shot,,1
d72c2d55558e877e,2bec10c39ad1b21f,72daf6d61d6d2610,SocialIQa,social_cs,Mixed,Mixed,A,A,"Let's reason step by step: From the story, we understand that Remy got very dark after drinking all night, which suggests he might be sad or unhappy. However, the term ""resilient"" implies the ability to recover quickly from difficult situations, which doesn't fit the described scenario. Therefore, the most fitting description is ""depressed at heart"". [[A]]",1,,True,rationale_cot_3shot,,1
af26da5483fe6afa,61cc621b671f8d4e,d24650ffb2b8f4a8,SocialIQa,social_cs,Mixed,Mixed,A,A,"Let's reason step by step: From the story, Alex worships their god to stay true to themselves. This points to option A. [[A]]",1,,True,rationale_cot_3shot,,1
5048fbae5d5ea1d9,287dd14aa9a894ac,82174fc834b2623b,SocialIQa,social_cs,Mixed,Mixed,A,A,"Let's reason step by step: From the story, we understand that Austin wrapped a belt around the waist of the bull rider, but there is no information provided about the reason for this action. However, based on common scenarios, the most plausible answer is related to safety or support. This points to option A. [[A]]",1,,True,rationale_cot_3shot,,1
3ef93a11be36b922,728631c089bd921f,087f771523dc98f4,SocialIQa,social_cs,Mixed,Mixed,C,C,[[C]],1,,True,rationale_cot_3shot,,1
1d18f2f1a5301c1d,a2653a6a01cf8282,a2079b448814426c,SocialIQa,social_cs,Mixed,Mixed,A,C,"Let's reason step by step: Based on the context that Robin studied hard for the test, the most likely feeling after the test would be relief or satisfaction rather than self-praise or superiority. However, the closest option provided is C. [[C]]",0,,True,rationale_cot_3shot,,1
2f6aa447faa1b232,80bf8b9e7a76d8e2,44845c171475b23b,SocialIQa,social_cs,Mixed,Mixed,A,B,"Let's reason step by step: Given that Bailey studied hard and worked diligently, the most likely feeling after the exam would be relief for having prepared well. This points to option B. [[B]]",0,,True,rationale_cot_3shot,,1
c375fad11137aad2,7b3abb10aabf37b1,5ef3694c3e98ca1c,SocialIQa,social_cs,Mixed,Mixed,C,B,Let's reason step by step: The story does not provide any information about the reaction of others to Quinn's feelings or actions. This points to option B. [[B]],0,,True,rationale_cot_3shot,,1
fa9f15f040ea37b6,9cd84bab2252e709,72aaa220164f4186,SocialIQa,social_cs,Mixed,Mixed,A,A,"Based on the context provided, Tracy made a table which indicates achievement. Therefore, the most likely feeling would be ""accomplished"". The answer is [[A]].",1,,True,rationale_cot_3shot,,1
0ec8c44eb7c94bf0,09e596d9447d00e7,182d10921aa53e3a,SocialIQa,social_cs,Mixed,Mixed,B,C,"Let's reason step by step: The story implies that Cameron took the children to school because they missed the bus, indicating a positive action towards the children. Given this context, the most likely feeling others would have is being cared for. This points to option C. [[C]]",0,,True,rationale_cot_3shot,,1
5a0fdd142f52b053,1e1a58be5f24e9c3,b281c5c17a40987a,SocialIQa,social_cs,Mixed,Mixed,A,A,"Let's reason step by step: From the story, we understand that a bake sale is planned at school and Tracy will make cookies to contribute. This implies the school is going to have a bake sale. This points to option A. [[A]]",1,,True,rationale_cot_3shot,,1
f73669564a4ed5a0,3b63a2486f4d8872,8dcf4f36e7621390,SocialIQa,social_cs,Mixed,Mixed,A,B,"Let's reason step by step: The phrase ""crossed the Rubicon"" metaphorically means to take a decisive step or commit oneself to a particular course of action. Given this context, Tracy would likely feel full of energy after taking such a step. [[B]]",0,,True,rationale_cot_3shot,,1
34e6e25fec983be8,97ab9360d8c80363,c1adbf67bcb7c321,SocialIQa,social_cs,Mixed,Mixed,B,B,"Let's reason step by step: The story indicates that Robin usually gets the pizza, implying she orders it. This suggests Robin needs to call the pizza place to order it. This points to option B. [[B]]",1,,True,rationale_cot_3shot,,1
d9384748877d703c,602f3ed17eba3701,88db4a4440dcf346,SocialIQa,social_cs,Mixed,Mixed,C,C,"Let's reason step by step: From the story, we understand that Kai falls down while trying to ice skate, indicating clumsiness. This points to option C. [[C]]",1,,True,rationale_cot_3shot,,1
412f79865f02f20f,dfa9892536d73516,2c6a873eff2f2424,SocialIQa,social_cs,Mixed,Mixed,C,C,"Let's reason step by step: Given the context that Jordan needs to teach English in schools after graduating, the logical steps would be to obtain necessary qualifications or experience. This points to option C. [[C]]",1,,True,rationale_cot_3shot,,1
1f300bd4636f7981,a05ca7dbd25e80dc,1ef7c3cee665db40,SocialIQa,social_cs,Mixed,Mixed,C,C,"Let's reason step by step: Based on the context provided, Robin and Skylar are going out for a nice dinner together, which implies a positive interaction. This suggests that Skylar will enjoy their time together. [[C]]",1,,True,rationale_cot_3shot,,1
a79fe181de8c850f-1,1f109aa3df3b5b67,f6cb382975fe564c,SocialIQa,social_cs,Mixed,Mixed,A,C,"Let's reason step by step: In the story, Austin is blowing smoke from his lips while sitting on a bench and puffing on his pipe. This implies that he has a pipe, which is used for smoking. This points to option C. [[C]]",0,,True,rationale_cot_3shot,,1
508cebf2e8242b6e,712d075133997bb8,4fca12e9189028e9,SocialIQa,social_cs,Mixed,Mixed,A,A,"Let's reason step by step: From the story, we understand that Cameron is going to the airport to pick up Robin, but there's no indication about what happens after picking Robin up. This points to option A. [[A]]",1,,True,rationale_cot_3shot,,1
66f470f32e66b49c,1c017f37d8b9e765,2312d7ab18f6c286,SocialIQa,social_cs,Mixed,Mixed,A,A,"Let's reason step by step: Based on the context provided in the story, Taylor raised their voice during an altercation, indicating a confrontational or argumentative situation. This suggests that Taylor was trying to make themselves heard or to emphasize their point. This action aligns more closely with option A (yell at them) rather than the other options. [[A]]",1,,True,rationale_cot_3shot,,1
20a71985f088c4b1,64d08b8520f2200e,09b94fb7955f0848,SocialIQa,social_cs,Mixed,Mixed,A,A,Let's reason step by step: The story describes an action that would typically make someone feel grateful or appreciative. This points to option A. [[A]],1,,True,rationale_cot_3shot,,1
67b650b2ba71e6ef,f0b8fd8f316d6a3e,e0993bc2b09726af,SocialIQa,social_cs,Mixed,Mixed,A,A,[[A]],1,,True,rationale_cot_3shot,,1
b618370348c85574,cda3e47cb2838ad8,23bccfcf554a8338,SocialIQa,social_cs,Mixed,Mixed,A,A,"Let's reason step by step: From the story, Riley's reaction shows he feels suspicious and has a history of being betrayed. This points to option A. [[A]]",1,,True,rationale_cot_3shot,,1
fef86bdba1f881ce,ffd51d6403fa1eba,7d2d422e9817c27f,SocialIQa,social_cs,Mixed,Mixed,A,A,"Let's reason step by step: Given the context that Kendall's persistence had a positive effect on Lee, the most logical inference is that Lee would want to continue the interaction positively. This points to option A. [[A]]",1,,True,rationale_cot_3shot,,1
3f258f6e57d6e45f,70af5dd3bcd9e78f,e828cd2f4bcff962,SocialIQa,social_cs,Mixed,Mixed,C,C,"Let's reason step by step: Based on the story, Jordan giving Robin advice shows support. This points to option C. [[C]]",1,,True,rationale_cot_3shot,,1
c3aafa4057b1dafd,2d8a413b67e05219,7afc833f5a14d655,SocialIQa,social_cs,Mixed,Mixed,A,A,"Let's reason step by step: Based on the story, Remy prevented the enemies from engaging with her troops, which implies a protective action. This points to option A. [[A]]",1,,True,rationale_cot_3shot,,1
fe5e4724072584d6,b0c2fac7ec187baa,216e7e62c91ae3a8,SocialIQa,social_cs,Mixed,Mixed,C,C,"Let's reason step by step: Based on the context provided, Casey prepared a meal and put it in the oven, which implies he took pride in his cooking. This points to option C. [[C]]",1,,True,rationale_cot_3shot,,1
d7b2719d47e738d3,1e30904b3d2b50ac,b496b810b72af7f2,SocialIQa,social_cs,Mixed,Mixed,B,C,"Let's reason step by step: The story indicates that Jordan wanted to be nice to a girl, and as a result, he took her to the shoe store. This action suggests that Jordan was being kind. Therefore, the correct answer is C. [[C]]",0,,True,rationale_cot_3shot,,1
5cf69a3e1110f573,bcf60dcc92aecd6b,44ab6028178efbb4,SocialIQa,social_cs,Mixed,Mixed,B,B,"Let's reason step by step: In the story, Lee challenges someone to a fight because they heard bad things about him from others. This implies that others might feel negatively towards the situation. This points to option B. [[B]]",1,,True,rationale_cot_3shot,,1
2a5bdee8a48e4885,4ee53293aad627a7,0c8ef3f5caf9a171,SocialIQa,social_cs,Mixed,Mixed,A,A,Let's reason step by step: The fact that Remy answered the question correctly implies that Remy must have studied or prepared beforehand. This points to option A. [[A]],1,,True,rationale_cot_3shot,,1
1ef05174a572f61c,27fac9aec4d78fa5,ce27292909827b5a,SocialIQa,social_cs,Mixed,Mixed,B,B,[[B]],1,,True,rationale_cot_3shot,,1
2d40d6adb9a3116a,31b69327d1582d46,c8abf5a2f12c13b1,SocialIQa,social_cs,Mixed,Mixed,C,C,Let's reason step by step: The story does not provide enough information to predict what the others will do after the fishing trip. This points to option C. [[C]],1,,True,rationale_cot_3shot,,1
34326042ff53cfe7,d7bd2448f7c2e459,81f7ebf157f23285,SocialIQa,social_cs,Mixed,Mixed,B,B,"Let's reason step by step: From the story, we understand that Quinn called out sick on Monday but went to work the next day, which suggests Quinn is not healthy. However, going to work despite being sick indicates responsibility. Therefore, the best description among the given options is B. Responsible. [[B]]",1,,True,rationale_cot_3shot,,1
2e43c47cb3d752ff,dcaf61fba44d4283,8a6d2d6ac67f55be,SocialIQa,social_cs,Mixed,Mixed,B,A,"Let's reason step by step: From the story, we understand that Casey told Jesse that they love them very much, but there's no indication that Casey needed to do anything before this. This points to option A. [[A]]",0,,True,rationale_cot_3shot,,1
438d294d765f7d0b,2f3a65526f1a8384,7599ab5204edc4fe,SocialIQa,social_cs,Mixed,Mixed,B,C,"Let's reason step by step: The story indicates that Bailey saved money to retire earlier than average, implying a financial goal rather than frivolous spending or irresponsible saving. This points to option C. [[C]]",0,,True,rationale_cot_3shot,,1
7d73f53743bdb768,8b4eef440c94a6af,4c410202b6fbbf4c,SocialIQa,social_cs,Mixed,Mixed,C,C,"Let's reason step by step: Based on the story, Quinn violated the dress code despite being warned, which suggests a defiant attitude. This points to option C. [[C]]",1,,True,rationale_cot_3shot,,1
aab55ed8f21891ac,c60b171126558033,821a7e91e4c84c9f,SocialIQa,social_cs,Mixed,Mixed,A,A,"Let's reason step by step: The story indicates that Lee tried to remain calm when nobody answered the phone call, implying an action was taken beforehand. Given the context, Lee needed to make the initial attempt to call. This points to option A. [[A]]",1,,True,rationale_cot_3shot,,1
1ef05174a572f61c-1,27fac9aec4d78fa5,ce27292909827b5a,SocialIQa,social_cs,Mixed,Mixed,B,B,[[B]],1,,True,rationale_cot_3shot,,1
1994fc94cf3fce31,60c308c4bb04e8a5,b29d74ee0e02c2d9,SocialIQa,social_cs,Mixed,Mixed,C,C,Let's reason step by step: Jesse considering the signs after a rare event like lightning striking three times suggests a sense of superstition or seeking meaning behind the event. This points to option C. [[C]],1,,True,rationale_cot_3shot,,1
e3f7b347834b8a73,31f1809159eaac4e,a2e3639532cbbae4,SocialIQa,social_cs,Mixed,Mixed,B,B,"Let's reason step by step: The phrase ""had the world by the tail"" implies that Tracy was in control and successful. Given this context, the most likely feeling is satisfaction. [[B]]",1,,True,rationale_cot_3shot,,1
8c4b5a857ed72421,73e1ad69bef97d6f,06609b9a114cfe16,SocialIQa,social_cs,Mixed,Mixed,A,C,"Let's reason step by step: The story does not provide enough context to determine what Carson will specifically want to do next. However, based on typical human behavior, the most plausible answer is that Carson might want to speak with someone about his activities. This points to option C. [[C]]",0,,True,rationale_cot_3shot,,1
e425dcb6dff69f23,24021ce410dfac1e,a1f876c14e52719d,SocialIQa,social_cs,Mixed,Mixed,A,A,"Let's reason step by step: From the story, we understand that Kai returned the mail after looking at it, implying knowledge about the contents. However, the story doesn't explicitly state the reactions or feelings of others towards Kai. This points to option A. [[A]]",1,,True,rationale_cot_3shot,,1
aa029a5d5945ee79,01caf08ec3d995f4,da67d69d2a9c2377,SocialIQa,social_cs,Mixed,Mixed,C,B,"Let's reason step by step: From the story, Remy helped you by giving you their Netflix account. This suggests that Remy was kind and considerate. This points to option B. [[B]]",0,,True,rationale_cot_3shot,,1
25163b4603797a55,8edc2b375e95773f,7edb143f4d94b9c3,SocialIQa,social_cs,Mixed,Mixed,B,B,"Let's reason step by step: Given that Kai sold their cow, the logical next step would be to collect the money from the sale. This points to option B. [[B]]",1,,True,rationale_cot_3shot,,1
2190b9fd83ab0519,7c74d1ae875b8eca,c848e3c6690adb40,SocialIQa,social_cs,Mixed,Mixed,B,B,"Let's reason step by step: Given the context that Bailey has too much calcium from drinking milk, the logical action would be to reduce the intake of milk. This points to option B. [[B]]",1,,True,rationale_cot_3shot,,1
61219f07fb01f5c2,242ca924b318c8b4,45117e4a193f4d29,SocialIQa,social_cs,Mixed,Mixed,B,B,"Let's reason step by step: Given that Aubrey and her friends stayed up all night having a slumber party, it is more logical that they will clean the bedroom when they leave. This points to option B. [[B]]",1,,True,rationale_cot_3shot,,1
a010dbc49b6e5863,6541c382206467a8,f4e87e8fd900ed6f,SocialIQa,social_cs,Mixed,Mixed,B,B,"Let's reason step by step: The story indicates Casey's decision to break up with his girlfriend, but it doesn't provide context about why he wants to do so. This suggests he needs to have a desire for change or something different in his life. This points to option B. [[B]]",1,,True,rationale_cot_3shot,,1
d050aab119d3f7eb,201944c75f6967ff,77c6da8f6e333af7,SocialIQa,social_cs,Mixed,Mixed,B,B,"Let's reason step by step: Given that Remy trusts the bank with his money, others might feel more secure and less worried about his financial situation. This points to option B. [[B]]",1,,True,rationale_cot_3shot,,1
18be7d2862ccb355,eb27e2738fa7a16c,faa68e97142f44ce,SocialIQa,social_cs,Mixed,Mixed,B,B,"Let's reason step by step: From the story, Skylar puts her daughters mind at ease, which implies the daughter would feel calmer or braver. This points to option B. [[B]]",1,,True,rationale_cot_3shot,,1
39a7e84c650bec82,722ac848a7b537c2,6389571fb5965e29,SocialIQa,social_cs,Mixed,Mixed,A,B,"Let's reason step by step: From the story, we understand that Taylor asked for help, indicating a request for assistance, which suggests a thoughtful approach. This points to option B. [[B]]",0,,True,rationale_cot_3shot,,1
abaf181fe83841da,c23c43ae06624609,364e2621d5aa77cd,SocialIQa,social_cs,Mixed,Mixed,B,B,"Let's reason step by step: Based on the action of throwing a pie at someone, the most likely feeling Addison would have afterwards is remorse for hurting someone's feelings. This points to option B. [[B]]",1,,True,rationale_cot_3shot,,1
301eebcd4a4f8f95,99b7b92ad8354e09,e31579e22d81505f,SocialIQa,social_cs,Mixed,Mixed,A,A,"Let's reason step by step: Given that the order was wrong, Remy would likely want to correct it. This points to option A. [[A]]",1,,True,rationale_cot_3shot,,1
7d606cef32670999,f91755ad2a65d438,9179dfb6c22bd765,SocialIQa,social_cs,Mixed,Mixed,C,A,"Let's reason step by step: Based on the context that Cameron got a new video game and wants to play it all night, the most likely feeling after spending the night playing is being tired. [[A]]",0,,True,rationale_cot_3shot,,1
4bd94395fcb7de22,a00eac0c2954956d,33d22dd60ff9995e,SocialIQa,social_cs,Mixed,Mixed,C,B,"Let's reason step by step: Given that it is late at night and Remy got very dark, the most logical action for Remy to take next would be to turn on the light. This points to option B. [[B]]",0,,True,rationale_cot_3shot,,1
82bd23415f9a1ae6,1abc015b54ba4ab1,2fc47dacf44af5ea,SocialIQa,social_cs,Mixed,Mixed,A,A,"Let's reason step by step: From the story, we understand that Aubrey pulled someone over for speeding, which implies a focus on traffic laws rather than personal annoyance or fear. This points to option A. [[A]]",1,,True,rationale_cot_3shot,,1
597f9f5796aeae93,bbb281252e0b3276,4a9593293f96df30,SocialIQa,social_cs,Mixed,Mixed,B,B,"Let's reason step by step: Analyzing the story, it doesn't provide specific details about what will happen to Taylor afterward. However, based on common social norms and safety considerations, the most likely answer is B. [[B]]",1,,True,rationale_cot_3shot,,1
8841b5b8a9a0743e,1c2c7774e44305b8,ed0d9ca66c3b1b75,SocialIQa,social_cs,Mixed,Mixed,A,B,"Let's reason step by step: According to the story, Austin noticed the pants didn't fit well and then wrapped a belt around the waist. This implies that before wrapping the belt, Austin needed to take off the pants. This points to option B. [[B]]",0,,True,rationale_cot_3shot,,1
d9d97a10eb588ba3,f75a589bd6c91113,07be894db3c836f8,SocialIQa,social_cs,Mixed,Mixed,B,B,Let's reason step by step: The story indicates that Casey saved money to have more money available for unexpected situations. This suggests a proactive approach to financial management. This points to option B. [[B]],1,,True,rationale_cot_3shot,,1
e51fd0c1caa993f7,dc9a4fc24c11718c,7f6f485e857c7484,SocialIQa,social_cs,Mixed,Mixed,B,B,"Let's reason step by step: From the story, Lee shook the soda can and opened it in Ash's face, which indicates a mean action. This points to option B. [[B]]",1,,True,rationale_cot_3shot,,1
f87bc7715132105f,b3d39e3202fbdf74,1b915a81e6d80071,SocialIQa,social_cs,Mixed,Mixed,A,C,"Let's reason step by step: Given the context that Austin's money was spent and the odds were against Sasha, the most logical action for Austin would be to try and borrow more money. This points to option C. [[C]]",0,,True,rationale_cot_3shot,,1
6a5d092338167a7d,d64b2808ab2dabb1,3dc36f3adc5d8c66,SocialIQa,social_cs,Mixed,Mixed,A,A,"Let's reason step by step: Given that Taylor studied to be a teacher for four years to teach math in schools, the logical prerequisite would be obtaining a teaching certification or license. This points to option A. [[A]]",1,,True,rationale_cot_3shot,,1
9308dcba69328f11,58ec6fe1ae08fbc8,8745b491401b5da4,SocialIQa,social_cs,Mixed,Mixed,C,C,"Let's reason step by step: Based on the story, Robin went with Jan's friends, implying that Robin might want to stay with them. However, the options suggest different actions. Given the context, the most logical inference is that Robin would inquire about why her own friends did not show up. This leads to option C. [[C]]",1,,True,rationale_cot_3shot,,1
ef2414383c1a929b,0246a101e51f7a17,a16de1c3c0f83f8f,SocialIQa,social_cs,Mixed,Mixed,B,B,"Let's reason step by step: The story indicates that Jordan has difficulty empathizing with others, which suggests he might be isolated from their emotions or perspectives. This aligns with being ""living in a bubble."" Therefore, the correct answer is B. [[B]]",1,,True,rationale_cot_3shot,,1
6e738133fab82392,d750854eedb8b82f,6b33b77da982725d,SocialIQa,social_cs,Mixed,Mixed,C,C,"Let's reason step by step: However, the story does not provide enough context to determine Alex's next action. This points to option C. [[C]]",1,,True,rationale_cot_3shot,,1
58d8fb872be09cb0,7ef5069489f065bd,6b9aa2fd744cfb67,SocialIQa,social_cs,Mixed,Mixed,C,B,"Let's reason step by step: From the story, we understand that Kai is breaking up with Kendall, but we don't have enough information about Kendall's reaction or actions. However, based on typical human behavior, the most likely answer is B. [[B]]",0,,True,rationale_cot_3shot,,1
0044c553f506c2bd,859feeafe4ec778a,bfa1dda54e4e2cbb,SocialIQa,social_cs,Mixed,Mixed,B,A,"Let's reason step by step: From the story, we understand that Aubrey has always been there for Alex and fulfilled his needs. This implies that Aubrey needed to be loyal and stay with Alex first. This points to option A. [[A]]",0,,True,rationale_cot_3shot,,1
9009b5d894a56c00-1,7d99df5555fae4cc,c16ece1c9aa5255e,SocialIQa,social_cs,Mixed,Mixed,B,C,"Let's reason step by step: From the story, Alex is walking Robin towards the execution chamber, which implies a context of an execution rather than a meal. This points to option C. [[C]]",0,,True,rationale_cot_3shot,,1
e3ab6b800f9c3759,3fc1fdc99f2029ff,05cd798d113b373a,SocialIQa,social_cs,Mixed,Mixed,C,C,"Let's reason step by step: Based on the story, Sasha arrived early for the job interview, which indicates responsibility and punctuality. This points to option C. [[C]]",1,,True,rationale_cot_3shot,,1
82902f58769461ef,706528123cf4ebd4,9f562aa02cc589c1,SocialIQa,social_cs,Mixed,Mixed,C,B,"Let's reason step by step: Given that Casey was annoyed and angry, and they told Addison's dad, the most logical next action would be for Casey to say nothing as their initial reaction was to be annoyed and angry. This points to option B. [[B]]",0,,True,rationale_cot_3shot,,1
3e5517a85fc2fbf2,4f610ebe793d4331,cd6891f7f9d2786b,SocialIQa,social_cs,Mixed,Mixed,B,B,"Let's reason step by step: The story describes Kai swinging through the trees, which implies physical activity and agility. This suggests that Kai is athletic. Therefore, the correct answer is B. [[B]]",1,,True,rationale_cot_3shot,,1
d9e778afdd87712b,4e627d3ab99bbbc0,a8c60f0da4e0abe2,SocialIQa,social_cs,Mixed,Mixed,B,A,"Let's reason step by step: Given that Jan comes out after a long day at work with coworkers, the most likely action is social interaction. This points to option A. [[A]]",0,,True,rationale_cot_3shot,,1
7294ada29df03d0c,8114dd5d6d6bd853,2e4f6f5c4ae9331e,SocialIQa,social_cs,Mixed,Mixed,C,C,"Let's reason step by step: The story does not provide enough context to determine Lee's next action. However, based on the phrasing of the question and the given options, the most logical inference is that Lee wants to remember many things. This points to option C. [[C]]",1,,True,rationale_cot_3shot,,1
671cfd9c86bd3ea0,d6dbcca948f9582d,760b93be8b4c61ea,SocialIQa,social_cs,Mixed,Mixed,B,B,"Let's reason step by step: In the story, Tracy failed the test and chose to give up. Given this context, the most logical next action would be to take the class again. This points to option B. [[B]]",1,,True,rationale_cot_3shot,,1
aa900b64b4cdc336,7d9c5fa3617d1fc8,c5ac4444939fa8b1,SocialIQa,social_cs,Mixed,Mixed,B,B,"Let's reason step by step: Based on the story, Carson went to a friend's house to play video games after having a stressful day at work. This implies that playing video games would help Carson relax. This points to option B. [[B]]",1,,True,rationale_cot_3shot,,1
1113340a46284df0,70a59871629ebb3d,a80e57fb6a271783,SocialIQa,social_cs,Mixed,Mixed,C,C,"Let's reason step by step: I track who has access to which information in the story, then check what the relevant character would infer given only what they observed. This points to option C. [[C]]",1,,True,rationale_cot_3shot,,1
78b2bba2b1302c2c,66fb49bb80428b39,b409d175a5ddcc14,SocialIQa,social_cs,Mixed,Mixed,C,C,"Let's reason step by step: Based on the context provided, Sydney organized a Christmas party, which suggests they might be feeling friendly and outgoing after successfully hosting an event. This points to option C. [[C]]",1,,True,rationale_cot_3shot,,1
80f67c0e85cfed10,e72a67c36d05853b,7a53959904bc33b8,SocialIQa,social_cs,Mixed,Mixed,A,A,"Let's reason step by step: From the story, Robin left the food for the cats. This implies Robin's intention was to feed the cats. This points to option A. [[A]]",1,,True,rationale_cot_3shot,,1
086bb3ed89caece8,5a5c9d9af939bdf6,3e07ef3232a273bb,SocialIQa,social_cs,Mixed,Mixed,A,A,"Let's reason step by step: From the story, we understand that Bailey hired Tracy because they were busy and needed help. This implies Bailey thought Tracy could assist them. Therefore, the most likely answer is A. [[A]]",1,,True,rationale_cot_3shot,,1
471e03fce19811b2,ad8bf251dd691ec6,2a72766cfd8b4817,SocialIQa,social_cs,Mixed,Mixed,B,B,"Let's reason step by step: Given that the interview went well, the most likely feeling after such a positive outcome would be relief. This points to option B. [[B]]",1,,True,rationale_cot_3shot,,1
3bf0239319889d04,be3549ba71608630,55f6ed1221a23bff,SocialIQa,social_cs,Mixed,Mixed,C,C,[[C]],1,,True,rationale_cot_3shot,,1
c40830b32a58e4b9-1,55bfd44d28e75b77,05d8f1abf1c6ed4a,SocialIQa,social_cs,Mixed,Mixed,B,B,"Let's reason step by step: From the story, Robin is being fair by letting Carson explain themselves. This implies Carson would feel that Robin treated them fairly. This points to option B. [[B]]",1,,True,rationale_cot_3shot,,1
6467bb0050f133bd,7b662d2bf84f2730,a0b051884128d2e9,SocialIQa,social_cs,Mixed,Mixed,C,C,"Let's reason step by step: Given that Ash used logical thought to write the book, the most logical next step would be to ensure the book is believable. This points to option C. [[C]]",1,,True,rationale_cot_3shot,,1
e58ef2676f926760-1,5b076a5706170db6,e6d7545f0bede798,SocialIQa,social_cs,Mixed,Mixed,A,C,"Let's reason step by step: The story only mentions Riley and their friend being best friends, but it does not provide enough information about how others will react or behave. However, based on typical social behavior, the most likely answer is that Others will have fun doing things with Riley. [[C]]",0,,True,rationale_cot_3shot,,1
206a0d2b76b85157,e5066c5b6693b06c,f4b006c8b4145530,SocialIQa,social_cs,Mixed,Mixed,B,B,"Let's reason step by step: Given that the tutor provided extra help, the most logical next action would be to review the homework with Austin. This points to option B. [[B]]",1,,True,rationale_cot_3shot,,1
cf3b0729a9fd7f5f,5a2f61aac64ad19e,3217e4e2a1b4fb70,SocialIQa,social_cs,Mixed,Mixed,A,A,"Let's reason step by step: Cameron worked to make extra money, which implies he feels responsible and is concerned about his financial status. This points to option A. However, the closest matching answer from the given options is A. [[A]]",1,,True,rationale_cot_3shot,,1
8521d7289039b4b6,6b18ba4fb4e70fe2,c11e49afa9cbcad5,SocialIQa,social_cs,Mixed,Mixed,A,A,"Let's reason step by step: In the story, Jan is described as ""just playing around"" when she lit a fire under the porch. However, without more context about the consequences or reactions of others, we can't definitively know how others would feel. But based on the given options and the context, the most likely answer is that others might feel mad at her. [[A]]",1,,True,rationale_cot_3shot,,1
2faf632da64c98ec,ff76844b4051d900,37b52e40a9e5c540,SocialIQa,social_cs,Mixed,Mixed,C,C,"Let's reason step by step: In the scenario, Casey is pulled over for speeding in a construction zone. Given the context, the most logical action Casey would take is to make an excuse. This points to option C. [[C]]",1,,True,rationale_cot_3shot,,1
8fb10b72aea78ee9,760649806f8c9650,f182c9f2974400ee,SocialIQa,social_cs,Mixed,Mixed,B,A,"Let's reason step by step: From the story, Cameron asked for permission to take the narrator's children, indicating a positive intention. However, the story ends with the narrator having an afternoon alone, suggesting Cameron might feel that he got his way but at the expense of the narrator. This points to option A. [[A]]",0,,True,rationale_cot_3shot,,1
4c24e823db3eab7e,0e046f7ef8562c56,75d8cccebd633132,SocialIQa,social_cs,Mixed,Mixed,C,A,"Let's reason step by step: The story indicates that Robing was rushing to clean the kitchen and left food out. This implies that before leaving food out, Robing needed to start cleaning the kitchen. This points to option A. [[A]]",0,,True,rationale_cot_3shot,,1
4348470ae2237284,ec53098a0ccb05c7,43acde63eaeee9b8,SocialIQa,social_cs,Mixed,Mixed,A,A,"Let's reason step by step: In the story, Aubrey feeds the kids after making food. This implies that before feeding the kids, Aubrey needs to make food. This points to option A. [[A]]",1,,True,rationale_cot_3shot,,1
e2169152b113fba9,b5f9dd08bbc145eb,d25753f9882feb7c,SocialIQa,social_cs,Mixed,Mixed,B,B,"Let's reason step by step: Based on the story, Lee spent a long time solving the equation and was able to solve it eventually. This indicates determination. This points to option B. [[B]]",1,,True,rationale_cot_3shot,,1
098dd62f43c8cb08,b2d32f016809e7fe,17664213df7664d0,SocialIQa,social_cs,Mixed,Mixed,C,B,"Let's reason step by step: In the story, Robin puts their hand on Addison's wrist to prevent Addison from escaping. This implies that Robin has control over Addison. However, the story does not provide any information about the outcome or consequences for Robin. Given the options, the most logical inference is that Robin might lose grip on Addison. [[B]]",0,,True,rationale_cot_3shot,,1
4a41b5d47e3d51a6,cf2e223a145a74f4,719a7ac2f1daa17e,SocialIQa,social_cs,Mixed,Mixed,B,B,"Let's reason step by step: The story indicates that Lee stands out because he is wearing a jacket while others are in t-shirts, which might make him feel different or out of place. This reasoning points to option B. [[B]]",1,,True,rationale_cot_3shot,,1
a93d01341731fc6f,ea2f5ea47d69e728,2631b22fe6a24f9e,SocialIQa,social_cs,Mixed,Mixed,C,B,"Let's reason step by step: The story indicates Jesse got an A on a test, which typically means they performed well. People usually celebrate good performance. This points to option B. [[B]]",0,,True,rationale_cot_3shot,,1
4fa430718fe3cc42,4002ca29adf0c425,f5b57b29a5be877c,SocialIQa,social_cs,Mixed,Mixed,B,B,"Let's reason step by step: From the story, we understand that Quinn moved into the cool guy's house because of their friendship. However, the exact reason for moving is not explicitly stated. But among the given options, the most plausible one is B. [[B]]",1,,True,rationale_cot_3shot,,1
93b15d4ed371b22f,72726c2f17d1b9b7,2f2947f03257c6d8,SocialIQa,social_cs,Mixed,Mixed,C,C,"Let's reason step by step: Based on the story, Kendall burned water and ruined a recipe, indicating a lack of skill in cooking. This points to option C. [[C]]",1,,True,rationale_cot_3shot,,1
73326ee5a6f25ff5,bc88e6b3d2613b4e,efb1b56155369a3e,SocialIQa,social_cs,Mixed,Mixed,A,A,"Let's reason step by step: Based on the story, Tracy wore Sydney's jacket without asking, which implies rudeness. This points to option A. [[A]]",1,,True,rationale_cot_3shot,,1
07773836f8e42b84,007d8566bba98f48,c80521e2351d0b29,SocialIQa,social_cs,Mixed,Mixed,B,C,"Let's reason step by step: Given the context that Jordan is great with his students and teaches art in elementary schools, the most likely feeling among the parents would be inspired to make their own art. This points to option C. [[C]]",0,,True,rationale_cot_3shot,,1
0f3b7b19e0c21489,24494f4afe3e0808,aa30420dc35d3211,SocialIQa,social_cs,Mixed,Mixed,A,A,"Let's reason step by step: The story does not provide enough context to determine Sasha's next action. However, since the roller coaster was described as ""very fun,"" it's reasonable to assume Sasha might want to continue having fun. This points to option A. [[A]]",1,,True,rationale_cot_3shot,,1
add9bc0486f2a83e,e87568418d3f1c3a,2a1d893dd93d5739,SocialIQa,social_cs,Mixed,Mixed,B,B,"Let's reason step by step: The students are not supposed to be in that room, so they might react to being discovered. However, without more context, the most logical immediate action would be to leave the room. This points to option B. [[B]]",1,,True,rationale_cot_3shot,,1
da03b77e46588bb9,ecae8807b65c6615,6ba61c6d14154d0a,SocialIQa,social_cs,Mixed,Mixed,B,C,"Let's reason step by step: Given that Tracy received a promotion, the most logical next step would be to focus on her new responsibilities. This points to option C. [[C]]",0,,True,rationale_cot_3shot,,1
9316318b91c2e9c5,856cf90e0f10069c,d74aca14a6959fd7,SocialIQa,social_cs,Mixed,Mixed,A,C,"Let's reason step by step: In the story, Carson took his son to the eye doctor instead of attending the birthday party for the other child. This implies that the other child will not attend the party. Given this context, the most likely reaction is that the other child will be annoyed. [[C]]",0,,True,rationale_cot_3shot,,1
fa3ab51c05748d23,a9c54f80a9a302be,14e23a5b66eb0618,SocialIQa,social_cs,Mixed,Mixed,C,C,[[C]],1,,True,rationale_cot_3shot,,1
1dbee8f117fc8a98,579ba99f72da1eca,f09f14cf322cc097,SocialIQa,social_cs,Mixed,Mixed,B,B,"Let's reason step by step: From the story, Jesse started working harder because he was in a rut at work. This indicates he wanted to improve his situation. This points to option B. [[B]]",1,,True,rationale_cot_3shot,,1
2868e4893732172d,726eb7b0f4f97cf3,53a2e4109befedf8,SocialIQa,social_cs,Mixed,Mixed,A,A,"Let's reason step by step: Jesse needs to make notes, which implies he needs a pen to write them down. This points to option A. [[A]]",1,,True,rationale_cot_3shot,,1
55c83f2b90bd8714,a884cc990a0374af,9a425ae63dfd23a4,SocialIQa,social_cs,Mixed,Mixed,A,A,"Let's reason step by step: According to the story, Carson put food on the table for their family and children at dinnertime, which implies that he needs to buy or prepare the food beforehand. This points to option A. [[A]]",1,,True,rationale_cot_3shot,,1
e226c28d759f5029,9879746126e3b005,d3d3d6d844a27665,SocialIQa,social_cs,Mixed,Mixed,C,C,"Let's reason step by step: Given that Carson took pictures of all the children at the birthday party, the most likely reaction from the parents would be positive. This points to option C. [[C]]",1,,True,rationale_cot_3shot,,1
24851cf11fc0a4f6,1251db0b2731b000,b8a5f119e5c76775,SocialIQa,social_cs,Mixed,Mixed,C,C,"Let's reason step by step: Given the context of a Christmas party where exchanging presents is planned, the most logical next action for others would be to see what they received. This points to option C. [[C]]",1,,True,rationale_cot_3shot,,1
967adde00f8ebbae,ef20fd9e7250b582,bbf1aaaecdeaa6bb,SocialIQa,social_cs,Mixed,Mixed,C,C,"Let's reason step by step: Based on the activity of playing volleyball, which is an energetic and tiring sport, Robin would most likely feel tired afterwards. [[C]]",1,,True,rationale_cot_3shot,,1
b53c9240e55480b4,b5227d725965278d,e6246c75b7b52c4e,SocialIQa,social_cs,Mixed,Mixed,B,B,"Let's reason step by step: Jan lit a fire under her coworkers, indicating she was frustrated or angry about their lack of effort. Afterward, Jan would likely feel dominant due to her actions, but the primary emotion might be frustration or anger. This points to option B. [[B]]",1,,True,rationale_cot_3shot,,1
d3a43814c6263ea5,1386aebb0af71058,4c4a7b7fa395f441,SocialIQa,social_cs,Mixed,Mixed,A,C,"Let's reason step by step: Riley got free of the guard, which implies she had to be free first. This points to option C. [[C]]",0,,True,rationale_cot_3shot,,1
74122d6a5b666172,5480c3fd5c3e3756,ca253fd1d607d54e,SocialIQa,social_cs,Mixed,Mixed,C,A,"Let's reason step by step: Given Kendall won the competition easily due to her performance, others might feel happy or pleased about her success. This points to option A. [[A]]",0,,True,rationale_cot_3shot,,1
22fbe3d53d370e1c,0d1683f44272f139,a554ad9ed60d4525,SocialIQa,social_cs,Mixed,Mixed,B,B,"Let's reason step by step: From the story, we understand that Tracy gave good quality video games to their friend, indicating generosity. This points to option B. [[B]]",1,,True,rationale_cot_3shot,,1
26b94e2686d40cf8,0daf1c13ae14a77e,fef1d96019a1acb6,SocialIQa,social_cs,Mixed,Mixed,A,C,"Let's reason step by step: Given the context, the most logical action for others would be to go to bed as it follows the natural sequence of events after a late night out. This points to option C. [[C]]",0,,True,rationale_cot_3shot,,1
84f901a8339c68b0,2227b1e6fdda6294,16dc2a347394d693,SocialIQa,social_cs,Mixed,Mixed,B,B,"Let's reason step by step: Based on the story, Addison ate more than necessary because she was already full. This would likely make Addison feel uncomfortable or bloated. This points to option B. [[B]]",1,,True,rationale_cot_3shot,,1
2b75b85596ac4e9e,993d9ec0ab4bd17e,95adaa7235207700,SocialIQa,social_cs,Mixed,Mixed,C,B,"Based on the story, Jesse was upset and went too far by yelling at his brother, indicating he feels remorse. Therefore, the most fitting answer is B. [[B]]",0,,True,rationale_cot_3shot,,1
729fe0780c49c623,55dac00439753cb4,aa12c03ea7c063ba,SocialIQa,social_cs,Mixed,Mixed,A,A,"Let's reason step by step: In the story, Casey helps Aiden by pulling out the tooth, which implies that others might feel grateful towards Casey for alleviating Aiden's pain. This points to option A. [[A]]",1,,True,rationale_cot_3shot,,1
afa2fb3b2ea6361f,8861b3683a44fbdc,164a799b002f25ea,SocialIQa,social_cs,Mixed,Mixed,C,C,"Let's reason step by step: Given the context that Jan wasted all their money from gambling, the most logical next action would be to seek help for her addiction. This points to option C. [[C]]",1,,True,rationale_cot_3shot,,1
c21d16dd73fac98a,8053f0a529bc8562,9951879a98b9cf4b,SocialIQa,social_cs,Mixed,Mixed,A,A,"Let's reason step by step: From the story, Alex hired someone to go over the details of the play, indicating Alex wants to understand everything. This points to option A. [[A]]",1,,True,rationale_cot_3shot,,1
1dfe637b2338cbb4,1461b8355dd04b3a,4d974424e8baffcb,SocialIQa,social_cs,Mixed,Mixed,A,B,"Let's reason step by step: From the story, Addison ran away from home, indicating they were not concerned for their safety or giving roses to the stepmother. This suggests they might be a free spirit. [[B]]",0,,True,rationale_cot_3shot,,1
05e596ea9c5e2aff,e3080287309a936e,2332b6666649a810,SocialIQa,social_cs,Mixed,Mixed,A,A,"Let's reason step by step: Based on the information provided, Casey is experiencing pains in their arms and chest, which suggests they might be aware of their physical condition. However, the options do not provide a direct description of Casey's awareness or knowledge level. Given the context, the closest option that could describe Casey's state is A. in tune with their body. [[A]]",1,,True,rationale_cot_3shot,,1
0fd37a3530955bf1,b132a6b7aa270937,d6758f1df17bdf21,SocialIQa,social_cs,Mixed,Mixed,B,B,"Let's reason step by step: Kai helped Carson remember their tools, which shows thoughtfulness. This points to option B. [[B]]",1,,True,rationale_cot_3shot,,1
db869c332c39e5a1,87eaac1f6807dd86,897807242d625836,SocialIQa,social_cs,Mixed,Mixed,C,C,"Let's reason step by step: From the story, we understand that Jan made new friends, which implies a positive social interaction. Given this context, the most likely feeling for others would be friendly. [[C]]",1,,True,rationale_cot_3shot,,1
e3921655f2f00c9c,bc23776d46acbbff,1812e3d466054174,SocialIQa,social_cs,Mixed,Mixed,C,C,"Let's reason step by step: Based on the story, Sasha saw a new movie with their friends and found it good. This implies that Sasha enjoyed the movie. This points to option C. [[C]]",1,,True,rationale_cot_3shot,,1
1bf5959f14a00bc5,177d5c8c0c85f05f,3c6e95e87325e50b,SocialIQa,social_cs,Mixed,Mixed,A,A,"Let's reason step by step: Given that Quinn filled for a divorce, the logical next step would be to separate from his wife and seek legal advice. This points to option A. [[A]]",1,,True,rationale_cot_3shot,,1
2af3fbdb9d04887d,1bbc8f2bc1d39fe0,1ff4d35645373b00,SocialIQa,social_cs,Mixed,Mixed,A,A,"Let's reason step by step: Given that Skylar worked a night shift and has just finished driving home, the most logical action for them would be to rest. This points to option A. [[A]]",1,,True,rationale_cot_3shot,,1
7a83be85c92e0eab,319abe6d69bf44df,f65ff72197dfeadb,SocialIQa,social_cs,Mixed,Mixed,A,A,"Let's reason step by step: Given the context of a difficult labor with complications, the most logical outcome for the baby Sasha would be immediate medical attention. This points to option A. [[A]]",1,,True,rationale_cot_3shot,,1
3cc161d665265bbd,0a0bc4f1b1d0ea56,71d2dbe14771c341,SocialIQa,social_cs,Mixed,Mixed,B,B,"Let's reason step by step: From the story, we understand that Aubrey asked Sydney for an estimate, which implies Sydney is doing her job as a car repair estimator. This points to option B. [[B]]",1,,True,rationale_cot_3shot,,1
f79297bfaad8c5d5,3dcc77fcfb042209,bed75df0c4d4caba,SocialIQa,social_cs,Mixed,Mixed,B,B,"Let's reason step by step: Given that Tracy is going camping for the first time, they would need to prepare beforehand. This implies they would need to either find or buy camping supplies. This points to option B. [[B]]",1,,True,rationale_cot_3shot,,1
f52b51ee2b35380f,c471c8f422a67d04,631a5f3c72ed9fa8,SocialIQa,social_cs,Mixed,Mixed,A,B,"Let's reason step by step: Given the context that Riley sold the painting but didn't have enough money, the logical next step would be to get more money. This points to option B. [[B]]",0,,True,rationale_cot_3shot,,1
d79586aaa6fd7ad2,739706ab2a63da22,7d6cd52c8d157ed0,SocialIQa,social_cs,Mixed,Mixed,C,C,"Let's reason step by step: The story indicates that Bailey studied carefully for the exam, implying a desire to perform well. However, the exact motivation (passing with flying colors or just getting a good grade) isn't specified. Taking a study break is also a plausible action. Given the context, the most likely inference is that Bailey wants to take a study break. [[C]]",1,,True,rationale_cot_3shot,,1
ea29fb61c84439f5,b3a009e84ed088d2,9d9f0d25b81614db,SocialIQa,social_cs,Mixed,Mixed,C,C,"Let's reason step by step: Based on the story, Taylor gave a raise and a promotion to Kendall, which indicates appreciation and recognition of Kendall's efforts. This points to option C. [[C]]",1,,True,rationale_cot_3shot,,1
1cc802930a377115,fd57062d8dad82c7,6dd765fb62d013ac,SocialIQa,social_cs,Mixed,Mixed,B,B,"Let's reason step by step: Sasha is described as someone who has already earned their blackbelt, so when Skylar joins with the same achievement, Sasha would feel happy for Skylar. This points to option B. [[B]]",1,,True,rationale_cot_3shot,,1
73f578f5349f0a07,a2b27fcfdea8e4fe,11ff07cff4a5d1db,SocialIQa,social_cs,Mixed,Mixed,B,B,"Let's reason step by step: Based on the story, Sydney learned about getting interest on their money, which implies they needed to do some research beforehand. This points to option B. [[B]]",1,,True,rationale_cot_3shot,,1
f5d63ff24b18314c,9f0840ff2a2610e0,13abdc373f12adfd,SocialIQa,social_cs,Mixed,Mixed,C,C,"Let's reason step by step: From the story, Addison invited Austin to a party, indicating a friendly gesture. This points to option C. [[C]]",1,,True,rationale_cot_3shot,,1
4b67fa99da3efec6,32213612e450db4a,be682cc1b3ed551e,SocialIQa,social_cs,Mixed,Mixed,C,B,"Let's reason step by step: Given the context that Taylor was close to winning the game and ran straight for home plate, the most logical next action would be to celebrate the win. This points to option B. [[B]]",0,,True,rationale_cot_3shot,,1
90123e268989e50a,a762f159b563f3bc,233b512f7b6a64d3,SocialIQa,social_cs,Mixed,Mixed,C,C,"Let's reason step by step: Given the context that Kendall altered Lee's course of action due to a grave mistake, the most likely feeling would be being aware of the error and taking corrective action. This points to option C. [[C]]",1,,True,rationale_cot_3shot,,1
acf6ee9db28aea72,6f83ee6e03dd0610,242034bc46c7a679,SocialIQa,social_cs,Mixed,Mixed,A,A,Let's reason step by step: Skylar's action of finding a child alone in the airport suggests kindness. This points to option A. [[A]],1,,True,rationale_cot_3shot,,1
2ddbdc2ee08f3d10,51282a04f1701881,e349d711d63e8420,SocialIQa,social_cs,Mixed,Mixed,C,C,"Let's reason step by step: In the story, Remy repeats himself twice to be understood. This implies Remy might feel the need to speak up more. This points to option C. [[C]]",1,,True,rationale_cot_3shot,,1
715b1c5e6c5fe16e,3d21853026690228,7891571b2e97f0d7,SocialIQa,social_cs,Mixed,Mixed,B,B,"Let's reason step by step: Based on the context provided, Sasha saved the team, which implies a positive outcome and effort. This suggests Sasha would feel heroic. [[B]]",1,,True,rationale_cot_3shot,,1
6697bea4dc042686,8ab922b1d116e70b,380c0878de4c0752,SocialIQa,social_cs,Mixed,Mixed,C,C,"Let's reason step by step: From the story, Aubrey set the car on fire after finding out about the cheating. This implies revenge. Therefore, the answer is C. [[C]]",1,,True,rationale_cot_3shot,,1
8799a7eaee2bb6ba,664ea5f944944c3e,37fa3ab346e27b23,SocialIQa,social_cs,Mixed,Mixed,C,C,"Let's reason step by step: Based on the story that Jan enjoys working out and decided to get a quick workout, the most logical next action would be to get exercise before the party. [[C]]",1,,True,rationale_cot_3shot,,1
f070758e236bdc04,b8df6cb2c8a64815,b423b86dccd013d0,SocialIQa,social_cs,Mixed,Mixed,B,B,"Let's reason step by step: Based on the context provided, Sydney might feel insulted due to the lower pay compared to other workers. This points to option B. [[B]]",1,,True,rationale_cot_3shot,,1
0f685703fb004233,e816a690bfdbd1fe,b96e10a56b001cd5,SocialIQa,social_cs,Mixed,Mixed,C,B,"Let's reason step by step: Given that Kai was bored and had nothing to do, and he played card games, it's reasonable to assume he might continue engaging in an activity. However, without more context, we can't be certain about his next action. But among the given options, the most logical continuation would be B. do nothing. [[B]]",0,,True,rationale_cot_3shot,,1
aac3596d581a85f1,e78beb1975e943a6,51c6c5af687a21fd,SocialIQa,social_cs,Mixed,Mixed,C,C,"Let's reason step by step: From the story, we can infer that Quinn got two jobs (indicating hard work) and moved to a new house (indicating excitement). However, there's no direct information about liking to buy new clothes. Therefore, the most fitting answer is C. [[C]]",1,,True,rationale_cot_3shot,,1
26d375e725741ea2,d6f557fea8f9b409,b5a84c817c87dda5,SocialIQa,social_cs,Mixed,Mixed,A,C,"Let's reason step by step: Kai grabs Carson's tools, which implies that Kai needs to find or locate Carson's tools first. This points to option C. [[C]]",0,,True,rationale_cot_3shot,,1
62bbbe32315eb554,600ca1721c208623,a5dd2cede394565f,SocialIQa,social_cs,Mixed,Mixed,B,B,"Based on the context provided, the most logical next action for Cameron would be to order food. Therefore, the answer is [[B]].",1,,True,rationale_cot_3shot,,1
551b07f1909a8300,3550bb5b92df7cb8,c13830910388fc5e,SocialIQa,social_cs,Mixed,Mixed,C,A,"Let's reason step by step: From the story, we understand that Riley screamed in pain and needed help, implying they were injured or in distress. Given this context, the most logical action before screaming in pain would be to be lying down. [[A]]",0,,True,rationale_cot_3shot,,1
4883c245cc697d92,aa040a8391042112,9abce946414935b7,SocialIQa,social_cs,Mixed,Mixed,B,B,"Let's reason step by step: Based on the context provided, Tracy brought the kids to the park presumably to have fun and enjoy time with them. This suggests Tracy would be happy about the situation. This points to option B. [[B]]",1,,True,rationale_cot_3shot,,1
1783c3d7fc947145,9cd0be4a0967c025,06bfb2ff5728463f,SocialIQa,social_cs,Mixed,Mixed,A,A,"Let's reason step by step: Based on the story, Jordan made coffee despite his boss's request, which suggests he disregards authority or rules, indicating a rebellious attitude. This points to option A. [[A]]",1,,True,rationale_cot_3shot,,1
1de5ee986423ed15,0411e64c443978f6,1cca73a42cd5e3c2,SocialIQa,social_cs,Mixed,Mixed,A,A,"Let's reason step by step: Given that Kendall has shown how to play the game, others might want to follow through and actually play it. This points to option A. [[A]]",1,,True,rationale_cot_3shot,,1
d47df4873bd82bce,b4637aadba1a44e9,8eaa3e870053d278,SocialIQa,social_cs,Mixed,Mixed,A,C,"Let's reason step by step: From the story, Carson is at a friend's house playing video games and they decide to order pizza. However, the story does not provide information about what others (presumably referring to the friend) will do. This points to option C. [[C]]",0,,True,rationale_cot_3shot,,1
1a2286543ab1997b,2d941006d4d904e4,13c582c8208c3dd0,SocialIQa,social_cs,Mixed,Mixed,A,A,"Let's reason step by step: Given that Aubrey never told Riley the truth, the most logical action for Riley would be to seek the truth. This points to option A. [[A]]",1,,True,rationale_cot_3shot,,1
ba316c0b4818e7c4,dce99f9302781cc1,ce2da58ba736da59,SocialIQa,social_cs,Mixed,Mixed,A,B,"Let's reason step by step: In the story, Kendall grabs Jordan's hands during a scary movie. This implies that Jordan might feel more secure or supported. However, the story doesn't provide enough context to definitively say how Jordan will react. But among the given options, the most logical inference is that Jordan will be comforted. [[B]]",0,,True,rationale_cot_3shot,,1
284e79af7fa6e69f,dfab23d1a1448f0f,15e50b956bc5f873,SocialIQa,social_cs,Mixed,Mixed,A,C,"Let's reason step by step: Given the context of the story, Robin would likely be very scared and realize the severity of the situation. This points to option C. [[C]]",0,,True,rationale_cot_3shot,,1
29c085ee6bcb14ea,29af4853c6ddc36e,e11f9ffbecaf52a1,SocialIQa,social_cs,Mixed,Mixed,B,C,"Let's reason step by step: Given the story, Bailey was at their friend's house when the accident happened, so the most likely immediate outcome is that Bailey will go to the hospital. However, since the options do not include ""be admitted to the hospital"" or ""receive a phone call about the accident,"" we must choose the closest option. This points to option C. [[C]]",0,,True,rationale_cot_3shot,,1
7edf42b1d770ad08,5a0a9efd615799f0,61c02e433a85ba85,SocialIQa,social_cs,Mixed,Mixed,C,C,"Let's reason step by step: Based on the context provided, Addison is currently playing hide and seek and has just run away to find a hiding place. The logical next action would be to continue playing the game. This points to option C. [[C]]",1,,True,rationale_cot_3shot,,1
8eb17e99bec953c7,6cf2cd0143d44dcd,ac4ab177932aebca,SocialIQa,social_cs,Mixed,Mixed,B,C,"Let's reason step by step: Given that Kendall lost their shirt and walked around topless, the most fitting description would be that they are in trouble. However, the closest option among the choices provided is C. [[C]]",0,,True,rationale_cot_3shot,,1
f92e4b1c34edc7df,a5142ba1e7f7bbc8,bbd8db7a4b30e98c,SocialIQa,social_cs,Mixed,Mixed,B,C,"Let's reason step by step: Given the context of ""laid down their arms"" after a long hard battle, Riley would likely feel relieved. This points to option C. [[C]]",0,,True,rationale_cot_3shot,,1
b352ba137fc66124,22b08d6fd8b7bfcd,c03072808cfa7719,SocialIQa,social_cs,Mixed,Mixed,C,C,"Let's reason step by step: Cameron is already playing with a ball, so he must have first found a ball. This points to option C. [[C]]",1,,True,rationale_cot_3shot,,1
1012df29fed262c4,8980eaba6d780b3c,4196bf17c6041950,SocialIQa,social_cs,Mixed,Mixed,A,C,"Let's reason step by step: Based on the context provided, Quinn is recovering from months of physical therapy, which implies effort and perseverance. This suggests he would feel persistent. [[C]]",0,,True,rationale_cot_3shot,,1
7b2c26cf8ae8a18a,71299b4217204d2b,7329df39671dcbd1,SocialIQa,social_cs,Mixed,Mixed,A,A,"Let's reason step by step: Given that Skylar lost their character in the game, the most logical action would be to start over. This points to option A. [[A]]",1,,True,rationale_cot_3shot,,1
eb38683e22264b48,596327b6b8c2762c,8abaa4748a2f43d1,SocialIQa,social_cs,Mixed,Mixed,A,C,"Let's reason step by step: From the story, Robin went to Jan's friend's school to help Jan, which implies Robin cares about Jan and wants to help. However, the story doesn't explicitly state that Robin is glad her friend could help or that she is a student. It also doesn't mention that Robin had to change schools. Therefore, the most fitting description is C. [[C",0,,True,rationale_cot_3shot,,1
b2b43201221caf6b,cefac57f52ca1df4,a96fee96e927938e,SocialIQa,social_cs,Mixed,Mixed,A,A,"Let's reason step by step: Cameron spent hours looking for Skylar's friends, showing dedication to the task. This points to option A. [[A]]",1,,True,rationale_cot_3shot,,1
8ffa6e2bec1c4d62,ecb592bc6f9ee7af,089e5142ab3733ba,SocialIQa,social_cs,Mixed,Mixed,B,C,"Let's reason step by step: The story does not provide enough context to determine what will happen to Taylor. However, based on the given answers, the most logical inference is that Taylor will not give out the information. [[C]]",0,,True,rationale_cot_3shot,,1
5fe4e2a7a1fdba0b,bbf76b1a9ba5b2a8,8474036a567e4b3e,SocialIQa,social_cs,Mixed,Mixed,B,B,"Let's reason step by step: In the story, Austin builds a mall on the site where ruins were found. This implies that before building the mall, the site must not have ruins. Therefore, Austin needs to remove the artifacts (ruins) from the site. This points to option B. [[B]]",1,,True,rationale_cot_3shot,,1
59e90299a9ac7b56,908a84afe2dee50f,4bfa1d685af40c01,SocialIQa,social_cs,Mixed,Mixed,B,C,"Let's reason step by step: From the story, Sasha left the house because they had a plane to catch. This implies they were in a hurry to catch their flight. Therefore, the correct answer is C. [[C]]",0,,True,rationale_cot_3shot,,1
d382290bcc8c274c,db05a122b53a8eaf,9452e2894151cd00,SocialIQa,social_cs,Mixed,Mixed,B,A,"Let's reason step by step: Based on the context provided in the story, Casey pulled the tooth to relieve the pain for their patient. This implies that the action was done to help or alleviate pain. This points to option A. [[A]]",0,,True,rationale_cot_3shot,,1
9209226db02fe524,a7703bc700d960a1,9547ff910ba382d9,SocialIQa,social_cs,Mixed,Mixed,A,B,Let's reason step by step: The story tells us that Kai was good at cake decorating and made a career out of it. This implies Kai feels proud about being able to make a career from something he enjoys. This points to option B. [[B]],0,,True,rationale_cot_3shot,,1
138d7096a49d5e3b,99cefa30f6c97e61,661d5ea2733f16d1,SocialIQa,social_cs,Mixed,Mixed,B,C,"Let's reason step by step: The story does not provide enough information to determine why Remy was working late. However, based on the context, the most plausible answer is that Remy was working late because he received an assignment to work on. [[C]]",0,,True,rationale_cot_3shot,,1
3aacbfb960bc6d2f,3e3520c3f2a5ed53,df9397600ecc1603,SocialIQa,social_cs,Mixed,Mixed,B,B,"Let's reason step by step: The story does not provide information about Robin's intention to pack a gym bag or about eating habits. However, it mentions that Robin wanted to get some exercise. This implies Robin went to the gym to exercise. This points to option B. [[B]]",1,,True,rationale_cot_3shot,,1
64ef1bf48aa9c21b,fd9f71b7466760eb,319c2f8d1c279aed,SocialIQa,social_cs,Mixed,Mixed,C,B,"Let's reason step by step: In the story, Robin lets Carson explain to their parents, implying that Robin is okay with Carson explaining. This suggests Robin needs to be open. [[B]]",0,,True,rationale_cot_3shot,,1
fd6f621d8ad2ad6b,575e3e53634c7a9f,af6f03a23fdfa638,SocialIQa,social_cs,Mixed,Mixed,C,A,Let's reason step by step: The story indicates that Lee made sure to lock up his bike before entering his destination. This implies he needs to secure his bike with the lock before doing so. This points to option A. [[A]],0,,True,rationale_cot_3shot,,1
d247fd8d31dae8c7,0e214fd17563ab14,6d06d2f937ead59a,SocialIQa,social_cs,Mixed,Mixed,B,B,"Let's reason step by step: From the story, we understand that Robin swings the car door open after arriving at the new mall. This implies Robin must have been in the car before arriving at the mall. This points to option B. [[B]]",1,,True,rationale_cot_3shot,,1
7093b8f85c6cef41,3220b8a55c46193c,6bc141f84117155f,SocialIQa,social_cs,Mixed,Mixed,A,A,"Let's reason step by step: The story tells us that Alex took up collecting stamps, but it does not provide any information about what Alex will want to do next. However, based on common behavior, the most logical next step would be to organize or display the stamps. This points to option A. [[A]]",1,,True,rationale_cot_3shot,,1
d1c9163721348a02,7dbf91b13ecfc30c,c0bf4b62ec28c75f,SocialIQa,social_cs,Mixed,Mixed,C,C,"Let's reason step by step: From the sentence ""Kai told Kendall the reason so mad last night,"" we can infer that Kai was feeling very angry or upset when he told Kendall the reason. Therefore, Kai would feel sorry afterwards. [[C]]",1,,True,rationale_cot_3shot,,1
28ce967456eccb94,ed902c93a10c9166,7f393f6d11a4a672,SocialIQa,social_cs,Mixed,Mixed,A,B,"Let's reason step by step: From the story, we understand that Kai is already taking care of the younger brother by keeping him calm. This implies that before this, Kai needed to get a good night's sleep. This points to option B. [[B]]",0,,True,rationale_cot_3shot,,1
655e82617c6d2941,c8061b9dfadd4c20,7ad906895439d0d9,SocialIQa,social_cs,Mixed,Mixed,C,B,"Let's reason step by step: Given that Jan is nine months pregnant, the most likely outcome is that she will give birth soon. This points to option B. [[B]]",0,,True,rationale_cot_3shot,,1
fa4ed6a6a2b9e8e9,6192fd49023996dc,6581e259a1bfdb6a,SocialIQa,social_cs,Mixed,Mixed,A,A,"Let's reason step by step: However, the story does not provide enough information to determine the outcome for Austin. Therefore, based on the given information, none of the answers can be definitively chosen. But since we need to select from the provided options, we should choose the most neutral or least negative option. This points to option A. [[A]]",1,,True,rationale_cot_3shot,,1
c69d26f93f236688,4379e76511305901,9e90152081a8cc9d,SocialIQa,social_cs,Mixed,Mixed,C,B,"Let's reason step by step: From the story, Addison took the feedback seriously, indicating that they take the advice seriously. This points to option B. [[B]]",0,,True,rationale_cot_3shot,,1
2d4630f552e97a17,f560d73d8b07572c,be5f9763a6e90069,SocialIQa,social_cs,Mixed,Mixed,B,B,"Let's reason step by step: Given the context that Aubrey is used to their hometown but now lives in Carson's environment, the most logical inference is that Aubrey will try to adapt and meet new people. This points to option B. [[B]]",1,,True,rationale_cot_3shot,,1
d0015508794bdd76,04d06935d0a4865a,cff5afdb27f21f13,SocialIQa,social_cs,Mixed,Mixed,C,B,"Let's reason step by step: From the story, we understand that Kai swung the bat without paying attention, which implies he was not cautious. This points to option B. [[B]]",0,,True,rationale_cot_3shot,,1
b8a044ab3e182620,b6f86f70cb1cf5c5,3337879e64746099,SocialIQa,social_cs,Mixed,Mixed,B,B,"Let's reason step by step: From the story, Jesse made popcorn because they were going to watch a movie and wanted to have a snack. This points to option B. [[B]]",1,,True,rationale_cot_3shot,,1
ccfc02da37614e1e,b5a16075fdb7c3b7,e98b249574f606ed,SocialIQa,social_cs,Mixed,Mixed,A,C,"Let's reason step by step: The story focuses on Taylor being a math wiz and having a job in the city school, but it does not provide information about others' actions or outcomes. This points to option C. [[C]]",0,,True,rationale_cot_3shot,,1
3e85b9e1c6beb222,6e039fec7633a7d4,1c62efd4d962bf81,SocialIQa,social_cs,Mixed,Mixed,B,B,"Let's reason step by step: The story indicates that Alex took action after thinking for a minute, suggesting a thoughtful decision-making process. However, the options provided don't directly support the idea of being 'foolhardy.' This points to option B. [[B]]",1,,True,rationale_cot_3shot,,1
d981908c69835686,87ff2ed66dbf4b8c,53f5a780c273c583,SocialIQa,social_cs,Mixed,Mixed,C,C,"Let's reason step by step: Given that Kai sold his TV, the logical next action would be to receive the money from the sale. This points to option C. [[C]]",1,,True,rationale_cot_3shot,,1
a45e80568d44321e,db34d4d1b86f5647,1bf15aaf994cf168,SocialIQa,social_cs,Mixed,Mixed,A,A,"Let's reason step by step: Given the context that Jesse paid someone to throw the match, the natural inclination for others involved might be to ensure the desired outcome. However, the exact actions depend on their individual motivations. But among the given options, the most logical inference is that they want to win the game. This points to option A. [[A]]",1,,True,rationale_cot_3shot,,1
843fd91de240b709,521f6aa64c539d39,3fc07ddd7b41377d,SocialIQa,social_cs,Mixed,Mixed,C,C,"Let's reason step by step: From the story, we understand that Casey planned the surprise party successfully, which implies he took initiative and stepped up to the plate. This points to option C. [[C]]",1,,True,rationale_cot_3shot,,1
9a46176a1a98461e,39b18a5c5023bed4,0b07b43c0f08f68e,SocialIQa,social_cs,Mixed,Mixed,B,B,"Let's reason step by step: Given the context that Kai has just returned the car to the buyer, the logical next action would be to list the car for sale again. This points to option B. [[B]]",1,,True,rationale_cot_3shot,,1
0065b2d2ad4ac38e,26ef280e5a5d2e02,19beb86cd15f6c2e,SocialIQa,social_cs,Mixed,Mixed,C,B,"Let's reason step by step: From the story, we understand that Austin eats steak when treated by a friend at a restaurant. This implies he does it as a gesture of gratitude or to reciprocate the kindness. This points to option B. [[B]]",0,,True,rationale_cot_3shot,,1
de58941acc7e7135,3b25cf93631a773f,63db9490aa532246,SocialIQa,social_cs,Mixed,Mixed,A,C,"Let's reason step by step: Given the context of Kendall setting a fire and everyone getting out quickly, the most logical action for Sydney would be to confess what she did. This points to option C. [[C]]",0,,True,rationale_cot_3shot,,1
f4199452f3b9107d,c63b083fef552cac,7adbcd504900f14c,SocialIQa,social_cs,Mixed,Mixed,A,A,"Let's reason step by step: Given the context that Riley feels she doesn't need to study anymore due to her knowledge of the topic, the most logical inference is that she will stop studying. This points to option A. [[A]]",1,,True,rationale_cot_3shot,,1
9d0f8c62eca76ced,8650f589c05194f6,fa369f0af64e504a,SocialIQa,social_cs,Mixed,Mixed,C,C,"Let's reason step by step: From the story, we understand that Alex worships Jesus despite others' disapproval. Given this context, the most likely action for Alex would be to continue following their beliefs. This points to option C. [[C]]",1,,True,rationale_cot_3shot,,1
7d071d027eab6f5f,ce46d8695af88249,e2202bae8a154ed7,SocialIQa,social_cs,Mixed,Mixed,B,B,"Let's reason step by step: Given that Sydney gave Aubrey an estimate, the logical next step for Aubrey would be to consider the information provided. This suggests they might want to sell their house. [[B]]",1,,True,rationale_cot_3shot,,1
97453c45b11b1dac,93e39a8f8b5a8006,2f9b43c3b2aeafa2,SocialIQa,social_cs,Mixed,Mixed,B,B,"Let's reason step by step: The story mentions that Tracy had a gift for fixing up places, and she bought an old house. Given this context, it's reasonable to infer that Tracy would feel proud of achieving something she was good at. This points to option B. [[B]]",1,,True,rationale_cot_3shot,,1
1b79ab7d6609a230,f32bb582f06462a9,b63b3843b686de0c,SocialIQa,social_cs,Mixed,Mixed,C,C,"Let's reason step by step: Based on the story, Austin blew the smoke away, indicating he was trying to protect himself from the harmful effects of the smoke. This suggests Austin might feel concerned or protective after the incident. This points to option C. [[C]]",1,,True,rationale_cot_3shot,,1
12c636679ea08497,c0633a62bafc30e7,9212b75e3a6a4282,SocialIQa,social_cs,Mixed,Mixed,C,C,"Let's reason step by step: According to the story, Remy clicked on the email button and emailed their entire office. This implies that before clicking on the email button, Remy needed to be in their office and write an email. However, the logical prerequisite for clicking the email button is having written the email. This points to option C. [[C]]",1,,True,rationale_cot_3shot,,1
83206582afc64daf,974c227c3a40310c,dac71b48fd20dc5c,SocialIQa,social_cs,Mixed,Mixed,B,B,"Let's reason step by step: Addison's statement implies that he treats everyone with respect through their actions, which generally makes people feel valued and cared for. This points to option B. [[B]]",1,,True,rationale_cot_3shot,,1
f1a4d4c4212117b1,4a93836ac6aadd2b,b65da2ef5cd55a67,SocialIQa,social_cs,Mixed,Mixed,C,C,"Based on the context provided, the most logical inference is that Austin will take over Carson's work diligently. Therefore, the answer is:

[[C]]",1,,True,rationale_cot_3shot,,1
43f5fa0aa47d4c40,6396ea92f08ec209,839eed7a929f63a3,SocialIQa,social_cs,Mixed,Mixed,B,C,"Let's reason step by step: The story focuses on Sasha protecting patients' rights and making new laws regarding cancer drug trials. However, the question asks about what patients will want to do next, which isn't directly addressed in the story. But based on common human behavior, patients might want to live longer. This points to option C. [[C]]",0,,True,rationale_cot_3shot,,1
836e7dd084831cec,38d99ef9f2a72b6a,bf174756b9612f59,SocialIQa,social_cs,Mixed,Mixed,B,B,"Let's reason step by step: Given the context, the most likely feeling of others (parents) would be grateful for Alex's help. This points to option B. [[B]]",1,,True,rationale_cot_3shot,,1
13d86ade74358804,a8eea4ce7bf1fda8,e9b7ac213930073d,SocialIQa,social_cs,Mixed,Mixed,C,C,"Let's reason step by step: From the story, we understand that Alex bought a new watch for a friend who loved it. This implies Alex needed to have a watch to buy. Therefore, the logical action before buying a watch would be to have a watch. This points to option C. [[C]]",1,,True,rationale_cot_3shot,,1
4719ac9af99f03c9,f999ad25016df60e,c863206c4acb46be,SocialIQa,social_cs,Mixed,Mixed,C,C,"Let's reason step by step: From the story, we understand that Carson explained something thoroughly to the client because there was confusion. Given this context, the most logical next action for Carson would be to make a sale. [[C]]",1,,True,rationale_cot_3shot,,1
4c9f1ff13519566a,aed9407365a8b658,8fe39b5a14313f50,SocialIQa,social_cs,Mixed,Mixed,B,B,"Let's reason step by step: From the story, we understand that Remy left school because their life was a total mess, indicating frustration. This points to option B. [[B]]",1,,True,rationale_cot_3shot,,1
a8d353452b79647a,cc7c27949fd62e89,38a0f123761a6cc7,SocialIQa,social_cs,Mixed,Mixed,B,B,"Let's reason step by step: From the story, we understand that Cameron picked Robin up from the airport, which indicates a helpful action. This points to option B. [[B]]",1,,True,rationale_cot_3shot,,1
5ec20e4d69a97878,364abf34edf0df6c,69663c78bc840e19,SocialIQa,social_cs,Mixed,Mixed,A,C,"Let's reason step by step: Given the context of Bailey holding Aubrey's breath until she stops breathing, it implies an extreme and potentially illegal action. The most logical next step for Bailey, considering the seriousness and potential illegality of the situation, would be to call the police. [[C]]",0,,True,rationale_cot_3shot,,1
0c7aa9f184bf93cb,1245baacf4fbee64,41d0737272a8d150,SocialIQa,social_cs,Mixed,Mixed,B,C,"Let's reason step by step: From the story, Tracy threw a fit because they got a lot of details wrong from the history channel. This implies Tracy was upset about the inaccuracies. This points to option C. [[C]]",0,,True,rationale_cot_3shot,,1
56d7d483da241b8f,0c74f38c4e557c6a,e65debd7f228efbb,SocialIQa,social_cs,Mixed,Mixed,B,B,"Let's reason step by step: Given that Kendall's shirt was expensive and they lost it, the most likely feeling for Kendall would be upset or angry. This points to option B. [[B]]",1,,True,rationale_cot_3shot,,1
ac664933d9f2e280,652d783ea462eef0,26c42dd30ffa7754,SocialIQa,social_cs,Mixed,Mixed,B,B,"Let's reason step by step: Given the context that Taylor proved Carson's innocence and the judge agreed, the most likely outcome is that Carson will be released. This points to option B. [[B]]",1,,True,rationale_cot_3shot,,1
8275253befbb34ef,b79f729c0ac4ecf3,a8bf74f32d7e35b2,SocialIQa,social_cs,Mixed,Mixed,A,A,"Let's reason step by step: Given that Robin always gets pizza on the way home, the logical next action would be to continue with her routine. This points to option A. [[A]]",1,,True,rationale_cot_3shot,,1
f71b92e627c0b561,3718a78aa7d0a102,6603d8de84073e96,SocialIQa,social_cs,Mixed,Mixed,A,C,"Let's reason step by step: From the story, Austin took off his sweater because he was too warm. This implies a practical reason rather than a stylistic or functional one. This points to option C. [[C]]",0,,True,rationale_cot_3shot,,1
3c14917e9452e88d,954aafe38ad1097b,4c04e4c77e8e488b,SocialIQa,social_cs,Mixed,Mixed,B,B,"Let's reason step by step: Given that Addison was bullied and ran away from school, others might want to help or support the victim. This leads to the most likely action being to call Addison's parents. [[B]]",1,,True,rationale_cot_3shot,,1
9322fc075f0c51ac,3ac37a5becad1047,35adac1a2715bd20,SocialIQa,social_cs,Mixed,Mixed,B,B,"Let's reason step by step: The story tells us that Robin has a sweet tooth and loves to eat sweet things, but it doesn't specify how Robin got their sweet tooth or what they did before. However, based on common scenarios, Robin might have gone to the shop to get sweets. This points to option B. [[B]]",1,,True,rationale_cot_3shot,,1
1b58375c702a2f7d,6aa2093302fc942f,81a38f686d14f403,SocialIQa,social_cs,Mixed,Mixed,A,B,"Let's reason step by step: The story indicates Kai decided to stay at the hotel for another week, implying he needs to make arrangements or confirm his stay. This points to option B. [[B]]",0,,True,rationale_cot_3shot,,1
6af756bcbb69cd5e,91f20e8c1e7562a7,82cb6e12ea29e292,SocialIQa,social_cs,Mixed,Mixed,A,C,"Let's reason step by step: From the story, Aubrey decided to leave the team because she didn't want to be on it. This implies a personal preference or goal. This points to option C. [[C]]",0,,True,rationale_cot_3shot,,1
a5a31f199624ce76,f677efa8404740c6,4e4246cdf741f34c,SocialIQa,social_cs,Mixed,Mixed,B,B,"Let's reason step by step: From the story, Robin was late for a meeting at work because he changed Aubrey's clothes. This implies that Robin might face consequences for being late. However, the story does not provide information about the outcome. But based on typical workplace behavior, the most likely answer is B. [[B]]",1,,True,rationale_cot_3shot,,1
571aae47c17e017b,9b34d8616e04558b,3911c15cb6dfbc83,SocialIQa,social_cs,Mixed,Mixed,A,B,"Let's reason step by step: Given the context that Alex has been involved in crimes and has escaped to Mexico, the most logical action for others would be to apprehend him. This points to option B. [[B]]",0,,True,rationale_cot_3shot,,1
825776624357e5a1,d0e4f2ad8bad53f8,e0b2fef8d6211504,SocialIQa,social_cs,Mixed,Mixed,C,C,"Let's reason step by step: Given the context that Cameron drove nearly three hours to pick Robin up from the airport, the logical next action would be to go to the airport to meet Robin. This points to option C. [[C]]",1,,True,rationale_cot_3shot,,1
8869c3572ee63735,085cc07d5817a879,a074bd06a7aaf90b,SocialIQa,social_cs,Mixed,Mixed,B,B,"Let's reason step by step: I track who has access to which information in the story, then check what the relevant character would infer given only what they observed. This points to option B. [[B]]",1,,True,rationale_cot_3shot,,1
73086d139ac30872,642c245192a51ca1,14fe48ff4a2c0961,SocialIQa,social_cs,Mixed,Mixed,B,B,"Let's reason step by step: Based on the story, Jordan left his book on a bench at the park, which suggests he might not have been paying attention or was careless. This points to option B. [[B]]",1,,True,rationale_cot_3shot,,1
48b83eec6f654874,13d6753001d5727e,c1605d9a120fb64a,SocialIQa,social_cs,Mixed,Mixed,A,A,"Let's reason step by step: Given that Carson had a troubled upbringing in an abusive household, the most common and appropriate action for someone seeking help would be to seek therapy. This points to option A. [[A]]",1,,True,rationale_cot_3shot,,1
2a2b06df7a2464e4,f8ae4a0107d99099,a9223b07b9079350,SocialIQa,social_cs,Mixed,Mixed,A,C,"Let's reason step by step: Based on the story, Robin got gas all over herself, which would likely make them feel scared. This points to option C. [[C]]",0,,True,rationale_cot_3shot,,1
add88537099718bd,2d4712bda74829b4,62c1ae15f5ee9124,SocialIQa,social_cs,Mixed,Mixed,A,A,"Let's reason step by step: Given that Cameron picked Robin up on his return home, the most logical action would be to ask about the trip. This points to option A. [[A]]",1,,True,rationale_cot_3shot,,1
23c852ad7b88e2db,79bfa0c4e4cd63af,9558c7d3290c9a81,SocialIQa,social_cs,Mixed,Mixed,B,B,"Let's reason step by step: Given the story, Jesse cannot take the students on the trip because she broke her leg. This implies that before this situation, Jesse needed to inform someone about her inability to go on the trip. This points to option B. [[B]]",1,,True,rationale_cot_3shot,,1
6aa172dfd38f642c,c619dd35d38a638f,b2a9ae40ffe4fee7,SocialIQa,social_cs,Mixed,Mixed,C,C,Let's reason step by step: The story indicates that Carson attends school very early in the morning before sunrise. This implies he needs to wake up early to get to school on time. This points to option C. [[C]],1,,True,rationale_cot_3shot,,1
6bd74ceee9445eb0,224ebe4dccac952c,7788f80b279d3814,SocialIQa,social_cs,Mixed,Mixed,C,C,"Let's reason step by step: Based on the story, Riley looks at Jesse with hurt filled eyes, indicating that Riley is likely experiencing emotions related to being hurt. This points to option C. [[C]]",1,,True,rationale_cot_3shot,,1
66fa2ebe92acecee,7d81a67288ed51a1,f507c7739e568cad,SocialIQa,social_cs,Mixed,Mixed,B,B,"Let's reason step by step: The story indicates that Taylor got louder as the room filled and got louder, suggesting Taylor was trying to be heard above the noise. This implies Taylor spoke over the noise. [[B]]",1,,True,rationale_cot_3shot,,1
0ab3a376f427a3fc,8b24af547b0a316d,04f87fe66d5b660d,SocialIQa,social_cs,Mixed,Mixed,B,C,"Let's reason step by step: Analyzing the story, Jordan's action of telling incorrect answers to affect others' grades suggests a motive of self-aggrandizement rather than sympathy or competition. This points to option C. [[C]]",0,,True,rationale_cot_3shot,,1
fe288cf0141ef95f,3c8498691a05b85b,149eb5f82a7dae2d,SocialIQa,social_cs,Mixed,Mixed,A,A,"Based on the story provided, none of the candidate answers directly explain what Riley needs to do before hurting. However, the most logical inference from the context is that stretching could prevent injuries. Therefore, the closest answer would be:

[[A]]",1,,True,rationale_cot_3shot,,1
209781e0b8737a84,9237d10f7cf231bd,618cd5ac9887a810,SocialIQa,social_cs,Mixed,Mixed,A,C,"Let's reason step by step: Based on the context that Carson tried to fight Robin, the most likely feeling Carson would have afterwards is being upset. [[C]]",0,,True,rationale_cot_3shot,,1
e911ebc22afd6e4a,240ec77a3137f562,5cdef437ae004b83,SocialIQa,social_cs,Mixed,Mixed,B,B,"Let's reason step by step: Analyzing the story and the given options, the most likely outcome is that Alex will go to jail for stealing money. This points to option B. [[B]]",1,,True,rationale_cot_3shot,,1
fd3e57091e190b31,24db7ad7cb021725,2580b344984f9ae8,SocialIQa,social_cs,Mixed,Mixed,C,C,"Let's reason step by step: Given that Riley requires every detail but only receives a partial specification, he would likely feel frustrated. This points to option C. [[C]]",1,,True,rationale_cot_3shot,,1
61a2196dfc1f1b78,af01ac5b6527ec8b,02c47f5a0ad7ccdc,SocialIQa,social_cs,Mixed,Mixed,B,B,"Let's reason step by step: The story mentions that Tracy gave birth, which logically implies she was pregnant before. This points to option B. [[B]]",1,,True,rationale_cot_3shot,,1
6988fd5a5de19315,33b16e095912b032,de650b3571bc439a,SocialIQa,social_cs,Mixed,Mixed,C,B,"Let's reason step by step: From the story, we understand that the mother does not like the shoe store, but the story doesn't provide enough information to predict her exact reaction or action. However, based on common behavior, the most likely answer is B. [[B]]",0,,True,rationale_cot_3shot,,1
20b652b749a7413c,610e20f428ed431d,c94e54150eb697db,SocialIQa,social_cs,Mixed,Mixed,A,C,"Let's reason step by step: Based on the story, Alex is indecisive. This points to option C. [[C]]",0,,True,rationale_cot_3shot,,1
52697cb0384e509e,319e557fed9d48d4,5deaf3de1fa5d5a0,SocialIQa,social_cs,Mixed,Mixed,B,C,"Let's reason step by step: The story doesn't provide enough context to determine the exact actions of the friends. However, the most logical inference based on common social behavior is that they might want to meet new people. This points to option C. [[C]]",0,,True,rationale_cot_3shot,,1
ad426b72a2d57de3,2e86bec0a29abd83,89abc46cba69d132,SocialIQa,social_cs,Mixed,Mixed,B,B,"Let's reason step by step: Based on the story, Tracy gave something to their friend, indicating generosity. This points to option B. [[B]]",1,,True,rationale_cot_3shot,,1
b7a3336cc669647d,cb69f2d019d01757,8d6634a47b9480da,SocialIQa,social_cs,Mixed,Mixed,C,C,[[C]],1,,True,rationale_cot_3shot,,1
210e02f647bab058,0d19def2e73bcaa0,eea05505bc50f03c,SocialIQa,social_cs,Mixed,Mixed,A,A,"Let's reason step by step: From the story, we understand that Jan left because she had work in the morning. However, the exact reason among the given options (get enough sleep, drive to her home, go to bed later) isn't directly stated. But based on common reasons for leaving social gatherings, the closest option would be A. get enough sleep. [[A]]",1,,True,rationale_cot_3shot,,1
d62ed215c5752559,8f4edf981f78fc2b,7173eec1f04e2fa5,SocialIQa,social_cs,Mixed,Mixed,A,A,"Let's reason step by step: From the story, Kendall altered Lee's course, indicating a desire to guide or correct Lee. This suggests that Kendall was trying to steer Lee towards the right path. This points to option A. [[A]]",1,,True,rationale_cot_3shot,,1
50be2488d70cd1b7,fa88ccd593f6999d,9a7002b6dd2a3386,SocialIQa,social_cs,Mixed,Mixed,A,B,"Let's reason step by step: Based on the actions described, Sydney has already taken the trash to the burn barrel and set it on fire. The logical next step would be to ensure the fire is properly attended to. This points to option B. [[B]]",0,,True,rationale_cot_3shot,,1
0bdc9f5e80c43f47,1b8c308a966dc958,21996bd3e6ff5079,SocialIQa,social_cs,Mixed,Mixed,B,B,"Let's reason step by step: Based on the story, Robin went to the pool to learn to swim and practiced. However, the story does not provide information about what Robin will want to do next. Given the context, the most logical assumption would be that Robin wants to improve their swimming skills. This points to option B. [[B]]",1,,True,rationale_cot_3shot,,1
15af5c46948e11a0,52a941e4c678ae16,da704bf4894344d7,SocialIQa,social_cs,Mixed,Mixed,B,B,"Let's reason step by step: Based on the story, Jordan decided to have a picnic in the park for their spouse on Valentine's Day. The logical next step would be to prepare or pack the basket. This points to option B. [[B]]",1,,True,rationale_cot_3shot,,1
970b57c1832527d0,633589d80274d311,b2b7b05e7aef744d,SocialIQa,social_cs,Mixed,Mixed,A,C,"Let's reason step by step: The story mentions Robin thanking Jordan for the dinner, but it does not provide any context about why Robin is thanking Jordan. However, among the given options, ""caring"" best fits the action of thanking someone. [[C]]",0,,True,rationale_cot_3shot,,1
c864da5cbe9a82fc,eaa284c1a58015f1,13d69209deace050,SocialIQa,social_cs,Mixed,Mixed,A,B,"Let's reason step by step: From the sentence, we understand that Remy is preventing them from engaging, which implies Remy wants to keep them apart. Therefore, the most logical action for Remy to take next would be to push them together (which goes against their current behavior). However, since the context suggests Remy wants to maintain the separation, the least likely action is to give an explanation or give up. This points to option B. [[B]]",0,,True,rationale_cot_3shot,,1
ffe11158a2cec611,1b2e339035aaf058,13ed21250971eb03,SocialIQa,social_cs,Mixed,Mixed,A,A,"Let's reason step by step: From the story, we understand that Jan took the kids to NYC to watch a Broadway play. However, the story doesn't provide any information about what the others (presumably Jan and the other children) will do next. This point leads us to conclude that the correct answer cannot be definitively determined from the given information. Therefore, the answer should be that there isn't enough information provided. However, if forced to choose, the most logical inference would be related to the interest in the play. [[A]]",1,,True,rationale_cot_3shot,,1
3536aa412b9fc18a,80cacc9d0835fded,e889132bfe50d822,SocialIQa,social_cs,Mixed,Mixed,B,C,"Let's reason step by step: From the story, Addison notices Austin watching him but is too shy to ask to play, which suggests Addison might be aware of Austin's interest or presence. However, the term 'caught out' implies being found out, which doesn't fit the context. 'Embarrassed' fits better as it describes someone feeling awkward or humiliated, which could be how Addison feels about his situation. 'Kind' does not align with the described scenario. Therefore, the most fitting answer is C. [[C]]",0,,True,rationale_cot_3shot,,1
ce19d0f3bf61170f,6d420041ddad71f4,de33cddba3a1b17d,SocialIQa,social_cs,Mixed,Mixed,B,B,"Let's reason step by step: From the story, we understand that Austin gave Sydney a job interview and offered her a position. However, this alone does not necessarily imply that Austin is hardworking, powerful, or bossy. This suggests that Austin might be a competent and decisive person, but we cannot definitively conclude from this scenario alone. Given the options, the closest description could be B (powerful). [[B]]",1,,True,rationale_cot_3shot,,1
8f3608f67ca6bb86,d9fac84ef5504446,0291172567d77b5b,SocialIQa,social_cs,Mixed,Mixed,B,A,"Let's reason step by step: The story does not provide any information about the director's intentions or the outcome of the movie. This makes it impossible to determine the correct answer based solely on the given story. However, since we need to select from the provided answers, we should choose the one that logically follows the context. Option A is the most plausible as it relates directly to the actor's performance. [[A]]",0,,True,rationale_cot_3shot,,1
7632058a6a1aed2e,7262e0bf25294e7b,584a94aa49981a6a,SocialIQa,social_cs,Mixed,Mixed,B,A,"Let's reason step by step: The story mentions that Robin went with Jan's friends to the play and described it as a ""big hoot,"" which implies it was a fun event. However, the options provided do not include ""she will have fun"" or ""she will enjoy it."" Given the context, the most logical inference is that Jan will have a good time too. This points to option A. [[A]]",0,,True,rationale_cot_3shot,,1
92e63bd96851572b,eb264cf2f20146dc,f6fe21e1736a1207,SocialIQa,social_cs,Mixed,Mixed,A,A,"Let's reason step by step: Given the context that Sasha protected the patient's information by sealing it in a vault underground, others might be interested in accessing or securing it. However, the options provided suggest a range of actions that don't align perfectly with the scenario. But based on the given options, the most logical inference is that others would want to secure it, which is closest to 'smart'. [[A]]",1,,True,rationale_cot_3shot,,1
860d4f941df02e01,ac668df5a44f8694,a4b35f3e20d710b4,SocialIQa,social_cs,Mixed,Mixed,A,E,"Let's reason step by step: From the story, we understand that Jenny wants to know about Quinn's leg and his travel book. However, the story does not provide any indication of how Jenny feels about Quinn or vice versa. This makes it impossible to determine if she would be satisfied, jealous, or annoyed based on the given information. Therefore, the correct answer is none of the provided options. [[E]]",0,,True,rationale_cot_3shot,,1
830662cb3e897de9,32dbb3057d926e4e,0425a27830f45551,SocialIQa,social_cs,Mixed,Mixed,C,C,"Let's reason step by step: In the story, Aubrey is described as pulling someone over for speeding and writing a ticket, which suggests a sense of authority and possibly a bit of frustration or stress. However, the question asks how Aubrey would feel as a result. Given the context, Aubrey would likely feel like a good cop, as they are performing their job correctly. This points to option C. [[C]]",1,,True,rationale_cot_3shot,,1
5f38ccec3a2c9641,581fb73df06e5414,d6d6a625a75d6fef,SocialIQa,social_cs,Mixed,Mixed,A,A,"Let's reason step by step: The story does not provide any information about Robin's motivations or desires. It simply states that Robin went with Jan's friends to rob a convenience store. This does not align with any of the given options. However, since we need to choose from the provided answers, we should select the one that best fits the context of the story. Option A, ""was motivated by kleptomania,"" is the closest as it implies a personal desire to steal, which could be inferred from the action of robbing a store. [[A]]",1,,True,rationale_cot_3shot,,1
302fc2f0cd0af86c,b7c55c4c0945b79d,6dc2236c65d390ae,SocialIQa,social_cs,Mixed,Mixed,B,B,"Let's reason step by step: From the story, we learn that Carson went fishing with Austin and some friends, but there is no information provided about what will happen to Carson. However, since the question asks for an inference based on the story, and none of the options (get drunk, sleep, hunt ducks) are directly implied or logically inferred from the given information, we must choose the least out-of-place option. This points to option B. [[B]]",1,,True,rationale_cot_3shot,,1
0ff2ae2a9e4638fe,821e4a58e2764b1f,976b491545d74d6f,SocialIQa,social_cs,Mixed,Mixed,A,A,"Let's reason step by step: Based on the story provided, there is no indication that Lee will be gratified or upset. The story does not provide any context suggesting a negative reaction from Taylor. Therefore, the most logical inference is that Lee might not have a strong emotional response. However, since we need to choose from the given options, the closest to a neutral or positive outcome is A. [[A]]",1,,True,rationale_cot_3shot,,1
b9fda88fd26e592a,f173d9409cd9afaf,1bc1e0b0299278e4,SocialIQa,social_cs,Mixed,Mixed,A,A,"Let's reason step by step: Given the context provided, the action of measuring the collar of a shirt suggests an interest in fitting or adjusting clothing. However, without additional context about the people involved (like if it's Kendall and someone else), we can't definitively predict their next actions. But based on common behavior, the most logical next step might be to measure other body parts for a better fit. This points to option A. [[A]]",1,,True,rationale_cot_3shot,,1
6c14a9fbba0cc98a,6968583b636de773,e0fa83681468cbba,SocialIQa,social_cs,Mixed,Mixed,C,C,"Let's reason step by step: Given that the house is messy and smells, Jan might want to clean up or leave quickly. However, the most logical and common action for someone who comes over to a messy house is to help clean. But since we don't have enough context to choose between the options, we can infer that Jan might leave due to the unpleasant conditions. This points to option C. [[C]]",1,,True,rationale_cot_3shot,,1
6fe62ff4f836e954,e65a57fecd2200e7,a09fe60cc0ee8635,SocialIQa,social_cs,Mixed,Mixed,B,A,"Let's reason step by step: Based on the story, Robin caused a fire that blew away the paper. Given the context, Robin would likely feel scared or worried about the consequences. However, since the options provided do not include ""scared"" or ""worried,"" and considering the phrasing of the question, the closest logical inference is that Robin might feel relieved that the paper containing their photo was destroyed. This points to option A. [[A]]",0,,True,rationale_cot_3shot,,1
8d12509e417ee082,493441c18300c128,f993695131da08bc,SocialIQa,social_cs,Mixed,Mixed,B,A,"Let's reason step by step: Based on the story, Tracy took Sydney to school 4 hours after the bell rang, which suggests that Tracy might feel guilty for being late. However, without more context about Tracy's intentions or the circumstances, we cannot definitively say if she would feel irresponsible or unreliable. Given the options provided, the most likely feeling based on the information given is A. guilty. [[A]]",0,,True,rationale_cot_3shot,,1
c585a66a8457ed29,8a7d5db32ff02d8e,8cbc0475159da35a,SocialIQa,social_cs,Mixed,Mixed,B,B,"Let's reason step by step: The story focuses on Remy entering Witness Protection and assuming a new identity after witnessing a crime. This implies a significant change in Remy's life, but none of the provided options (getting used to a new hairstyle, a new house, or a new boyfriend) are directly related to the process of entering Witness Protection. However, the closest logical action that could precede such a major life change is moving to a new place. Given the options, the most plausible answer is:

[[B]]",1,,True,rationale_cot_3shot,,1
7f67b5323bb81da0,fdd3a2ab0fd8f496,8a01415d5505cd6d,SocialIQa,social_cs,Mixed,Mixed,C,B,"Let's reason step by step: The story doesn't provide enough context to determine what will happen to Kendall. However, since we need to choose from the given options, and none of them directly follow from the story, we must infer based on the actions described. The story implies that Kendall presented their film to friends, which suggests social interaction. Among the options, talking to a lot of strangers (B) seems the most plausible. [[B]]",0,,True,rationale_cot_3shot,,1
a20ef0cf4f9e8d25,38dbb6ac1ca7f0d6,a950aa747a965f4b,SocialIQa,social_cs,Mixed,Mixed,A,A,"Let's reason step by step: Based on the story, Sasha protected the patient's information despite being yelled at by the parents. However, the story does not provide any information about the consequences of her actions. Therefore, we cannot definitively choose an answer from the given options. But since the question asks for the most likely answer based on the story, we can infer that she might be praised for her work. [[A]]",1,,True,rationale_cot_3shot,,1
d2f5edd7ccb3a636,d7b1e7db489595cb,c367f3fa9d4560e0,SocialIQa,social_cs,Mixed,Mixed,B,B,"Let's reason step by step: The story does not provide any context that suggests Remy was late or that avoiding being thought of as a wimp was a concern. It simply states that Remy said a bad word when his tire went flat. This implies frustration or anger, but it doesn't align with the given options. However, based on common human behavior, the closest answer would be B. [[B]]",1,,True,rationale_cot_3shot,,1
ca9bf7cecdf80b61,ca303985e76ba8a1,6f5efbba7774120a,SocialIQa,social_cs,Mixed,Mixed,C,B,"Let's reason step by step: In the given story, only Robin is mentioned and their consequence. There is no information provided about others. However, based on the context, the most logical inference would be that others might also face similar consequences. But since the options do not include ""be arrested"" for others, and ""sad"" does not fit as a consequence, the closest answer would be:

[[B]]
",0,,True,rationale_cot_3shot,,1
4a4261fbf7906860,e798a2820515a97f,999dd63e4ebadfde,SocialIQa,social_cs,Mixed,Mixed,B,C,"Let's reason step by step: The story does not provide enough context to determine if Riley is lazy or ambitious. It simply states that Riley made a pie, which could be seen as an act of preparation or cooking, but doesn't necessarily imply a personality trait. However, since the question asks for a description based on the given information, and ""ready to eat the pie"" is the closest to describing someone who makes a pie, the answer would be:

[[C]]
Note: This answer is somewhat subjective and leans more towards the given options rather than inferring a broader personality trait.",0,,True,rationale_cot_3shot,,1
66aeef87989f9d7d,453afd59c269292b,68efda1c21a13632,SocialIQa,social_cs,Mixed,Mixed,A,B,"Let's reason step by step: In the story, Skylar pulled a wool over their eyes and face in the wintertime. Given that wool is typically used for warmth, it suggests that Skylar might be trying to stay warm. This points to option B and A. However, the question asks how Skylar would be described, and the best fit among the given options is feeling cold as the wool is meant to keep warm. But since 'wearing wool' is also a valid description, we need to choose the most direct description from the given options. [[B]]",0,,True,rationale_cot_3shot,,1
676fc14760ce68bb,06d745fac4589ad1,499aaa8d62db8ca9,SocialIQa,social_cs,Mixed,Mixed,A,A,"Let's reason step by step: From the story, we understand that Bailey threw their cap and walked away swiftly. However, there is no information provided about Bailey's feelings or emotions after this action. Therefore, based solely on the given story, we cannot infer how Bailey would feel. But since the question asks for an inference and the options provided are emotions, the closest logical inference might be related to the action. Given the abruptness of the action, Bailey might feel frustrated or disappointed. Among the given options, 'angry' seems the most plausible. [[A]]",1,,True,rationale_cot_3shot,,1
e7a3324df5d35e3a,7ced1c9e15dc0b2d,91607be85b2ba7be,SocialIQa,social_cs,Mixed,Mixed,A,A,"Let's reason step by step: The story mentions that Jordan was going for a walk and brought the kids. However, it doesn't provide any context about Jordan's intentions or actions beforehand. Therefore, we can't definitively say which option is correct based solely on the given information. But among the given options, the most logical inference would be related to preparation or motivation. This points to option A. [[A]]",1,,True,rationale_cot_3shot,,1
10d5bf421ca623a1,c006585d725bdb69,f690f0c9299fe75e,SocialIQa,social_cs,Mixed,Mixed,A,B,"Let's reason step by step: The story does not provide any information about Lee's intelligence or behavior. Therefore, we cannot infer what will happen to Lee based on the given information. However, since the question asks for an inference from the story, and none of the provided answers are directly supported by the story, the closest logical inference might relate to the messiness, but that's not explicitly stated. Given the options, the most neutral answer would be B. [[B]]",0,,True,rationale_cot_3shot,,1
b8057a210fe99233,033afb4703db06e1,6e9902c5220124b9,SocialIQa,social_cs,Mixed,Mixed,B,B,"Let's reason step by step: The story does not provide any information about how Taylor would feel after the tryouts. This point leads us to conclude that the correct answer is not among the given options. However, since we need to select from the provided answers, we should choose the one that seems most logical based on the context. Option B suggests a positive feeling of having challenged oneself, which is plausible. [[B]]",1,,True,rationale_cot_3shot,,1
0f8ce32bb6debd09,ede72c8a0147ac5d,1100b3da29eee447,SocialIQa,social_cs,Mixed,Mixed,B,A,"Let's reason step by step: Based on the story, Jordan is talking behind someone's back, which indicates he is being sneaky and untrustworthy. This points to option A and B. However, Jordan is also lying when he says mean things, so he is not truthful. This rules out option C. Therefore, the most fitting answer is A or B. Given the context, A (sneaky) might be more appropriate than B (two-faced), as ""sneaky"" directly describes the action of talking behind someone's back. [[A]]",0,,True,rationale_cot_3shot,,1
24b089e24134815d,a73d5de7e72275d3,9ee666f79475e26b,SocialIQa,social_cs,Mixed,Mixed,B,A,"Let's reason step by step: In the story, Riley is described as happy to socialize with others, which implies that she enjoys interacting with them. However, the question asks about how others (presumably the friends) might feel as a result of Riley talking to them. Given the context, the most logical inference is that her friends would feel positive or happy. This points to option A. [[A]]",0,,True,rationale_cot_3shot,,1
f83c3c28cfd72c98,fd936de03b8c28cd,dcba7d2a76657aa1,SocialIQa,social_cs,Mixed,Mixed,C,A,"Let's reason step by step: Based on the story, Robin was asked out by Carson and shook her head no, which implies she might not want to go out with Carson. However, the given options do not reflect a logical or common response. Since the options provided do not align with typical human behavior in such a situation, we cannot infer a clear answer from the given choices. But if we must choose from the provided options, we should select the one that shows the least negative reaction. This points to option A. [[A]]",0,,True,rationale_cot_3shot,,1
