Dataset,Baseline_Acc,Finetuned_Acc,Δ_Acc,Baseline_F1,Finetuned_F1,Δ_F1,N
ToMBench,0.6152019002375297,0.7612826603325415,0.1460807600950118,,,,842
OpenToM,0.631,0.633,0.0020000000000000018,0.48328796142189484,0.5100050361673027,0.02671707474540791,1000
ToMi,0.753,0.802,0.049000000000000044,,,,1000
SocialIQa,0.674,0.629,-0.04500000000000004,,,,1000
HiToM,0.63,0.58,-0.050000000000000044,,,,1000
