item_id,prompt_hash,story_id,source,task,category,ability,answer,pred,raw,correct,n_options,condition,seed,exemplar_seed
5ea2054e90165cf4,3ed146daeac9fb4f,2356694ad7aff450,HiToM,high-order,Belief,High-Order False Beliefs (order=1),A,C,[[C]],0,5,synthetic_format_only_3shot,,0
0b2aac05432f2e4f,34d73eb1ad3dd7b7,c1f58a1886914379,HiToM,high-order,Belief,High-Order False Beliefs (order=2),D,C,[[C]],0,5,synthetic_format_only_3shot,,0
d1f6902156363208,7145295882726359,fd499037f71b49da,HiToM,high-order,Belief,High-Order False Beliefs (order=3),B,B,[[B]],1,5,synthetic_format_only_3shot,,0
69e458701be4fdcb,4e6272446a2619c3,7c734c23c5b12fcc,HiToM,high-order,Belief,High-Order False Beliefs (order=0),B,D,[[D]],0,5,synthetic_format_only_3shot,,0
89e88a2eaba5dfec,6ca7ee3b1bf77868,272712d216b8e40b,HiToM,high-order,Belief,High-Order False Beliefs (order=2),D,D,[[D]],1,5,synthetic_format_only_3shot,,0
6abe9dd9a3dd96c8,6c1314a4b4027d9e,d3adc9f5b9b1b884,HiToM,high-order,Belief,High-Order False Beliefs (order=4),A,A,[[A]],1,5,synthetic_format_only_3shot,,0
a48baf57fff4da2a,3247c8b9afcdb8c2,8926d6ab2616e003,HiToM,high-order,Belief,High-Order False Beliefs (order=0),E,B,[[B]],0,5,synthetic_format_only_3shot,,0
459f7ba5d88805e5,caebbb9f7ad4724f,fb87c094c6022450,HiToM,high-order,Belief,High-Order False Beliefs (order=0),B,B,[[B]],1,5,synthetic_format_only_3shot,,0
5dc939844420afb5,0cfda7ef3ef42021,fe1eac4cd8d06711,HiToM,high-order,Belief,High-Order False Beliefs (order=3),C,C,[[C]],1,5,synthetic_format_only_3shot,,0
b439a3d4dfb8a110,4f2c13a5597ce70b,54a610f5fa80a582,HiToM,high-order,Belief,High-Order False Beliefs (order=3),C,C,[[C]],1,5,synthetic_format_only_3shot,,0
12451f726a4aa95d,cb0edb1178a66d86,2d9dd017b01059dd,HiToM,high-order,Belief,High-Order False Beliefs (order=3),C,C,[[C]],1,5,synthetic_format_only_3shot,,0
fca95bbe751914bc,37798940d12903ec,ca7a4db3a6fc38e6,HiToM,high-order,Belief,High-Order False Beliefs (order=3),D,C,[[C]],0,5,synthetic_format_only_3shot,,0
0e9cb06b0a185e49,409c97a541336da3,44dc96355277f91f,HiToM,high-order,Belief,High-Order False Beliefs (order=4),D,D,[[D]],1,5,synthetic_format_only_3shot,,0
a987d5388217a40c,d05d5e705291d919,65d64758604b18a8,HiToM,high-order,Belief,High-Order False Beliefs (order=2),B,B,[[B]],1,5,synthetic_format_only_3shot,,0
d6a39b565d441308,a33c1d92f59b61e2,c2bb5ef1e69e3384,HiToM,high-order,Belief,High-Order False Beliefs (order=3),D,B,[[B]],0,5,synthetic_format_only_3shot,,0
06cd656412298ad6,0d116555fe753eef,f63db42624a734d6,HiToM,high-order,Belief,High-Order False Beliefs (order=1),D,D,[[D]],1,5,synthetic_format_only_3shot,,0
7674b6a776efb6e7,18b1da64f6d97c6c,8a734cc77628dc60,HiToM,high-order,Belief,High-Order False Beliefs (order=2),A,A,[[A]],1,5,synthetic_format_only_3shot,,0
30b5ac7b921422f0,8c44dd2602c3e4d6,ea06844c2b815e65,HiToM,high-order,Belief,High-Order False Beliefs (order=2),A,A,[[A]],1,5,synthetic_format_only_3shot,,0
564215a974a72d30,aa5294f116fc4237,65d64758604b18a8,HiToM,high-order,Belief,High-Order False Beliefs (order=0),D,D,[[D]],1,5,synthetic_format_only_3shot,,0
a5003b2b786575db,34fbf20366a710b0,450eea5525d4ecfd,HiToM,high-order,Belief,High-Order False Beliefs (order=4),C,C,[[C]],1,5,synthetic_format_only_3shot,,0
80d3d291740c1cba,963caec914171074,acb6e40d7488d6f4,HiToM,high-order,Belief,High-Order False Beliefs (order=2),A,A,[[A]],1,5,synthetic_format_only_3shot,,0
a3a53b952bcd29a0,d2ac3c06d2a8a189,0005e820fca39d29,HiToM,high-order,Belief,High-Order False Beliefs (order=2),B,B,[[B]],1,5,synthetic_format_only_3shot,,0
e4c1f793d716ed09,d4fcdde2bfde8741,7abd4268111027de,HiToM,high-order,Belief,High-Order False Beliefs (order=0),D,D,[[D]],1,5,synthetic_format_only_3shot,,0
140bfee471d5877c,f4c978bc1f539212,768c8aaf2fee2d01,HiToM,high-order,Belief,High-Order False Beliefs (order=3),E,E,[[E]],1,5,synthetic_format_only_3shot,,0
cfb7b4b519ff131e,2549b77ab18ef1ad,0ff11fc1bd7f7b52,HiToM,high-order,Belief,High-Order False Beliefs (order=0),B,B,[[B]],1,5,synthetic_format_only_3shot,,0
590f596e0e1a0187,626af876ba32b68d,d8a7a04324ecfdac,HiToM,high-order,Belief,High-Order False Beliefs (order=1),D,D,[[D]],1,5,synthetic_format_only_3shot,,0
d554586cd63a9196,5f85f629ce307d78,95a8f6ba344f742b,HiToM,high-order,Belief,High-Order False Beliefs (order=3),E,B,[[B]],0,5,synthetic_format_only_3shot,,0
2f1c0c25ff54a58c,d28908e248f6f99e,2e34bb1cecde66d2,HiToM,high-order,Belief,High-Order False Beliefs (order=4),B,B,[[B]],1,5,synthetic_format_only_3shot,,0
e2ec1cadb21e6723,bb6c80a3573baf09,fb87c094c6022450,HiToM,high-order,Belief,High-Order False Beliefs (order=3),C,C,[[C]],1,5,synthetic_format_only_3shot,,0
51611ed002cc6795,a0345113359f8a60,e5d42380bce5718f,HiToM,high-order,Belief,High-Order False Beliefs (order=0),C,C,[[C]],1,5,synthetic_format_only_3shot,,0
f7730fe4597ac785,46425652bca023df,705826a78472707d,HiToM,high-order,Belief,High-Order False Beliefs (order=2),E,C,[[C]],0,5,synthetic_format_only_3shot,,0
a4b1099a41528425,0a2cab1057df5814,ed45d07cce932a5b,HiToM,high-order,Belief,High-Order False Beliefs (order=4),B,B,[[B]],1,5,synthetic_format_only_3shot,,0
d6bb0590b209aa89,7569a440f502132a,e84c23ba5e817c33,HiToM,high-order,Belief,High-Order False Beliefs (order=4),D,D,[[D]],1,5,synthetic_format_only_3shot,,0
788d9ae3ed2507f8,d6e34ed0f6041a05,ab4416b1bcf11f2f,HiToM,high-order,Belief,High-Order False Beliefs (order=4),A,B,[[B]],0,5,synthetic_format_only_3shot,,0
db7eade15ca26b52,3e79a9befc768dfa,6a42d21f1606cae7,HiToM,high-order,Belief,High-Order False Beliefs (order=3),C,C,[[C]],1,5,synthetic_format_only_3shot,,0
6867658366e369d9,5487bd5ff2d47f68,fe1eac4cd8d06711,HiToM,high-order,Belief,High-Order False Beliefs (order=4),D,D,[[D]],1,5,synthetic_format_only_3shot,,0
36623600edb835d0,d0e407800ea6a9d7,231ccaea7aba2907,HiToM,high-order,Belief,High-Order False Beliefs (order=1),E,D,[[D]],0,5,synthetic_format_only_3shot,,0
806beb70d7f80d0b,36d2b69551dabf30,01d232b9e9be5571,HiToM,high-order,Belief,High-Order False Beliefs (order=0),D,C,[[C]],0,5,synthetic_format_only_3shot,,0
654386cdf86fafb2,57971ca62899e8b5,7c734c23c5b12fcc,HiToM,high-order,Belief,High-Order False Beliefs (order=2),C,C,[[C]],1,5,synthetic_format_only_3shot,,0
65a25bc1a69e1b2d,45864f93bc4d61e0,7286c429382d3674,HiToM,high-order,Belief,High-Order False Beliefs (order=4),E,D,[[D]],0,5,synthetic_format_only_3shot,,0
9f01a1581e99eafa,c0bff80551de88e0,f58e37a9aeae0383,HiToM,high-order,Belief,High-Order False Beliefs (order=2),D,C,[[C]],0,5,synthetic_format_only_3shot,,0
6a9674167e67ab54,b4d6e9e876a20c3a,c1494a2b86e5b8e1,HiToM,high-order,Belief,High-Order False Beliefs (order=4),B,B,[[B]],1,5,synthetic_format_only_3shot,,0
f7f2f742dd860fca,c89c73b9fe4d3bad,2fb65cec09d735de,HiToM,high-order,Belief,High-Order False Beliefs (order=2),E,A,[[A]],0,5,synthetic_format_only_3shot,,0
cc53a1f94bdfcad1,5c4026934e236621,231ccaea7aba2907,HiToM,high-order,Belief,High-Order False Beliefs (order=3),C,C,[[C]],1,5,synthetic_format_only_3shot,,0
1fef57595e333f8d,ea757a877ee6f605,5c2052a7a2cf4a81,HiToM,high-order,Belief,High-Order False Beliefs (order=3),A,B,[[B]],0,5,synthetic_format_only_3shot,,0
5f122e162df0f8dc,ad23397b9b1afed4,3aa33327cbeb5648,HiToM,high-order,Belief,High-Order False Beliefs (order=1),D,D,[[D]],1,5,synthetic_format_only_3shot,,0
f57c51455bb06f94,90dfe2ffa9b2fd43,d38b045f505942c2,HiToM,high-order,Belief,High-Order False Beliefs (order=0),B,B,[[B]],1,5,synthetic_format_only_3shot,,0
df7410ba6cd41a04,9ca5d602b8ebbc75,837d5f7726e81360,HiToM,high-order,Belief,High-Order False Beliefs (order=2),B,C,[[C]],0,5,synthetic_format_only_3shot,,0
643cd868e7b0f414,5576a298a875d803,b016d4b488e7dc12,HiToM,high-order,Belief,High-Order False Beliefs (order=4),D,D,[[D]],1,5,synthetic_format_only_3shot,,0
185134b93988f440,ebb820729620ddcc,88e6d5d9710a204e,HiToM,high-order,Belief,High-Order False Beliefs (order=2),D,B,[[B]],0,5,synthetic_format_only_3shot,,0
ab64d864e036099f,4d8639af60b89611,0ff11fc1bd7f7b52,HiToM,high-order,Belief,High-Order False Beliefs (order=4),D,D,[[D]],1,5,synthetic_format_only_3shot,,0
cb85201e986bd4f4,dcde09fd7ba49abc,dc41bc5c46ce363d,HiToM,high-order,Belief,High-Order False Beliefs (order=3),D,D,[[D]],1,5,synthetic_format_only_3shot,,0
933d81d1b23615f0,5fc1f7bd26098f76,9401c4c2e0bf810d,HiToM,high-order,Belief,High-Order False Beliefs (order=4),B,B,[[B]],1,5,synthetic_format_only_3shot,,0
c88a0eb122b6fda2,1784203e7b55f8a0,5d25c021d5c81748,HiToM,high-order,Belief,High-Order False Beliefs (order=3),A,A,[[A]],1,5,synthetic_format_only_3shot,,0
72cafd23ebbbb27b,739cecc0ba1715b8,fb6e6943535ff288,HiToM,high-order,Belief,High-Order False Beliefs (order=4),B,C,[[C]],0,5,synthetic_format_only_3shot,,0
789eab05ee293533,8bc2c14758a8c469,9755a9b8ebe59fd7,HiToM,high-order,Belief,High-Order False Beliefs (order=0),D,D,[[D]],1,5,synthetic_format_only_3shot,,0
f80ca2eadfca9cc5,3ef47e610eef7a82,fb6e6943535ff288,HiToM,high-order,Belief,High-Order False Beliefs (order=3),E,A,[[A]],0,5,synthetic_format_only_3shot,,0
da39bdaa22ce10b9,f7df18dbc7b11399,4f06e5415bb163c4,HiToM,high-order,Belief,High-Order False Beliefs (order=3),E,C,[[C]],0,5,synthetic_format_only_3shot,,0
d1a4c5feeaf85c8b,e5450875307629a1,5e84c9ef5e36854e,HiToM,high-order,Belief,High-Order False Beliefs (order=1),D,D,[[D]],1,5,synthetic_format_only_3shot,,0
2f5c9021c11a85c9,319d71b52662d90b,f229ac1341d02475,HiToM,high-order,Belief,High-Order False Beliefs (order=2),D,D,[[D]],1,5,synthetic_format_only_3shot,,0
327a1630e5adeaeb,9794baebe37a1690,b016d4b488e7dc12,HiToM,high-order,Belief,High-Order False Beliefs (order=1),E,C,[[C]],0,5,synthetic_format_only_3shot,,0
e67ba18d86196bba,4409d2462a68a65c,6a42d21f1606cae7,HiToM,high-order,Belief,High-Order False Beliefs (order=2),B,B,[[B]],1,5,synthetic_format_only_3shot,,0
52f1ae6b7b47d041,915e452e2afe456b,f229ac1341d02475,HiToM,high-order,Belief,High-Order False Beliefs (order=1),A,C,[[C]],0,5,synthetic_format_only_3shot,,0
9b8d288c7a2c816c,38ef1d78e5cc6f55,c8ce9a24b3acbd91,HiToM,high-order,Belief,High-Order False Beliefs (order=1),A,A,[[A]],1,5,synthetic_format_only_3shot,,0
5f8f16075fbc1134,1b943cd62476f7ef,b63ac48284062d58,HiToM,high-order,Belief,High-Order False Beliefs (order=2),B,B,[[B]],1,5,synthetic_format_only_3shot,,0
02683735d6251a67,eb7e61dc49187a79,bc0c8b98534ae607,HiToM,high-order,Belief,High-Order False Beliefs (order=2),D,D,[[D]],1,5,synthetic_format_only_3shot,,0
0bdbac3b155aa5dc,3aa5d73ecd8e77f6,9c91c29d4de0cb67,HiToM,high-order,Belief,High-Order False Beliefs (order=2),B,B,[[B]],1,5,synthetic_format_only_3shot,,0
bd1713fb19c687a6,9bfe391526dfc6c0,3f68efd9f9f6b0a4,HiToM,high-order,Belief,High-Order False Beliefs (order=4),A,A,[[A]],1,5,synthetic_format_only_3shot,,0
4d77836ba459c033,cdf69733758e196c,fb87c094c6022450,HiToM,high-order,Belief,High-Order False Beliefs (order=4),B,B,[[B]],1,5,synthetic_format_only_3shot,,0
6e131fa1950c0dbe,a982a51533f14e6a,e6ee6472b65fe46b,HiToM,high-order,Belief,High-Order False Beliefs (order=1),A,A,[[A]],1,5,synthetic_format_only_3shot,,0
46c6010034077c3b,93b04154b339cff6,83d211f42bd24401,HiToM,high-order,Belief,High-Order False Beliefs (order=2),E,E,[[E]],1,5,synthetic_format_only_3shot,,0
9129452c29d5d3a1,81e0993cd4344dee,18f475623b94946f,HiToM,high-order,Belief,High-Order False Beliefs (order=3),B,B,[[B]],1,5,synthetic_format_only_3shot,,0
3e04b840d3e3b2c4,018a1ebee6ad8cfd,9401c4c2e0bf810d,HiToM,high-order,Belief,High-Order False Beliefs (order=2),A,C,[[C]],0,5,synthetic_format_only_3shot,,0
a06249179c9c1a4e,51bf59496405de21,c8ce9a24b3acbd91,HiToM,high-order,Belief,High-Order False Beliefs (order=2),E,D,[[D]],0,5,synthetic_format_only_3shot,,0
16e511a0dd74db33,4c7e0c772b9cce3f,620effcda3924595,HiToM,high-order,Belief,High-Order False Beliefs (order=3),C,C,[[C]],1,5,synthetic_format_only_3shot,,0
e9674c5a17e98a59,0ba568d2c193b18f,852b2535a575b572,HiToM,high-order,Belief,High-Order False Beliefs (order=0),E,D,[[D]],0,5,synthetic_format_only_3shot,,0
efcff878f3dd5b9e,339a052838f2e527,c8ce9a24b3acbd91,HiToM,high-order,Belief,High-Order False Beliefs (order=3),B,B,[[B]],1,5,synthetic_format_only_3shot,,0
3e08330d69432d57,c2b7f005a1c28844,ea06844c2b815e65,HiToM,high-order,Belief,High-Order False Beliefs (order=4),C,C,[[C]],1,5,synthetic_format_only_3shot,,0
e0b6a4ca2616e307,b566f0d053c3cb7d,0d6417eeeabd37f4,HiToM,high-order,Belief,High-Order False Beliefs (order=2),E,D,[[D]],0,5,synthetic_format_only_3shot,,0
39efbd6d5a4e1716,edd9efdbf42b7a36,94e59bf10010569e,HiToM,high-order,Belief,High-Order False Beliefs (order=1),C,B,[[B]],0,5,synthetic_format_only_3shot,,0
40e6de94c406a28e,592540ecbb3e5ace,cbfa45fbe5f2e4d6,HiToM,high-order,Belief,High-Order False Beliefs (order=2),D,D,[[D]],1,5,synthetic_format_only_3shot,,0
3873f6425864d6e2,0d3c6a6688b893a4,89e8be171289a11f,HiToM,high-order,Belief,High-Order False Beliefs (order=1),E,D,[[D]],0,5,synthetic_format_only_3shot,,0
0852f6aac2fd26ec,5aaecbaacdf8d9c9,779ff9fe838a4aac,HiToM,high-order,Belief,High-Order False Beliefs (order=1),B,B,[[B]],1,5,synthetic_format_only_3shot,,0
f11a3141b4da3e90,4de8d438a3e52b25,620effcda3924595,HiToM,high-order,Belief,High-Order False Beliefs (order=2),C,C,[[C]],1,5,synthetic_format_only_3shot,,0
4f78f5ed0f7a0577,f598866d7adaf263,5ad4771330f6d096,HiToM,high-order,Belief,High-Order False Beliefs (order=1),E,D,[[D]],0,5,synthetic_format_only_3shot,,0
d7b4616307734be6,e472a645a4fc7038,b7cb8da3efcb43d3,HiToM,high-order,Belief,High-Order False Beliefs (order=1),B,D,[[D]],0,5,synthetic_format_only_3shot,,0
2a469404ba01f0b4,65bcffb75acbc7e4,041b0aa4f6894c82,HiToM,high-order,Belief,High-Order False Beliefs (order=0),E,D,[[D]],0,5,synthetic_format_only_3shot,,0
0c89d4992c979911,ecd0f96599d6d8eb,7abd4268111027de,HiToM,high-order,Belief,High-Order False Beliefs (order=1),C,B,[[B]],0,5,synthetic_format_only_3shot,,0
66772e590c249174,cd7febe53a8b29dc,bc4d9b51da7e65ed,HiToM,high-order,Belief,High-Order False Beliefs (order=4),B,B,[[B]],1,5,synthetic_format_only_3shot,,0
b59df3aab1043360,f6c6c671d5f5fd35,9d03128b85982a6a,HiToM,high-order,Belief,High-Order False Beliefs (order=2),B,B,[[B]],1,5,synthetic_format_only_3shot,,0
c3e1ace5e5839bc1,8476b8045ada8b51,47f4e2864b147f66,HiToM,high-order,Belief,High-Order False Beliefs (order=4),A,A,[[A]],1,5,synthetic_format_only_3shot,,0
a78b52e19656aede,a090dbc701c3452c,73cdb3e3c3cd01b1,HiToM,high-order,Belief,High-Order False Beliefs (order=0),B,B,[[B]],1,5,synthetic_format_only_3shot,,0
baf025630386df61,2044b4cc71c3029b,8053df50341e08e9,HiToM,high-order,Belief,High-Order False Beliefs (order=0),E,D,[[D]],0,5,synthetic_format_only_3shot,,0
c7bdce0af3fd9d28,1349e6a9f0b8b191,9497cf9d93bb1161,HiToM,high-order,Belief,High-Order False Beliefs (order=1),E,C,[[C]],0,5,synthetic_format_only_3shot,,0
db3a94f5351bcf33,a379b718f6a1e4c1,dcdcddd5f37214fe,HiToM,high-order,Belief,High-Order False Beliefs (order=3),A,D,[[D]],0,5,synthetic_format_only_3shot,,0
2fd7445e67c68b86,91c9c69f2ca4d08b,dcdcddd5f37214fe,HiToM,high-order,Belief,High-Order False Beliefs (order=0),C,C,[[C]],1,5,synthetic_format_only_3shot,,0
0ff8c32773f4e0a3,9af2c6142c8d7acc,e4efb7bd2ff41671,HiToM,high-order,Belief,High-Order False Beliefs (order=2),D,D,[[D]],1,5,synthetic_format_only_3shot,,0
a05749af68e70718,29ec94dd09161f6c,d7ee8ea1898602d1,HiToM,high-order,Belief,High-Order False Beliefs (order=1),D,D,[[D]],1,5,synthetic_format_only_3shot,,0
89d7070a06ba78b4,1555a3441ce5e5c5,a4976a8a03fa27a0,HiToM,high-order,Belief,High-Order False Beliefs (order=4),B,C,[[C]],0,5,synthetic_format_only_3shot,,0
5fb50016537734c8,b634854ffcdadd1e,565f3cce1257f2d0,HiToM,high-order,Belief,High-Order False Beliefs (order=2),A,A,[[A]],1,5,synthetic_format_only_3shot,,0
02bb03f869d962dc,47ec168d0e9c88d2,2efcb28232e3d353,HiToM,high-order,Belief,High-Order False Beliefs (order=0),B,C,[[C]],0,5,synthetic_format_only_3shot,,0
a3a769d15763c857,656f67fe54e186a9,bc0c8b98534ae607,HiToM,high-order,Belief,High-Order False Beliefs (order=4),E,B,[[B]],0,5,synthetic_format_only_3shot,,0
eebed8c1bf8300b6,09a992e9bf96701b,d25e95394c46689b,HiToM,high-order,Belief,High-Order False Beliefs (order=4),D,D,[[D]],1,5,synthetic_format_only_3shot,,0
a459d0052e522589,0697df439043566e,6228e677c50dd0e2,HiToM,high-order,Belief,High-Order False Beliefs (order=1),D,A,[[A]],0,5,synthetic_format_only_3shot,,0
8c0a3588988a051b,6c9e34455f35bad2,b016d4b488e7dc12,HiToM,high-order,Belief,High-Order False Beliefs (order=0),B,B,[[B]],1,5,synthetic_format_only_3shot,,0
d6277342c789aa28,cb7b404be99b4548,7fee1305fc730ed8,HiToM,high-order,Belief,High-Order False Beliefs (order=1),A,B,[[B]],0,5,synthetic_format_only_3shot,,0
bdb07ecd6c3ab288,f629321d9ed3126e,3aa33327cbeb5648,HiToM,high-order,Belief,High-Order False Beliefs (order=4),C,C,[[C]],1,5,synthetic_format_only_3shot,,0
22aa437ef52e2f88,3fa1d893d9d989a2,c83352670314479c,HiToM,high-order,Belief,High-Order False Beliefs (order=1),D,D,[[D]],1,5,synthetic_format_only_3shot,,0
cf5d97d030b343dd,1dd03fc6ff9a656a,795e5003b68855c3,HiToM,high-order,Belief,High-Order False Beliefs (order=4),E,B,[[B]],0,5,synthetic_format_only_3shot,,0
a410f10d8dbd0abf,955e9bf656001342,e4efb7bd2ff41671,HiToM,high-order,Belief,High-Order False Beliefs (order=4),A,B,[[B]],0,5,synthetic_format_only_3shot,,0
942122171aa0907e,a3d8dd1d747464c1,fec06a7f4a591883,HiToM,high-order,Belief,High-Order False Beliefs (order=2),C,C,[[C]],1,5,synthetic_format_only_3shot,,0
bd37e8686d416d0c,03a131f0b73b3fe4,565f3cce1257f2d0,HiToM,high-order,Belief,High-Order False Beliefs (order=4),B,B,[[B]],1,5,synthetic_format_only_3shot,,0
ff94d786d824161a,1de136e0c64d993b,33a9f039f8e5ef6c,HiToM,high-order,Belief,High-Order False Beliefs (order=0),E,C,[[C]],0,5,synthetic_format_only_3shot,,0
3c0e9f2c879daf06,bdbe2ff9eeace162,efd5ac785e0e98e6,HiToM,high-order,Belief,High-Order False Beliefs (order=1),D,C,[[C]],0,5,synthetic_format_only_3shot,,0
e72ff7fb0a5ed6ce,ce8c78d9217ef85a,f1448650324f79f7,HiToM,high-order,Belief,High-Order False Beliefs (order=1),B,B,[[B]],1,5,synthetic_format_only_3shot,,0
5ade6e008714e865,82a36a0d42e8a7b6,70698e2534da87fa,HiToM,high-order,Belief,High-Order False Beliefs (order=1),B,B,[[B]],1,5,synthetic_format_only_3shot,,0
48c84665e672b3a8,2afb53e6d44251b9,450eea5525d4ecfd,HiToM,high-order,Belief,High-Order False Beliefs (order=3),E,C,[[C]],0,5,synthetic_format_only_3shot,,0
4d81e7312ad6b23d,f2f4607718c05ffd,59b29b17e3eadfe8,HiToM,high-order,Belief,High-Order False Beliefs (order=4),D,D,[[D]],1,5,synthetic_format_only_3shot,,0
7b5d803c342bb0c6,03a2255e1284078f,5265bd085505fef5,HiToM,high-order,Belief,High-Order False Beliefs (order=0),B,E,[[E]],0,5,synthetic_format_only_3shot,,0
d0e86315f4d21917,b5b6530eb0607871,041b0aa4f6894c82,HiToM,high-order,Belief,High-Order False Beliefs (order=4),C,C,[[C]],1,5,synthetic_format_only_3shot,,0
646e907bd4224285,c6914257b4c0d47a,e0f1d854fff2eff8,HiToM,high-order,Belief,High-Order False Beliefs (order=1),D,D,[[D]],1,5,synthetic_format_only_3shot,,0
460c8c61ce43dfae,a8a4334342319d22,5ad3fc64474e6111,HiToM,high-order,Belief,High-Order False Beliefs (order=1),A,B,[[B]],0,5,synthetic_format_only_3shot,,0
a29a183ec7971e6a,b7ae0c59edeceea2,c62b2ffcc19429ce,HiToM,high-order,Belief,High-Order False Beliefs (order=0),E,C,[[C]],0,5,synthetic_format_only_3shot,,0
7e653502cd05fad3,3663a3eda12d68f2,563b79287f2b6e9a,HiToM,high-order,Belief,High-Order False Beliefs (order=1),A,C,[[C]],0,5,synthetic_format_only_3shot,,0
8b924463347a0320,c71729b91b63bd89,55584ea54a5c3558,HiToM,high-order,Belief,High-Order False Beliefs (order=1),A,A,[[A]],1,5,synthetic_format_only_3shot,,0
2438782c86389a73,bf1016dd0bbe757b,1cea02ff310916f9,HiToM,high-order,Belief,High-Order False Beliefs (order=3),C,C,[[C]],1,5,synthetic_format_only_3shot,,0
e0895c6de60083ff,9488a795370bd683,9d22f82f20f526d6,HiToM,high-order,Belief,High-Order False Beliefs (order=1),B,B,[[B]],1,5,synthetic_format_only_3shot,,0
a7be1d628c1e999b,5330e331baa4cf1a,0f1a26cb4a00ca8c,HiToM,high-order,Belief,High-Order False Beliefs (order=0),B,B,[[B]],1,5,synthetic_format_only_3shot,,0
c8a02c0dce4da987,598335159250602c,8383ae9a4ec0f27a,HiToM,high-order,Belief,High-Order False Beliefs (order=0),C,C,[[C]],1,5,synthetic_format_only_3shot,,0
6f5451def4f7a122,d1e068f4d656b8d6,3f68efd9f9f6b0a4,HiToM,high-order,Belief,High-Order False Beliefs (order=3),B,B,[[B]],1,5,synthetic_format_only_3shot,,0
fc70416a23b40f5a,b3c718994a39773e,083a43b0431efd6e,HiToM,high-order,Belief,High-Order False Beliefs (order=4),A,B,[[B]],0,5,synthetic_format_only_3shot,,0
35a80d26af99af6b,f316923f26afddcd,7a78e9b46fa17522,HiToM,high-order,Belief,High-Order False Beliefs (order=4),B,B,[[B]],1,5,synthetic_format_only_3shot,,0
871c532860c7fb17,eb04b1780f9da28e,c7edfae8a8ada7e7,HiToM,high-order,Belief,High-Order False Beliefs (order=3),A,C,[[C]],0,5,synthetic_format_only_3shot,,0
ca7d90a32da751d8,962fe40c4dd28c5f,9c91c29d4de0cb67,HiToM,high-order,Belief,High-Order False Beliefs (order=1),C,B,[[B]],0,5,synthetic_format_only_3shot,,0
c45d6d00b78717e6,24552bf73e270377,4c563d91d8a2df3b,HiToM,high-order,Belief,High-Order False Beliefs (order=0),C,C,[[C]],1,5,synthetic_format_only_3shot,,0
103389d0d659a00c,cb47f17895eac877,62a7a95b96330d17,HiToM,high-order,Belief,High-Order False Beliefs (order=3),B,B,[[B]],1,5,synthetic_format_only_3shot,,0
d93dbf56cd848323,16842beed28c22d6,278ea6ec77e283aa,HiToM,high-order,Belief,High-Order False Beliefs (order=0),C,A,[[A]],0,5,synthetic_format_only_3shot,,0
2fea3257e0146556,67107733062b6eb6,71113a34200bd6b3,HiToM,high-order,Belief,High-Order False Beliefs (order=1),B,B,[[B]],1,5,synthetic_format_only_3shot,,0
0889f97cb0aaac01,d933603c29615193,8926d6ab2616e003,HiToM,high-order,Belief,High-Order False Beliefs (order=1),A,A,[[A]],1,5,synthetic_format_only_3shot,,0
ee41482c0e2f2893,da2a05be3dc4a70f,2d80d12af4bbccd6,HiToM,high-order,Belief,High-Order False Beliefs (order=2),A,A,[[A]],1,5,synthetic_format_only_3shot,,0
f34aa4fb060b6d2f,2a7b8795d9cf6f76,ed45d07cce932a5b,HiToM,high-order,Belief,High-Order False Beliefs (order=1),A,B,[[B]],0,5,synthetic_format_only_3shot,,0
31d6a082a7b95eaf,84a122bea7569756,120a5f2c70c4086d,HiToM,high-order,Belief,High-Order False Beliefs (order=4),B,D,[[D]],0,5,synthetic_format_only_3shot,,0
e10e9060045cefdd,835e55c38273b5c2,fe1eac4cd8d06711,HiToM,high-order,Belief,High-Order False Beliefs (order=0),C,C,[[C]],1,5,synthetic_format_only_3shot,,0
3bf7ed9c29671e39,35505c42f94db0ff,bf6c56536c18452d,HiToM,high-order,Belief,High-Order False Beliefs (order=4),C,C,[[C]],1,5,synthetic_format_only_3shot,,0
18913fb7f0e3798a,3444e49893075741,70698e2534da87fa,HiToM,high-order,Belief,High-Order False Beliefs (order=2),B,B,[[B]],1,5,synthetic_format_only_3shot,,0
2520cbba40324094,480a7540beab7beb,89e8be171289a11f,HiToM,high-order,Belief,High-Order False Beliefs (order=3),B,C,[[C]],0,5,synthetic_format_only_3shot,,0
c5f67eaf0edcc47f,172f1386f8df2533,a8b3e7de7499a0a7,HiToM,high-order,Belief,High-Order False Beliefs (order=4),D,D,[[D]],1,5,synthetic_format_only_3shot,,0
4ad82fa467e84d19,1b04ee4e94faa7d6,5c2052a7a2cf4a81,HiToM,high-order,Belief,High-Order False Beliefs (order=2),D,D,[[D]],1,5,synthetic_format_only_3shot,,0
6912130e35fbfc8b,781579da7417dd08,0f1a26cb4a00ca8c,HiToM,high-order,Belief,High-Order False Beliefs (order=2),C,C,[[C]],1,5,synthetic_format_only_3shot,,0
1816d74f6326251e,cb66e452ed552c01,706529863f27499d,HiToM,high-order,Belief,High-Order False Beliefs (order=3),A,A,[[A]],1,5,synthetic_format_only_3shot,,0
ca74bf5ab3af0869,75bb0dcb8966a592,b75a6a7be4ed409a,HiToM,high-order,Belief,High-Order False Beliefs (order=3),D,D,[[D]],1,5,synthetic_format_only_3shot,,0
d1b51fd3decc5c34,d902b672580717d7,e5d42380bce5718f,HiToM,high-order,Belief,High-Order False Beliefs (order=1),A,A,[[A]],1,5,synthetic_format_only_3shot,,0
b3505fb158cc976f,c37151ceaa24c96f,3aa33327cbeb5648,HiToM,high-order,Belief,High-Order False Beliefs (order=0),E,E,[[E]],1,5,synthetic_format_only_3shot,,0
9f65022aed6503b9,4b849ad1a703ef04,63a269b33e2b0c32,HiToM,high-order,Belief,High-Order False Beliefs (order=3),A,A,[[A]],1,5,synthetic_format_only_3shot,,0
f3263980c0207c20,f5db8a440ad26cac,bf6c56536c18452d,HiToM,high-order,Belief,High-Order False Beliefs (order=1),A,A,[[A]],1,5,synthetic_format_only_3shot,,0
88b17d4e7443e72a,349636af7b2118dc,0005e820fca39d29,HiToM,high-order,Belief,High-Order False Beliefs (order=0),E,C,[[C]],0,5,synthetic_format_only_3shot,,0
d1eaca067fb7b6b7,565b8385e2fee9d8,7d37de63aebf0058,HiToM,high-order,Belief,High-Order False Beliefs (order=1),C,C,[[C]],1,5,synthetic_format_only_3shot,,0
175d94868e67d861,ae36bafbb119bab4,8aea1f5db84b3c84,HiToM,high-order,Belief,High-Order False Beliefs (order=0),E,C,[[C]],0,5,synthetic_format_only_3shot,,0
2abdb6fbed8e1b87,9edf1ccc2f62dd75,01d232b9e9be5571,HiToM,high-order,Belief,High-Order False Beliefs (order=3),D,C,[[C]],0,5,synthetic_format_only_3shot,,0
0cbb31b189025ff8,6b613d2683e9d395,dcdcddd5f37214fe,HiToM,high-order,Belief,High-Order False Beliefs (order=4),A,B,[[B]],0,5,synthetic_format_only_3shot,,0
b6bf5b5728b0b702,6ad12684f7eab90a,d818e01b546089ea,HiToM,high-order,Belief,High-Order False Beliefs (order=1),C,C,[[C]],1,5,synthetic_format_only_3shot,,0
cceb7c9b48b82341,1493458206aa4a35,f56dffb1da04c8ac,HiToM,high-order,Belief,High-Order False Beliefs (order=2),A,B,[[B]],0,5,synthetic_format_only_3shot,,0
b977f09891b10a80,ceaaab4cbdfdeb1f,ac0e62879398e112,HiToM,high-order,Belief,High-Order False Beliefs (order=0),B,B,[[B]],1,5,synthetic_format_only_3shot,,0
c8a9a5b24cff9230,0c03421cec3f51fe,705826a78472707d,HiToM,high-order,Belief,High-Order False Beliefs (order=3),B,B,[[B]],1,5,synthetic_format_only_3shot,,0
ae1e3356ca0c231d,6b3dc2c21a76cc5d,44dc96355277f91f,HiToM,high-order,Belief,High-Order False Beliefs (order=1),E,E,[[E]],1,5,synthetic_format_only_3shot,,0
fcfde125430f2deb,9a1c5b9001b542bb,9fd1174378051a9c,HiToM,high-order,Belief,High-Order False Beliefs (order=4),A,A,[[A]],1,5,synthetic_format_only_3shot,,0
842df761771ed8e8,aa2037fe9a60ded6,efd5ac785e0e98e6,HiToM,high-order,Belief,High-Order False Beliefs (order=2),D,D,[[D]],1,5,synthetic_format_only_3shot,,0
244b34199da3a6f0,da47ca31e90698b0,0005e820fca39d29,HiToM,high-order,Belief,High-Order False Beliefs (order=3),C,C,[[C]],1,5,synthetic_format_only_3shot,,0
dd67ff1c76e47488,8121d27871178ba5,e4098d3fb59c9280,HiToM,high-order,Belief,High-Order False Beliefs (order=3),C,C,[[C]],1,5,synthetic_format_only_3shot,,0
2f96275213bde9e2,6bc9b7b15b0109ff,8a734cc77628dc60,HiToM,high-order,Belief,High-Order False Beliefs (order=0),D,D,[[D]],1,5,synthetic_format_only_3shot,,0
357124028a714f67,441814bea171d43e,6bf521ed2280ae3f,HiToM,high-order,Belief,High-Order False Beliefs (order=2),D,B,[[B]],0,5,synthetic_format_only_3shot,,0
b0145d659dade9ec,b60a9bf9a720d2f9,4aa00b5a74337bd4,HiToM,high-order,Belief,High-Order False Beliefs (order=1),A,A,[[A]],1,5,synthetic_format_only_3shot,,0
5f434ed9f4b81a7b,953464fdc8bb1be2,8fc72bdb81d755ba,HiToM,high-order,Belief,High-Order False Beliefs (order=3),B,B,[[B]],1,5,synthetic_format_only_3shot,,0
7f4e0f984a2b8971,87c962c6117ef07c,fe1eac4cd8d06711,HiToM,high-order,Belief,High-Order False Beliefs (order=1),E,A,[[A]],0,5,synthetic_format_only_3shot,,0
048b5bf071749b6e,1b4e0640e378927e,feae001f51ad870f,HiToM,high-order,Belief,High-Order False Beliefs (order=3),D,B,[[B]],0,5,synthetic_format_only_3shot,,0
82d95f7c6ff9af6d,3f157921d9d3b538,2e34bb1cecde66d2,HiToM,high-order,Belief,High-Order False Beliefs (order=3),A,B,[[B]],0,5,synthetic_format_only_3shot,,0
91db06d031a85aba,0266d5ddddcd8211,664e618f4d52f00b,HiToM,high-order,Belief,High-Order False Beliefs (order=1),B,B,[[B]],1,5,synthetic_format_only_3shot,,0
24c2174371937821,0f884a91123e9683,b63ac48284062d58,HiToM,high-order,Belief,High-Order False Beliefs (order=1),B,B,[[B]],1,5,synthetic_format_only_3shot,,0
5506af88e4d9c595,db8d1bdce9daa823,a4976a8a03fa27a0,HiToM,high-order,Belief,High-Order False Beliefs (order=2),E,D,[[D]],0,5,synthetic_format_only_3shot,,0
5ba7d8ed3b28367f,4aede376586ef27d,ea06844c2b815e65,HiToM,high-order,Belief,High-Order False Beliefs (order=0),C,C,[[C]],1,5,synthetic_format_only_3shot,,0
ec563070152a097f,5d89716714feb306,7e155da5a5becbf9,HiToM,high-order,Belief,High-Order False Beliefs (order=4),A,A,[[A]],1,5,synthetic_format_only_3shot,,0
5deb945bb456e567,fde5dee746025e13,272712d216b8e40b,HiToM,high-order,Belief,High-Order False Beliefs (order=4),D,D,[[D]],1,5,synthetic_format_only_3shot,,0
af9bef3fd676688b,40e1e944a9806da5,26f6b2cfc620f8d7,HiToM,high-order,Belief,High-Order False Beliefs (order=0),E,C,[[C]],0,5,synthetic_format_only_3shot,,0
ef86f317e0a6e1d4,f7cfaf3089862960,a175944f008c8dba,HiToM,high-order,Belief,High-Order False Beliefs (order=1),A,A,[[A]],1,5,synthetic_format_only_3shot,,0
826ce071e2ba9c33,da5388d0897e190d,e4098d3fb59c9280,HiToM,high-order,Belief,High-Order False Beliefs (order=0),C,C,[[C]],1,5,synthetic_format_only_3shot,,0
7d71269b1f226465,dd97d58288cc5386,450eea5525d4ecfd,HiToM,high-order,Belief,High-Order False Beliefs (order=2),B,B,[[B]],1,5,synthetic_format_only_3shot,,0
16b9050e098370c7,84e203ea3f5c7d6c,c0b5adbfdf88cbf3,HiToM,high-order,Belief,High-Order False Beliefs (order=2),B,C,[[C]],0,5,synthetic_format_only_3shot,,0
a2022a667ccf3659,4ef7c0849f54a8c0,5aeecd18286f1e43,HiToM,high-order,Belief,High-Order False Beliefs (order=0),C,C,[[C]],1,5,synthetic_format_only_3shot,,0
68623efb9fb4fb60,f14b31df8eb1881b,725d74f5e774999c,HiToM,high-order,Belief,High-Order False Beliefs (order=4),E,D,[[D]],0,5,synthetic_format_only_3shot,,0
66fbd8467cfff25a,0a71522f819fa664,68c6cd0b3d68f164,HiToM,high-order,Belief,High-Order False Beliefs (order=4),B,B,[[B]],1,5,synthetic_format_only_3shot,,0
f42e512a456d0199,b5a4f53f92da565c,04ae4e06d20df95a,HiToM,high-order,Belief,High-Order False Beliefs (order=4),E,C,[[C]],0,5,synthetic_format_only_3shot,,0
af618a3521c2884a,a5ecbe12c7bdc5a7,2356694ad7aff450,HiToM,high-order,Belief,High-Order False Beliefs (order=2),D,D,[[D]],1,5,synthetic_format_only_3shot,,0
51e347378b641299,70cb13389e7d0a11,8f5f23fd55bc31cf,HiToM,high-order,Belief,High-Order False Beliefs (order=0),E,B,[[B]],0,5,synthetic_format_only_3shot,,0
5b09387a85b2d8bc,f307ed606078bfc2,664e618f4d52f00b,HiToM,high-order,Belief,High-Order False Beliefs (order=0),C,C,[[C]],1,5,synthetic_format_only_3shot,,0
59a859ebe40b97ca,67a472275a5a806e,63a269b33e2b0c32,HiToM,high-order,Belief,High-Order False Beliefs (order=1),D,B,[[B]],0,5,synthetic_format_only_3shot,,0
d5bb4015f55e6169,2960be9f42bca35f,c2bb5ef1e69e3384,HiToM,high-order,Belief,High-Order False Beliefs (order=0),B,C,[[C]],0,5,synthetic_format_only_3shot,,0
e44c46b18f2f9281,7fa85b466e3d83a4,852b2535a575b572,HiToM,high-order,Belief,High-Order False Beliefs (order=4),D,D,[[D]],1,5,synthetic_format_only_3shot,,0
f3f5c4e5b5c794bd,abd8c3e97f11b19e,0d21f61fa116ccd8,HiToM,high-order,Belief,High-Order False Beliefs (order=4),E,C,[[C]],0,5,synthetic_format_only_3shot,,0
9cf2b983d7f3e030,65ed38ee3d84a686,71113a34200bd6b3,HiToM,high-order,Belief,High-Order False Beliefs (order=4),D,D,[[D]],1,5,synthetic_format_only_3shot,,0
b7e18bbc826a522f,6afcfee57468a4bf,65df4c146c118538,HiToM,high-order,Belief,High-Order False Beliefs (order=3),B,A,[[A]],0,5,synthetic_format_only_3shot,,0
027f235a169cd5b1,5a1e2f81f5dc8300,6bcbef17f455d6a9,HiToM,high-order,Belief,High-Order False Beliefs (order=2),D,D,[[D]],1,5,synthetic_format_only_3shot,,0
760bcb6078e507c9,5219f69cc71fdc59,0c46504cc02b0489,HiToM,high-order,Belief,High-Order False Beliefs (order=3),A,A,[[A]],1,5,synthetic_format_only_3shot,,0
c6a184ec5a42633c,59d4fd1bdb7f48f0,55584ea54a5c3558,HiToM,high-order,Belief,High-Order False Beliefs (order=2),C,C,[[C]],1,5,synthetic_format_only_3shot,,0
92b3775cb7704afb,ce601ce0fc20bbdd,705826a78472707d,HiToM,high-order,Belief,High-Order False Beliefs (order=1),A,A,[[A]],1,5,synthetic_format_only_3shot,,0
4883288b0e4e9140,3722caa2989fec0c,a3434dd9fbad401d,HiToM,high-order,Belief,High-Order False Beliefs (order=3),C,C,[[C]],1,5,synthetic_format_only_3shot,,0
a8955f359987bef9,3914d800fadb31b4,54a610f5fa80a582,HiToM,high-order,Belief,High-Order False Beliefs (order=4),C,C,[[C]],1,5,synthetic_format_only_3shot,,0
5752cacd537c522e,587626b39ca38f05,168a9ace8c03696f,HiToM,high-order,Belief,High-Order False Beliefs (order=2),C,B,[[B]],0,5,synthetic_format_only_3shot,,0
1869f734b19764cf,a836a9b558de5de2,54e3842a5d6d0436,HiToM,high-order,Belief,High-Order False Beliefs (order=2),D,D,[[D]],1,5,synthetic_format_only_3shot,,0
fa239b4a948bfbf4,caa9e594df7f812d,76ee2a602c04de26,HiToM,high-order,Belief,High-Order False Beliefs (order=3),C,C,[[C]],1,5,synthetic_format_only_3shot,,0
e3cc8cdf785319ad,7357058c5fbc5b65,ed45d07cce932a5b,HiToM,high-order,Belief,High-Order False Beliefs (order=3),B,C,[[C]],0,5,synthetic_format_only_3shot,,0
1e8f29c8d813dc4f,1af5601b9dd91db4,5265bd085505fef5,HiToM,high-order,Belief,High-Order False Beliefs (order=3),A,A,[[A]],1,5,synthetic_format_only_3shot,,0
25fa43d557b1c995,3ad18569856a994e,4aa00b5a74337bd4,HiToM,high-order,Belief,High-Order False Beliefs (order=0),A,A,[[A]],1,5,synthetic_format_only_3shot,,0
74995fe05526055a,b67e5c70d24e2704,798a08ce27805a27,HiToM,high-order,Belief,High-Order False Beliefs (order=3),A,A,[[A]],1,5,synthetic_format_only_3shot,,0
13d5f1de31caf407,4a8cee89610afe5b,779ff9fe838a4aac,HiToM,high-order,Belief,High-Order False Beliefs (order=0),D,D,[[D]],1,5,synthetic_format_only_3shot,,0
1963c22dd93f29c7,9bb268a8b77daf72,c7edfae8a8ada7e7,HiToM,high-order,Belief,High-Order False Beliefs (order=2),C,C,[[C]],1,5,synthetic_format_only_3shot,,0
7846a9dcf7a1075b,0d253fc58602491a,7fee1305fc730ed8,HiToM,high-order,Belief,High-Order False Beliefs (order=2),B,B,[[B]],1,5,synthetic_format_only_3shot,,0
23c95248ac4f2a83,8bad47371540edf3,acb6e40d7488d6f4,HiToM,high-order,Belief,High-Order False Beliefs (order=0),B,B,[[B]],1,5,synthetic_format_only_3shot,,0
7cebc76a7643fb1e,4c58126daae698a2,e6f553d574b98551,HiToM,high-order,Belief,High-Order False Beliefs (order=4),C,D,[[D]],0,5,synthetic_format_only_3shot,,0
f27c7d773ff5b525,84e37aae2d3798be,44dc96355277f91f,HiToM,high-order,Belief,High-Order False Beliefs (order=0),E,B,[[B]],0,5,synthetic_format_only_3shot,,0
81adfea6fd1cfe85,59fad2c38eb0dc94,f1448650324f79f7,HiToM,high-order,Belief,High-Order False Beliefs (order=2),C,C,[[C]],1,5,synthetic_format_only_3shot,,0
810f165ab0066782,9f443069fcda8d9b,bbb364b1ee4da68a,HiToM,high-order,Belief,High-Order False Beliefs (order=4),A,A,[[A]],1,5,synthetic_format_only_3shot,,0
94fb92169db8ff98,1314693eada7d0f5,565f3cce1257f2d0,HiToM,high-order,Belief,High-Order False Beliefs (order=0),C,C,[[C]],1,5,synthetic_format_only_3shot,,0
182aaf4241b7c988,368760b98796f9e9,768c8aaf2fee2d01,HiToM,high-order,Belief,High-Order False Beliefs (order=2),A,B,[[B]],0,5,synthetic_format_only_3shot,,0
d8fd3657717029ce,c4ef55599f26a782,11ccd4c010d1920f,HiToM,high-order,Belief,High-Order False Beliefs (order=2),A,B,[[B]],0,5,synthetic_format_only_3shot,,0
d5169a752e6d2259,cfa1d349b4869cac,5d25c021d5c81748,HiToM,high-order,Belief,High-Order False Beliefs (order=2),D,D,[[D]],1,5,synthetic_format_only_3shot,,0
c23124b131f8fde8,a7e7ac7147e350bc,baa532add988c5af,HiToM,high-order,Belief,High-Order False Beliefs (order=0),C,C,[[C]],1,5,synthetic_format_only_3shot,,0
f3eab1b2908c5f10,bca10480df934d88,23ba70c81ae24afa,HiToM,high-order,Belief,High-Order False Beliefs (order=4),D,D,[[D]],1,5,synthetic_format_only_3shot,,0
b0eaf8cc2dc16737,b411082f0eafdd41,278ea6ec77e283aa,HiToM,high-order,Belief,High-Order False Beliefs (order=1),D,B,[[B]],0,5,synthetic_format_only_3shot,,0
e9cecb2ce58c3ba2,f5e69888f4a62a37,bf6c56536c18452d,HiToM,high-order,Belief,High-Order False Beliefs (order=3),D,C,[[C]],0,5,synthetic_format_only_3shot,,0
264b15d11f15b73b,45c3568009872b6e,baa532add988c5af,HiToM,high-order,Belief,High-Order False Beliefs (order=2),E,B,[[B]],0,5,synthetic_format_only_3shot,,0
9e15ebbb6d243b34,fc5bf679e6864d07,21ab2d70b39cce03,HiToM,high-order,Belief,High-Order False Beliefs (order=4),A,B,[[B]],0,5,synthetic_format_only_3shot,,0
3f6fd2a2268b05d8,dbb6a4582e643976,20ee47184cbdd13f,HiToM,high-order,Belief,High-Order False Beliefs (order=2),E,C,[[C]],0,5,synthetic_format_only_3shot,,0
1ab298f53aa4974d,4fad1396b10df1c4,ed6f4b1799d018ea,HiToM,high-order,Belief,High-Order False Beliefs (order=3),C,C,[[C]],1,5,synthetic_format_only_3shot,,0
b78c81f79506c08b,014f028261221637,bf6c56536c18452d,HiToM,high-order,Belief,High-Order False Beliefs (order=2),D,D,[[D]],1,5,synthetic_format_only_3shot,,0
53929463468a6aed,f6dca65e74653575,91b89bfaa91dc819,HiToM,high-order,Belief,High-Order False Beliefs (order=1),A,A,[[A]],1,5,synthetic_format_only_3shot,,0
72ba7487fb818688,24070bbf0ae3a23f,4aa2c7960a774ac5,HiToM,high-order,Belief,High-Order False Beliefs (order=4),A,A,[[A]],1,5,synthetic_format_only_3shot,,0
b4951802ff46f277,0aa49129d6ada9c7,1b65a96b942c3796,HiToM,high-order,Belief,High-Order False Beliefs (order=3),C,C,[[C]],1,5,synthetic_format_only_3shot,,0
9b5feb1d6ed28e38,224b7d80f267e4b5,baa532add988c5af,HiToM,high-order,Belief,High-Order False Beliefs (order=4),A,B,[[B]],0,5,synthetic_format_only_3shot,,0
9be37b59e205fff7,6705170c21fc4971,5e84c9ef5e36854e,HiToM,high-order,Belief,High-Order False Beliefs (order=4),D,D,[[D]],1,5,synthetic_format_only_3shot,,0
e7816cdd46176897,fd4c78167dbf577e,e4098d3fb59c9280,HiToM,high-order,Belief,High-Order False Beliefs (order=4),C,C,[[C]],1,5,synthetic_format_only_3shot,,0
8e09b3d1346b3767,8dfd1e47ac15baac,2c294f5191d1b057,HiToM,high-order,Belief,High-Order False Beliefs (order=3),D,D,[[D]],1,5,synthetic_format_only_3shot,,0
08f859c8ada25a5c,3b81358b0180aa61,4122aa40159d9900,HiToM,high-order,Belief,High-Order False Beliefs (order=2),A,A,[[A]],1,5,synthetic_format_only_3shot,,0
7ac9ea138a8a310e,50d48799d6a2a9ff,1b65a96b942c3796,HiToM,high-order,Belief,High-Order False Beliefs (order=2),D,C,[[C]],0,5,synthetic_format_only_3shot,,0
ba3abd31b024f31c,1526b78aa7e1f832,54e3842a5d6d0436,HiToM,high-order,Belief,High-Order False Beliefs (order=0),B,B,[[B]],1,5,synthetic_format_only_3shot,,0
e4f047840aa3328b,fba52291dbac0218,54e3842a5d6d0436,HiToM,high-order,Belief,High-Order False Beliefs (order=4),D,D,[[D]],1,5,synthetic_format_only_3shot,,0
5d78f84b8d823909,1d1fc80a4cdd2570,5e84c9ef5e36854e,HiToM,high-order,Belief,High-Order False Beliefs (order=2),E,C,[[C]],0,5,synthetic_format_only_3shot,,0
14ad3d0e18aa7bb8,c7e68492479043f6,c54f381665e0e370,HiToM,high-order,Belief,High-Order False Beliefs (order=3),B,A,[[A]],0,5,synthetic_format_only_3shot,,0
e7a8e453ffeef909,1921b869920cf365,fad38c1f7edf755c,HiToM,high-order,Belief,High-Order False Beliefs (order=3),B,C,[[C]],0,5,synthetic_format_only_3shot,,0
aa2d5beff64e07fb,9fc627e46fbbc8fb,706529863f27499d,HiToM,high-order,Belief,High-Order False Beliefs (order=2),B,C,[[C]],0,5,synthetic_format_only_3shot,,0
942efe19f9acb9b7,153a249cef5798e2,c83352670314479c,HiToM,high-order,Belief,High-Order False Beliefs (order=3),A,C,[[C]],0,5,synthetic_format_only_3shot,,0
50c1f15174def32b,a678bb4f785dd71e,45bacf572038e7ad,HiToM,high-order,Belief,High-Order False Beliefs (order=0),D,C,[[C]],0,5,synthetic_format_only_3shot,,0
f258e298e30d8aef,df85737e6511ed2e,c1494a2b86e5b8e1,HiToM,high-order,Belief,High-Order False Beliefs (order=0),B,D,[[D]],0,5,synthetic_format_only_3shot,,0
bb8efdf216ebe517,6fe7a735a683c576,779ff9fe838a4aac,HiToM,high-order,Belief,High-Order False Beliefs (order=4),A,D,[[D]],0,5,synthetic_format_only_3shot,,0
2c22b1f22d4aa31b,d34381acc1140019,6b750355ce4a8a10,HiToM,high-order,Belief,High-Order False Beliefs (order=0),E,D,[[D]],0,5,synthetic_format_only_3shot,,0
da9eb0a4e4102176,8c4dd25dde0b3387,95a8f6ba344f742b,HiToM,high-order,Belief,High-Order False Beliefs (order=4),B,C,[[C]],0,5,synthetic_format_only_3shot,,0
877c60cc55164f35,66d0a70849cd1469,120a5f2c70c4086d,HiToM,high-order,Belief,High-Order False Beliefs (order=0),C,C,[[C]],1,5,synthetic_format_only_3shot,,0
a8a74403ec054a07,86482272a44b57dc,2efcb28232e3d353,HiToM,high-order,Belief,High-Order False Beliefs (order=3),B,B,[[B]],1,5,synthetic_format_only_3shot,,0
ceba978dc62a3cab,c3ad109b663adc68,0e17ac90b0ab5102,HiToM,high-order,Belief,High-Order False Beliefs (order=3),B,B,[[B]],1,5,synthetic_format_only_3shot,,0
dbd1a6d5769959b0,98cdc10f408302c1,6baf366ac0032216,HiToM,high-order,Belief,High-Order False Beliefs (order=3),B,B,[[B]],1,5,synthetic_format_only_3shot,,0
6b206694b7e34829,94265a053df1c801,aa45a6050a68d316,HiToM,high-order,Belief,High-Order False Beliefs (order=4),E,E,[[E]],1,5,synthetic_format_only_3shot,,0
6917849c53f29611,c8a20511b9e9c770,fe4d8c16223f0e79,HiToM,high-order,Belief,High-Order False Beliefs (order=0),E,D,[[D]],0,5,synthetic_format_only_3shot,,0
2a9d30e8acba2515,02478a7d2f131b72,6f3b261e30122139,HiToM,high-order,Belief,High-Order False Beliefs (order=4),D,D,[[D]],1,5,synthetic_format_only_3shot,,0
b5df9f43990091b5,3da2b2dbf4c2226e,be1eaeef80418c90,HiToM,high-order,Belief,High-Order False Beliefs (order=3),E,B,[[B]],0,5,synthetic_format_only_3shot,,0
fbaf046f5eafe5c7,3dc3ed68127b4b3d,e6f553d574b98551,HiToM,high-order,Belief,High-Order False Beliefs (order=0),E,C,[[C]],0,5,synthetic_format_only_3shot,,0
317487ecefca8521,63508fa5a843e501,cf04bff1913d8614,HiToM,high-order,Belief,High-Order False Beliefs (order=0),C,A,[[A]],0,5,synthetic_format_only_3shot,,0
cce819a190b85a31,c2ea9fe0ffe61ebb,05df4908e6e84d0f,HiToM,high-order,Belief,High-Order False Beliefs (order=3),D,D,[[D]],1,5,synthetic_format_only_3shot,,0
d0f4f1680c0dd779,08a449980cb8274b,4f06e5415bb163c4,HiToM,high-order,Belief,High-Order False Beliefs (order=0),E,C,[[C]],0,5,synthetic_format_only_3shot,,0
4214d1d36a4fa858,8c00564d47be9bd2,c0b5adbfdf88cbf3,HiToM,high-order,Belief,High-Order False Beliefs (order=4),C,C,[[C]],1,5,synthetic_format_only_3shot,,0
d84a5fd6761c34ec,951b6ca853dc4760,b14c88dfc01cceaa,HiToM,high-order,Belief,High-Order False Beliefs (order=0),E,E,[[E]],1,5,synthetic_format_only_3shot,,0
8805d59dbcc2f0c8,fec01d4c56257bd1,795e5003b68855c3,HiToM,high-order,Belief,High-Order False Beliefs (order=2),B,B,[[B]],1,5,synthetic_format_only_3shot,,0
384fd0f44631136a,c82f49aabce3ff20,d254664a784101b2,HiToM,high-order,Belief,High-Order False Beliefs (order=1),C,C,[[C]],1,5,synthetic_format_only_3shot,,0
6c8ed5b6bf9d072f,c02d4d1e4e1f9cb8,f8db6d32e9401d8d,HiToM,high-order,Belief,High-Order False Beliefs (order=2),E,C,[[C]],0,5,synthetic_format_only_3shot,,0
866c95fab6493f52,47e5a1e0be27ca4f,ade3c560d0bfd5da,HiToM,high-order,Belief,High-Order False Beliefs (order=3),C,C,[[C]],1,5,synthetic_format_only_3shot,,0
865258393af9c1f9,87a49bcc8485ac11,8053df50341e08e9,HiToM,high-order,Belief,High-Order False Beliefs (order=3),E,B,[[B]],0,5,synthetic_format_only_3shot,,0
52e11e7efee7709b,0b1331b37566b028,a3434dd9fbad401d,HiToM,high-order,Belief,High-Order False Beliefs (order=4),D,D,[[D]],1,5,synthetic_format_only_3shot,,0
6389be8562a9f909,123b4d91e6a723bd,fe1eac4cd8d06711,HiToM,high-order,Belief,High-Order False Beliefs (order=2),A,A,[[A]],1,5,synthetic_format_only_3shot,,0
f89519023ad69fb9,6ffcdced45ec45e3,fec06a7f4a591883,HiToM,high-order,Belief,High-Order False Beliefs (order=3),D,D,[[D]],1,5,synthetic_format_only_3shot,,0
8edd97783e9b2245,cfddcef599dc2eb6,e0f1d854fff2eff8,HiToM,high-order,Belief,High-Order False Beliefs (order=0),E,E,[[E]],1,5,synthetic_format_only_3shot,,0
063aceb245fb6295,a29617361401601b,706529863f27499d,HiToM,high-order,Belief,High-Order False Beliefs (order=1),D,D,[[D]],1,5,synthetic_format_only_3shot,,0
845aba880766bf57,a68e6f4be1d3165e,71113a34200bd6b3,HiToM,high-order,Belief,High-Order False Beliefs (order=2),C,C,[[C]],1,5,synthetic_format_only_3shot,,0
935522822f4538fd,f8e9ff82c6ee649d,4122aa40159d9900,HiToM,high-order,Belief,High-Order False Beliefs (order=4),A,A,[[A]],1,5,synthetic_format_only_3shot,,0
ee293cf10bf12838,d8e6e8108a15a013,b14c88dfc01cceaa,HiToM,high-order,Belief,High-Order False Beliefs (order=2),E,A,[[A]],0,5,synthetic_format_only_3shot,,0
a63934392792407b,a714fef29534af97,8bd4f266764fc2b0,HiToM,high-order,Belief,High-Order False Beliefs (order=2),E,A,[[A]],0,5,synthetic_format_only_3shot,,0
4f12e2169798cc13,d58a40ab11d2f2d4,0ab029bc369f1f77,HiToM,high-order,Belief,High-Order False Beliefs (order=4),E,B,[[B]],0,5,synthetic_format_only_3shot,,0
3c27860d2ba57f27,726dda51f2bcc546,cf04bff1913d8614,HiToM,high-order,Belief,High-Order False Beliefs (order=3),E,C,[[C]],0,5,synthetic_format_only_3shot,,0
2b2365105a804aa9,2e4fe2c99306ca81,dcc6219ae3ff38a1,HiToM,high-order,Belief,High-Order False Beliefs (order=1),B,B,[[B]],1,5,synthetic_format_only_3shot,,0
f2f6cea8b810f666,fa7613a5baa92d28,3b2c235d8472dc41,HiToM,high-order,Belief,High-Order False Beliefs (order=2),C,C,[[C]],1,5,synthetic_format_only_3shot,,0
976a79aa3f175098,e68b9ac59e8a5f4b,f58e37a9aeae0383,HiToM,high-order,Belief,High-Order False Beliefs (order=3),A,B,[[B]],0,5,synthetic_format_only_3shot,,0
0c62cf0f0b1c194b,2be1883c7b30c78f,9497cf9d93bb1161,HiToM,high-order,Belief,High-Order False Beliefs (order=4),B,B,[[B]],1,5,synthetic_format_only_3shot,,0
f8437fda4a2cb1e5,d9c091ea4d0f509c,8fc72bdb81d755ba,HiToM,high-order,Belief,High-Order False Beliefs (order=4),B,B,[[B]],1,5,synthetic_format_only_3shot,,0
ff2e40eed31e3c13,21539cc9e7958214,cf04bff1913d8614,HiToM,high-order,Belief,High-Order False Beliefs (order=4),A,B,[[B]],0,5,synthetic_format_only_3shot,,0
a05036843bd5efe4,64251585ae310f91,341c6c1b61262bfc,HiToM,high-order,Belief,High-Order False Beliefs (order=3),D,D,[[D]],1,5,synthetic_format_only_3shot,,0
debd377d66d6a9e1,00dc96d2295fedf5,fd499037f71b49da,HiToM,high-order,Belief,High-Order False Beliefs (order=2),E,C,[[C]],0,5,synthetic_format_only_3shot,,0
3b20367dad0db6e7,42fbd5cae3a06cb4,7a78e9b46fa17522,HiToM,high-order,Belief,High-Order False Beliefs (order=2),B,C,[[C]],0,5,synthetic_format_only_3shot,,0
3f7516bff606c1b4,1aa41cfcb4c5461e,b75a6a7be4ed409a,HiToM,high-order,Belief,High-Order False Beliefs (order=0),C,C,[[C]],1,5,synthetic_format_only_3shot,,0
4386235078d8659d,209d2c719673927f,17ecd57aeab2b36d,HiToM,high-order,Belief,High-Order False Beliefs (order=1),D,D,[[D]],1,5,synthetic_format_only_3shot,,0
07d8e2124e208688,ef775723edc5a2fe,fe4d8c16223f0e79,HiToM,high-order,Belief,High-Order False Beliefs (order=4),C,C,[[C]],1,5,synthetic_format_only_3shot,,0
3196dc383cf77cfd,ae95104054b7a19e,50056476d5575daf,HiToM,high-order,Belief,High-Order False Beliefs (order=3),E,C,[[C]],0,5,synthetic_format_only_3shot,,0
8ee9e6cd948a5dae,9a8b9ffa572f57f5,c83352670314479c,HiToM,high-order,Belief,High-Order False Beliefs (order=4),B,C,[[C]],0,5,synthetic_format_only_3shot,,0
dc361167759e7cf7,aebacc3595b42308,e9d49ad35ce5182e,HiToM,high-order,Belief,High-Order False Beliefs (order=3),B,B,[[B]],1,5,synthetic_format_only_3shot,,0
70f502c4158e333b,184cda948314d49a,ed45d07cce932a5b,HiToM,high-order,Belief,High-Order False Beliefs (order=0),A,A,[[A]],1,5,synthetic_format_only_3shot,,0
8bfe45dcb04a1418,434eec54420013f2,483dfca194dec44e,HiToM,high-order,Belief,High-Order False Beliefs (order=3),A,C,[[C]],0,5,synthetic_format_only_3shot,,0
d3513978f9e2cb56,0683db9ddf67af17,8383ae9a4ec0f27a,HiToM,high-order,Belief,High-Order False Beliefs (order=4),D,D,[[D]],1,5,synthetic_format_only_3shot,,0
8d17e0c8841850ee,d466c626b38000ce,d818e01b546089ea,HiToM,high-order,Belief,High-Order False Beliefs (order=3),C,C,[[C]],1,5,synthetic_format_only_3shot,,0
0c86dc45b0e2a018,a8445dc5e2ed82e5,1c54086e92dd554b,HiToM,high-order,Belief,High-Order False Beliefs (order=2),E,C,[[C]],0,5,synthetic_format_only_3shot,,0
2c0581cb147ebf10,91491ff5293a8680,bf6c56536c18452d,HiToM,high-order,Belief,High-Order False Beliefs (order=0),B,C,[[C]],0,5,synthetic_format_only_3shot,,0
48606337f80d5650,e15107cee79de150,88e6d5d9710a204e,HiToM,high-order,Belief,High-Order False Beliefs (order=1),E,C,[[C]],0,5,synthetic_format_only_3shot,,0
c3f2cdc2f32a4d4b,3f4e8e1a2e1e0ff7,fd499037f71b49da,HiToM,high-order,Belief,High-Order False Beliefs (order=4),B,B,[[B]],1,5,synthetic_format_only_3shot,,0
1d68e2f2231a83be,9e02d02b22d8d8a7,bc4d9b51da7e65ed,HiToM,high-order,Belief,High-Order False Beliefs (order=2),A,D,[[D]],0,5,synthetic_format_only_3shot,,0
c4f6a64354da146d,8608cb91aa4f6fe6,a175944f008c8dba,HiToM,high-order,Belief,High-Order False Beliefs (order=2),B,C,[[C]],0,5,synthetic_format_only_3shot,,0
09463a1a22b2b00e,c16ebb99f0a59413,13e6a80a32a8d238,HiToM,high-order,Belief,High-Order False Beliefs (order=0),E,C,[[C]],0,5,synthetic_format_only_3shot,,0
bd796531fdb2ff17,d460b7e996e20ef0,3df1515485e81654,HiToM,high-order,Belief,High-Order False Beliefs (order=2),D,C,[[C]],0,5,synthetic_format_only_3shot,,0
a275d9bbcf4e5b3e,4777f8f960d9c7e0,65df4c146c118538,HiToM,high-order,Belief,High-Order False Beliefs (order=1),B,E,[[E]],0,5,synthetic_format_only_3shot,,0
49a01ef4938f3a01,1d7611bdf21d8491,efd5ac785e0e98e6,HiToM,high-order,Belief,High-Order False Beliefs (order=4),D,D,[[D]],1,5,synthetic_format_only_3shot,,0
f20854069f46c867,49e3b092869c3857,fb87c094c6022450,HiToM,high-order,Belief,High-Order False Beliefs (order=1),B,B,[[B]],1,5,synthetic_format_only_3shot,,0
91c8d1c601aae3b7,c9bd2d75a6b7c300,f1b0380834ca8f90,HiToM,high-order,Belief,High-Order False Beliefs (order=3),D,D,[[D]],1,5,synthetic_format_only_3shot,,0
90347b58e047a302,f3b8d37d76fd8b0c,6d9b09ad84eab421,HiToM,high-order,Belief,High-Order False Beliefs (order=4),A,A,[[A]],1,5,synthetic_format_only_3shot,,0
7e69a75c84d7dc73,5c0fe5aff8e679a6,9497cf9d93bb1161,HiToM,high-order,Belief,High-Order False Beliefs (order=3),C,C,[[C]],1,5,synthetic_format_only_3shot,,0
b8b5a1a1492217bc,0f0f97873476c72e,8bd4f266764fc2b0,HiToM,high-order,Belief,High-Order False Beliefs (order=1),D,D,[[D]],1,5,synthetic_format_only_3shot,,0
ffaa323f9e5cb306,177ffe6cc6057357,9d22f82f20f526d6,HiToM,high-order,Belief,High-Order False Beliefs (order=3),E,C,[[C]],0,5,synthetic_format_only_3shot,,0
aad504783bf03f05,e629d9b72601c1a1,f56dffb1da04c8ac,HiToM,high-order,Belief,High-Order False Beliefs (order=3),A,A,[[A]],1,5,synthetic_format_only_3shot,,0
0b77f1aeb5567577,8e911b12d9062b28,a175944f008c8dba,HiToM,high-order,Belief,High-Order False Beliefs (order=3),B,C,[[C]],0,5,synthetic_format_only_3shot,,0
f225bcf294b2eb34,03b2ec049e288a65,9d22f82f20f526d6,HiToM,high-order,Belief,High-Order False Beliefs (order=0),A,C,[[C]],0,5,synthetic_format_only_3shot,,0
06dc04194d7a4575,0adb18b9e4ab8cd1,b14c88dfc01cceaa,HiToM,high-order,Belief,High-Order False Beliefs (order=1),C,C,[[C]],1,5,synthetic_format_only_3shot,,0
019b34a335f554e5,4d5c8e246ce08539,efb1214091bf3e23,HiToM,high-order,Belief,High-Order False Beliefs (order=0),C,C,[[C]],1,5,synthetic_format_only_3shot,,0
3bfce65eaa1cb7f7,2b495256a4f5aa33,6228e677c50dd0e2,HiToM,high-order,Belief,High-Order False Beliefs (order=2),B,B,[[B]],1,5,synthetic_format_only_3shot,,0
1e50f11c43ecbae1,869b16165baf70b1,c0b5adbfdf88cbf3,HiToM,high-order,Belief,High-Order False Beliefs (order=1),A,D,[[D]],0,5,synthetic_format_only_3shot,,0
17c3f924dfbb1d68,e1494501234aff64,05df4908e6e84d0f,HiToM,high-order,Belief,High-Order False Beliefs (order=0),A,D,[[D]],0,5,synthetic_format_only_3shot,,0
8eff2f80aa6557e7,99e3802cd2a3d094,852b2535a575b572,HiToM,high-order,Belief,High-Order False Beliefs (order=1),C,C,[[C]],1,5,synthetic_format_only_3shot,,0
20740b62dbd50ae2,efcc3fc017881406,2c294f5191d1b057,HiToM,high-order,Belief,High-Order False Beliefs (order=4),E,D,[[D]],0,5,synthetic_format_only_3shot,,0
20347adc658636e6,a38e65d0bf92e4af,d38b045f505942c2,HiToM,high-order,Belief,High-Order False Beliefs (order=3),A,B,[[B]],0,5,synthetic_format_only_3shot,,0
b42c8153ee5891d6,5b5c00a134179576,7fee1305fc730ed8,HiToM,high-order,Belief,High-Order False Beliefs (order=0),E,D,[[D]],0,5,synthetic_format_only_3shot,,0
558147dd3082b0fa,00d13c8fa271eec7,cf04bff1913d8614,HiToM,high-order,Belief,High-Order False Beliefs (order=1),A,A,[[A]],1,5,synthetic_format_only_3shot,,0
abda7543be1c1bcb,a90dde81e34a2891,b1d91b7e60985825,HiToM,high-order,Belief,High-Order False Beliefs (order=4),A,B,[[B]],0,5,synthetic_format_only_3shot,,0
d2cba4098dc35711,b63f44207bd25540,f18ed93b9ecdbf1b,HiToM,high-order,Belief,High-Order False Beliefs (order=3),D,D,[[D]],1,5,synthetic_format_only_3shot,,0
a106b673652738e1,b8c48bd9be948311,8a734cc77628dc60,HiToM,high-order,Belief,High-Order False Beliefs (order=3),A,A,[[A]],1,5,synthetic_format_only_3shot,,0
d790046238073ca3,01fdce1822a07125,483dfca194dec44e,HiToM,high-order,Belief,High-Order False Beliefs (order=0),B,B,[[B]],1,5,synthetic_format_only_3shot,,0
4b2d6785a9f4d96d,68b6116ee8b255e4,8053df50341e08e9,HiToM,high-order,Belief,High-Order False Beliefs (order=1),E,C,[[C]],0,5,synthetic_format_only_3shot,,0
1ab76407072b12d4,866dbbabe6cbbbf9,2e34bb1cecde66d2,HiToM,high-order,Belief,High-Order False Beliefs (order=1),C,C,[[C]],1,5,synthetic_format_only_3shot,,0
aa3f0dea02dc759c,1bebfb68d2c42714,2f4be7cf5a314587,HiToM,high-order,Belief,High-Order False Beliefs (order=3),B,B,[[B]],1,5,synthetic_format_only_3shot,,0
83faa957551af7d4,407644929e4998fb,88e6d5d9710a204e,HiToM,high-order,Belief,High-Order False Beliefs (order=0),C,C,[[C]],1,5,synthetic_format_only_3shot,,0
7263832fa83d5ce2,8c2f2be9eb2b4c8e,54e3842a5d6d0436,HiToM,high-order,Belief,High-Order False Beliefs (order=3),B,B,[[B]],1,5,synthetic_format_only_3shot,,0
6f58fb1b1ee405c3,c5a2111a19f03014,68c6cd0b3d68f164,HiToM,high-order,Belief,High-Order False Beliefs (order=2),C,C,[[C]],1,5,synthetic_format_only_3shot,,0
2051cc34a58baf8e,adbef882a5ef2d71,ea06844c2b815e65,HiToM,high-order,Belief,High-Order False Beliefs (order=1),B,C,[[C]],0,5,synthetic_format_only_3shot,,0
c400093aa088cf9b,05238c97896f8c14,9497cf9d93bb1161,HiToM,high-order,Belief,High-Order False Beliefs (order=0),E,C,[[C]],0,5,synthetic_format_only_3shot,,0
9e943e1a1a0e23e7,1493d808543bd58b,5e84c9ef5e36854e,HiToM,high-order,Belief,High-Order False Beliefs (order=0),E,D,[[D]],0,5,synthetic_format_only_3shot,,0
69af090187549942,101dc67cc85266da,7a78e9b46fa17522,HiToM,high-order,Belief,High-Order False Beliefs (order=0),A,C,[[C]],0,5,synthetic_format_only_3shot,,0
08b20bb80fc27837,11d1cb04f41c6eb5,8b5d645c389196bf,HiToM,high-order,Belief,High-Order False Beliefs (order=2),A,A,[[A]],1,5,synthetic_format_only_3shot,,0
285d4081a12f700f,f36e32a9d5924770,f58e37a9aeae0383,HiToM,high-order,Belief,High-Order False Beliefs (order=0),B,B,[[B]],1,5,synthetic_format_only_3shot,,0
009c5d97d81fdb24,bb1c630495d5d76a,22b6cf558d351c1a,HiToM,high-order,Belief,High-Order False Beliefs (order=2),C,C,[[C]],1,5,synthetic_format_only_3shot,,0
d8f34f8f74323c91,2002215037a2df93,e5d42380bce5718f,HiToM,high-order,Belief,High-Order False Beliefs (order=3),B,B,[[B]],1,5,synthetic_format_only_3shot,,0
f9d5cc8fa827b4e9,0cafbc068523318e,be1eaeef80418c90,HiToM,high-order,Belief,High-Order False Beliefs (order=4),D,D,[[D]],1,5,synthetic_format_only_3shot,,0
bccfebfd322d27e2,2ae1b605c36705e3,83d211f42bd24401,HiToM,high-order,Belief,High-Order False Beliefs (order=0),C,C,[[C]],1,5,synthetic_format_only_3shot,,0
601cf5db837170d2,db1e91f07459f978,8fc72bdb81d755ba,HiToM,high-order,Belief,High-Order False Beliefs (order=2),A,A,[[A]],1,5,synthetic_format_only_3shot,,0
33740797247784f9,813bd6a5ccaf493d,2f4be7cf5a314587,HiToM,high-order,Belief,High-Order False Beliefs (order=2),E,A,[[A]],0,5,synthetic_format_only_3shot,,0
27e17e24d26c3ea1,01718b2c93d3ddc1,837d5f7726e81360,HiToM,high-order,Belief,High-Order False Beliefs (order=1),D,A,[[A]],0,5,synthetic_format_only_3shot,,0
dde2396abb0a277a,e26cec0347f58bef,10bbed8dc0ea3ad2,HiToM,high-order,Belief,High-Order False Beliefs (order=0),B,B,[[B]],1,5,synthetic_format_only_3shot,,0
8348ad9e8792e6dc,cbbae2b77e0cebb8,0d6417eeeabd37f4,HiToM,high-order,Belief,High-Order False Beliefs (order=1),A,B,[[B]],0,5,synthetic_format_only_3shot,,0
e0cd5bd3d8e15a8f,9e960aac488c111a,55584ea54a5c3558,HiToM,high-order,Belief,High-Order False Beliefs (order=0),D,D,[[D]],1,5,synthetic_format_only_3shot,,0
9d78de2b07b8ab8f,c6e3fdd6461db56c,e7e5c2a076a4d6c4,HiToM,high-order,Belief,High-Order False Beliefs (order=4),B,B,[[B]],1,5,synthetic_format_only_3shot,,0
9086a66858a87efa,479baf8c468ab3ed,083a43b0431efd6e,HiToM,high-order,Belief,High-Order False Beliefs (order=3),E,C,[[C]],0,5,synthetic_format_only_3shot,,0
3dd2c341409d2b20,75843b760ea99b3b,7286c429382d3674,HiToM,high-order,Belief,High-Order False Beliefs (order=0),A,B,[[B]],0,5,synthetic_format_only_3shot,,0
640ee24c0ccd468b,f1bb6da786c10320,62a7a95b96330d17,HiToM,high-order,Belief,High-Order False Beliefs (order=4),E,B,[[B]],0,5,synthetic_format_only_3shot,,0
0b30c2b446af212e,7c9691b4b74e0742,1b65a96b942c3796,HiToM,high-order,Belief,High-Order False Beliefs (order=1),B,B,[[B]],1,5,synthetic_format_only_3shot,,0
8782cf41bc2247da,97085323d5dc3562,ac0e62879398e112,HiToM,high-order,Belief,High-Order False Beliefs (order=3),A,A,[[A]],1,5,synthetic_format_only_3shot,,0
2904ed68bc19a2d4,55e96d9076614689,d8a7a04324ecfdac,HiToM,high-order,Belief,High-Order False Beliefs (order=0),E,E,[[E]],1,5,synthetic_format_only_3shot,,0
005d916b9b549697,04cfd495579a893a,f4545eed16c4296f,HiToM,high-order,Belief,High-Order False Beliefs (order=3),D,B,[[B]],0,5,synthetic_format_only_3shot,,0
1beffc890c3af6c4,e461975a77681e24,bc0c8b98534ae607,HiToM,high-order,Belief,High-Order False Beliefs (order=0),A,A,[[A]],1,5,synthetic_format_only_3shot,,0
ac9e3a8b9d0dc097,c9d15e1df1185cf6,d02f71c703101ab8,HiToM,high-order,Belief,High-Order False Beliefs (order=1),A,A,[[A]],1,5,synthetic_format_only_3shot,,0
f607934831e2ec45,724eef2fe2e2fc3f,22b6cf558d351c1a,HiToM,high-order,Belief,High-Order False Beliefs (order=3),C,B,[[B]],0,5,synthetic_format_only_3shot,,0
a88f9d3aedacbb0e,ef36f70366a9793f,0d21f61fa116ccd8,HiToM,high-order,Belief,High-Order False Beliefs (order=2),E,D,[[D]],0,5,synthetic_format_only_3shot,,0
fce63e34e395e026,928caa896baa46d8,ab4416b1bcf11f2f,HiToM,high-order,Belief,High-Order False Beliefs (order=0),C,C,[[C]],1,5,synthetic_format_only_3shot,,0
e1ba4e11a002b6e0,35a2566b06e67cbe,837d5f7726e81360,HiToM,high-order,Belief,High-Order False Beliefs (order=3),B,B,[[B]],1,5,synthetic_format_only_3shot,,0
2582843eaca72a05,c59a25c636017e7f,b63ac48284062d58,HiToM,high-order,Belief,High-Order False Beliefs (order=3),E,B,[[B]],0,5,synthetic_format_only_3shot,,0
6ab04f23ba70bd8a,1fffaeef79398717,854f9173e1fe25f3,HiToM,high-order,Belief,High-Order False Beliefs (order=2),A,B,[[B]],0,5,synthetic_format_only_3shot,,0
cf3de1f7459716dc,1f177de76ebd9c88,6b750355ce4a8a10,HiToM,high-order,Belief,High-Order False Beliefs (order=3),C,C,[[C]],1,5,synthetic_format_only_3shot,,0
69d631ac9b29c6ab,59220e0d000191d4,2356694ad7aff450,HiToM,high-order,Belief,High-Order False Beliefs (order=4),D,C,[[C]],0,5,synthetic_format_only_3shot,,0
4b00a0b8438946ee,1cd05ead2fcf744a,f4545eed16c4296f,HiToM,high-order,Belief,High-Order False Beliefs (order=0),D,D,[[D]],1,5,synthetic_format_only_3shot,,0
c17dbbbe8c990fee,4de8bb123d41d226,2fb65cec09d735de,HiToM,high-order,Belief,High-Order False Beliefs (order=0),C,C,[[C]],1,5,synthetic_format_only_3shot,,0
3a7d0bcc043ee278,60bb0cedbe04c6f5,f60ffc495d8d247b,HiToM,high-order,Belief,High-Order False Beliefs (order=1),D,D,[[D]],1,5,synthetic_format_only_3shot,,0
eb3c917158cd1cbe,163aa03afd35b18e,e60d60593422d692,HiToM,high-order,Belief,High-Order False Beliefs (order=2),D,C,[[C]],0,5,synthetic_format_only_3shot,,0
79913ce7fb39273e,5f45e731cd29a24d,2356694ad7aff450,HiToM,high-order,Belief,High-Order False Beliefs (order=0),C,B,[[B]],0,5,synthetic_format_only_3shot,,0
c08771c226d20f79,dffa4604b2a4d49a,2d80d12af4bbccd6,HiToM,high-order,Belief,High-Order False Beliefs (order=0),C,B,[[B]],0,5,synthetic_format_only_3shot,,0
50ca479bfe2c7a0c,1fb60d1ce9dfbe62,ed45d07cce932a5b,HiToM,high-order,Belief,High-Order False Beliefs (order=2),C,C,[[C]],1,5,synthetic_format_only_3shot,,0
22a98f4eb3ca68e8,fda6fccecde9ff22,041b0aa4f6894c82,HiToM,high-order,Belief,High-Order False Beliefs (order=1),D,D,[[D]],1,5,synthetic_format_only_3shot,,0
42844cdcb42ca655,e9b182db55981b74,6d9b09ad84eab421,HiToM,high-order,Belief,High-Order False Beliefs (order=0),B,B,[[B]],1,5,synthetic_format_only_3shot,,0
6a3c31513e93ab9b,bf72b7383f725813,17ecd57aeab2b36d,HiToM,high-order,Belief,High-Order False Beliefs (order=0),C,C,[[C]],1,5,synthetic_format_only_3shot,,0
34c8dd0752f0b568,420e9236280a42c8,0d352c6eaf88273a,HiToM,high-order,Belief,High-Order False Beliefs (order=2),B,B,[[B]],1,5,synthetic_format_only_3shot,,0
70e8bfc49de5da7a,25f259937dc1fd06,5e0333c54b11aa96,HiToM,high-order,Belief,High-Order False Beliefs (order=2),D,D,[[D]],1,5,synthetic_format_only_3shot,,0
703cddf0b1ef44e1,26edb90d6bbef459,8a734cc77628dc60,HiToM,high-order,Belief,High-Order False Beliefs (order=4),E,D,[[D]],0,5,synthetic_format_only_3shot,,0
75bb31a68e559c82,6f927c48b210bc67,1b65a96b942c3796,HiToM,high-order,Belief,High-Order False Beliefs (order=0),B,B,[[B]],1,5,synthetic_format_only_3shot,,0
c779a2ce61547a12,1a672de19ff8f7ad,478d64d99312b67d,HiToM,high-order,Belief,High-Order False Beliefs (order=1),D,D,[[D]],1,5,synthetic_format_only_3shot,,0
28d178f909488d91,f9e4481a4b5c686f,083a43b0431efd6e,HiToM,high-order,Belief,High-Order False Beliefs (order=0),A,C,[[C]],0,5,synthetic_format_only_3shot,,0
69e1d51052cf6cb3,0c3878b161615662,2d9dd017b01059dd,HiToM,high-order,Belief,High-Order False Beliefs (order=2),E,B,[[B]],0,5,synthetic_format_only_3shot,,0
43a4112475450291,d4d61ef5f404f595,efd5ac785e0e98e6,HiToM,high-order,Belief,High-Order False Beliefs (order=0),E,B,[[B]],0,5,synthetic_format_only_3shot,,0
725f1dfa0f41d12b,a4647d2b9f0dc68a,dcc6219ae3ff38a1,HiToM,high-order,Belief,High-Order False Beliefs (order=2),A,A,[[A]],1,5,synthetic_format_only_3shot,,0
39158d2f0a14aee4,3e413dd246ac82e9,f18ed93b9ecdbf1b,HiToM,high-order,Belief,High-Order False Beliefs (order=4),E,A,[[A]],0,5,synthetic_format_only_3shot,,0
1030cff4c5b8b2c9,c34f924d932b5cf0,b730fb2270fcb17c,HiToM,high-order,Belief,High-Order False Beliefs (order=1),A,A,[[A]],1,5,synthetic_format_only_3shot,,0
d7a97fbd5fdf4e81,096537e44ea89120,9fd1174378051a9c,HiToM,high-order,Belief,High-Order False Beliefs (order=2),D,D,[[D]],1,5,synthetic_format_only_3shot,,0
2dcdee5a20ab5280,1835fbaf61770e34,2356694ad7aff450,HiToM,high-order,Belief,High-Order False Beliefs (order=3),D,D,[[D]],1,5,synthetic_format_only_3shot,,0
ae4c55a992152e36,1497c084b68c41e3,6bf521ed2280ae3f,HiToM,high-order,Belief,High-Order False Beliefs (order=3),D,B,[[B]],0,5,synthetic_format_only_3shot,,0
d25bb67ea0fa9943,204f85271a9e1b98,e869e05f92d9137b,HiToM,high-order,Belief,High-Order False Beliefs (order=2),C,A,[[A]],0,5,synthetic_format_only_3shot,,0
e69195390cd1d1ef,31f2ff0fa861b82a,779ff9fe838a4aac,HiToM,high-order,Belief,High-Order False Beliefs (order=2),E,A,[[A]],0,5,synthetic_format_only_3shot,,0
ddf23234562ce9c9,f94de37fc0b44c94,725d74f5e774999c,HiToM,high-order,Belief,High-Order False Beliefs (order=3),C,C,[[C]],1,5,synthetic_format_only_3shot,,0
ef1299ccd4d55aa1,64a48812872cde44,9d292bbcae051f09,HiToM,high-order,Belief,High-Order False Beliefs (order=1),B,B,[[B]],1,5,synthetic_format_only_3shot,,0
a98589915369ec4f,6e221e0332c70883,272712d216b8e40b,HiToM,high-order,Belief,High-Order False Beliefs (order=1),A,A,[[A]],1,5,synthetic_format_only_3shot,,0
a649b72492781242,912b2b9bc9bb90a4,33a9f039f8e5ef6c,HiToM,high-order,Belief,High-Order False Beliefs (order=3),E,A,[[A]],0,5,synthetic_format_only_3shot,,0
ce4a62efc3ab2e64,8f399bf39ae2c141,8f5f23fd55bc31cf,HiToM,high-order,Belief,High-Order False Beliefs (order=3),E,B,[[B]],0,5,synthetic_format_only_3shot,,0
5aa5c17da40655d5,56c06211d6ada8e9,8aea1f5db84b3c84,HiToM,high-order,Belief,High-Order False Beliefs (order=1),B,B,[[B]],1,5,synthetic_format_only_3shot,,0
c2a3c5613713cfa3,040353687458d7e3,0ab029bc369f1f77,HiToM,high-order,Belief,High-Order False Beliefs (order=3),D,D,[[D]],1,5,synthetic_format_only_3shot,,0
7ce58b80bd13a7ef,77a37cd94779ed8e,f229ac1341d02475,HiToM,high-order,Belief,High-Order False Beliefs (order=0),C,C,[[C]],1,5,synthetic_format_only_3shot,,0
c45ee163840f0551,a9d65e683de47d48,d2a3e3553bbc3eae,HiToM,high-order,Belief,High-Order False Beliefs (order=2),E,A,[[A]],0,5,synthetic_format_only_3shot,,0
a02aacd917838df5,d9b471ecfcf29ec0,9497cf9d93bb1161,HiToM,high-order,Belief,High-Order False Beliefs (order=2),B,C,[[C]],0,5,synthetic_format_only_3shot,,0
307b39dd495fe8e0,b483392d9ec5709a,d25e95394c46689b,HiToM,high-order,Belief,High-Order False Beliefs (order=1),E,D,[[D]],0,5,synthetic_format_only_3shot,,0
3dbf17e59dcb7384,34357bcf8b8b93ba,fad38c1f7edf755c,HiToM,high-order,Belief,High-Order False Beliefs (order=2),A,C,[[C]],0,5,synthetic_format_only_3shot,,0
56c489cdcdb56f1c,e66321eab3543986,2f4be7cf5a314587,HiToM,high-order,Belief,High-Order False Beliefs (order=4),E,C,[[C]],0,5,synthetic_format_only_3shot,,0
fb59451658e940a8,c920befe969fd863,73cdb3e3c3cd01b1,HiToM,high-order,Belief,High-Order False Beliefs (order=3),A,A,[[A]],1,5,synthetic_format_only_3shot,,0
625b43c3a1774a48,af8c60b2558d953f,44dc96355277f91f,HiToM,high-order,Belief,High-Order False Beliefs (order=2),B,B,[[B]],1,5,synthetic_format_only_3shot,,0
f43e7958edd3e00d,41ee1da29a0e53af,ea06844c2b815e65,HiToM,high-order,Belief,High-Order False Beliefs (order=3),B,B,[[B]],1,5,synthetic_format_only_3shot,,0
3155102718272d53,394a04cb4b519b68,26c6b189a9705d6e,HiToM,high-order,Belief,High-Order False Beliefs (order=4),C,C,[[C]],1,5,synthetic_format_only_3shot,,0
8cdab82f4887cb2e,38066ee1659cae62,798a08ce27805a27,HiToM,high-order,Belief,High-Order False Beliefs (order=2),C,C,[[C]],1,5,synthetic_format_only_3shot,,0
4ce6dd0c0095d66e,909394e18d74ff57,956ee8c9f503c9ce,HiToM,high-order,Belief,High-Order False Beliefs (order=0),B,B,[[B]],1,5,synthetic_format_only_3shot,,0
dc7f4b5614e34e54,64b84c160de53d8c,b016d4b488e7dc12,HiToM,high-order,Belief,High-Order False Beliefs (order=3),D,D,[[D]],1,5,synthetic_format_only_3shot,,0
1e6b2f3019b5bbd3,1da9102f4089a1db,878e6dbb50903ca9,HiToM,high-order,Belief,High-Order False Beliefs (order=4),E,B,[[B]],0,5,synthetic_format_only_3shot,,0
bf03c801c73852ed,b8969719ba1d92e2,d8a7a04324ecfdac,HiToM,high-order,Belief,High-Order False Beliefs (order=3),A,A,[[A]],1,5,synthetic_format_only_3shot,,0
501fe8f0dfd780cb,fa1fb521a8059fe0,1dadaf03d619577c,HiToM,high-order,Belief,High-Order False Beliefs (order=1),E,C,[[C]],0,5,synthetic_format_only_3shot,,0
61df3553f47bdfad,7d165172cda92331,7d37de63aebf0058,HiToM,high-order,Belief,High-Order False Beliefs (order=4),E,C,[[C]],0,5,synthetic_format_only_3shot,,0
97154bdd3de4c652,1fbf88f8b26fb4ca,e7e5c2a076a4d6c4,HiToM,high-order,Belief,High-Order False Beliefs (order=3),C,C,[[C]],1,5,synthetic_format_only_3shot,,0
080e4a3fc1cb2929,5badde3ea776f732,dc96143fb9cabeef,HiToM,high-order,Belief,High-Order False Beliefs (order=4),A,B,[[B]],0,5,synthetic_format_only_3shot,,0
d51f82c24c368703,1e991f9c94a3be50,6bf521ed2280ae3f,HiToM,high-order,Belief,High-Order False Beliefs (order=0),A,A,[[A]],1,5,synthetic_format_only_3shot,,0
adff7e2bdc90001d,d9757a3d83a0b52b,fec06a7f4a591883,HiToM,high-order,Belief,High-Order False Beliefs (order=4),E,E,[[E]],1,5,synthetic_format_only_3shot,,0
0e2ccd60cf64b56a,f721fb179c88bad8,4122aa40159d9900,HiToM,high-order,Belief,High-Order False Beliefs (order=3),C,C,[[C]],1,5,synthetic_format_only_3shot,,0
d3d36999c957cac2,90d07ee3ef6c7774,5ad3fc64474e6111,HiToM,high-order,Belief,High-Order False Beliefs (order=2),C,C,[[C]],1,5,synthetic_format_only_3shot,,0
171fbcd089db92dd,46eb44248bfd3a70,9b834c53ec2e160b,HiToM,high-order,Belief,High-Order False Beliefs (order=1),E,D,[[D]],0,5,synthetic_format_only_3shot,,0
210f3ae80de75f3a,441ba5f72ee3610b,5aeecd18286f1e43,HiToM,high-order,Belief,High-Order False Beliefs (order=2),C,C,[[C]],1,5,synthetic_format_only_3shot,,0
dbfe8d96ac2c2132,ffd6f64a0a21d44e,9074bfb4cea6ad9e,HiToM,high-order,Belief,High-Order False Beliefs (order=2),D,D,[[D]],1,5,synthetic_format_only_3shot,,0
b4253bcbe2b5b630,8e1c468746192ac1,bc0c8b98534ae607,HiToM,high-order,Belief,High-Order False Beliefs (order=3),D,B,[[B]],0,5,synthetic_format_only_3shot,,0
aaf8d1b62cacc63b,c30f6365edc9536f,5c2052a7a2cf4a81,HiToM,high-order,Belief,High-Order False Beliefs (order=4),B,B,[[B]],1,5,synthetic_format_only_3shot,,0
e8bb9752ef81b93f,5786d6173e0a2518,74a442b932800e88,HiToM,high-order,Belief,High-Order False Beliefs (order=1),E,C,[[C]],0,5,synthetic_format_only_3shot,,0
fcde9ff8ef13b114,48add363d1cfce62,2d9dd017b01059dd,HiToM,high-order,Belief,High-Order False Beliefs (order=1),B,B,[[B]],1,5,synthetic_format_only_3shot,,0
367e379a8d6d4c58,18d92c390ce5e3a9,5d25c021d5c81748,HiToM,high-order,Belief,High-Order False Beliefs (order=4),A,A,[[A]],1,5,synthetic_format_only_3shot,,0
d831cc6bd6ddcdda,9057dde14fae568f,f60ffc495d8d247b,HiToM,high-order,Belief,High-Order False Beliefs (order=2),C,C,[[C]],1,5,synthetic_format_only_3shot,,0
2363e2e2fed18882,6cae1455aa483fbe,47680b685312d45c,HiToM,high-order,Belief,High-Order False Beliefs (order=2),D,C,[[C]],0,5,synthetic_format_only_3shot,,0
ebefbcd7b903fc5f,4de23111af6a0e29,6bcbef17f455d6a9,HiToM,high-order,Belief,High-Order False Beliefs (order=1),E,E,[[E]],1,5,synthetic_format_only_3shot,,0
95f486192ec95392,2673de9686a35b48,fb6e6943535ff288,HiToM,high-order,Belief,High-Order False Beliefs (order=0),C,B,[[B]],0,5,synthetic_format_only_3shot,,0
cf4e8f6e3aed025d,eb02c965e5589d21,b7a7bd8b4f6003fb,HiToM,high-order,Belief,High-Order False Beliefs (order=2),D,D,[[D]],1,5,synthetic_format_only_3shot,,0
ec37b8a10c05ee08,c4801dd81741233c,f58e37a9aeae0383,HiToM,high-order,Belief,High-Order False Beliefs (order=4),E,C,[[C]],0,5,synthetic_format_only_3shot,,0
9dc6dbdb6e1188f9,e93e291481955cd6,b9f22d5ba2c41718,HiToM,high-order,Belief,High-Order False Beliefs (order=3),C,C,[[C]],1,5,synthetic_format_only_3shot,,0
68a1dd635014fbfb,f9a950ecb2c6ff21,d7ee8ea1898602d1,HiToM,high-order,Belief,High-Order False Beliefs (order=2),B,A,[[A]],0,5,synthetic_format_only_3shot,,0
390482a889806a5d,74117f42f1a1105d,6a42d21f1606cae7,HiToM,high-order,Belief,High-Order False Beliefs (order=0),B,B,[[B]],1,5,synthetic_format_only_3shot,,0
bdab633d5c1dfbd5,ac33e1fdd7d4ebbc,c83352670314479c,HiToM,high-order,Belief,High-Order False Beliefs (order=0),C,C,[[C]],1,5,synthetic_format_only_3shot,,0
b775e62b69c21216,aca85ae677f851e4,e60d60593422d692,HiToM,high-order,Belief,High-Order False Beliefs (order=4),C,C,[[C]],1,5,synthetic_format_only_3shot,,0
3b0a5c9a76983335,10370ea821550555,b7cb8da3efcb43d3,HiToM,high-order,Belief,High-Order False Beliefs (order=3),E,C,[[C]],0,5,synthetic_format_only_3shot,,0
81ae449eb9e9c03b,1e7f5c3d86d45557,6bcbef17f455d6a9,HiToM,high-order,Belief,High-Order False Beliefs (order=4),B,B,[[B]],1,5,synthetic_format_only_3shot,,0
1b2cb6158a116226,612a7869f460c1b2,f56dffb1da04c8ac,HiToM,high-order,Belief,High-Order False Beliefs (order=1),E,B,[[B]],0,5,synthetic_format_only_3shot,,0
4ae14b30179c5a80,f163d3ab2a9ac252,6228e677c50dd0e2,HiToM,high-order,Belief,High-Order False Beliefs (order=0),C,C,[[C]],1,5,synthetic_format_only_3shot,,0
5fc2fae4fd287d7f,71650356890c0172,26c6b189a9705d6e,HiToM,high-order,Belief,High-Order False Beliefs (order=1),D,C,[[C]],0,5,synthetic_format_only_3shot,,0
6a4581cb3baa7353,c61100a4be0ea7ea,e5d42380bce5718f,HiToM,high-order,Belief,High-Order False Beliefs (order=2),C,C,[[C]],1,5,synthetic_format_only_3shot,,0
16f3ee356adbe6b4,41e4667f0c24d984,5bf4ad33ea4712fc,HiToM,high-order,Belief,High-Order False Beliefs (order=0),C,C,[[C]],1,5,synthetic_format_only_3shot,,0
6105b949d8971904,e75190589f394736,b9f22d5ba2c41718,HiToM,high-order,Belief,High-Order False Beliefs (order=1),A,C,[[C]],0,5,synthetic_format_only_3shot,,0
ae318f0c8a745ddc,663c3fe1866cce64,b7cb8da3efcb43d3,HiToM,high-order,Belief,High-Order False Beliefs (order=4),A,A,[[A]],1,5,synthetic_format_only_3shot,,0
97094b9fc0deb9d7,ffaa8bac9209982f,feae001f51ad870f,HiToM,high-order,Belief,High-Order False Beliefs (order=1),A,A,[[A]],1,5,synthetic_format_only_3shot,,0
3f2d377fc882a077,8fc649f08b9f3298,9b834c53ec2e160b,HiToM,high-order,Belief,High-Order False Beliefs (order=3),D,D,[[D]],1,5,synthetic_format_only_3shot,,0
43246d3e30dadeff,b7a572b51978ddfe,d02f71c703101ab8,HiToM,high-order,Belief,High-Order False Beliefs (order=4),D,D,[[D]],1,5,synthetic_format_only_3shot,,0
a95ec403e9f1aba4,b3bb66c65c518b45,8fc72bdb81d755ba,HiToM,high-order,Belief,High-Order False Beliefs (order=0),B,B,[[B]],1,5,synthetic_format_only_3shot,,0
d2870f2a16d02e21,5466ae8c68c47199,c474f4d889073dac,HiToM,high-order,Belief,High-Order False Beliefs (order=1),E,E,[[E]],1,5,synthetic_format_only_3shot,,0
eaca1bab5105bfd3,ff8d391571bf83d7,478d64d99312b67d,HiToM,high-order,Belief,High-Order False Beliefs (order=3),A,A,[[A]],1,5,synthetic_format_only_3shot,,0
19c7e1548952b4a5,b92a5bd0148e3b19,c1f58a1886914379,HiToM,high-order,Belief,High-Order False Beliefs (order=3),C,C,[[C]],1,5,synthetic_format_only_3shot,,0
87ed474965d432a7,f28fe6cf0a11f479,5aeecd18286f1e43,HiToM,high-order,Belief,High-Order False Beliefs (order=3),B,B,[[B]],1,5,synthetic_format_only_3shot,,0
a47014fafc428175,4b1a3a21175e86a5,6f3b261e30122139,HiToM,high-order,Belief,High-Order False Beliefs (order=2),C,C,[[C]],1,5,synthetic_format_only_3shot,,0
2d47fe2ce87b3c4c,c73e8ccf9924f801,2e34bb1cecde66d2,HiToM,high-order,Belief,High-Order False Beliefs (order=2),E,B,[[B]],0,5,synthetic_format_only_3shot,,0
a6e55e039d52d6e5,926e8df26b90ba96,7c734c23c5b12fcc,HiToM,high-order,Belief,High-Order False Beliefs (order=1),D,C,[[C]],0,5,synthetic_format_only_3shot,,0
a7652c7d12818406,62e886913edae1d0,c8ce9a24b3acbd91,HiToM,high-order,Belief,High-Order False Beliefs (order=0),C,C,[[C]],1,5,synthetic_format_only_3shot,,0
803126b05dbdeff2,b8b5a9970c712ca0,9b834c53ec2e160b,HiToM,high-order,Belief,High-Order False Beliefs (order=4),D,C,[[C]],0,5,synthetic_format_only_3shot,,0
d9b5c02e2ef92b25,6134860bbec1343c,c0b5adbfdf88cbf3,HiToM,high-order,Belief,High-Order False Beliefs (order=3),C,C,[[C]],1,5,synthetic_format_only_3shot,,0
826a69c92fba1c50,f1d2acf6b1879f6f,6f3b261e30122139,HiToM,high-order,Belief,High-Order False Beliefs (order=1),B,B,[[B]],1,5,synthetic_format_only_3shot,,0
af4b90decaf9718c,37eb5260634810ca,7286c429382d3674,HiToM,high-order,Belief,High-Order False Beliefs (order=1),E,E,[[E]],1,5,synthetic_format_only_3shot,,0
84ef36172e459546,e07de4b6fbc7a60f,fad38c1f7edf755c,HiToM,high-order,Belief,High-Order False Beliefs (order=1),B,C,[[C]],0,5,synthetic_format_only_3shot,,0
efe3412269b84d62,842a4b32921c06ac,acb6e40d7488d6f4,HiToM,high-order,Belief,High-Order False Beliefs (order=3),E,E,[[E]],1,5,synthetic_format_only_3shot,,0
95a1729cc62dca91,fba288a26da5b07b,88e6d5d9710a204e,HiToM,high-order,Belief,High-Order False Beliefs (order=4),E,B,[[B]],0,5,synthetic_format_only_3shot,,0
d7e69d2010b7f1e3,f65a9ea884b4210c,33a9f039f8e5ef6c,HiToM,high-order,Belief,High-Order False Beliefs (order=4),A,A,[[A]],1,5,synthetic_format_only_3shot,,0
156b6b3517e1376c,0c2b10d602c7db9d,d94a888343731141,HiToM,high-order,Belief,High-Order False Beliefs (order=2),A,B,[[B]],0,5,synthetic_format_only_3shot,,0
aa843dfffd0bad3a,1f453bfed33aff72,1dadaf03d619577c,HiToM,high-order,Belief,High-Order False Beliefs (order=2),B,B,[[B]],1,5,synthetic_format_only_3shot,,0
7f2eaf4be0b2a52f,e425eff2b6aff62e,f89d13bc79af5a5b,HiToM,high-order,Belief,High-Order False Beliefs (order=4),A,B,[[B]],0,5,synthetic_format_only_3shot,,0
601c88809d96beea,5c13fd4f9522ccb4,7ce22d47a228ad25,HiToM,high-order,Belief,High-Order False Beliefs (order=0),E,A,[[A]],0,5,synthetic_format_only_3shot,,0
db18f5103cc3db67,e7bccdc461d2c171,04ae4e06d20df95a,HiToM,high-order,Belief,High-Order False Beliefs (order=2),C,C,[[C]],1,5,synthetic_format_only_3shot,,0
802ad7dcdc9e512d,8e4b1748b9807527,b016d4b488e7dc12,HiToM,high-order,Belief,High-Order False Beliefs (order=2),E,C,[[C]],0,5,synthetic_format_only_3shot,,0
eddcbdb4782e54f4,9cb60f0034097ef7,21ab2d70b39cce03,HiToM,high-order,Belief,High-Order False Beliefs (order=3),C,C,[[C]],1,5,synthetic_format_only_3shot,,0
f2739e923873773a,117420c7c0ffa201,dc41bc5c46ce363d,HiToM,high-order,Belief,High-Order False Beliefs (order=2),D,C,[[C]],0,5,synthetic_format_only_3shot,,0
cfbf13d03ccb70c8,fc58dbeaa1438f2d,d38b045f505942c2,HiToM,high-order,Belief,High-Order False Beliefs (order=1),C,A,[[A]],0,5,synthetic_format_only_3shot,,0
54809e1dbddafb03,ed7a1e15072bf3ad,fd499037f71b49da,HiToM,high-order,Belief,High-Order False Beliefs (order=1),B,B,[[B]],1,5,synthetic_format_only_3shot,,0
e2456af8cc513474,ab79ad1198a8a40e,231ccaea7aba2907,HiToM,high-order,Belief,High-Order False Beliefs (order=4),B,B,[[B]],1,5,synthetic_format_only_3shot,,0
146e0087737e430e,f850952496a4b5db,e6ee6472b65fe46b,HiToM,high-order,Belief,High-Order False Beliefs (order=4),E,B,[[B]],0,5,synthetic_format_only_3shot,,0
e62734efa2458294,11ca6d8466fa1126,9d22f82f20f526d6,HiToM,high-order,Belief,High-Order False Beliefs (order=4),D,B,[[B]],0,5,synthetic_format_only_3shot,,0
7132e060a8a9a16f,00363a61bdccacd5,5aeecd18286f1e43,HiToM,high-order,Belief,High-Order False Beliefs (order=1),B,B,[[B]],1,5,synthetic_format_only_3shot,,0
87072b6186ab40ef,d3f2bacfed00df28,1c54086e92dd554b,HiToM,high-order,Belief,High-Order False Beliefs (order=3),E,A,[[A]],0,5,synthetic_format_only_3shot,,0
5ad57e508b4f057d,43a6faa546e063ad,63a269b33e2b0c32,HiToM,high-order,Belief,High-Order False Beliefs (order=0),B,D,[[D]],0,5,synthetic_format_only_3shot,,0
3172200c5a47e27a,b0f0f6fcea409187,c54f381665e0e370,HiToM,high-order,Belief,High-Order False Beliefs (order=0),E,C,[[C]],0,5,synthetic_format_only_3shot,,0
cda253c31f52a65c,de1896a6926fd51c,55584ea54a5c3558,HiToM,high-order,Belief,High-Order False Beliefs (order=3),A,A,[[A]],1,5,synthetic_format_only_3shot,,0
677eaca703aba650,ec9f832117379f0c,9401c4c2e0bf810d,HiToM,high-order,Belief,High-Order False Beliefs (order=1),A,C,[[C]],0,5,synthetic_format_only_3shot,,0
f0247717c21b2145,be314539e3b5b3fa,cdf26945b5aa6009,HiToM,high-order,Belief,High-Order False Beliefs (order=2),B,B,[[B]],1,5,synthetic_format_only_3shot,,0
217865379b7692d5,df55478da73323eb,0d6417eeeabd37f4,HiToM,high-order,Belief,High-Order False Beliefs (order=4),C,C,[[C]],1,5,synthetic_format_only_3shot,,0
5d5275155df3ea4a,4137cb95d73cf7ca,7925835973ff3c65,HiToM,high-order,Belief,High-Order False Beliefs (order=0),B,D,[[D]],0,5,synthetic_format_only_3shot,,0
0a8e26850eb5cd04,d3ee497ffd66b929,5bf4ad33ea4712fc,HiToM,high-order,Belief,High-Order False Beliefs (order=3),E,D,[[D]],0,5,synthetic_format_only_3shot,,0
821369893970ade3,9ad94e1ca4382108,7abd4268111027de,HiToM,high-order,Belief,High-Order False Beliefs (order=4),C,C,[[C]],1,5,synthetic_format_only_3shot,,0
7345d8bc48be3a22,4f2abd3c287230bc,b7a7bd8b4f6003fb,HiToM,high-order,Belief,High-Order False Beliefs (order=1),D,D,[[D]],1,5,synthetic_format_only_3shot,,0
e2dcc758eeea58ab,71de52abd1709089,d38b045f505942c2,HiToM,high-order,Belief,High-Order False Beliefs (order=4),E,C,[[C]],0,5,synthetic_format_only_3shot,,0
3de543aba9e8e9f2,006811178e6827e3,05038b4769b9d67e,HiToM,high-order,Belief,High-Order False Beliefs (order=2),B,B,[[B]],1,5,synthetic_format_only_3shot,,0
40d7f7a2697dfc64,3735fb0a41c29b8f,1dadaf03d619577c,HiToM,high-order,Belief,High-Order False Beliefs (order=0),C,D,[[D]],0,5,synthetic_format_only_3shot,,0
47bf3988054b63c5,968e71e0ec1f5562,b7a7bd8b4f6003fb,HiToM,high-order,Belief,High-Order False Beliefs (order=0),D,D,[[D]],1,5,synthetic_format_only_3shot,,0
54969ece8daca07d,b68b21b64f733f6c,341c6c1b61262bfc,HiToM,high-order,Belief,High-Order False Beliefs (order=1),A,D,[[D]],0,5,synthetic_format_only_3shot,,0
c1199adaf34a5bd4,9fd57f1bb2a58b42,23ba70c81ae24afa,HiToM,high-order,Belief,High-Order False Beliefs (order=1),E,B,[[B]],0,5,synthetic_format_only_3shot,,0
5de8dbc82c2688c4,e5b54e1587e8bba4,878e6dbb50903ca9,HiToM,high-order,Belief,High-Order False Beliefs (order=3),C,B,[[B]],0,5,synthetic_format_only_3shot,,0
3bcf5756c81c011e,bd006c529ee706d3,563b79287f2b6e9a,HiToM,high-order,Belief,High-Order False Beliefs (order=0),E,D,[[D]],0,5,synthetic_format_only_3shot,,0
e1b35e11b5b5ba74,2f25ac919b5697fc,c474f4d889073dac,HiToM,high-order,Belief,High-Order False Beliefs (order=0),C,C,[[C]],1,5,synthetic_format_only_3shot,,0
29a935c5f7a03197,5a9efc334cf2b9ad,b75a6a7be4ed409a,HiToM,high-order,Belief,High-Order False Beliefs (order=2),B,B,[[B]],1,5,synthetic_format_only_3shot,,0
cc267e2a5195ddb7,2e99d98d62f52633,a3434dd9fbad401d,HiToM,high-order,Belief,High-Order False Beliefs (order=0),C,C,[[C]],1,5,synthetic_format_only_3shot,,0
5ee519b6d0b40385,5ab24b2beddf295c,47f4e2864b147f66,HiToM,high-order,Belief,High-Order False Beliefs (order=2),A,C,[[C]],0,5,synthetic_format_only_3shot,,0
18777e68c4a98729,b5e5bc00f51f7206,83d211f42bd24401,HiToM,high-order,Belief,High-Order False Beliefs (order=4),C,C,[[C]],1,5,synthetic_format_only_3shot,,0
f08c89cf1706807d,432a4ed8a2626d23,0c46504cc02b0489,HiToM,high-order,Belief,High-Order False Beliefs (order=0),E,E,[[E]],1,5,synthetic_format_only_3shot,,0
705055b944d0eba6,5650c5a1e1c021b8,21ab2d70b39cce03,HiToM,high-order,Belief,High-Order False Beliefs (order=1),B,B,[[B]],1,5,synthetic_format_only_3shot,,0
1160ce90147be3ec,d71c341c21d0a07c,837d5f7726e81360,HiToM,high-order,Belief,High-Order False Beliefs (order=4),A,C,[[C]],0,5,synthetic_format_only_3shot,,0
314adf351a3bde03,979430175a43d143,7abd4268111027de,HiToM,high-order,Belief,High-Order False Beliefs (order=3),D,D,[[D]],1,5,synthetic_format_only_3shot,,0
c416961affdabfd4,4d0e7823de261323,120a5f2c70c4086d,HiToM,high-order,Belief,High-Order False Beliefs (order=1),D,D,[[D]],1,5,synthetic_format_only_3shot,,0
64bcc54912f52a84,0aac551c929b193b,59b29b17e3eadfe8,HiToM,high-order,Belief,High-Order False Beliefs (order=2),A,C,[[C]],0,5,synthetic_format_only_3shot,,0
7a049c8ff758d7d7,11598bb9af67b36a,4f06e5415bb163c4,HiToM,high-order,Belief,High-Order False Beliefs (order=4),A,A,[[A]],1,5,synthetic_format_only_3shot,,0
f184f9c7922d8ba0,f9a2445b9f159cc9,7ce22d47a228ad25,HiToM,high-order,Belief,High-Order False Beliefs (order=1),A,E,[[E]],0,5,synthetic_format_only_3shot,,0
6166d115d856bba4,86b42fecf100aefa,9d03128b85982a6a,HiToM,high-order,Belief,High-Order False Beliefs (order=4),C,C,[[C]],1,5,synthetic_format_only_3shot,,0
4133564df00a296e,f3e104ae37eccac6,aa45a6050a68d316,HiToM,high-order,Belief,High-Order False Beliefs (order=0),A,A,[[A]],1,5,synthetic_format_only_3shot,,0
41c27cace5df1467,afe771aa0d8f701f,5ad4771330f6d096,HiToM,high-order,Belief,High-Order False Beliefs (order=0),C,C,[[C]],1,5,synthetic_format_only_3shot,,0
aa83348ae94ac684,d29c022564381cb3,7c734c23c5b12fcc,HiToM,high-order,Belief,High-Order False Beliefs (order=3),A,B,[[B]],0,5,synthetic_format_only_3shot,,0
40bb11638c967682,2fcf8a568b45065c,3df1515485e81654,HiToM,high-order,Belief,High-Order False Beliefs (order=0),C,C,[[C]],1,5,synthetic_format_only_3shot,,0
258ec88c9bc99d90,8d3ce9afb761ed1b,e60d60593422d692,HiToM,high-order,Belief,High-Order False Beliefs (order=0),A,C,[[C]],0,5,synthetic_format_only_3shot,,0
72717285553980d4,92b85fe2f76833ce,b9f22d5ba2c41718,HiToM,high-order,Belief,High-Order False Beliefs (order=4),A,C,[[C]],0,5,synthetic_format_only_3shot,,0
643cdd5ce580f809,3118eaec2c431be8,f60ffc495d8d247b,HiToM,high-order,Belief,High-Order False Beliefs (order=3),B,B,[[B]],1,5,synthetic_format_only_3shot,,0
c11a66c583f8f8c1,00cd75faf966c712,2efcb28232e3d353,HiToM,high-order,Belief,High-Order False Beliefs (order=4),E,B,[[B]],0,5,synthetic_format_only_3shot,,0
da44de11fb86f976,885775dd2541012c,baa532add988c5af,HiToM,high-order,Belief,High-Order False Beliefs (order=3),A,A,[[A]],1,5,synthetic_format_only_3shot,,0
bb5069a62eb9758e,b63be13bf8facf87,5265bd085505fef5,HiToM,high-order,Belief,High-Order False Beliefs (order=1),B,B,[[B]],1,5,synthetic_format_only_3shot,,0
6937d7f799be965b,b00d2c5da1297ccc,10bbed8dc0ea3ad2,HiToM,high-order,Belief,High-Order False Beliefs (order=1),B,B,[[B]],1,5,synthetic_format_only_3shot,,0
1f83d18f5f5c74af,a1739237c170a3c3,fb6e6943535ff288,HiToM,high-order,Belief,High-Order False Beliefs (order=2),A,D,[[D]],0,5,synthetic_format_only_3shot,,0
a41c0539ba301f69,9b3156ec832e75f9,18f475623b94946f,HiToM,high-order,Belief,High-Order False Beliefs (order=4),E,D,[[D]],0,5,synthetic_format_only_3shot,,0
261c584d96c13d7b,4024c3a7ca49d044,f4545eed16c4296f,HiToM,high-order,Belief,High-Order False Beliefs (order=2),B,B,[[B]],1,5,synthetic_format_only_3shot,,0
4bf6f317553c2cd4,c09d2392781509f2,3f68efd9f9f6b0a4,HiToM,high-order,Belief,High-Order False Beliefs (order=0),E,D,[[D]],0,5,synthetic_format_only_3shot,,0
f23beab1563e31dc,e64a7a1cbccd6f66,f18ed93b9ecdbf1b,HiToM,high-order,Belief,High-Order False Beliefs (order=0),C,A,[[A]],0,5,synthetic_format_only_3shot,,0
7958a48b0a1c6167,ef12180705dbbf3b,a4d5aad396162e9f,HiToM,high-order,Belief,High-Order False Beliefs (order=0),C,C,[[C]],1,5,synthetic_format_only_3shot,,0
08e576a239e6f58a,3375ebf4b9405064,b730fb2270fcb17c,HiToM,high-order,Belief,High-Order False Beliefs (order=3),D,D,[[D]],1,5,synthetic_format_only_3shot,,0
b967caaf3c7cba35,a91b6a127d1d0886,c62b2ffcc19429ce,HiToM,high-order,Belief,High-Order False Beliefs (order=4),D,C,[[C]],0,5,synthetic_format_only_3shot,,0
6e556782c8bf588c,1aa446ddc7765e84,22b6cf558d351c1a,HiToM,high-order,Belief,High-Order False Beliefs (order=4),B,B,[[B]],1,5,synthetic_format_only_3shot,,0
8df8cb89dc9f64e4,2a8a45909ceba249,ac0e62879398e112,HiToM,high-order,Belief,High-Order False Beliefs (order=1),E,E,[[E]],1,5,synthetic_format_only_3shot,,0
507f57da29cfb81d,e539829dfe96435a,13e6a80a32a8d238,HiToM,high-order,Belief,High-Order False Beliefs (order=2),E,B,[[B]],0,5,synthetic_format_only_3shot,,0
e79e2aa4d7d47da9,71439362012d8838,91b89bfaa91dc819,HiToM,high-order,Belief,High-Order False Beliefs (order=4),D,B,[[B]],0,5,synthetic_format_only_3shot,,0
01cc538906c8c1ec,56b64ab9a34fa834,e0f1d854fff2eff8,HiToM,high-order,Belief,High-Order False Beliefs (order=2),D,D,[[D]],1,5,synthetic_format_only_3shot,,0
cd01a5f9029343da,e7a05f715eb955c9,a8b3e7de7499a0a7,HiToM,high-order,Belief,High-Order False Beliefs (order=2),B,B,[[B]],1,5,synthetic_format_only_3shot,,0
c07393dc12a55c96,987d739f78810b8b,5ad3fc64474e6111,HiToM,high-order,Belief,High-Order False Beliefs (order=3),B,B,[[B]],1,5,synthetic_format_only_3shot,,0
0affa89c50da176e,de1fe1353d33e9ef,8b5d645c389196bf,HiToM,high-order,Belief,High-Order False Beliefs (order=0),E,D,[[D]],0,5,synthetic_format_only_3shot,,0
ee66bedc6235bb73,a282490c0431519e,22b6cf558d351c1a,HiToM,high-order,Belief,High-Order False Beliefs (order=1),A,C,[[C]],0,5,synthetic_format_only_3shot,,0
6afa7db7401e06a1,7aeccdbb1351df0c,a4976a8a03fa27a0,HiToM,high-order,Belief,High-Order False Beliefs (order=0),C,C,[[C]],1,5,synthetic_format_only_3shot,,0
13e35af34ee15abf,f85f86e1ee47c38d,c83352670314479c,HiToM,high-order,Belief,High-Order False Beliefs (order=2),C,A,[[A]],0,5,synthetic_format_only_3shot,,0
e57741945e8ab4a5,53b66ba701cf7ec4,20ee47184cbdd13f,HiToM,high-order,Belief,High-Order False Beliefs (order=3),C,C,[[C]],1,5,synthetic_format_only_3shot,,0
d8eea0b722fa8163,6b65ae951a4c44fd,069d6bf79a4e6345,HiToM,high-order,Belief,High-Order False Beliefs (order=2),B,B,[[B]],1,5,synthetic_format_only_3shot,,0
d004397d11e2ff95,ee9331d908e55a76,041b0aa4f6894c82,HiToM,high-order,Belief,High-Order False Beliefs (order=2),D,A,[[A]],0,5,synthetic_format_only_3shot,,0
8208bea604561198,20f5e3cf853f62e3,dc41bc5c46ce363d,HiToM,high-order,Belief,High-Order False Beliefs (order=4),E,A,[[A]],0,5,synthetic_format_only_3shot,,0
e056fa68446589c5,5355bca94c275fcf,7e155da5a5becbf9,HiToM,high-order,Belief,High-Order False Beliefs (order=1),C,C,[[C]],1,5,synthetic_format_only_3shot,,0
cc18f3f1aa23ed49,d1622306a6600ded,450eea5525d4ecfd,HiToM,high-order,Belief,High-Order False Beliefs (order=1),B,C,[[C]],0,5,synthetic_format_only_3shot,,0
7dbda14ae71170ce,20c9f5c5fcaaaff6,76ee2a602c04de26,HiToM,high-order,Belief,High-Order False Beliefs (order=2),C,C,[[C]],1,5,synthetic_format_only_3shot,,0
c7fb1ec86a7c7c2a,d910f8a3eaad03f8,04ae4e06d20df95a,HiToM,high-order,Belief,High-Order False Beliefs (order=1),B,B,[[B]],1,5,synthetic_format_only_3shot,,0
ef6f554eac060654,0a7726c453202a97,768c8aaf2fee2d01,HiToM,high-order,Belief,High-Order False Beliefs (order=4),C,C,[[C]],1,5,synthetic_format_only_3shot,,0
d25984cf6de3f4ce,f50f5810557a2a62,854f9173e1fe25f3,HiToM,high-order,Belief,High-Order False Beliefs (order=4),A,B,[[B]],0,5,synthetic_format_only_3shot,,0
8d63c56df9c7bd9c,eaa619824939d96f,4f06e5415bb163c4,HiToM,high-order,Belief,High-Order False Beliefs (order=2),D,C,[[C]],0,5,synthetic_format_only_3shot,,0
bf16512d00ffb7a4,d4a524f7695c92c5,b63ac48284062d58,HiToM,high-order,Belief,High-Order False Beliefs (order=0),D,D,[[D]],1,5,synthetic_format_only_3shot,,0
d4d97b0b79bf8e0b,83926791254b90e1,baa532add988c5af,HiToM,high-order,Belief,High-Order False Beliefs (order=1),E,A,[[A]],0,5,synthetic_format_only_3shot,,0
5a60c31b6e69f1dc,20907d2c5aec642e,8926d6ab2616e003,HiToM,high-order,Belief,High-Order False Beliefs (order=2),A,A,[[A]],1,5,synthetic_format_only_3shot,,0
c96d9bd52d80d292,f9f2e75ce0419ca2,9d292bbcae051f09,HiToM,high-order,Belief,High-Order False Beliefs (order=4),A,A,[[A]],1,5,synthetic_format_only_3shot,,0
889e5d76a1364810,35a46c37674e0d62,2d9dd017b01059dd,HiToM,high-order,Belief,High-Order False Beliefs (order=0),A,C,[[C]],0,5,synthetic_format_only_3shot,,0
2bf65bc4e831433e,ab2e0b2c0ec8596f,878e6dbb50903ca9,HiToM,high-order,Belief,High-Order False Beliefs (order=1),E,C,[[C]],0,5,synthetic_format_only_3shot,,0
d69acfdb41c47ea4,8a2bcc6496229548,70698e2534da87fa,HiToM,high-order,Belief,High-Order False Beliefs (order=0),C,C,[[C]],1,5,synthetic_format_only_3shot,,0
06e0c57e324cb6bf,af89335376a1e730,e574e3d2d3860754,HiToM,high-order,Belief,High-Order False Beliefs (order=4),C,B,[[B]],0,5,synthetic_format_only_3shot,,0
c306920840e43e51,a1a2f603d77ada0d,4aa00b5a74337bd4,HiToM,high-order,Belief,High-Order False Beliefs (order=4),C,C,[[C]],1,5,synthetic_format_only_3shot,,0
b3d41b1825fd4cf8,35a98dcdb323cd5f,68c6cd0b3d68f164,HiToM,high-order,Belief,High-Order False Beliefs (order=1),A,D,[[D]],0,5,synthetic_format_only_3shot,,0
2849c01b872e1929,8e50dd33feff62d1,5ad4771330f6d096,HiToM,high-order,Belief,High-Order False Beliefs (order=3),B,B,[[B]],1,5,synthetic_format_only_3shot,,0
81f462de2d5e2c7e,21ecccdae7eece20,478d64d99312b67d,HiToM,high-order,Belief,High-Order False Beliefs (order=0),B,B,[[B]],1,5,synthetic_format_only_3shot,,0
cddc2f4a6309b260,34c52dd05050b90d,68c6cd0b3d68f164,HiToM,high-order,Belief,High-Order False Beliefs (order=3),C,C,[[C]],1,5,synthetic_format_only_3shot,,0
922a924348101907,a5e53e6257887005,b7a7bd8b4f6003fb,HiToM,high-order,Belief,High-Order False Beliefs (order=3),C,C,[[C]],1,5,synthetic_format_only_3shot,,0
1b77c2e9377f9376,7e6a3ed134c18c69,72ef113df83a3be2,HiToM,high-order,Belief,High-Order False Beliefs (order=1),B,D,[[D]],0,5,synthetic_format_only_3shot,,0
ec1be35627b80233,f0a306609b1bf3f9,65d64758604b18a8,HiToM,high-order,Belief,High-Order False Beliefs (order=3),E,C,[[C]],0,5,synthetic_format_only_3shot,,0
d04b6f2dd69da456,eec44a95aa17592d,bbb364b1ee4da68a,HiToM,high-order,Belief,High-Order False Beliefs (order=1),A,A,[[A]],1,5,synthetic_format_only_3shot,,0
29b09f8ac8ca5c25,c232c1fb240ae19d,fff4c0232280db84,HiToM,high-order,Belief,High-Order False Beliefs (order=0),B,B,[[B]],1,5,synthetic_format_only_3shot,,0
64e53d20e5c5be14,490580048ffda67d,0ab029bc369f1f77,HiToM,high-order,Belief,High-Order False Beliefs (order=0),C,C,[[C]],1,5,synthetic_format_only_3shot,,0
4cf2fdfa35328417,b86893aec62ba490,9401c4c2e0bf810d,HiToM,high-order,Belief,High-Order False Beliefs (order=3),C,C,[[C]],1,5,synthetic_format_only_3shot,,0
4c4ab02136ecf112,c32dff2a49f4afbf,acb6e40d7488d6f4,HiToM,high-order,Belief,High-Order False Beliefs (order=4),D,D,[[D]],1,5,synthetic_format_only_3shot,,0
3f7712a2c1591fea,4eeccc2ed7c77f2a,9195ab778785f4d4,HiToM,high-order,Belief,High-Order False Beliefs (order=1),A,A,[[A]],1,5,synthetic_format_only_3shot,,0
ecfb0853e4673794,f431c808a8f5c246,83d211f42bd24401,HiToM,high-order,Belief,High-Order False Beliefs (order=3),B,B,[[B]],1,5,synthetic_format_only_3shot,,0
e9cca2e3a23f9aa0,48ad2e6fcc776bdd,2f4be7cf5a314587,HiToM,high-order,Belief,High-Order False Beliefs (order=0),E,A,[[A]],0,5,synthetic_format_only_3shot,,0
e119c89ff953e257,944cde40e31f97ec,c2bb5ef1e69e3384,HiToM,high-order,Belief,High-Order False Beliefs (order=1),A,A,[[A]],1,5,synthetic_format_only_3shot,,0
dbcaf21da7c98613,5fcfd09ce07e96b4,b1d91b7e60985825,HiToM,high-order,Belief,High-Order False Beliefs (order=2),B,B,[[B]],1,5,synthetic_format_only_3shot,,0
224c3d8ed5125620,27963c97365bc68e,c2bb5ef1e69e3384,HiToM,high-order,Belief,High-Order False Beliefs (order=2),D,D,[[D]],1,5,synthetic_format_only_3shot,,0
38e563d223566a62,c0a1c9175649cf32,88e6d5d9710a204e,HiToM,high-order,Belief,High-Order False Beliefs (order=3),C,B,[[B]],0,5,synthetic_format_only_3shot,,0
8083216482c1a3ea,d43d86a8a904e0b6,278ea6ec77e283aa,HiToM,high-order,Belief,High-Order False Beliefs (order=2),B,C,[[C]],0,5,synthetic_format_only_3shot,,0
d94f73a088a787c9,e0e6f35e9f00ef0f,e574e3d2d3860754,HiToM,high-order,Belief,High-Order False Beliefs (order=1),D,D,[[D]],1,5,synthetic_format_only_3shot,,0
a848be7749a618c9,43ef4be2ba3f8401,d3adc9f5b9b1b884,HiToM,high-order,Belief,High-Order False Beliefs (order=3),A,A,[[A]],1,5,synthetic_format_only_3shot,,0
7ce740d630ddd627,e4effe823141a1de,b9f22d5ba2c41718,HiToM,high-order,Belief,High-Order False Beliefs (order=2),A,C,[[C]],0,5,synthetic_format_only_3shot,,0
b7c82fd675bbf4c3,2ec287ea4b8f094c,91b89bfaa91dc819,HiToM,high-order,Belief,High-Order False Beliefs (order=0),B,D,"[[D], [E]]",0,5,synthetic_format_only_3shot,,0
8603b8895c18b217,1070233be6909a3e,4122aa40159d9900,HiToM,high-order,Belief,High-Order False Beliefs (order=1),A,C,[[C]],0,5,synthetic_format_only_3shot,,0
a7fb221efef35f57,849797eb4105c571,c2bb5ef1e69e3384,HiToM,high-order,Belief,High-Order False Beliefs (order=4),A,A,[[A]],1,5,synthetic_format_only_3shot,,0
723c944830475dd1,d1fe2207103bb23f,d94a888343731141,HiToM,high-order,Belief,High-Order False Beliefs (order=3),B,C,[[C]],0,5,synthetic_format_only_3shot,,0
d4d52669d878aaef,bd0326c6761101f5,7925835973ff3c65,HiToM,high-order,Belief,High-Order False Beliefs (order=4),A,B,[[B]],0,5,synthetic_format_only_3shot,,0
c3bf9f6d7e91b609,823a516376ff4d58,120a5f2c70c4086d,HiToM,high-order,Belief,High-Order False Beliefs (order=2),C,C,[[C]],1,5,synthetic_format_only_3shot,,0
bc22f6e165988577,c95f711f639eef64,71113a34200bd6b3,HiToM,high-order,Belief,High-Order False Beliefs (order=3),B,B,[[B]],1,5,synthetic_format_only_3shot,,0
d3af8b045bd7c1c1,b09fd7feb603e0ea,b75a6a7be4ed409a,HiToM,high-order,Belief,High-Order False Beliefs (order=1),D,D,[[D]],1,5,synthetic_format_only_3shot,,0
6ef4428f240e2f41,10c27b0a4cc65f7a,083a43b0431efd6e,HiToM,high-order,Belief,High-Order False Beliefs (order=1),C,C,[[C]],1,5,synthetic_format_only_3shot,,0
d46af4b07bbaa113,e7f340aed679b948,54a610f5fa80a582,HiToM,high-order,Belief,High-Order False Beliefs (order=1),B,B,[[B]],1,5,synthetic_format_only_3shot,,0
e14e896151de269e,bcc74e0a0b7a1e56,7ce22d47a228ad25,HiToM,high-order,Belief,High-Order False Beliefs (order=2),A,B,[[B]],0,5,synthetic_format_only_3shot,,0
d469755912227b25,a88fc2cf04c064a8,f63db42624a734d6,HiToM,high-order,Belief,High-Order False Beliefs (order=4),B,B,[[B]],1,5,synthetic_format_only_3shot,,0
a7a34af7fd965803,d3b04707097745fc,664e618f4d52f00b,HiToM,high-order,Belief,High-Order False Beliefs (order=4),E,A,[[A]],0,5,synthetic_format_only_3shot,,0
3d0c7b43885bfc12,4309f9063b832616,26c6b189a9705d6e,HiToM,high-order,Belief,High-Order False Beliefs (order=0),D,D,[[D]],1,5,synthetic_format_only_3shot,,0
f1078850b08140e4,4450cb82f2e18fb6,26c6b189a9705d6e,HiToM,high-order,Belief,High-Order False Beliefs (order=2),D,D,[[D]],1,5,synthetic_format_only_3shot,,0
0dac82065512b560,0a65e5dc26cd0024,852b2535a575b572,HiToM,high-order,Belief,High-Order False Beliefs (order=2),E,C,[[C]],0,5,synthetic_format_only_3shot,,0
b544e5ac808ad00b,3df5b7dcd0350aad,95ee2d45182764c1,HiToM,high-order,Belief,High-Order False Beliefs (order=1),E,C,[[C]],0,5,synthetic_format_only_3shot,,0
bcfb237b8232ee34,93802d1e67ab70e0,5bf4ad33ea4712fc,HiToM,high-order,Belief,High-Order False Beliefs (order=4),A,B,[[B]],0,5,synthetic_format_only_3shot,,0
672b0eb05d19fe8f,53d9816e3174b80c,bbb364b1ee4da68a,HiToM,high-order,Belief,High-Order False Beliefs (order=2),D,D,[[D]],1,5,synthetic_format_only_3shot,,0
f24787703660c55a,bcb694d8155f5a0d,0d21f61fa116ccd8,HiToM,high-order,Belief,High-Order False Beliefs (order=0),E,C,[[C]],0,5,synthetic_format_only_3shot,,0
f173e6cd5cfaf457,115178311a003af1,f8db6d32e9401d8d,HiToM,high-order,Belief,High-Order False Beliefs (order=1),A,C,[[C]],0,5,synthetic_format_only_3shot,,0
133ac574a4e1ac02,75af432c8be5733b,fad38c1f7edf755c,HiToM,high-order,Belief,High-Order False Beliefs (order=0),C,C,[[C]],1,5,synthetic_format_only_3shot,,0
c379b72d2988011b,13c751d86b20eb2e,272712d216b8e40b,HiToM,high-order,Belief,High-Order False Beliefs (order=0),E,E,[[E]],1,5,synthetic_format_only_3shot,,0
40d34ce71f8731d2,882f97250e291a96,8aea1f5db84b3c84,HiToM,high-order,Belief,High-Order False Beliefs (order=4),C,D,[[D]],0,5,synthetic_format_only_3shot,,0
65a9530f35d6a5dd,eafca3d81342710e,c0b5adbfdf88cbf3,HiToM,high-order,Belief,High-Order False Beliefs (order=0),C,C,[[C]],1,5,synthetic_format_only_3shot,,0
a535e1fb87564248,5725a07b7c8c89d6,272712d216b8e40b,HiToM,high-order,Belief,High-Order False Beliefs (order=3),D,D,[[D]],1,5,synthetic_format_only_3shot,,0
5aa1e58007059786,6c6b3334b16bf328,05df4908e6e84d0f,HiToM,high-order,Belief,High-Order False Beliefs (order=1),C,C,[[C]],1,5,synthetic_format_only_3shot,,0
e69183f6c5a834f2,4cfcb4ae95d05792,efd5ac785e0e98e6,HiToM,high-order,Belief,High-Order False Beliefs (order=3),D,D,[[D]],1,5,synthetic_format_only_3shot,,0
ecaa42503f2177e5,7c6533867eb818ff,be1eaeef80418c90,HiToM,high-order,Belief,High-Order False Beliefs (order=0),C,C,[[C]],1,5,synthetic_format_only_3shot,,0
bcf410bcf2ff667a,41d88183aba08e04,45bacf572038e7ad,HiToM,high-order,Belief,High-Order False Beliefs (order=1),A,A,[[A]],1,5,synthetic_format_only_3shot,,0
0e59398e2ffb3f8b,c46bcd57a36c889a,e5d42380bce5718f,HiToM,high-order,Belief,High-Order False Beliefs (order=4),E,B,[[B]],0,5,synthetic_format_only_3shot,,0
8ba8a739c36c7d0e,7f87087e65afd7b2,3df1515485e81654,HiToM,high-order,Belief,High-Order False Beliefs (order=1),A,D,[[D]],0,5,synthetic_format_only_3shot,,0
fae56882366ce669,3e03e64890cf06be,10bbed8dc0ea3ad2,HiToM,high-order,Belief,High-Order False Beliefs (order=4),D,D,[[D]],1,5,synthetic_format_only_3shot,,0
ba9d8909f13cc722,13aa794d61c4e705,e7e5c2a076a4d6c4,HiToM,high-order,Belief,High-Order False Beliefs (order=0),E,D,[[D]],0,5,synthetic_format_only_3shot,,0
f2982c63c052ee00,fb78a598b5ac5900,0d21f61fa116ccd8,HiToM,high-order,Belief,High-Order False Beliefs (order=3),B,B,[[B]],1,5,synthetic_format_only_3shot,,0
d318b4d9a86f91b1,e1071f0cc34037fa,47680b685312d45c,HiToM,high-order,Belief,High-Order False Beliefs (order=3),B,B,[[B]],1,5,synthetic_format_only_3shot,,0
e1104297a5730e93,786288b827fee5b6,1cea02ff310916f9,HiToM,high-order,Belief,High-Order False Beliefs (order=0),A,C,[[C]],0,5,synthetic_format_only_3shot,,0
95a7e42d8b0dce2c,1d35bd02d155db3c,fec06a7f4a591883,HiToM,high-order,Belief,High-Order False Beliefs (order=1),C,C,[[C]],1,5,synthetic_format_only_3shot,,0
88f0113d75bab706,5914b9131131f05f,5e84c9ef5e36854e,HiToM,high-order,Belief,High-Order False Beliefs (order=3),C,C,[[C]],1,5,synthetic_format_only_3shot,,0
4dfc31d6b1b18207,4b5db3097d7f6df5,f4545eed16c4296f,HiToM,high-order,Belief,High-Order False Beliefs (order=4),C,C,[[C]],1,5,synthetic_format_only_3shot,,0
c11ebc35d58c2be5,f186b2fa0f7cdfee,d3adc9f5b9b1b884,HiToM,high-order,Belief,High-Order False Beliefs (order=1),A,A,[[A]],1,5,synthetic_format_only_3shot,,0
417329cd8187f4fe,948a79ba695ee4cf,11ccd4c010d1920f,HiToM,high-order,Belief,High-Order False Beliefs (order=4),A,A,[[A]],1,5,synthetic_format_only_3shot,,0
a23bb2b7afa01dfd,2d5371f3f65ed3c9,62a7a95b96330d17,HiToM,high-order,Belief,High-Order False Beliefs (order=1),B,B,[[B]],1,5,synthetic_format_only_3shot,,0
2c3a29afff99c5e9,fcbf881875236031,26f6b2cfc620f8d7,HiToM,high-order,Belief,High-Order False Beliefs (order=3),A,A,[[A]],1,5,synthetic_format_only_3shot,,0
f0df3d880c5ce11c,0fe07394ead9b598,9d292bbcae051f09,HiToM,high-order,Belief,High-Order False Beliefs (order=0),C,D,[[D]],0,5,synthetic_format_only_3shot,,0
49cabc2060f3def9,ce97fd952b115d57,efb1214091bf3e23,HiToM,high-order,Belief,High-Order False Beliefs (order=2),C,C,[[C]],1,5,synthetic_format_only_3shot,,0
05f378a58160a564,c262da017aa78e54,483dfca194dec44e,HiToM,high-order,Belief,High-Order False Beliefs (order=1),B,C,[[C]],0,5,synthetic_format_only_3shot,,0
d7b0a583258f6399,e3942703e3a3b797,cbfa45fbe5f2e4d6,HiToM,high-order,Belief,High-Order False Beliefs (order=3),D,D,[[D]],1,5,synthetic_format_only_3shot,,0
325d156c83fb6eff,447338159e1c9728,9195ab778785f4d4,HiToM,high-order,Belief,High-Order False Beliefs (order=2),D,D,[[D]],1,5,synthetic_format_only_3shot,,0
20bd474f57b568f2,3b019887840a34e8,e4f8845e8043bfe9,HiToM,high-order,Belief,High-Order False Beliefs (order=0),E,B,[[B]],0,5,synthetic_format_only_3shot,,0
7f9c87ba44a05b4b,d6329c20590c6721,ab4416b1bcf11f2f,HiToM,high-order,Belief,High-Order False Beliefs (order=3),B,B,[[B]],1,5,synthetic_format_only_3shot,,0
4d6a3e2a0f28a16d,0e0d77c23f5e6bbd,3f68efd9f9f6b0a4,HiToM,high-order,Belief,High-Order False Beliefs (order=2),E,C,[[C]],0,5,synthetic_format_only_3shot,,0
4e737504c0b822cb,35ea93f0c18ddcc3,7d37de63aebf0058,HiToM,high-order,Belief,High-Order False Beliefs (order=3),D,D,[[D]],1,5,synthetic_format_only_3shot,,0
53d8bdbc498cf31c,198577099bf1e262,069d6bf79a4e6345,HiToM,high-order,Belief,High-Order False Beliefs (order=1),A,B,[[B]],0,5,synthetic_format_only_3shot,,0
df8845a8d2e5ba69,a23039bdae7258a0,bea0c2312f16af3c,HiToM,high-order,Belief,High-Order False Beliefs (order=0),A,B,[[B]],0,5,synthetic_format_only_3shot,,0
f4fa82b3afa4c030,4accb7adc38e3550,73cdb3e3c3cd01b1,HiToM,high-order,Belief,High-Order False Beliefs (order=2),D,D,[[D]],1,5,synthetic_format_only_3shot,,0
19d9c16cb88767eb,4e2577cee1b1b9be,2d9dd017b01059dd,HiToM,high-order,Belief,High-Order False Beliefs (order=4),D,B,[[B]],0,5,synthetic_format_only_3shot,,0
6316a8bccaaa4aa9,e809c0b4f3b03340,a3434dd9fbad401d,HiToM,high-order,Belief,High-Order False Beliefs (order=1),E,B,[[B]],0,5,synthetic_format_only_3shot,,0
bc9b4209bf1035fa,2e695e51fea304df,a4d5aad396162e9f,HiToM,high-order,Belief,High-Order False Beliefs (order=1),B,B,[[B]],1,5,synthetic_format_only_3shot,,0
38b98db998f83d41,8794197d526fc9e3,779ff9fe838a4aac,HiToM,high-order,Belief,High-Order False Beliefs (order=3),E,E,[[E]],1,5,synthetic_format_only_3shot,,0
6b9d575450bff76e,e39305013cb033f6,e4098d3fb59c9280,HiToM,high-order,Belief,High-Order False Beliefs (order=2),E,D,[[D]],0,5,synthetic_format_only_3shot,,0
72f3cbda6a44e4a6,3cda7750725d8277,e6f553d574b98551,HiToM,high-order,Belief,High-Order False Beliefs (order=1),A,C,[[C]],0,5,synthetic_format_only_3shot,,0
f80e8c90d220273c,ecb848a1ac6e8609,9755a9b8ebe59fd7,HiToM,high-order,Belief,High-Order False Beliefs (order=3),E,A,[[A]],0,5,synthetic_format_only_3shot,,0
3609d5ecb0f20e85,2dbd191254343158,18f475623b94946f,HiToM,high-order,Belief,High-Order False Beliefs (order=1),A,C,[[C]],0,5,synthetic_format_only_3shot,,0
d6bed564c224d0cf,395ce9d552c4d64c,956ee8c9f503c9ce,HiToM,high-order,Belief,High-Order False Beliefs (order=1),C,C,[[C]],1,5,synthetic_format_only_3shot,,0
28618c03ffd78b97,dd0b7da2645d805d,95ee2d45182764c1,HiToM,high-order,Belief,High-Order False Beliefs (order=0),E,C,[[C]],0,5,synthetic_format_only_3shot,,0
ac50afb8ce459fb5,d9b0dda759cd21a5,efb1214091bf3e23,HiToM,high-order,Belief,High-Order False Beliefs (order=1),B,B,[[B]],1,5,synthetic_format_only_3shot,,0
3eeff59329230bcb,64811855ea3a9b58,620effcda3924595,HiToM,high-order,Belief,High-Order False Beliefs (order=4),C,C,[[C]],1,5,synthetic_format_only_3shot,,0
d928de8b4882735a,ae85b29ef7d389c8,1cea02ff310916f9,HiToM,high-order,Belief,High-Order False Beliefs (order=2),E,C,[[C]],0,5,synthetic_format_only_3shot,,0
e22e17e2550ff7ae,50ee7a0f627961ba,94e59bf10010569e,HiToM,high-order,Belief,High-Order False Beliefs (order=4),A,A,[[A]],1,5,synthetic_format_only_3shot,,0
5909ad383c50f1a5,a8403de57b7e17e1,6228e677c50dd0e2,HiToM,high-order,Belief,High-Order False Beliefs (order=4),E,C,[[C]],0,5,synthetic_format_only_3shot,,0
c65b2f438a43e43b,f1de243e25847def,0005e820fca39d29,HiToM,high-order,Belief,High-Order False Beliefs (order=1),E,C,[[C]],0,5,synthetic_format_only_3shot,,0
84e98197c2cfbea2,c88af159061ef98f,6b750355ce4a8a10,HiToM,high-order,Belief,High-Order False Beliefs (order=2),B,B,[[B]],1,5,synthetic_format_only_3shot,,0
cd31548ceecfc718,2d73ace0c31a55d8,63a269b33e2b0c32,HiToM,high-order,Belief,High-Order False Beliefs (order=4),A,A,[[A]],1,5,synthetic_format_only_3shot,,0
2d86e3316e2ffcf7,5e8fd539ab3ebb88,b75a6a7be4ed409a,HiToM,high-order,Belief,High-Order False Beliefs (order=4),B,B,[[B]],1,5,synthetic_format_only_3shot,,0
057eab9629be40c4,586564d3714df467,71113a34200bd6b3,HiToM,high-order,Belief,High-Order False Beliefs (order=0),D,D,[[D]],1,5,synthetic_format_only_3shot,,0
232c7418d463295a,0fb94c1fd5041253,0ff11fc1bd7f7b52,HiToM,high-order,Belief,High-Order False Beliefs (order=2),E,C,[[C]],0,5,synthetic_format_only_3shot,,0
f9aea82177cbe50e,16b433764e021c16,9d292bbcae051f09,HiToM,high-order,Belief,High-Order False Beliefs (order=2),E,E,[[E]],1,5,synthetic_format_only_3shot,,0
20014a857847ebc7,08d83a5a4dfb5af3,8b4b3e5482663f4c,HiToM,high-order,Belief,High-Order False Beliefs (order=3),B,A,[[A]],0,5,synthetic_format_only_3shot,,0
7f7da022aadaa7c0,2042c638b9451b08,50056476d5575daf,HiToM,high-order,Belief,High-Order False Beliefs (order=2),D,B,[[B]],0,5,synthetic_format_only_3shot,,0
16323d70af2a0d63,a5ed1d987ca613c4,4c563d91d8a2df3b,HiToM,high-order,Belief,High-Order False Beliefs (order=2),A,A,[[A]],1,5,synthetic_format_only_3shot,,0
37d9a22721800fa3,ae58d4ba5448f9ae,c1f58a1886914379,HiToM,high-order,Belief,High-Order False Beliefs (order=1),A,B,[[B]],0,5,synthetic_format_only_3shot,,0
7a3707f4d65dc79c,9faa74e5152018a1,563b79287f2b6e9a,HiToM,high-order,Belief,High-Order False Beliefs (order=4),B,C,[[C]],0,5,synthetic_format_only_3shot,,0
b7bc4a1b78fe6ddc,3fac9ea326c037b8,01d232b9e9be5571,HiToM,high-order,Belief,High-Order False Beliefs (order=2),A,A,[[A]],1,5,synthetic_format_only_3shot,,0
74e05de4f5bf1261,cc804938d52f98a6,9074bfb4cea6ad9e,HiToM,high-order,Belief,High-Order False Beliefs (order=4),D,D,[[D]],1,5,synthetic_format_only_3shot,,0
bfa08a1703098eff,5de7d1293035ae91,17ecd57aeab2b36d,HiToM,high-order,Belief,High-Order False Beliefs (order=4),C,C,[[C]],1,5,synthetic_format_only_3shot,,0
c19832a764264d33,ff82c7704cdb2a50,8bd4f266764fc2b0,HiToM,high-order,Belief,High-Order False Beliefs (order=4),C,C,[[C]],1,5,synthetic_format_only_3shot,,0
22cf949380b58812,d989303c670ef32e,ab4416b1bcf11f2f,HiToM,high-order,Belief,High-Order False Beliefs (order=1),A,B,[[B]],0,5,synthetic_format_only_3shot,,0
ab35c5222c32c707,1a6e6e3d6da8cd24,8b4b3e5482663f4c,HiToM,high-order,Belief,High-Order False Beliefs (order=2),D,C,[[C]],0,5,synthetic_format_only_3shot,,0
7af958760851aa81,2bb8151c2c0c90b0,0c46504cc02b0489,HiToM,high-order,Belief,High-Order False Beliefs (order=2),C,C,[[C]],1,5,synthetic_format_only_3shot,,0
c92a5beef5b6f0ed,7fa56c5c72bb5885,20ee47184cbdd13f,HiToM,high-order,Belief,High-Order False Beliefs (order=0),D,D,[[D]],1,5,synthetic_format_only_3shot,,0
505e7712b05d8b69,7c96f9889519944d,8f5f23fd55bc31cf,HiToM,high-order,Belief,High-Order False Beliefs (order=1),E,D,[[D]],0,5,synthetic_format_only_3shot,,0
b7ca319ed2c65c9d,0d6b7656ed9d59ad,05df4908e6e84d0f,HiToM,high-order,Belief,High-Order False Beliefs (order=4),E,C,[[C]],0,5,synthetic_format_only_3shot,,0
d62e80b58b5e1e10,3cce39fe35ce5a82,daa33907a8c9df32,HiToM,high-order,Belief,High-Order False Beliefs (order=0),C,C,[[C]],1,5,synthetic_format_only_3shot,,0
38ea95cd2eeeb614,92147a87dbca0283,6b750355ce4a8a10,HiToM,high-order,Belief,High-Order False Beliefs (order=1),E,B,[[B]],0,5,synthetic_format_only_3shot,,0
0e51877e1d472850,6b1083cf63f12992,795e5003b68855c3,HiToM,high-order,Belief,High-Order False Beliefs (order=1),D,D,[[D]],1,5,synthetic_format_only_3shot,,0
24f21f60941b3686,729b3812431f7939,7a78e9b46fa17522,HiToM,high-order,Belief,High-Order False Beliefs (order=1),E,C,[[C]],0,5,synthetic_format_only_3shot,,0
73a4833f83dfaa24,fb265870fe01bf20,7c734c23c5b12fcc,HiToM,high-order,Belief,High-Order False Beliefs (order=4),A,C,[[C]],0,5,synthetic_format_only_3shot,,0
7a0911f402089011,32022ae049892b09,6baf366ac0032216,HiToM,high-order,Belief,High-Order False Beliefs (order=4),B,B,[[B]],1,5,synthetic_format_only_3shot,,0
1bc73d1c6015f184,79c931aaf9c7ed2d,cf04bff1913d8614,HiToM,high-order,Belief,High-Order False Beliefs (order=2),D,D,[[D]],1,5,synthetic_format_only_3shot,,0
04e47e3ffac95f13,80fef71db820fde8,9c91c29d4de0cb67,HiToM,high-order,Belief,High-Order False Beliefs (order=0),C,C,[[C]],1,5,synthetic_format_only_3shot,,0
967d76e53a859117,72ff8e2ef2b881f5,20ee47184cbdd13f,HiToM,high-order,Belief,High-Order False Beliefs (order=1),C,C,[[C]],1,5,synthetic_format_only_3shot,,0
673397351c44652d,4da2fa52e322833a,e574e3d2d3860754,HiToM,high-order,Belief,High-Order False Beliefs (order=2),D,D,[[D]],1,5,synthetic_format_only_3shot,,0
7d141fd9ec3578e2,d65c81ed5740ae0a,0c46504cc02b0489,HiToM,high-order,Belief,High-Order False Beliefs (order=4),C,C,[[C]],1,5,synthetic_format_only_3shot,,0
42f3321748251678,01605c8916da78ee,7fee1305fc730ed8,HiToM,high-order,Belief,High-Order False Beliefs (order=3),E,B,[[B]],0,5,synthetic_format_only_3shot,,0
2a38e3d7a3f305db,e06153a420b53dbf,cbfa45fbe5f2e4d6,HiToM,high-order,Belief,High-Order False Beliefs (order=0),C,C,[[C]],1,5,synthetic_format_only_3shot,,0
c774765afb76cf1c,6d537253702b74f0,563b79287f2b6e9a,HiToM,high-order,Belief,High-Order False Beliefs (order=2),A,C,[[C]],0,5,synthetic_format_only_3shot,,0
e76f731164016f89,ca49db6a0e909492,11ccd4c010d1920f,HiToM,high-order,Belief,High-Order False Beliefs (order=0),C,C,[[C]],1,5,synthetic_format_only_3shot,,0
3518d576fca6f819,66178e7cf4674839,73cdb3e3c3cd01b1,HiToM,high-order,Belief,High-Order False Beliefs (order=1),A,D,[[D]],0,5,synthetic_format_only_3shot,,0
1577d793b1f70b7d,1a8113b53af79ca7,95a8f6ba344f742b,HiToM,high-order,Belief,High-Order False Beliefs (order=1),E,C,[[C]],0,5,synthetic_format_only_3shot,,0
fb3a8c6d29e9f547,03bb5a49eb8d2263,478d64d99312b67d,HiToM,high-order,Belief,High-Order False Beliefs (order=4),A,B,[[B]],0,5,synthetic_format_only_3shot,,0
be5829b72127e462,c86e30a189a949ec,95ee2d45182764c1,HiToM,high-order,Belief,High-Order False Beliefs (order=4),E,E,[[E]],1,5,synthetic_format_only_3shot,,0
5beb305611d59c46,b75d567c77ffa0f3,70698e2534da87fa,HiToM,high-order,Belief,High-Order False Beliefs (order=3),C,C,[[C]],1,5,synthetic_format_only_3shot,,0
6c1131227ff7327d,2e5a738ff9573ea9,f1b0380834ca8f90,HiToM,high-order,Belief,High-Order False Beliefs (order=0),C,C,[[C]],1,5,synthetic_format_only_3shot,,0
a4b3b7be65ed946b,ab01ded451d83321,c8ce9a24b3acbd91,HiToM,high-order,Belief,High-Order False Beliefs (order=4),A,B,[[B]],0,5,synthetic_format_only_3shot,,0
7be19d509f7cd037,147dd49c92052acc,f1448650324f79f7,HiToM,high-order,Belief,High-Order False Beliefs (order=4),A,C,[[C]],0,5,synthetic_format_only_3shot,,0
e5e5b0277fb28c74,ac7ad91bbbb15b37,d8a7a04324ecfdac,HiToM,high-order,Belief,High-Order False Beliefs (order=2),D,D,[[D]],1,5,synthetic_format_only_3shot,,0
c5348e43d362aded,a68288f82d8bc2c2,04ae4e06d20df95a,HiToM,high-order,Belief,High-Order False Beliefs (order=3),E,C,[[C]],0,5,synthetic_format_only_3shot,,0
63c966e7b1efa368,6213047bb0bba2fa,d2a3e3553bbc3eae,HiToM,high-order,Belief,High-Order False Beliefs (order=4),A,A,[[A]],1,5,synthetic_format_only_3shot,,0
2cec18bd62a94f0b,ad0de881be3eeb65,62a7a95b96330d17,HiToM,high-order,Belief,High-Order False Beliefs (order=2),C,C,[[C]],1,5,synthetic_format_only_3shot,,0
f36848819bbfca9d,96438f30c1aca5a8,fb87c094c6022450,HiToM,high-order,Belief,High-Order False Beliefs (order=2),D,D,[[D]],1,5,synthetic_format_only_3shot,,0
78c277df37e902a4,34f2b6f69688766a,5c2052a7a2cf4a81,HiToM,high-order,Belief,High-Order False Beliefs (order=0),E,E,[[E]],1,5,synthetic_format_only_3shot,,0
5972a822ff70b76f,14bc465ef98d3d24,3b2c235d8472dc41,HiToM,high-order,Belief,High-Order False Beliefs (order=1),A,A,[[A]],1,5,synthetic_format_only_3shot,,0
ca29f98c63f946b9,d05325633b785712,4aa2c7960a774ac5,HiToM,high-order,Belief,High-Order False Beliefs (order=1),B,B,[[B]],1,5,synthetic_format_only_3shot,,0
aee4eafb10e0d6a1,d2e252a9b1b72d4b,9074bfb4cea6ad9e,HiToM,high-order,Belief,High-Order False Beliefs (order=1),D,D,[[D]],1,5,synthetic_format_only_3shot,,0
a23e19732e5279f7,884fe02b49971a41,0d352c6eaf88273a,HiToM,high-order,Belief,High-Order False Beliefs (order=3),B,B,[[B]],1,5,synthetic_format_only_3shot,,0
50a85f45c7e18bb8,48bab8fac7573ea8,7ce22d47a228ad25,HiToM,high-order,Belief,High-Order False Beliefs (order=4),B,B,[[B]],1,5,synthetic_format_only_3shot,,0
784bc0f503c6ae8f,3cdf7e983c064cff,2e34bb1cecde66d2,HiToM,high-order,Belief,High-Order False Beliefs (order=0),C,C,[[C]],1,5,synthetic_format_only_3shot,,0
360598be43f3274b,f89c9c96646a4104,50056476d5575daf,HiToM,high-order,Belief,High-Order False Beliefs (order=0),E,C,[[C]],0,5,synthetic_format_only_3shot,,0
7ebac3851aba7ad6,58d8718de7ed389a,c474f4d889073dac,HiToM,high-order,Belief,High-Order False Beliefs (order=2),A,A,[[A]],1,5,synthetic_format_only_3shot,,0
e0272277316244d6,cc0939f6fb62610f,956ee8c9f503c9ce,HiToM,high-order,Belief,High-Order False Beliefs (order=4),D,D,[[D]],1,5,synthetic_format_only_3shot,,0
a543a10a5469c9e1,b5a092d645efe696,a581268301ce9a7b,HiToM,high-order,Belief,High-Order False Beliefs (order=4),C,C,[[C]],1,5,synthetic_format_only_3shot,,0
eca48ef440f40838,e0803ac79b0f2913,620effcda3924595,HiToM,high-order,Belief,High-Order False Beliefs (order=1),C,C,[[C]],1,5,synthetic_format_only_3shot,,0
4a1f97752a51afad,ced29767783a4ef6,e84c23ba5e817c33,HiToM,high-order,Belief,High-Order False Beliefs (order=1),A,B,[[B]],0,5,synthetic_format_only_3shot,,0
eaeb8d8c63956475,7df49b114c5285db,041b0aa4f6894c82,HiToM,high-order,Belief,High-Order False Beliefs (order=3),A,E,[[E]],0,5,synthetic_format_only_3shot,,0
1a1a103307ba1e91,c5a21d8fab567ecb,5265bd085505fef5,HiToM,high-order,Belief,High-Order False Beliefs (order=4),A,A,[[A]],1,5,synthetic_format_only_3shot,,0
2310ca758764c657,271a44529dae5eb6,76ee2a602c04de26,HiToM,high-order,Belief,High-Order False Beliefs (order=4),E,E,[[E]],1,5,synthetic_format_only_3shot,,0
0676e2c13d57fe13,95cddfdcbe131f5d,664e618f4d52f00b,HiToM,high-order,Belief,High-Order False Beliefs (order=3),D,D,[[D]],1,5,synthetic_format_only_3shot,,0
95d32be977f9fe77,2494fa04ba0af788,8926d6ab2616e003,HiToM,high-order,Belief,High-Order False Beliefs (order=4),C,C,[[C]],1,5,synthetic_format_only_3shot,,0
c9114281e3fcf942,e326cd5ff65bf729,705826a78472707d,HiToM,high-order,Belief,High-Order False Beliefs (order=0),A,A,[[A]],1,5,synthetic_format_only_3shot,,0
a80b5b8490ee86c4,e603d96fb7f79b81,4c563d91d8a2df3b,HiToM,high-order,Belief,High-Order False Beliefs (order=1),B,B,[[B]],1,5,synthetic_format_only_3shot,,0
7ef2a7b88d0cc3c7,f05ceca7d8dc0d76,d02f71c703101ab8,HiToM,high-order,Belief,High-Order False Beliefs (order=3),D,D,[[D]],1,5,synthetic_format_only_3shot,,0
ec3c165508e23476,d766c71f555d3b85,bc4d9b51da7e65ed,HiToM,high-order,Belief,High-Order False Beliefs (order=3),C,C,[[C]],1,5,synthetic_format_only_3shot,,0
acbaec20cf049c70,a4c93d4e326e8b64,563b79287f2b6e9a,HiToM,high-order,Belief,High-Order False Beliefs (order=3),A,A,[[A]],1,5,synthetic_format_only_3shot,,0
64cf5202fc22767d,a293d281e2812ba1,8bd4f266764fc2b0,HiToM,high-order,Belief,High-Order False Beliefs (order=3),C,B,[[B]],0,5,synthetic_format_only_3shot,,0
e9943b93f82adf1e,6fd7af3aeb643f42,d7ee8ea1898602d1,HiToM,high-order,Belief,High-Order False Beliefs (order=3),A,C,[[C]],0,5,synthetic_format_only_3shot,,0
24a939797bba94bf,6935e1b0f8cdf5f1,54e3842a5d6d0436,HiToM,high-order,Belief,High-Order False Beliefs (order=1),C,C,[[C]],1,5,synthetic_format_only_3shot,,0
a82b250260de2794,26b2bc98c4d89818,26f6b2cfc620f8d7,HiToM,high-order,Belief,High-Order False Beliefs (order=2),A,C,[[C]],0,5,synthetic_format_only_3shot,,0
a722117e6e792948,0b111266ad4ea855,e60d60593422d692,HiToM,high-order,Belief,High-Order False Beliefs (order=1),A,B,[[B]],0,5,synthetic_format_only_3shot,,0
ca57fd5566e61f02,8d65dbcdee202ef7,852b2535a575b572,HiToM,high-order,Belief,High-Order False Beliefs (order=3),E,C,[[C]],0,5,synthetic_format_only_3shot,,0
3923e801c7b021fe,f12aa06f0f8abfaa,daa33907a8c9df32,HiToM,high-order,Belief,High-Order False Beliefs (order=4),C,C,[[C]],1,5,synthetic_format_only_3shot,,0
ccac1002f5c612d1,a188a966b259894f,e4f8845e8043bfe9,HiToM,high-order,Belief,High-Order False Beliefs (order=1),C,C,[[C]],1,5,synthetic_format_only_3shot,,0
0ce09c07e8fbff4d,96c6b815ee48c5e2,7e155da5a5becbf9,HiToM,high-order,Belief,High-Order False Beliefs (order=3),C,C,[[C]],1,5,synthetic_format_only_3shot,,0
946b40721ad883e2,a62ac1fcbfaf95ed,daa33907a8c9df32,HiToM,high-order,Belief,High-Order False Beliefs (order=2),D,D,[[D]],1,5,synthetic_format_only_3shot,,0
141c170312102dd0,dd74ada1f70cad4f,f4545eed16c4296f,HiToM,high-order,Belief,High-Order False Beliefs (order=1),C,C,[[C]],1,5,synthetic_format_only_3shot,,0
3b136544703712a3,4e733939a767853a,8053df50341e08e9,HiToM,high-order,Belief,High-Order False Beliefs (order=4),C,C,[[C]],1,5,synthetic_format_only_3shot,,0
92021e147924c598,c4517fade9904890,7925835973ff3c65,HiToM,high-order,Belief,High-Order False Beliefs (order=1),D,C,[[C]],0,5,synthetic_format_only_3shot,,0
a84e2f8d0524c6e4,fdee63e0ea085c4f,6bf521ed2280ae3f,HiToM,high-order,Belief,High-Order False Beliefs (order=4),E,C,[[C]],0,5,synthetic_format_only_3shot,,0
c80243f4000dd6af,156e05fff926652c,1cea02ff310916f9,HiToM,high-order,Belief,High-Order False Beliefs (order=1),B,B,[[B]],1,5,synthetic_format_only_3shot,,0
ac72377fc31172f6,496833b24ab77438,6d9b09ad84eab421,HiToM,high-order,Belief,High-Order False Beliefs (order=3),B,B,[[B]],1,5,synthetic_format_only_3shot,,0
0c7be6f1b13878d1,96d865e40af79e93,2fb65cec09d735de,HiToM,high-order,Belief,High-Order False Beliefs (order=1),D,D,[[D]],1,5,synthetic_format_only_3shot,,0
44b851bc0c14d5d2,6ae0b4099c8ac39e,e84c23ba5e817c33,HiToM,high-order,Belief,High-Order False Beliefs (order=3),D,C,[[C]],0,5,synthetic_format_only_3shot,,0
78457a1bba6b1bac,40c720b84e4df3be,3b2c235d8472dc41,HiToM,high-order,Belief,High-Order False Beliefs (order=3),B,B,[[B]],1,5,synthetic_format_only_3shot,,0
ef5c1fd08fdd9fce,f4b9a282642ce45c,f89d13bc79af5a5b,HiToM,high-order,Belief,High-Order False Beliefs (order=1),B,B,[[B]],1,5,synthetic_format_only_3shot,,0
52f2c9cf1d19eabb,1c96cfe52d96d798,e9d49ad35ce5182e,HiToM,high-order,Belief,High-Order False Beliefs (order=4),A,A,[[A]],1,5,synthetic_format_only_3shot,,0
301e15ac9e476239,7b648c0c3b609f90,956ee8c9f503c9ce,HiToM,high-order,Belief,High-Order False Beliefs (order=3),B,B,[[B]],1,5,synthetic_format_only_3shot,,0
11a31cf35f47b023,6f4ff69bf9c99e33,e4efb7bd2ff41671,HiToM,high-order,Belief,High-Order False Beliefs (order=1),D,D,[[D]],1,5,synthetic_format_only_3shot,,0
a17fbd7a733a34f5,fa45c970a3757f1c,59b29b17e3eadfe8,HiToM,high-order,Belief,High-Order False Beliefs (order=1),E,C,[[C]],0,5,synthetic_format_only_3shot,,0
aef019da3e1475cb,5a681fb9bd2f3ace,17ecd57aeab2b36d,HiToM,high-order,Belief,High-Order False Beliefs (order=2),E,A,[[A]],0,5,synthetic_format_only_3shot,,0
ae9f9ce64acbe777,3c95196f8d96137b,8053df50341e08e9,HiToM,high-order,Belief,High-Order False Beliefs (order=2),A,B,[[B]],0,5,synthetic_format_only_3shot,,0
f21a418c7a3b8605,176d5469b9bd5837,d94a888343731141,HiToM,high-order,Belief,High-Order False Beliefs (order=4),A,C,[[C]],0,5,synthetic_format_only_3shot,,0
b17e32bcd26c3640,dbe18464b42e2478,2fb65cec09d735de,HiToM,high-order,Belief,High-Order False Beliefs (order=3),C,C,[[C]],1,5,synthetic_format_only_3shot,,0
7aba3d20d5d8ba72,8ead39451ccb7670,c474f4d889073dac,HiToM,high-order,Belief,High-Order False Beliefs (order=4),D,D,[[D]],1,5,synthetic_format_only_3shot,,0
638b1e4e52a9d6a9,0ca377fd530186d8,c1494a2b86e5b8e1,HiToM,high-order,Belief,High-Order False Beliefs (order=1),E,B,[[B]],0,5,synthetic_format_only_3shot,,0
f37fb8540cc713b5,460be4e53a08c5e1,725d74f5e774999c,HiToM,high-order,Belief,High-Order False Beliefs (order=0),C,C,[[C]],1,5,synthetic_format_only_3shot,,0
f224fd0e5d2068c5,3c00918a8ac708f4,a4976a8a03fa27a0,HiToM,high-order,Belief,High-Order False Beliefs (order=1),B,B,[[B]],1,5,synthetic_format_only_3shot,,0
48c34fdfd98a8a3f,3a0ab4ddc5764081,e4efb7bd2ff41671,HiToM,high-order,Belief,High-Order False Beliefs (order=3),B,B,[[B]],1,5,synthetic_format_only_3shot,,0
83cba0ce6f6f184d,c494b5b3ca8e6902,e6ee6472b65fe46b,HiToM,high-order,Belief,High-Order False Beliefs (order=3),A,A,[[A]],1,5,synthetic_format_only_3shot,,0
8d9f1d55e3645990,5e3e9277e83b03ed,efb1214091bf3e23,HiToM,high-order,Belief,High-Order False Beliefs (order=4),C,A,[[A]],0,5,synthetic_format_only_3shot,,0
ebf850f8a723dc5f,f08653c8c7ddb100,50056476d5575daf,HiToM,high-order,Belief,High-Order False Beliefs (order=1),C,C,[[C]],1,5,synthetic_format_only_3shot,,0
e28f55ac4d64c341,0ff82246b9635b6d,e869e05f92d9137b,HiToM,high-order,Belief,High-Order False Beliefs (order=4),D,C,[[C]],0,5,synthetic_format_only_3shot,,0
9edc7f36dee0a7dc,1dba0586040b227f,6bf521ed2280ae3f,HiToM,high-order,Belief,High-Order False Beliefs (order=1),C,C,[[C]],1,5,synthetic_format_only_3shot,,0
b9773d7a02ee71df,f4e54f7d3da4ee6b,feae001f51ad870f,HiToM,high-order,Belief,High-Order False Beliefs (order=2),D,D,[[D]],1,5,synthetic_format_only_3shot,,0
13b9063a216356a3,653b14c2ca6506f0,3aa33327cbeb5648,HiToM,high-order,Belief,High-Order False Beliefs (order=2),D,D,[[D]],1,5,synthetic_format_only_3shot,,0
28400f65e15a71b3,a4d5d2ed5eda86fb,1dadaf03d619577c,HiToM,high-order,Belief,High-Order False Beliefs (order=4),A,B,[[B]],0,5,synthetic_format_only_3shot,,0
8c6c650be371eff5,dbf7edc9e59aac08,278ea6ec77e283aa,HiToM,high-order,Belief,High-Order False Beliefs (order=3),B,C,[[C]],0,5,synthetic_format_only_3shot,,0
6c044dbdd0545681,53135818bcc62279,9195ab778785f4d4,HiToM,high-order,Belief,High-Order False Beliefs (order=4),A,A,[[A]],1,5,synthetic_format_only_3shot,,0
9d0edaa791beaa2e,71ac7c56726ceed4,0f1a26cb4a00ca8c,HiToM,high-order,Belief,High-Order False Beliefs (order=1),E,C,[[C]],0,5,synthetic_format_only_3shot,,0
1a3852fc3aadc6b8,1bb03b2a27ae603e,878e6dbb50903ca9,HiToM,high-order,Belief,High-Order False Beliefs (order=2),C,C,[[C]],1,5,synthetic_format_only_3shot,,0
be21fa08f6be303f,ca3757ed8faa7265,a175944f008c8dba,HiToM,high-order,Belief,High-Order False Beliefs (order=0),B,D,[[D]],0,5,synthetic_format_only_3shot,,0
4445e3c4b063f58a,8003508f1de7307c,768c8aaf2fee2d01,HiToM,high-order,Belief,High-Order False Beliefs (order=0),E,D,[[D]],0,5,synthetic_format_only_3shot,,0
76b3b4d0c95610c7,f0245b6a2f2763a9,c7edfae8a8ada7e7,HiToM,high-order,Belief,High-Order False Beliefs (order=0),D,C,[[C]],0,5,synthetic_format_only_3shot,,0
5ffc215d12fdc86f,c6095c7ee4d46dcf,d2a3e3553bbc3eae,HiToM,high-order,Belief,High-Order False Beliefs (order=3),E,C,[[C]],0,5,synthetic_format_only_3shot,,0
a14cf486c653b471,66ddd64c717d46af,2efcb28232e3d353,HiToM,high-order,Belief,High-Order False Beliefs (order=1),B,B,[[B]],1,5,synthetic_format_only_3shot,,0
04a219c6f1c4a083,b9b942bb4268d6d4,2c294f5191d1b057,HiToM,high-order,Belief,High-Order False Beliefs (order=0),C,C,[[C]],1,5,synthetic_format_only_3shot,,0
1cc879c863cb854c,3c23072ae0f9759d,2d80d12af4bbccd6,HiToM,high-order,Belief,High-Order False Beliefs (order=3),A,B,[[B]],0,5,synthetic_format_only_3shot,,0
5d6897ff4bfc5db8,87a1d96362d86110,f8db6d32e9401d8d,HiToM,high-order,Belief,High-Order False Beliefs (order=4),C,C,[[C]],1,5,synthetic_format_only_3shot,,0
daf8e05562c1b4b0,9c2e7d614c7cc413,13e6a80a32a8d238,HiToM,high-order,Belief,High-Order False Beliefs (order=1),D,D,[[D]],1,5,synthetic_format_only_3shot,,0
c0350aa6dbf7c43e,6d0f6dcb8f4bbca1,6baf366ac0032216,HiToM,high-order,Belief,High-Order False Beliefs (order=0),B,B,[[B]],1,5,synthetic_format_only_3shot,,0
f85ca876ee2431c7,80f123718d170eca,9d292bbcae051f09,HiToM,high-order,Belief,High-Order False Beliefs (order=3),E,B,[[B]],0,5,synthetic_format_only_3shot,,0
2fbda1a09c9dd4c1,1807b0d0d765b8b0,d2a3e3553bbc3eae,HiToM,high-order,Belief,High-Order False Beliefs (order=1),B,B,[[B]],1,5,synthetic_format_only_3shot,,0
0c25666cb5df7ce3,e581c90c3670d590,f8db6d32e9401d8d,HiToM,high-order,Belief,High-Order False Beliefs (order=0),E,C,[[C]],0,5,synthetic_format_only_3shot,,0
45cab7d37a587880,1675393d94b4f032,a8b3e7de7499a0a7,HiToM,high-order,Belief,High-Order False Beliefs (order=3),D,B,[[B]],0,5,synthetic_format_only_3shot,,0
dc25e40e22cabd05,5ecf1e1748b84ea4,9d03128b85982a6a,HiToM,high-order,Belief,High-Order False Beliefs (order=3),A,D,[[D]],0,5,synthetic_format_only_3shot,,0
4a88f5d31003cd8a,e0e2925ffd1a7da1,fff4c0232280db84,HiToM,high-order,Belief,High-Order False Beliefs (order=1),B,B,[[B]],1,5,synthetic_format_only_3shot,,0
e5bb0b036fc3cf95,050b20054af98ac5,0d352c6eaf88273a,HiToM,high-order,Belief,High-Order False Beliefs (order=0),E,A,[[A]],0,5,synthetic_format_only_3shot,,0
480b5dfa32ceff7c,1227e8483a77c656,cbfa45fbe5f2e4d6,HiToM,high-order,Belief,High-Order False Beliefs (order=1),A,A,[[A]],1,5,synthetic_format_only_3shot,,0
7f42631b94dd4af7,e89878bf756b35a7,e6f553d574b98551,HiToM,high-order,Belief,High-Order False Beliefs (order=2),E,C,[[C]],0,5,synthetic_format_only_3shot,,0
6fcee93a1c03301b,2ae42bbc5993740c,6228e677c50dd0e2,HiToM,high-order,Belief,High-Order False Beliefs (order=3),C,C,[[C]],1,5,synthetic_format_only_3shot,,0
ed96f87d480e31c0,32cb45893976933b,ed6f4b1799d018ea,HiToM,high-order,Belief,High-Order False Beliefs (order=4),D,D,[[D]],1,5,synthetic_format_only_3shot,,0
977fb4682d935ff0,f2ed8e52ca0d949e,3f68efd9f9f6b0a4,HiToM,high-order,Belief,High-Order False Beliefs (order=1),C,C,[[C]],1,5,synthetic_format_only_3shot,,0
0ac4b45de2ac071f,2253697dc9552543,5d25c021d5c81748,HiToM,high-order,Belief,High-Order False Beliefs (order=1),D,D,[[D]],1,5,synthetic_format_only_3shot,,0
55fb2057e377c75d,c7f4608de6ad215c,aa45a6050a68d316,HiToM,high-order,Belief,High-Order False Beliefs (order=3),D,D,[[D]],1,5,synthetic_format_only_3shot,,0
e82c737c21189929,f6d981f10b0afcf6,9809da73ea3dd0b5,HiToM,high-order,Belief,High-Order False Beliefs (order=0),C,B,[[B]],0,5,synthetic_format_only_3shot,,0
82d0d7215610e75a,5a69f58beab35eb7,f60ffc495d8d247b,HiToM,high-order,Belief,High-Order False Beliefs (order=0),A,A,[[A]],1,5,synthetic_format_only_3shot,,0
282a34fcad15e7f8,d180ad90b59e5b77,4f06e5415bb163c4,HiToM,high-order,Belief,High-Order False Beliefs (order=1),C,C,[[C]],1,5,synthetic_format_only_3shot,,0
dc4d27c278fcab2d,985a16482ffc89eb,7fee1305fc730ed8,HiToM,high-order,Belief,High-Order False Beliefs (order=4),E,A,[[A]],0,5,synthetic_format_only_3shot,,0
d8e7987cfe1553ab,12a534110215a678,e4f8845e8043bfe9,HiToM,high-order,Belief,High-Order False Beliefs (order=3),E,C,[[C]],0,5,synthetic_format_only_3shot,,0
fb0816f4d0af087f,4cfa1e56dab91d75,8b4b3e5482663f4c,HiToM,high-order,Belief,High-Order False Beliefs (order=1),D,D,[[D]],1,5,synthetic_format_only_3shot,,0
9b109ca315e3a662,9cb832983fa4249d,a4d5aad396162e9f,HiToM,high-order,Belief,High-Order False Beliefs (order=3),E,E,[[E]],1,5,synthetic_format_only_3shot,,0
ffe51b361f4b1d60,2dcfb4031b5de655,9195ab778785f4d4,HiToM,high-order,Belief,High-Order False Beliefs (order=3),D,D,[[D]],1,5,synthetic_format_only_3shot,,0
2f3d0dbd2a8c90b7,ff932fb579ded2e2,be1eaeef80418c90,HiToM,high-order,Belief,High-Order False Beliefs (order=2),B,B,[[B]],1,5,synthetic_format_only_3shot,,0
608da3edfcdcc6b0,435b84a25212620d,d818e01b546089ea,HiToM,high-order,Belief,High-Order False Beliefs (order=0),C,C,[[C]],1,5,synthetic_format_only_3shot,,0
ef6c7513d40825f5,9a66d2f65a5b9e8e,9809da73ea3dd0b5,HiToM,high-order,Belief,High-Order False Beliefs (order=1),C,A,[[A]],0,5,synthetic_format_only_3shot,,0
111777e321ebb0db,dbb27fee0e41c5c1,d38b045f505942c2,HiToM,high-order,Belief,High-Order False Beliefs (order=2),D,D,[[D]],1,5,synthetic_format_only_3shot,,0
c3ed04bcff83d2f3,bc061a450a9aea28,dc96143fb9cabeef,HiToM,high-order,Belief,High-Order False Beliefs (order=2),C,C,[[C]],1,5,synthetic_format_only_3shot,,0
825f117f98fa7ee2,18e695ca1112156e,b730fb2270fcb17c,HiToM,high-order,Belief,High-Order False Beliefs (order=0),B,B,[[B]],1,5,synthetic_format_only_3shot,,0
c81863c277a77f59,a4ed0a1739d0ebaf,f56dffb1da04c8ac,HiToM,high-order,Belief,High-Order False Beliefs (order=0),B,A,[[A]],0,5,synthetic_format_only_3shot,,0
71117eb40b61ef72,b1c7dba3ba0a28c0,e6ee6472b65fe46b,HiToM,high-order,Belief,High-Order False Beliefs (order=2),A,A,[[A]],1,5,synthetic_format_only_3shot,,0
4fad94a06eda544f,8e84bd10d9fb7a8c,8fc72bdb81d755ba,HiToM,high-order,Belief,High-Order False Beliefs (order=1),A,A,[[A]],1,5,synthetic_format_only_3shot,,0
e06a3a13ef8d5ba7,c126c29816149745,4122aa40159d9900,HiToM,high-order,Belief,High-Order False Beliefs (order=0),A,C,[[C]],0,5,synthetic_format_only_3shot,,0
b0842df079e1d7a2,9244776483b0b118,01d232b9e9be5571,HiToM,high-order,Belief,High-Order False Beliefs (order=1),A,A,[[A]],1,5,synthetic_format_only_3shot,,0
8ae4a51306032cc1,0654302e9e390c68,0f1a26cb4a00ca8c,HiToM,high-order,Belief,High-Order False Beliefs (order=4),A,A,[[A]],1,5,synthetic_format_only_3shot,,0
e8fd684e5af25942,0e699ef94a8f49f3,341c6c1b61262bfc,HiToM,high-order,Belief,High-Order False Beliefs (order=0),B,B,[[B]],1,5,synthetic_format_only_3shot,,0
8fa064b988f67b76,db7c75f123bf6f83,68c6cd0b3d68f164,HiToM,high-order,Belief,High-Order False Beliefs (order=0),A,A,[[A]],1,5,synthetic_format_only_3shot,,0
8c998c985e96547b,4ee82a2d9c4929f6,9074bfb4cea6ad9e,HiToM,high-order,Belief,High-Order False Beliefs (order=0),C,C,[[C]],1,5,synthetic_format_only_3shot,,0
c5870471c0892506,8a94910bec562ba0,fff4c0232280db84,HiToM,high-order,Belief,High-Order False Beliefs (order=2),E,C,[[C]],0,5,synthetic_format_only_3shot,,0
3b0620884d0380fa,3c22c37c580d2bc9,bbb364b1ee4da68a,HiToM,high-order,Belief,High-Order False Beliefs (order=3),D,B,[[B]],0,5,synthetic_format_only_3shot,,0
01cfd306a032b17d,6f2187045d55bf1f,26c6b189a9705d6e,HiToM,high-order,Belief,High-Order False Beliefs (order=3),C,C,[[C]],1,5,synthetic_format_only_3shot,,0
24154c31967f3a53,a206e6cabc8a644a,e869e05f92d9137b,HiToM,high-order,Belief,High-Order False Beliefs (order=0),A,D,[[D]],0,5,synthetic_format_only_3shot,,0
6d4bde33e4926660,dd2475ae24502db6,59b29b17e3eadfe8,HiToM,high-order,Belief,High-Order False Beliefs (order=0),B,B,[[B]],1,5,synthetic_format_only_3shot,,0
159a89facad97627,dd023b8c72b647f7,dc96143fb9cabeef,HiToM,high-order,Belief,High-Order False Beliefs (order=1),B,D,[[D]],0,5,synthetic_format_only_3shot,,0
83dc050b630f401f,0c225f3073011ee4,bc4d9b51da7e65ed,HiToM,high-order,Belief,High-Order False Beliefs (order=1),A,A,[[A]],1,5,synthetic_format_only_3shot,,0
58668b9a2e847534,c144bc63e76b63ca,083a43b0431efd6e,HiToM,high-order,Belief,High-Order False Beliefs (order=2),A,A,[[A]],1,5,synthetic_format_only_3shot,,0
27838ef21e1a9d8d,80c94f2fe4861759,d8a7a04324ecfdac,HiToM,high-order,Belief,High-Order False Beliefs (order=4),D,D,[[D]],1,5,synthetic_format_only_3shot,,0
c5322f8bb3ab951e,c2f7a050ced586d9,6baf366ac0032216,HiToM,high-order,Belief,High-Order False Beliefs (order=1),A,A,[[A]],1,5,synthetic_format_only_3shot,,0
1305403be8582e93,2aca8aba573d60c0,795e5003b68855c3,HiToM,high-order,Belief,High-Order False Beliefs (order=0),A,A,[[A]],1,5,synthetic_format_only_3shot,,0
d793c1bc0861ec80,5504bd70a988cefb,74a442b932800e88,HiToM,high-order,Belief,High-Order False Beliefs (order=3),C,C,[[C]],1,5,synthetic_format_only_3shot,,0
1b0236641fe4b343,06141029ae49acbd,3b2c235d8472dc41,HiToM,high-order,Belief,High-Order False Beliefs (order=4),E,E,[[E]],1,5,synthetic_format_only_3shot,,0
6abeb960643d7bb6,33ccbbf2d95b64a8,91b89bfaa91dc819,HiToM,high-order,Belief,High-Order False Beliefs (order=2),B,B,[[B]],1,5,synthetic_format_only_3shot,,0
ea32446d8c2b5ba3,d97b647d8ddb15a3,5aeecd18286f1e43,HiToM,high-order,Belief,High-Order False Beliefs (order=4),E,A,[[A]],0,5,synthetic_format_only_3shot,,0
3ace0f01fbbb7b04,df8079c77445c59c,f1448650324f79f7,HiToM,high-order,Belief,High-Order False Beliefs (order=3),E,C,[[C]],0,5,synthetic_format_only_3shot,,0
d7da78e1f1fb1fc3,115c543a13212fed,e84c23ba5e817c33,HiToM,high-order,Belief,High-Order False Beliefs (order=0),B,B,[[B]],1,5,synthetic_format_only_3shot,,0
ca7812dba8744d2c,46a1e454b9af0061,837d5f7726e81360,HiToM,high-order,Belief,High-Order False Beliefs (order=0),C,A,[[A]],0,5,synthetic_format_only_3shot,,0
58da885ddf96b6b6,9279ad4503d11867,f18ed93b9ecdbf1b,HiToM,high-order,Belief,High-Order False Beliefs (order=2),A,C,[[C]],0,5,synthetic_format_only_3shot,,0
3658d313d11206f5,e87bb82526fcf40d,9074bfb4cea6ad9e,HiToM,high-order,Belief,High-Order False Beliefs (order=3),B,D,[[D]],0,5,synthetic_format_only_3shot,,0
b0c2058f9a31c53b,1785cb209006ca3e,8383ae9a4ec0f27a,HiToM,high-order,Belief,High-Order False Beliefs (order=1),D,D,[[D]],1,5,synthetic_format_only_3shot,,0
187cb38142429c97,41a9b1820fc26a9d,dcc6219ae3ff38a1,HiToM,high-order,Belief,High-Order False Beliefs (order=0),C,C,[[C]],1,5,synthetic_format_only_3shot,,0
449f9f75b95555e4,b1c98245807b071b,b1d91b7e60985825,HiToM,high-order,Belief,High-Order False Beliefs (order=0),C,C,[[C]],1,5,synthetic_format_only_3shot,,0
3cbbc2c4077b5b36,14d249c8b550c40b,91b89bfaa91dc819,HiToM,high-order,Belief,High-Order False Beliefs (order=3),B,C,[[C]],0,5,synthetic_format_only_3shot,,0
ff566b9be12680f6,20b4120ea6df7b63,72ef113df83a3be2,HiToM,high-order,Belief,High-Order False Beliefs (order=2),C,C,[[C]],1,5,synthetic_format_only_3shot,,0
82c43780164754a6,3fd73bd62ad473d6,6d9b09ad84eab421,HiToM,high-order,Belief,High-Order False Beliefs (order=1),E,C,[[C]],0,5,synthetic_format_only_3shot,,0
eb94a39456ca040e,c6567a705e980b9b,8b4b3e5482663f4c,HiToM,high-order,Belief,High-Order False Beliefs (order=0),B,B,[[B]],1,5,synthetic_format_only_3shot,,0
16f9e6851f0990d4,cf81abeec80cfb7b,2c294f5191d1b057,HiToM,high-order,Belief,High-Order False Beliefs (order=1),A,C,[[C]],0,5,synthetic_format_only_3shot,,0
a0114394599b62b6,082bd0603f2bd5ab,bbb364b1ee4da68a,HiToM,high-order,Belief,High-Order False Beliefs (order=0),B,B,[[B]],1,5,synthetic_format_only_3shot,,0
f1ee496952a3ad0c,efc7835ff2de6a52,72ef113df83a3be2,HiToM,high-order,Belief,High-Order False Beliefs (order=4),E,A,[[A]],0,5,synthetic_format_only_3shot,,0
260fc85759a3a5b9,6be50e432f8349ef,c1f58a1886914379,HiToM,high-order,Belief,High-Order False Beliefs (order=4),C,B,[[B]],0,5,synthetic_format_only_3shot,,0
0dcfa223d9379338,1a752260fc3277f6,9b834c53ec2e160b,HiToM,high-order,Belief,High-Order False Beliefs (order=0),C,C,[[C]],1,5,synthetic_format_only_3shot,,0
8f1ab819b7540c84,bcfd5001b3c24b21,069d6bf79a4e6345,HiToM,high-order,Belief,High-Order False Beliefs (order=0),E,C,[[C]],0,5,synthetic_format_only_3shot,,0
02d16810e07415bf,c86693b84d014cd4,e4098d3fb59c9280,HiToM,high-order,Belief,High-Order False Beliefs (order=1),C,B,[[B]],0,5,synthetic_format_only_3shot,,0
3336b73394aefd62,145ec04e6f69e5e0,7a78e9b46fa17522,HiToM,high-order,Belief,High-Order False Beliefs (order=3),C,C,[[C]],1,5,synthetic_format_only_3shot,,0
c3a324cadd05b6aa,bf9d63f730e03da2,4aa00b5a74337bd4,HiToM,high-order,Belief,High-Order False Beliefs (order=2),E,C,[[C]],0,5,synthetic_format_only_3shot,,0
968f6b26e6a56e2f,ee5a4ab1813999a5,a4d5aad396162e9f,HiToM,high-order,Belief,High-Order False Beliefs (order=4),A,A,[[A]],1,5,synthetic_format_only_3shot,,0
4f91547713619483,8b7ac9dd39c774bb,9fd1174378051a9c,HiToM,high-order,Belief,High-Order False Beliefs (order=0),B,B,[[B]],1,5,synthetic_format_only_3shot,,0
d0508fcd92a8211d,47dfaf47364b85bc,e0f1d854fff2eff8,HiToM,high-order,Belief,High-Order False Beliefs (order=3),D,D,[[D]],1,5,synthetic_format_only_3shot,,0
a7aa0e8fec3ab392,a3125707dfc464c2,ab4416b1bcf11f2f,HiToM,high-order,Belief,High-Order False Beliefs (order=2),E,C,[[C]],0,5,synthetic_format_only_3shot,,0
d629e4492a25e539,51140730ac5b07ea,aa45a6050a68d316,HiToM,high-order,Belief,High-Order False Beliefs (order=1),E,D,[[D]],0,5,synthetic_format_only_3shot,,0
dc26271a1fa933c6,7fa52c941aff2249,8b5d645c389196bf,HiToM,high-order,Belief,High-Order False Beliefs (order=3),C,C,[[C]],1,5,synthetic_format_only_3shot,,0
a1e82dae650d35fa,8ea33482e195958c,120a5f2c70c4086d,HiToM,high-order,Belief,High-Order False Beliefs (order=3),A,C,[[C]],0,5,synthetic_format_only_3shot,,0
3033e9ff5d01b120,5039f11c30e87df9,63a269b33e2b0c32,HiToM,high-order,Belief,High-Order False Beliefs (order=2),B,D,[[D]],0,5,synthetic_format_only_3shot,,0
ffa729fb1bea5038,91cf74acb834bbf9,0d6417eeeabd37f4,HiToM,high-order,Belief,High-Order False Beliefs (order=3),B,B,[[B]],1,5,synthetic_format_only_3shot,,0
176e1a0686202955,dd9fbe8289bc3f82,565f3cce1257f2d0,HiToM,high-order,Belief,High-Order False Beliefs (order=1),D,D,[[D]],1,5,synthetic_format_only_3shot,,0
6a876cd29bae6de1,f3ca58cf92cb5521,168a9ace8c03696f,HiToM,high-order,Belief,High-Order False Beliefs (order=0),C,C,[[C]],1,5,synthetic_format_only_3shot,,0
e97c420732adcb47,1b6d0185e237017a,d3adc9f5b9b1b884,HiToM,high-order,Belief,High-Order False Beliefs (order=2),D,D,[[D]],1,5,synthetic_format_only_3shot,,0
c232089f401acba0,4f3e6b51fa552214,f229ac1341d02475,HiToM,high-order,Belief,High-Order False Beliefs (order=4),A,C,[[C]],0,5,synthetic_format_only_3shot,,0
612664d07dd6dc5f,ed203cd62a246238,8b5d645c389196bf,HiToM,high-order,Belief,High-Order False Beliefs (order=4),D,D,[[D]],1,5,synthetic_format_only_3shot,,0
84085b3245aff727,9576adf90b745690,74a442b932800e88,HiToM,high-order,Belief,High-Order False Beliefs (order=4),E,C,[[C]],0,5,synthetic_format_only_3shot,,0
b48f72a29c75b01f,0df8245e332853ed,c62b2ffcc19429ce,HiToM,high-order,Belief,High-Order False Beliefs (order=1),D,C,[[C]],0,5,synthetic_format_only_3shot,,0
98cd0483bf65f6b2,0a7c5b099a86aed7,cdf26945b5aa6009,HiToM,high-order,Belief,High-Order False Beliefs (order=0),C,C,[[C]],1,5,synthetic_format_only_3shot,,0
af57af05403e2a70,4500ab79928d29a9,9401c4c2e0bf810d,HiToM,high-order,Belief,High-Order False Beliefs (order=0),E,C,[[C]],0,5,synthetic_format_only_3shot,,0
ad6eae469a14bcf7,c07b4b1407f7ad1b,01d232b9e9be5571,HiToM,high-order,Belief,High-Order False Beliefs (order=4),A,D,[[D]],0,5,synthetic_format_only_3shot,,0
b9c332d0d22c5f1e,a3c0db7192186b41,0ff11fc1bd7f7b52,HiToM,high-order,Belief,High-Order False Beliefs (order=1),E,E,[[E]],1,5,synthetic_format_only_3shot,,0
d358fee2cc80bff8,b8561babca4720d6,d3adc9f5b9b1b884,HiToM,high-order,Belief,High-Order False Beliefs (order=0),B,B,[[B]],1,5,synthetic_format_only_3shot,,0
cfd84230a419dc69,61d5378069f5c4ab,e574e3d2d3860754,HiToM,high-order,Belief,High-Order False Beliefs (order=3),C,C,[[C]],1,5,synthetic_format_only_3shot,,0
345ef6389df7594e,9344ea397cc5ece4,ed6f4b1799d018ea,HiToM,high-order,Belief,High-Order False Beliefs (order=1),E,D,[[D]],0,5,synthetic_format_only_3shot,,0
dc656174c5b5c526,b12de4e322b9cc22,2fb65cec09d735de,HiToM,high-order,Belief,High-Order False Beliefs (order=4),C,C,[[C]],1,5,synthetic_format_only_3shot,,0
67aad3778a654aa7,7ff1fd4e9f35a860,fb6e6943535ff288,HiToM,high-order,Belief,High-Order False Beliefs (order=1),E,D,[[D]],0,5,synthetic_format_only_3shot,,0
806eb35a15c5a292,f515e516712e7e0f,fff4c0232280db84,HiToM,high-order,Belief,High-Order False Beliefs (order=4),E,C,[[C]],0,5,synthetic_format_only_3shot,,0
6e330c6230c127db,080e8f1aba21bbda,d25e95394c46689b,HiToM,high-order,Belief,High-Order False Beliefs (order=3),A,A,[[A]],1,5,synthetic_format_only_3shot,,0
801b6027220b9129,522b07f898a74cf8,0d21f61fa116ccd8,HiToM,high-order,Belief,High-Order False Beliefs (order=1),A,C,[[C]],0,5,synthetic_format_only_3shot,,0
f9366db8207ee3f1,de428ccb58df49b3,89e8be171289a11f,HiToM,high-order,Belief,High-Order False Beliefs (order=2),D,A,[[A]],0,5,synthetic_format_only_3shot,,0
c5710d8367ca4d1b,a26661d76343c510,768c8aaf2fee2d01,HiToM,high-order,Belief,High-Order False Beliefs (order=1),A,A,[[A]],1,5,synthetic_format_only_3shot,,0
1479e0789633b5f7,143ee5c9c6c5c693,13e6a80a32a8d238,HiToM,high-order,Belief,High-Order False Beliefs (order=4),D,D,[[D]],1,5,synthetic_format_only_3shot,,0
d2c90da87f09627d,c742e99bf7712db3,4aa2c7960a774ac5,HiToM,high-order,Belief,High-Order False Beliefs (order=2),C,C,[[C]],1,5,synthetic_format_only_3shot,,0
e2f0a8ddbfe9c434,7f852e6017493fc3,c54f381665e0e370,HiToM,high-order,Belief,High-Order False Beliefs (order=1),C,C,[[C]],1,5,synthetic_format_only_3shot,,0
b683889a42744c23,107b87dfa5b2447c,b9f22d5ba2c41718,HiToM,high-order,Belief,High-Order False Beliefs (order=0),A,B,[[B]],0,5,synthetic_format_only_3shot,,0
06b9bd57a6c2d611,fb0a20ef9bfd162d,89e8be171289a11f,HiToM,high-order,Belief,High-Order False Beliefs (order=0),C,C,[[C]],1,5,synthetic_format_only_3shot,,0
e0b169f65caf0b73,ca8084a1d2f5cab0,efb1214091bf3e23,HiToM,high-order,Belief,High-Order False Beliefs (order=3),B,B,[[B]],1,5,synthetic_format_only_3shot,,0
9d64946eb06b8ba7,a93f8c6beadc41e0,6bcbef17f455d6a9,HiToM,high-order,Belief,High-Order False Beliefs (order=3),A,C,[[C]],0,5,synthetic_format_only_3shot,,0
a84fe2cd0da87c96,c119b7e25e0ced69,c7edfae8a8ada7e7,HiToM,high-order,Belief,High-Order False Beliefs (order=1),A,A,[[A]],1,5,synthetic_format_only_3shot,,0
1fe511742ebf0b24,466623ab7256b2a2,9755a9b8ebe59fd7,HiToM,high-order,Belief,High-Order False Beliefs (order=1),B,B,[[B]],1,5,synthetic_format_only_3shot,,0
387aa66fbb26143b,091d8baa70f4e59f,0d352c6eaf88273a,HiToM,high-order,Belief,High-Order False Beliefs (order=4),C,C,[[C]],1,5,synthetic_format_only_3shot,,0
f88097214dcb6649,681b3a62ef706208,5ad4771330f6d096,HiToM,high-order,Belief,High-Order False Beliefs (order=2),D,D,[[D]],1,5,synthetic_format_only_3shot,,0
89aee7bd5968bfcb,14d221b7815dc0ed,9c91c29d4de0cb67,HiToM,high-order,Belief,High-Order False Beliefs (order=3),B,B,[[B]],1,5,synthetic_format_only_3shot,,0
7ad968a3e7d34376,47f8802eaff39c6e,e9d49ad35ce5182e,HiToM,high-order,Belief,High-Order False Beliefs (order=1),C,C,[[C]],1,5,synthetic_format_only_3shot,,0
957cbd1744cb0c81,f318470470562063,e9d49ad35ce5182e,HiToM,high-order,Belief,High-Order False Beliefs (order=2),B,B,[[B]],1,5,synthetic_format_only_3shot,,0
d599daba3ade6adb,79527e18270bd9da,a581268301ce9a7b,HiToM,high-order,Belief,High-Order False Beliefs (order=1),B,E,[[E]],0,5,synthetic_format_only_3shot,,0
45ea2516ebebc85b,10e34ffa083c0f88,d254664a784101b2,HiToM,high-order,Belief,High-Order False Beliefs (order=3),A,A,[[A]],1,5,synthetic_format_only_3shot,,0
a0f1c374e3cc2729,bc46557461523461,341c6c1b61262bfc,HiToM,high-order,Belief,High-Order False Beliefs (order=2),D,D,[[D]],1,5,synthetic_format_only_3shot,,0
19c7ccc88a9850cc,8609bfefbcac93fe,21ab2d70b39cce03,HiToM,high-order,Belief,High-Order False Beliefs (order=2),B,B,[[B]],1,5,synthetic_format_only_3shot,,0
32109e8f385812c3,38aff404b9856b79,0e17ac90b0ab5102,HiToM,high-order,Belief,High-Order False Beliefs (order=4),E,E,[[E]],1,5,synthetic_format_only_3shot,,0
bc6ac60fba63ebb5,821cb93af7660631,341c6c1b61262bfc,HiToM,high-order,Belief,High-Order False Beliefs (order=4),D,C,[[C]],0,5,synthetic_format_only_3shot,,0
56ba0171bdcb8060,d871887a26721aaa,1dadaf03d619577c,HiToM,high-order,Belief,High-Order False Beliefs (order=3),C,C,[[C]],1,5,synthetic_format_only_3shot,,0
9008449fcbc37571,73387c6136920435,478d64d99312b67d,HiToM,high-order,Belief,High-Order False Beliefs (order=2),D,B,[[B]],0,5,synthetic_format_only_3shot,,0
fdbe754d0aa1b902,09497acc917d8150,f1b0380834ca8f90,HiToM,high-order,Belief,High-Order False Beliefs (order=1),D,D,[[D]],1,5,synthetic_format_only_3shot,,0
453abff6f02ff41a,37ecc4a77129e51c,e4efb7bd2ff41671,HiToM,high-order,Belief,High-Order False Beliefs (order=0),B,B,[[B]],1,5,synthetic_format_only_3shot,,0
3b26eef324d21c7f,b2f90dba6250db9b,9809da73ea3dd0b5,HiToM,high-order,Belief,High-Order False Beliefs (order=3),C,C,[[C]],1,5,synthetic_format_only_3shot,,0
46fcf9a73846f8e3,bd17cd6507aa6f62,8b4b3e5482663f4c,HiToM,high-order,Belief,High-Order False Beliefs (order=4),A,B,[[B]],0,5,synthetic_format_only_3shot,,0
9c87e513d6af4aba,2712ce56284247b3,231ccaea7aba2907,HiToM,high-order,Belief,High-Order False Beliefs (order=2),B,B,[[B]],1,5,synthetic_format_only_3shot,,0
940d33b360e4695e,0960e66d80432ba6,a4d5aad396162e9f,HiToM,high-order,Belief,High-Order False Beliefs (order=2),C,C,[[C]],1,5,synthetic_format_only_3shot,,0
4c7e88e250005e47,dd316a360819486f,d25e95394c46689b,HiToM,high-order,Belief,High-Order False Beliefs (order=0),C,C,[[C]],1,5,synthetic_format_only_3shot,,0
847edd6b357ec81e,d4b5f8313964d7a3,5bf4ad33ea4712fc,HiToM,high-order,Belief,High-Order False Beliefs (order=2),D,C,[[C]],0,5,synthetic_format_only_3shot,,0
02edc0edd35844b5,fa7de820df4e1be1,23ba70c81ae24afa,HiToM,high-order,Belief,High-Order False Beliefs (order=2),B,B,[[B]],1,5,synthetic_format_only_3shot,,0
ca1d0b497ddb6e68,cf7e71e2b49085f4,e4f8845e8043bfe9,HiToM,high-order,Belief,High-Order False Beliefs (order=2),E,D,[[D]],0,5,synthetic_format_only_3shot,,0
0d64e5eeef288ac5,34bbb2cba131610d,e6f553d574b98551,HiToM,high-order,Belief,High-Order False Beliefs (order=3),A,B,[[B]],0,5,synthetic_format_only_3shot,,0
0368b1d83acaa01c,ca410ef0fbada333,168a9ace8c03696f,HiToM,high-order,Belief,High-Order False Beliefs (order=4),A,A,[[A]],1,5,synthetic_format_only_3shot,,0
876234125a28ffd7,9f443051c3f5d253,854f9173e1fe25f3,HiToM,high-order,Belief,High-Order False Beliefs (order=0),C,C,[[C]],1,5,synthetic_format_only_3shot,,0
8c837c78ea84b816,dd89bec41c206d1b,1c54086e92dd554b,HiToM,high-order,Belief,High-Order False Beliefs (order=4),C,C,[[C]],1,5,synthetic_format_only_3shot,,0
510d518697ba51e3,dcffb53b76a8d04b,795e5003b68855c3,HiToM,high-order,Belief,High-Order False Beliefs (order=3),A,C,[[C]],0,5,synthetic_format_only_3shot,,0
7eadd78ca556b6b3,9184ad2bea1ad5d7,4aa2c7960a774ac5,HiToM,high-order,Belief,High-Order False Beliefs (order=3),D,A,[[A]],0,5,synthetic_format_only_3shot,,0
4dd2d921614cb19b,290ef202865d7a98,8383ae9a4ec0f27a,HiToM,high-order,Belief,High-Order False Beliefs (order=3),B,C,[[C]],0,5,synthetic_format_only_3shot,,0
d3581953e163f81f,a00b9dbe69b664cd,cdf26945b5aa6009,HiToM,high-order,Belief,High-Order False Beliefs (order=4),D,D,[[D]],1,5,synthetic_format_only_3shot,,0
4c594bc03d0a532f,ce885addc8cc6d13,47680b685312d45c,HiToM,high-order,Belief,High-Order False Beliefs (order=0),C,C,[[C]],1,5,synthetic_format_only_3shot,,0
ee6a4ff72b25d84d,322f9575688b9303,65df4c146c118538,HiToM,high-order,Belief,High-Order False Beliefs (order=0),C,C,[[C]],1,5,synthetic_format_only_3shot,,0
7bea5beb4f1488bb,ab5779d70c878813,7d37de63aebf0058,HiToM,high-order,Belief,High-Order False Beliefs (order=0),C,C,[[C]],1,5,synthetic_format_only_3shot,,0
0ee0326d4353c30c,f2d9c48d72c67cbf,a4976a8a03fa27a0,HiToM,high-order,Belief,High-Order False Beliefs (order=3),B,C,[[C]],0,5,synthetic_format_only_3shot,,0
1f7a18c2e5417554,2fbe5e52afdb79e1,3b2c235d8472dc41,HiToM,high-order,Belief,High-Order False Beliefs (order=0),C,C,[[C]],1,5,synthetic_format_only_3shot,,0
f62524c29064d601,43c7b9126e25366a,d254664a784101b2,HiToM,high-order,Belief,High-Order False Beliefs (order=2),E,C,[[C]],0,5,synthetic_format_only_3shot,,0
eab38f043573ea66,4a5e334c85afc12d,e869e05f92d9137b,HiToM,high-order,Belief,High-Order False Beliefs (order=3),E,B,[[B]],0,5,synthetic_format_only_3shot,,0
37b89bf4f57a88de,551dcf484f2c5ea8,706529863f27499d,HiToM,high-order,Belief,High-Order False Beliefs (order=0),C,B,[[B]],0,5,synthetic_format_only_3shot,,0
e43ae9f9a351a149,b311ae41501033e5,0d6417eeeabd37f4,HiToM,high-order,Belief,High-Order False Beliefs (order=0),C,C,[[C]],1,5,synthetic_format_only_3shot,,0
5084a03f88d54ad0,8249c9783ddb2c09,f56dffb1da04c8ac,HiToM,high-order,Belief,High-Order False Beliefs (order=4),C,C,[[C]],1,5,synthetic_format_only_3shot,,0
f5788e705ec1041a,cea1125d53c7f3b9,a175944f008c8dba,HiToM,high-order,Belief,High-Order False Beliefs (order=4),D,D,[[D]],1,5,synthetic_format_only_3shot,,0
cfa8147da5b4e86b,eb41222276c9dca5,fec06a7f4a591883,HiToM,high-order,Belief,High-Order False Beliefs (order=0),C,C,[[C]],1,5,synthetic_format_only_3shot,,0
b1c5ed60939b0304,2473d4226d990c70,7e155da5a5becbf9,HiToM,high-order,Belief,High-Order False Beliefs (order=2),E,A,[[A]],0,5,synthetic_format_only_3shot,,0
bcd60dcfbbdcfe76,9230b497f5af7ebb,acb6e40d7488d6f4,HiToM,high-order,Belief,High-Order False Beliefs (order=1),E,E,[[E]],1,5,synthetic_format_only_3shot,,0
9d2adeafd837a93b,9f61c82eaae02bce,0ff11fc1bd7f7b52,HiToM,high-order,Belief,High-Order False Beliefs (order=3),D,D,[[D]],1,5,synthetic_format_only_3shot,,0
9ee1552f6dc5a39f,de79c1d3e1395501,d2a3e3553bbc3eae,HiToM,high-order,Belief,High-Order False Beliefs (order=0),D,D,[[D]],1,5,synthetic_format_only_3shot,,0
fb84556b1eb570bf,818f3fdca47c8dc7,d94a888343731141,HiToM,high-order,Belief,High-Order False Beliefs (order=0),D,D,[[D]],1,5,synthetic_format_only_3shot,,0
48a736846513e751,e67716a7e5a07626,2efcb28232e3d353,HiToM,high-order,Belief,High-Order False Beliefs (order=2),E,C,[[C]],0,5,synthetic_format_only_3shot,,0
3ad41c847171d60a,d7d6fd6d8d476b12,dcc6219ae3ff38a1,HiToM,high-order,Belief,High-Order False Beliefs (order=3),D,D,[[D]],1,5,synthetic_format_only_3shot,,0
5c0f19f3b7ea7674,8c8b19bb55db1ef6,54a610f5fa80a582,HiToM,high-order,Belief,High-Order False Beliefs (order=0),E,C,[[C]],0,5,synthetic_format_only_3shot,,0
7db07b6110e44ba0,3d6bbd82f803fa16,854f9173e1fe25f3,HiToM,high-order,Belief,High-Order False Beliefs (order=3),D,C,[[C]],0,5,synthetic_format_only_3shot,,0
a856862dd6ed51e9,48869ad3aad20763,5d25c021d5c81748,HiToM,high-order,Belief,High-Order False Beliefs (order=0),A,C,[[C]],0,5,synthetic_format_only_3shot,,0
ceeca6ab2efae1d8,698dbabef1768d44,9809da73ea3dd0b5,HiToM,high-order,Belief,High-Order False Beliefs (order=4),C,C,[[C]],1,5,synthetic_format_only_3shot,,0
d03b300c342bcc1e,e0287f5cd702810a,dcc6219ae3ff38a1,HiToM,high-order,Belief,High-Order False Beliefs (order=4),B,B,[[B]],1,5,synthetic_format_only_3shot,,0
ab67520ec18b73fd,b04e496f7024aa25,956ee8c9f503c9ce,HiToM,high-order,Belief,High-Order False Beliefs (order=2),D,C,[[C]],0,5,synthetic_format_only_3shot,,0
166cfffb37bed439,f95fa743a218d1b7,bc0c8b98534ae607,HiToM,high-order,Belief,High-Order False Beliefs (order=1),E,B,[[B]],0,5,synthetic_format_only_3shot,,0
bf621b6abd73ff91,d54f8094c7008e04,7925835973ff3c65,HiToM,high-order,Belief,High-Order False Beliefs (order=2),C,C,[[C]],1,5,synthetic_format_only_3shot,,0
8ba95a80a740b6f3,eac06b8697605773,5ad3fc64474e6111,HiToM,high-order,Belief,High-Order False Beliefs (order=0),A,A,[[A]],1,5,synthetic_format_only_3shot,,0
ac87a2b0d278f3df,dfe7ba6027bc08cd,b730fb2270fcb17c,HiToM,high-order,Belief,High-Order False Beliefs (order=2),D,C,[[C]],0,5,synthetic_format_only_3shot,,0
b3ce354026185e12,4b9ed536b390ec84,e9d49ad35ce5182e,HiToM,high-order,Belief,High-Order False Beliefs (order=0),C,C,[[C]],1,5,synthetic_format_only_3shot,,0
0228548e5fd1a717,8cbbf40c28d3ba21,dcdcddd5f37214fe,HiToM,high-order,Belief,High-Order False Beliefs (order=2),E,C,[[C]],0,5,synthetic_format_only_3shot,,0
f3d175402ea22e3c,48f47728a1ebd718,f63db42624a734d6,HiToM,high-order,Belief,High-Order False Beliefs (order=3),B,B,[[B]],1,5,synthetic_format_only_3shot,,0
8d6dcf829df80340,62c4b93d8d13dfbe,73cdb3e3c3cd01b1,HiToM,high-order,Belief,High-Order False Beliefs (order=4),A,C,[[C]],0,5,synthetic_format_only_3shot,,0
c3115247dadb3b9f,99902e7d660bdcc0,45bacf572038e7ad,HiToM,high-order,Belief,High-Order False Beliefs (order=3),D,C,[[C]],0,5,synthetic_format_only_3shot,,0
c9094eb0c23e7ec1,90dc59133caba308,0c46504cc02b0489,HiToM,high-order,Belief,High-Order False Beliefs (order=1),B,B,[[B]],1,5,synthetic_format_only_3shot,,0
2331cbdb6f20a61e,501172f62e0a2e48,6f3b261e30122139,HiToM,high-order,Belief,High-Order False Beliefs (order=0),D,D,[[D]],1,5,synthetic_format_only_3shot,,0
1a93a71646a18689,24c63c1f8247e34e,47f4e2864b147f66,HiToM,high-order,Belief,High-Order False Beliefs (order=3),B,B,[[B]],1,5,synthetic_format_only_3shot,,0
f74ebe3af1a47627,a330270166bbd69e,47f4e2864b147f66,HiToM,high-order,Belief,High-Order False Beliefs (order=0),D,D,[[D]],1,5,synthetic_format_only_3shot,,0
c067eb703c6a64f7,989db1375623d1dd,dc41bc5c46ce363d,HiToM,high-order,Belief,High-Order False Beliefs (order=0),A,A,[[A]],1,5,synthetic_format_only_3shot,,0
b9a4c4d30daa0201,c2485788fe9749f6,f1448650324f79f7,HiToM,high-order,Belief,High-Order False Beliefs (order=0),E,D,[[D]],0,5,synthetic_format_only_3shot,,0
2aae9eb2bf9622a1,de10e0904a0b3678,2f4be7cf5a314587,HiToM,high-order,Belief,High-Order False Beliefs (order=1),E,C,[[C]],0,5,synthetic_format_only_3shot,,0
429defafe3bffe0e,39be9959633a726c,76ee2a602c04de26,HiToM,high-order,Belief,High-Order False Beliefs (order=1),E,E,[[E]],1,5,synthetic_format_only_3shot,,0
892140a03489fb47,888262a5e61cc124,e7e5c2a076a4d6c4,HiToM,high-order,Belief,High-Order False Beliefs (order=1),A,E,[[E]],0,5,synthetic_format_only_3shot,,0
c28dfa53a1ef58df,0e256349f5ec9d79,89e8be171289a11f,HiToM,high-order,Belief,High-Order False Beliefs (order=4),A,B,[[B]],0,5,synthetic_format_only_3shot,,0
a3285ad8f0d1b138,69a73e6aebdb2233,ade3c560d0bfd5da,HiToM,high-order,Belief,High-Order False Beliefs (order=2),B,B,[[B]],1,5,synthetic_format_only_3shot,,0
57ab73590d1a7ea0,09c12b9df3420d08,22b6cf558d351c1a,HiToM,high-order,Belief,High-Order False Beliefs (order=0),A,A,[[A]],1,5,synthetic_format_only_3shot,,0
a2ccc04cb0ce4062,fe546a4a1bc606e8,7286c429382d3674,HiToM,high-order,Belief,High-Order False Beliefs (order=3),D,D,[[D]],1,5,synthetic_format_only_3shot,,0
7a4949601271dde6,619d39119543a1e9,8f5f23fd55bc31cf,HiToM,high-order,Belief,High-Order False Beliefs (order=4),C,B,[[B]],0,5,synthetic_format_only_3shot,,0
814880cf300647b5,5834dc15c5dd3459,20ee47184cbdd13f,HiToM,high-order,Belief,High-Order False Beliefs (order=4),A,B,[[B]],0,5,synthetic_format_only_3shot,,0
6c4d39ba7c4bc041,d2b824d8ec8393af,3aa33327cbeb5648,HiToM,high-order,Belief,High-Order False Beliefs (order=3),A,C,[[C]],0,5,synthetic_format_only_3shot,,0
572cf525962728b5,b4765c60d77af811,b730fb2270fcb17c,HiToM,high-order,Belief,High-Order False Beliefs (order=4),C,C,[[C]],1,5,synthetic_format_only_3shot,,0
e9a9ee10c933679b,e0e31c480c974ecb,f229ac1341d02475,HiToM,high-order,Belief,High-Order False Beliefs (order=3),E,A,[[A]],0,5,synthetic_format_only_3shot,,0
131d8d027c26b745,969ebe17d98b5e54,05038b4769b9d67e,HiToM,high-order,Belief,High-Order False Beliefs (order=1),D,D,[[D]],1,5,synthetic_format_only_3shot,,0
656aab212f761923,5012be1475f23289,0ab029bc369f1f77,HiToM,high-order,Belief,High-Order False Beliefs (order=2),C,C,[[C]],1,5,synthetic_format_only_3shot,,0
63ceb7ef7c83f665,c55dfba418556ae9,725d74f5e774999c,HiToM,high-order,Belief,High-Order False Beliefs (order=2),B,B,[[B]],1,5,synthetic_format_only_3shot,,0
19702bb1ca73b32e,d8e319ec6d8c8738,05038b4769b9d67e,HiToM,high-order,Belief,High-Order False Beliefs (order=4),E,A,[[A]],0,5,synthetic_format_only_3shot,,0
e4db832cb000a817,c4c18ae744cce4b8,65df4c146c118538,HiToM,high-order,Belief,High-Order False Beliefs (order=4),C,A,[[A]],0,5,synthetic_format_only_3shot,,0
